tree
version=v4
num_class=1
num_tree_per_iteration=1
label_index=0
max_feature_idx=1
objective=quantile
feature_names=Column_0 Column_1
feature_infos=[11.632316900088441:77.363263006161432] [10.857343076135722:77.947987060118962]
tree_sizes=1085 1139 1143 1056 1135 1136 1053 1055 972 1048 1142 1141 976 1139 1141 1137 1136 1136 1138 1144 1138 1140 1139 1141 1137 1147 1142 891 888 896 895 894 733 725 737 732 737 734 654 656 657 654 657 739 743 737 740 742 741 655 900 733 983 1142 662 902 1065 976 898 819 1065 1143 892 979 662 1151 1070 1149 742 740 740 813 661 655 900 1070 1063 1126 1163 580 1154 826 989 986 1158 571 1154 1067 1062 576 573 738 661 580 574 827 738 741 908 577 743 1153 1149 742 1071 1075 581 663 1083 908 900 743 1081 579 1078 1084 1077 1071 1073 667

Tree=0
num_leaves=12
num_cat=0
split_feature=1 1 0 1 0 1 1 0 1 1 0
split_gain=43.0754 8.77003 15.6265 11.4957 3.27753 14.9333 0.751656 1.13465 0.568889 0.535714 0.0168415
threshold=17.36444383702089 22.696282153746981 22.001590796784239 21.334958896895106 23.22707034687404 23.853072518491405 15.257968809954965 16.650117662919527 16.121341161367472 23.659798031075194 17.398858123794266
decision_type=2 2 2 2 2 2 2 2 2 2 2
left_child=6 2 3 -2 9 -6 -1 8 -8 -3 -9
right_child=1 4 -4 -5 5 -7 7 10 -10 -11 -12
leaf_value=20.502536010742187 21.100117301940919 21.39109902381897 20.899502086639405 21.32352247238159 20.990777969360352 21.500445747375487 20.667683172225953 20.628118753433228 21.043530607223509 21.411837053298949 20.638375425338744
leaf_weight=68 347 54 54 72 30 105 45 32 30 30 33
leaf_count=68 347 54 54 72 30 105 45 32 30 30 33
internal_value=21.0701 21.0761 21.0722 21.0755 21.0843 21.0795 21.0501 21.0522 21.0564 21.0921 21.0474
internal_weight=900 692 473 419 219 135 208 140 75 84 65
internal_count=900 692 473 419 219 135 208 140 75 84 65
is_linear=0
shrinkage=1


Tree=1
num_leaves=12
num_cat=0
split_feature=1 1 0 1 0 1 1 0 1 0 0
split_gain=40.0934 7.78237 15.3666 11.7995 3.55186 12.8428 0.92858 1.60952 0.771429 0.411081 0.0165441
threshold=17.36444383702089 22.696282153746981 22.001590796784239 21.334958896895106 23.22707034687404 24.705312606202416 15.257968809954965 16.00165953938173 23.659798031075194 16.650117662919527 14.80103256302127
decision_type=2 2 2 2 2 2 2 2 2 2 2
left_child=6 2 3 -2 8 -6 10 -8 -3 -9 -1
right_child=1 4 -4 -5 5 -7 7 9 -10 -11 -12
leaf_value=-0.56172922611236575 0.028546495437621999 0.30497913122177123 -0.16203795909881596 0.2407814073562623 -0.053700828552246095 0.46833165168762214 -0.022832992076873816 -0.23013493299484253 0.32468025922775273 -0.4132321906089782 -0.50400901794433595
leaf_weight=36 347 54 54 72 53 82 35 40 30 65 32
leaf_count=36 347 54 54 72 53 82 35 40 30 65 32
internal_value=-0.000222222 0.00556358 0.0019556 0.00519093 0.0133562 0.00833333 -0.0194712 -0.0171429 0.0214286 -0.0202381 -0.0242647
internal_weight=900 692 473 419 219 135 208 140 84 105 68
internal_count=900 692 473 419 219 135 208 140 84 105 68
is_linear=0
shrinkage=0.05


Tree=2
num_leaves=12
num_cat=0
split_feature=1 1 0 1 0 1 1 0 1 1 0
split_gain=38.0271 8.23855 14.9765 12.2513 3.55186 12.8428 0.842663 1.75356 0.771429 0.0836628 0.0165441
threshold=17.172040688443488 22.696282153746981 22.001590796784239 21.334958896895106 23.22707034687404 24.705312606202416 15.257968809954965 16.00165953938173 23.659798031075194 16.689874499335307 14.80103256302127
decision_type=2 2 2 2 2 2 2 2 2 2 2
left_child=6 2 3 -2 8 -6 10 -8 -3 -9 -1
right_child=1 4 -4 -5 5 -7 7 9 -10 -11 -12
leaf_value=-0.53364276480674744 0.018523445963859686 0.28973017466068268 -0.15393606114387526 0.22874233698844915 -0.051015787124633866 0.44491506910324113 -0.021691342473030062 -0.41953668081760398 0.30844624626636519 -0.35074280703067767 -0.47880856704711905
leaf_weight=36 363 54 54 72 53 82 35 55 30 34 32
leaf_count=36 363 54 54 72 53 82 35 55 30 34 32
internal_value=-5.55556e-05 0.00529661 0.00168712 0.00477011 0.0133562 0.00833333 -0.0197917 -0.0173387 0.0214286 -0.0210674 -0.0242647
internal_weight=900 708 489 435 219 135 192 124 84 89 68
internal_count=900 708 489 435 219 135 192 124 84 89 68
is_linear=0
shrinkage=0.05


Tree=3
num_leaves=11
num_cat=0
split_feature=1 1 0 1 0 1 1 0 1 1
split_gain=34.2939 8.0998 14.8231 12.4343 3.75561 12.3517 0.859781 1.18481 0.919118 0.771429
threshold=17.111220049367031 22.696282153746981 22.001590796784239 21.334958896895106 23.22707034687404 24.705312606202416 14.503120384908327 16.500845735992268 15.510088869354798 23.659798031075194
decision_type=2 2 2 2 2 2 2 2 2 2
left_child=6 2 3 -2 9 -6 -1 8 -8 -3
right_child=1 4 -4 -5 5 -7 7 -9 -10 -11
leaf_value=-0.51227757545709618 0.017151593643426822 0.27524366592764854 -0.14623925808668156 0.21730522013902664 -0.048464997768402185 0.42266931564807902 -0.42087239430844781 -0.38321258558630938 -0.023756060260534187 0.29302393395304699
leaf_weight=44 367 54 54 72 53 82 40 59 45 30
leaf_count=44 367 54 54 72 53 82 40 59 45 30
internal_value=0.000111111 0.0051264 0.00157201 0.00461276 0.0131279 0.00796296 -0.018883 -0.0170139 -0.0132353 0.0214286
internal_weight=900 712 493 439 219 135 188 144 85 84
internal_count=900 712 493 439 219 135 188 144 85 84
is_linear=0
shrinkage=0.05


Tree=4
num_leaves=12
num_cat=0
split_feature=1 1 0 1 0 1 1 0 1 0 1
split_gain=31.0547 6.83551 15.404 11.759 3.63123 11.8701 2.23767 5.4 1.05 0.745277 0.0750618
threshold=17.466345233680826 22.696282153746981 22.001590796784239 21.334958896895106 23.22707034687404 24.705312606202416 16.609121661033075 17.398858123794266 23.659798031075194 15.004580107465774 15.510088869354798
decision_type=2 2 2 2 2 2 2 2 2 2 2
left_child=6 2 3 -2 8 -6 9 -8 -3 -1 -11
right_child=1 4 -4 -5 5 -7 7 -9 -10 10 -12
leaf_value=-0.45351080647885811 0.026970111831128563 0.26148148263126619 -0.13892729518234753 0.20643995913207541 -0.046041747879982081 0.40153584986567509 0.0063030573114754244 -0.37472607053905699 0.27837273725539458 -0.42077497463896879 -0.32722998989731061
leaf_weight=48 343 54 54 72 53 82 30 30 30 41 63
leaf_count=48 343 54 54 72 53 82 30 30 30 41 63
internal_value=0.000222222 0.00537791 0.00197228 0.00524096 0.0126712 0.00759259 -0.0165094 -0.00833333 0.0208333 -0.0197368 -0.0221154
internal_weight=900 688 469 415 219 135 212 60 84 152 104
internal_count=900 688 469 415 219 135 212 60 84 152 104
is_linear=0
shrinkage=0.05


Tree=5
num_leaves=12
num_cat=0
split_feature=1 1 0 1 0 1 0 1 1 1 1
split_gain=26.5466 6.83551 15.404 11.759 3.63123 11.8701 2.22974 5.91235 1.26337 1.05 0.0221201
threshold=17.466345233680826 22.696282153746981 22.001590796784239 21.334958896895106 23.22707034687404 24.705312606202416 16.689769529919555 16.241541352544903 14.328753291639844 23.659798031075194 16.71836407920026
decision_type=2 2 2 2 2 2 2 2 2 2 2
left_child=6 2 3 -2 9 -6 7 8 -1 -3 -8
right_child=1 4 -4 -5 5 -7 10 -9 -10 -11 -12
leaf_value=-0.48315953393229477 0.025621606239572083 0.24840740849970297 -0.13198093042323009 0.19611796117547159 -0.043739660485982948 0.38145905737239139 -0.36539432719229148 0.0071933953809889322 -0.34317812538666281 0.26445410039262479 -0.34742109864662557
leaf_weight=40 343 54 54 72 53 82 30 30 78 30 34
leaf_count=40 343 54 54 72 53 82 30 30 78 30 34
internal_value=0.000611111 0.00537791 0.00197228 0.00524096 0.0126712 0.00759259 -0.0148585 -0.0114865 -0.0165254 0.0208333 -0.0226563
internal_weight=900 688 469 415 219 135 212 148 118 84 64
internal_count=900 688 469 415 219 135 212 148 118 84 64
is_linear=0
shrinkage=0.05


Tree=6
num_leaves=11
num_cat=0
split_feature=1 0 1 0 0 1 1 0 1 0
split_gain=25.2191 8.51101 17.7088 8.83906 6.11292 18.6909 2.5585 0.15 0.0441016 0.0172043
threshold=19.109258096495232 19.913254971061765 20.635133910363756 21.109148717367781 18.597652273647785 17.756225788308381 16.609121661033075 20.763604558887653 19.990379516431105 19.066333984097575
decision_type=2 2 2 2 2 2 2 2 2 2
left_child=4 8 7 -4 5 6 -1 -3 -2 -6
right_child=1 2 3 -5 9 -7 -8 -9 -10 -11
leaf_value=-0.35365050833624334 0.14328707820420483 -0.2758076035356023 0.19293189801660038 0.17967660538239008 -0.34153996342177173 0.070432750048687251 -0.030634954882631505 -0.28438850277418876 0.16551984912400464 -0.36030498379225517
leaf_weight=152 57 30 71 330 30 59 79 30 30 32
leaf_count=152 57 30 71 330 30 59 79 30 30 32
internal_value=0.0005 0.00720803 0.00450108 0.00829177 -0.00994318 -0.00689655 -0.0133117 -0.0208333 0.0215517 -0.0241935
internal_weight=900 548 461 401 352 290 231 60 87 62
internal_count=900 548 461 401 352 290 231 60 87 62
is_linear=0
shrinkage=0.05


Tree=7
num_leaves=11
num_cat=0
split_feature=1 0 1 0 0 1 0 0 1 1
split_gain=22.9064 9.72097 16.3328 8.78751 4.66164 12.5817 2.84613 1.77758 0.63952 0.167326
threshold=18.891374334663489 19.457997301317018 20.339090111442406 21.109148717367781 18.597652273647785 17.36444383702089 16.689769529919555 17.620055320462118 19.809205027383602 19.715700855842496
decision_type=2 2 2 2 2 2 2 2 2 2
left_child=4 9 8 -4 5 6 -1 -7 -3 -2
right_child=1 2 3 -5 -6 7 -8 -9 -10 -11
leaf_value=-0.31711393618697947 0.12784136462144816 -0.30466001343793891 0.1720903178449735 0.16222470196378946 -0.34292316508359949 0.046175904500582558 -0.33229392082145282 0.027226197003650299 -0.26121611309118292 0.15758614826135614
leaf_weight=147 47 35 90 337 49 41 61 30 31 32
leaf_count=147 47 35 90 337 49 41 61 30 31 32
internal_value=0.000777778 0.00681818 0.00420892 0.00778689 -0.0097561 -0.00725806 -0.0134615 0.0109155 -0.0189394 0.0231013
internal_weight=900 572 493 427 328 279 208 71 66 79
internal_count=900 572 493 427 328 279 208 71 66 79
is_linear=0
shrinkage=0.05


Tree=8
num_leaves=10
num_cat=0
split_feature=1 0 1 0 0 1 1 1 1
split_gain=21.4255 9.82562 16.19 8.9364 4.96622 11.579 3.1175 0.63952 0.167326
threshold=18.891374334663489 19.457997301317018 20.339090111442406 21.109148717367781 18.597652273647785 17.756225788308381 15.510088869354798 19.809205027383602 19.715700855842496
decision_type=2 2 2 2 2 2 2 2 2
left_child=4 8 7 -4 5 6 -1 -3 -2
right_child=1 2 3 -5 -6 -7 -8 -9 -10
leaf_value=-0.36852843338204161 0.12144929639037567 -0.28942701276604199 0.16348580195272489 0.15411346686559996 -0.32577700682941946 0.058865637492777893 -0.2040001909201104 -0.24815530743662376 0.14970684084828836
leaf_weight=84 47 35 90 337 49 48 147 31 32
leaf_count=84 47 35 90 337 49 48 147 31 32
internal_value=0.000888889 0.00673077 0.00410751 0.00766979 -0.00929878 -0.00672043 -0.0113636 -0.0189394 0.0231013
internal_weight=900 572 493 427 328 279 231 66 79
internal_count=900 572 493 427 328 279 231 66 79
is_linear=0
shrinkage=0.05


Tree=9
num_leaves=11
num_cat=0
split_feature=1 0 1 0 0 1 1 0 1 0
split_gain=19.737 8.3036 14.2022 9.3006 7.66276 14.6971 3.53601 0.884358 0.154489 0.0172043
threshold=19.109258096495232 19.644961507556999 20.422406261910265 21.109148717367781 18.597652273647785 17.579351787550998 15.510088869354798 17.740562232925082 19.728037931380324 19.066333984097575
decision_type=2 2 2 2 2 2 2 2 2 2
left_child=4 8 -3 -4 5 6 -1 -7 -2 -6
right_child=1 2 3 -5 9 7 -8 -9 -10 -11
leaf_value=-0.35010201171293948 0.12925540117382325 -0.24367721406758511 0.16061571449324738 0.14677716900944757 -0.29102795665503206 0.05077932811015895 -0.2043659612497474 0.053489909991310119 0.13746325286089708 -0.3099520236754485
leaf_weight=84 39 57 84 336 30 32 140 34 32 32
leaf_count=84 39 57 84 336 30 32 140 34 32 32
internal_value=0.001 0.00693431 0.00455975 0.0077381 -0.00823864 -0.00482759 -0.0109375 0.0159091 0.0228873 -0.0241935
internal_weight=900 548 477 420 352 290 224 66 71 62
internal_count=900 548 477 420 352 290 224 66 71 62
is_linear=0
shrinkage=0.05


Tree=10
num_leaves=12
num_cat=0
split_feature=1 0 1 0 0 1 0 0 0 1 1
split_gain=17.0703 8.75661 15.9063 7.8712 6.00397 17.6037 2.67636 0.907942 0.874084 0.63952 0.0757521
threshold=18.891374334663489 19.457997301317018 20.339090111442406 21.152734910195285 17.970195271914818 17.036732386381512 16.650117662919527 17.130199084461157 18.766619198876406 19.809205027383602 19.543491525365436
decision_type=2 2 2 2 2 2 2 2 2 2 2
left_child=4 10 9 -4 5 6 -1 -7 -6 -3 -2
right_child=1 2 3 -5 8 7 -8 -9 -10 -11 -12
leaf_value=-0.28427942695864916 0.095232739208498354 -0.26277180142436068 0.14672841523624633 0.13906893507184767 -0.30598678160619469 0.052916424675949619 -0.27885903023188502 0.025168929591003499 -0.29024237074244646 -0.22356368136141339 0.13534833616282907
leaf_weight=133 35 35 94 333 38 38 46 32 41 31 44
leaf_count=133 35 35 94 333 38 38 46 32 41 31 44
internal_value=0.00116667 0.00638112 0.00390467 0.0074356 -0.00792683 -0.00411647 -0.0124302 0.0171429 -0.0199367 -0.0189394 0.0218354
internal_weight=900 572 493 427 328 249 179 70 79 66 79
internal_count=900 572 493 427 328 249 179 70 79 66 79
is_linear=0
shrinkage=0.05


Tree=11
num_leaves=12
num_cat=0
split_feature=1 0 1 0 0 1 0 0 0 1 1
split_gain=15.5953 8.24519 15.7654 8.01613 6.46992 16.6202 3.12522 0.907942 0.874084 0.63952 0.141057
threshold=18.891374334663489 19.457997301317018 20.339090111442406 21.152734910195285 17.970195271914818 17.036732386381512 16.650117662919527 17.130199084461157 18.766619198876406 19.809205027383602 19.543491525365436
decision_type=2 2 2 2 2 2 2 2 2 2 2
left_child=4 10 9 -4 5 6 -1 -7 -6 -3 -2
right_child=1 2 3 -5 8 7 -8 -9 -10 -11 -12
leaf_value=-0.27006545561071676 0.090471102248073448 -0.24963321135314268 0.13939199447443401 0.13211548831825529 -0.29068744252588496 0.050270603442152152 -0.26491607872029077 0.023910483111453298 -0.2757302522053241 -0.21238549729334277 0.12858091935468768
leaf_weight=133 35 35 94 333 38 38 46 32 41 31 44
leaf_count=133 35 35 94 333 38 38 46 32 41 31 44
internal_value=0.00122222 0.00620629 0.00380325 0.0073185 -0.00746951 -0.00351406 -0.0115922 0.0171429 -0.0199367 -0.0189394 0.0212025
internal_weight=900 572 493 427 328 249 179 70 79 66 79
internal_count=900 572 493 427 328 249 179 70 79 66 79
is_linear=0
shrinkage=0.05


Tree=12
num_leaves=10
num_cat=0
split_feature=1 0 1 0 0 1 1 1 1
split_gain=14.1869 7.40385 15.4984 8.01613 6.6337 10.9606 4.5739 0.968473 0.249351
threshold=18.891374334663489 19.425998841442013 20.339090111442406 21.152734910195285 18.597652273647785 17.756225788308381 15.510088869354798 19.840590703106159 19.543491525365436
decision_type=2 2 2 2 2 2 2 2 2
left_child=4 8 7 -4 5 6 -1 -3 -2
right_child=1 2 3 -5 -6 -7 -8 -9 -10
leaf_value=-0.30487966699882441 0.085947547135669752 -0.23543921127076814 0.13242239475071235 0.1255097139023425 -0.26569192415678738 0.053268204749214211 -0.15639312786400891 -0.20054142506062603 0.12675203470096399
leaf_weight=84 35 38 94 333 49 48 147 30 42
leaf_count=84 35 38 94 333 49 48 147 30 42
internal_value=0.00127778 0.00603147 0.00378788 0.0073185 -0.0070122 -0.00403226 -0.00854978 -0.0183824 0.0204545
internal_weight=900 572 495 427 328 279 231 68 77
internal_count=900 572 495 427 328 279 231 68 77
is_linear=0
shrinkage=0.05


Tree=13
num_leaves=12
num_cat=0
split_feature=1 0 1 0 1 0 0 1 1 1 0
split_gain=14.0105 10.2744 15.8552 6.82821 23.7343 7.82507 5.05978 3.63882 1.92839 0.337634 0.106511
threshold=19.243953086078296 18.597652273647785 17.36444383702089 20.593494197312552 21.334958896895106 21.924728515081643 16.689769529919555 19.655463954663357 17.9081248240898 20.804536174450153 21.178297341649024
decision_type=2 2 2 2 2 2 2 2 2 2 2
left_child=1 2 6 7 10 -6 -1 -2 -4 -9 -5
right_child=3 -3 8 4 5 -7 -8 9 -10 -11 -12
leaf_value=-0.23417470613784028 0.033327865259128411 -0.24865914338721851 0.014788167956467025 -0.20331708043399105 0.13543395073333891 0.15483482992000594 -0.26052849867824612 0.12530235750301486 0.058775923489537973 0.14684134864053836 -0.2662262597112493
leaf_weight=147 36 69 36 30 72 257 61 65 51 32 44
leaf_count=147 36 69 36 30 72 257 61 65 51 32 44
internal_value=0.00138889 -0.00618132 -0.00211864 0.00652985 0.00328784 0.00904255 -0.00961538 0.0163534 0.0158046 0.0213918 -0.0222973
internal_weight=900 364 295 536 403 329 208 133 87 97 74
internal_count=900 364 295 536 403 329 208 133 87 97 74
is_linear=0
shrinkage=0.05


Tree=14
num_leaves=12
num_cat=0
split_feature=1 0 1 0 1 0 1 1 1 1 0
split_gain=14.315 9.82944 12.0073 6.82821 23.7343 7.82507 5.28102 3.63882 0.95168 0.337634 0.106511
threshold=19.243953086078296 18.766619198876406 17.883254262255445 20.593494197312552 21.334958896895106 21.924728515081643 15.510088869354798 19.655463954663357 18.407283435945928 20.804536174450153 21.178297341649024
decision_type=2 2 2 2 2 2 2 2 2 2 2
left_child=1 2 6 7 10 -6 -1 -2 -4 -9 -5
right_child=3 -3 8 4 5 -7 -8 9 -10 -11 -12
leaf_value=-0.27792694834199116 0.031661471996171996 -0.2362261862178576 0.040184184657590376 -0.19315122641229154 0.12866225319667191 0.14709308842400565 -0.13554704653689598 0.11903723962786419 0.065134395235097481 0.13949928120851141 -0.25291494672568682
leaf_weight=84 36 59 32 30 72 257 159 65 30 32 44
leaf_count=84 36 59 32 30 72 257 159 65 30 32 44
internal_value=0.00133333 -0.00631868 -0.00270492 0.00652985 0.00328784 0.00904255 -0.00771605 0.0163534 0.0169355 0.0213918 -0.0222973
internal_weight=900 364 305 536 403 329 243 133 62 97 74
internal_count=900 364 305 536 403 329 243 133 62 97 74
is_linear=0
shrinkage=0.05


Tree=15
num_leaves=12
num_cat=0
split_feature=1 0 1 0 1 0 0 1 0 1 1
split_gain=14.1115 8.5497 12.2184 5.82559 24.0507 7.82507 5.26272 4.20249 1.3547 0.259918 0.108889
threshold=19.109258096495232 18.597652273647785 17.36444383702089 20.593494197312552 21.334958896895106 21.924728515081643 16.689769529919555 19.655463954663357 17.544752471457244 20.804536174450153 20.75463935958064
decision_type=2 2 2 2 2 2 2 2 2 2 2
left_child=1 2 6 7 10 -6 -1 -2 -4 -9 -5
right_child=3 -3 8 4 5 -7 -8 9 -10 -11 -12
leaf_value=-0.20883878750519733 0.017170982669454205 -0.22554518745298308 0.042812194516072481 -0.20997720617008275 0.12222914053683827 0.13973843400280545 -0.24072472141748893 0.11308537764647096 0.026568360522945159 0.13252431714808585 -0.22022363283056451
leaf_weight=147 47 62 40 45 72 257 61 65 42 32 30
leaf_count=147 47 62 40 45 72 257 61 65 42 32 30
internal_value=0.00127778 -0.00653409 -0.00293103 0.00629562 0.00321782 0.00904255 -0.009375 0.0149306 0.0134146 0.0208763 -0.0223333
internal_weight=900 352 290 548 404 329 208 144 82 97 75
internal_count=900 352 290 548 404 329 208 144 82 97 75
is_linear=0
shrinkage=0.05


Tree=16
num_leaves=12
num_cat=0
split_feature=1 0 1 0 1 0 0 1 0 1 1
split_gain=14.1115 8.5497 12.2184 5.82559 24.0507 7.82507 5.26272 4.20249 1.3547 0.259918 0.108889
threshold=19.109258096495232 18.597652273647785 17.36444383702089 20.593494197312552 21.334958896895106 21.924728515081643 16.689769529919555 19.655463954663357 17.544752471457244 20.804536174450153 20.75463935958064
decision_type=2 2 2 2 2 2 2 2 2 2 2
left_child=1 2 6 7 10 -6 -1 -2 -4 -9 -5
right_child=3 -3 8 4 5 -7 -8 9 -10 -11 -12
leaf_value=-0.19839684812993746 0.016312433535981441 -0.2142679280803339 0.040671584790268778 -0.19947834586157853 0.11611768350999636 0.13275151230266521 -0.22868848534661446 0.10743110876414744 0.025239942496797951 0.12589810129068155 -0.20921245118903631
leaf_weight=147 47 62 40 45 72 257 61 65 42 32 30
leaf_count=147 47 62 40 45 72 257 61 65 42 32 30
internal_value=0.00127778 -0.00653409 -0.00293103 0.00629562 0.00321782 0.00904255 -0.009375 0.0149306 0.0134146 0.0208763 -0.0223333
internal_weight=900 352 290 548 404 329 208 144 82 97 75
internal_count=900 352 290 548 404 329 208 144 82 97 75
is_linear=0
shrinkage=0.05


Tree=17
num_leaves=12
num_cat=0
split_feature=1 0 1 0 0 1 0 1 0 0 1
split_gain=14.0227 8.40619 11.5733 5.26272 5.15527 24.0507 7.82507 3.7403 1.10409 0.310931 0.108889
threshold=19.109258096495232 18.597652273647785 17.36444383702089 16.689769529919555 20.593494197312552 21.334958896895106 21.924728515081643 19.655463954663357 17.544752471457244 19.89452682039321 20.75463935958064
decision_type=2 2 2 2 2 2 2 2 2 2 2
left_child=1 2 3 -1 7 10 -7 -2 -4 -9 -6
right_child=4 -3 8 -5 5 6 -8 9 -10 -11 -12
leaf_value=-0.18847700572344062 0.015496811859182459 -0.20355453167631712 0.03863800555075541 -0.21725406107928366 -0.18950442856849961 0.11031179933449647 0.12611393668753196 0.10036696226967604 0.023977945371957965 0.11208582327144133 -0.19875182862958454
leaf_weight=147 47 62 40 61 45 72 257 51 42 46 30
leaf_count=147 47 62 40 61 45 72 257 51 42 46 30
internal_value=0.00111111 -0.00667614 -0.00310345 -0.009375 0.00611314 0.00321782 0.00904255 0.0142361 0.0128049 0.0198454 -0.0223333
internal_weight=900 352 290 208 548 404 329 144 82 97 75
internal_count=900 352 290 208 548 404 329 144 82 97 75
is_linear=0
shrinkage=0.05


Tree=18
num_leaves=12
num_cat=0
split_feature=1 0 1 0 0 1 0 1 0 0 1
split_gain=13.8234 8.40619 10.7031 5.46965 5.27174 23.8183 7.25318 3.7403 1.34219 0.310931 0.108889
threshold=19.109258096495232 18.597652273647785 17.36444383702089 16.689769529919555 20.593494197312552 21.334958896895106 21.924728515081643 19.655463954663357 17.544752471457244 19.89452682039321 20.75463935958064
decision_type=2 2 2 2 2 2 2 2 2 2 2
left_child=1 2 3 -1 7 10 -7 -2 -4 -9 -6
right_child=4 -3 8 -5 5 6 -8 9 -10 -11 -12
leaf_value=-0.17905315543726863 0.014721971266223301 -0.19337680509250124 0.036706105273217653 -0.20639135802531944 -0.18002920714007456 0.10479620936777163 0.11980823985315539 0.095348614156192293 0.022779048103360112 0.1064815321078692 -0.18881423719810525
leaf_weight=147 47 62 40 61 45 72 257 51 42 46 30
leaf_count=147 47 62 40 61 45 72 257 51 42 46 30
internal_value=0.00105556 -0.00667614 -0.00310345 -0.00913462 0.0060219 0.00309406 0.00889058 0.0142361 0.0121951 0.0198454 -0.0223333
internal_weight=900 352 290 208 548 404 329 144 82 97 75
internal_count=900 352 290 208 548 404 329 144 82 97 75
is_linear=0
shrinkage=0.05


Tree=19
num_leaves=12
num_cat=0
split_feature=1 0 1 0 0 1 0 1 0 1 1
split_gain=13.9342 8.26389 10.0999 5.46965 4.94829 23.8183 7.25318 3.51929 1.13741 0.262193 0.108889
threshold=19.109258096495232 18.597652273647785 17.36444383702089 16.689769529919555 20.593494197312552 21.334958896895106 21.924728515081643 19.655463954663357 17.940540426184018 20.804536174450153 20.75463935958064
decision_type=2 2 2 2 2 2 2 2 2 2 2
left_child=1 2 3 -1 7 10 -7 -2 -4 -9 -6
right_child=4 -3 8 -5 5 6 -8 9 -10 -11 -12
leaf_value=-0.17010049766540522 0.013985872702912162 -0.18370796483787616 0.033703997914719251 -0.19607179012405346 -0.17102774678307089 0.099556398899382975 0.11381782786049754 0.092273774504646688 0.015630320444903312 0.10867482845718204 -0.17937352533819997
leaf_weight=147 47 62 51 61 45 72 257 65 31 32 30
leaf_count=147 47 62 51 61 45 72 257 65 31 32 30
internal_value=0.000944444 -0.00681818 -0.00327586 -0.00913462 0.00593066 0.00309406 0.00889058 0.0138889 0.0115854 0.0193299 -0.0223333
internal_weight=900 352 290 208 548 404 329 144 82 97 75
internal_count=900 352 290 208 548 404 329 144 82 97 75
is_linear=0
shrinkage=0.05


Tree=20
num_leaves=12
num_cat=0
split_feature=1 0 1 0 0 1 0 1 0 0 0
split_gain=13.7355 8.26389 10.0999 5.46965 4.9112 18.2457 7.79789 1.46746 1.13741 1.07556 0.176127
threshold=19.109258096495232 18.597652273647785 17.36444383702089 16.689769529919555 20.231188132797811 20.98781541449463 21.637045868503016 19.655463954663357 17.940540426184018 20.78906254651017 19.457997301317018
decision_type=2 2 2 2 2 2 2 2 2 2 2
left_child=1 2 3 -1 7 9 -7 -2 -4 -6 -9
right_child=4 -3 8 -5 5 6 -8 10 -10 -11 -12
leaf_value=-0.16159547278213493 0.045375961576291958 -0.17452256659598239 0.032018798018983219 -0.18626820061785079 -0.12959675658744302 0.098841704671550096 0.097083556898270917 0.082772161242315262 0.014848804422658192 -0.18423280215854732 0.10679280904722344
leaf_weight=147 40 62 51 61 30 80 281 38 31 45 34
leaf_count=147 40 62 51 61 30 80 281 38 31 45 34
internal_value=0.000888889 -0.00681818 -0.00327586 -0.00913462 0.00583942 0.00344037 0.00810249 0.0151786 0.0115854 -0.019 0.0194444
internal_weight=900 352 290 208 548 436 361 112 82 75 72
internal_count=900 352 290 208 548 436 361 112 82 75 72
is_linear=0
shrinkage=0.05


Tree=21
num_leaves=12
num_cat=0
split_feature=1 0 1 0 0 1 0 1 1 0 0
split_gain=13.379 11.3627 19.4955 9.2898 6.14038 16.6457 3.74804 1.08684 1.80989 0.229935 0.0753623
threshold=21.499097207186598 20.706519577992562 19.958558071907408 19.179328166051231 22.700751341372676 23.614407258214275 24.313405164711153 21.969023890515704 23.102885059226065 21.190303358793937 20.135226094161986
decision_type=2 2 2 2 2 2 2 2 2 2 2
left_child=1 2 3 -1 7 -6 -7 -2 -9 -3 -4
right_child=4 9 10 -5 5 6 -8 8 -10 -11 -12
leaf_value=-0.047424284591963684 0.046701274673726624 -0.12552211468281158 0.10268026133778214 -0.17160062240495827 -0.18911103495151738 0.21472352160178262 0.20920764315158868 0.11357282270947328 0.13282002081433167 -0.20512512233921712 0.093899619437972606
leaf_weight=367 45 30 39 60 59 43 89 61 30 47 30
leaf_count=367 45 30 39 60 59 43 89 61 30 47 30
internal_value=0.000722222 -0.00388307 -0.00110887 -0.00509368 0.00879205 0.00301047 0.0128788 0.0169118 0.0200549 -0.0217532 0.0235507
internal_weight=900 573 496 427 327 191 132 136 91 77 69
internal_count=900 573 496 427 327 191 132 136 91 77 69
is_linear=0
shrinkage=0.05


Tree=22
num_leaves=12
num_cat=0
split_feature=1 0 1 0 0 1 0 1 0 0 0
split_gain=13.7355 8.26389 10.0999 5.46965 4.9112 18.2457 7.79789 1.46746 1.13741 1.07556 0.176127
threshold=19.109258096495232 18.597652273647785 17.36444383702089 16.689769529919555 20.231188132797811 20.98781541449463 21.637045868503016 19.655463954663357 17.940540426184018 20.78906254651017 19.457997301317018
decision_type=2 2 2 2 2 2 2 2 2 2 2
left_child=1 2 3 -1 7 9 -7 -2 -4 -6 -9
right_child=4 -3 8 -5 5 6 -8 10 -10 -11 -12
leaf_value=-0.15114448491342999 0.045478377727075525 -0.15909049942680015 0.032789072347632245 -0.17458357635736005 -0.11684081302393023 0.089204638466073946 0.086307245993089421 0.080186504194870348 0.016477578431123518 -0.16874505631647932 0.096319155527973169
leaf_weight=147 40 62 51 61 30 80 281 38 31 45 34
leaf_count=147 40 62 51 61 30 80 281 38 31 45 34
internal_value=0.000888889 -0.00681818 -0.00327586 -0.00913462 0.00583942 0.00344037 0.00810249 0.0151786 0.0115854 -0.019 0.0194444
internal_weight=900 352 290 208 548 436 361 112 82 75 72
internal_count=900 352 290 208 548 436 361 112 82 75 72
is_linear=0
shrinkage=0.05


Tree=23
num_leaves=12
num_cat=0
split_feature=1 0 1 0 0 1 0 1 0 0 1
split_gain=13.7355 8.26389 10.0999 5.46965 5.0624 23.587 6.70299 4.21769 1.13741 0.310931 0.108889
threshold=19.109258096495232 18.597652273647785 17.36444383702089 16.689769529919555 20.593494197312552 21.334958896895106 21.924728515081643 19.655463954663357 17.940540426184018 19.89452682039321 20.75463935958064
decision_type=2 2 2 2 2 2 2 2 2 2 2
left_child=1 2 3 -1 7 10 -7 -2 -4 -9 -6
right_child=4 -3 8 -5 5 6 -8 9 -10 -11 -12
leaf_value=-0.14358726066775845 0.011115076332196418 -0.15113597445546018 0.031149618730250597 -0.16585439753949205 -0.13855136078602542 0.081285797869109194 0.098837771831466803 0.077457222063753772 0.015653699509567433 0.081659801763710863 -0.16180000123575794
leaf_weight=147 47 62 51 61 45 72 257 51 31 46 30
leaf_count=147 47 62 51 61 45 72 257 51 31 46 30
internal_value=0.000888889 -0.00681818 -0.00327586 -0.00913462 0.00583942 0.0029703 0.0087386 0.0138889 0.0115854 0.0198454 -0.0223333
internal_weight=900 352 290 208 548 404 329 144 82 97 75
internal_count=900 352 290 208 548 404 329 144 82 97 75
is_linear=0
shrinkage=0.05


Tree=24
num_leaves=12
num_cat=0
split_feature=1 0 1 0 0 1 0 1 1 0 1
split_gain=12.7344 10.009 17.3926 9.63439 5.91234 17.2414 3.74804 0.923859 1.61749 0.546666 0.349179
threshold=21.567130491097352 20.813417199156763 19.958558071907408 19.179328166051231 22.700751341372676 23.614407258214275 24.313405164711153 21.969023890515704 23.102885059226065 20.253626600042001 21.046132724590855
decision_type=2 2 2 2 2 2 2 2 2 2 2
left_child=1 2 3 -1 7 -6 -7 -2 -9 -4 -3
right_child=4 10 9 -5 5 6 -8 8 -10 -11 -12
leaf_value=-0.029879080187815002 0.0620968198911033 -0.15323165384941043 0.090433993369163718 -0.14976138062427183 -0.19639850814853654 0.19473009463046564 0.18949001010278135 0.098636930682771864 0.11692176888238724 0.055870705742944442 -0.14755041736323146
leaf_weight=367 37 44 46 63 58 43 89 61 30 31 31
leaf_count=367 37 44 46 63 58 43 89 61 30 31 31
internal_value=0.000444444 -0.00395189 -0.00142998 -0.00534884 0.00849057 0.00289474 0.0128788 0.0167969 0.0195055 0.0204545 -0.021
internal_weight=900 582 507 430 318 190 132 128 91 77 75
internal_count=900 582 507 430 318 190 132 128 91 77 75
is_linear=0
shrinkage=0.05


Tree=25
num_leaves=12
num_cat=0
split_feature=1 0 1 0 0 1 0 0 0 0 0
split_gain=12.7632 8.26389 10.0999 5.46965 4.59732 13.3679 7.51632 1.58024 1.13741 0.548566 0.0688172
threshold=19.109258096495232 18.597652273647785 17.36444383702089 16.689769529919555 19.644961507556999 20.591831036557569 21.109148717367781 20.593494197312552 17.940540426184018 18.899298529756685 19.066333984097575
decision_type=2 2 2 2 2 2 2 2 2 2 2
left_child=1 2 3 -1 9 7 -7 -6 -4 -2 -3
right_child=4 10 8 -5 5 6 -8 -9 -10 -11 -12
leaf_value=-0.13491394362497983 0.099034245337213639 -0.13152382386689698 0.031086091803128824 -0.15606772365312668 -0.15474592553088878 0.075317505000547236 0.056164364855008045 -0.11750954326009699 0.016364968543479821 0.056495492817910532 -0.13861415860843904
leaf_weight=147 33 30 51 61 30 77 332 38 31 38 32
leaf_count=147 33 30 51 61 30 77 332 38 31 38 32
internal_value=0.000611111 -0.00681818 -0.00327586 -0.00913462 0.00538321 0.00361635 0.00702934 -0.0169118 0.0115854 0.0172535 -0.0233871
internal_weight=900 352 290 208 548 477 409 68 82 71 62
internal_count=900 352 290 208 548 477 409 68 82 71 62
is_linear=0
shrinkage=0.05


Tree=26
num_leaves=12
num_cat=0
split_feature=1 0 1 0 0 1 0 1 0 0 0
split_gain=13.2559 8.1228 9.82041 7.8856 4.82589 16.6392 7.05121 1.79067 1.38889 1.26019 0.176127
threshold=19.109258096495232 18.597652273647785 15.510088869354798 16.585926888177188 20.231188132797811 20.98781541449463 21.730191034047717 19.655463954663357 20.78906254651017 14.902539267798607 19.457997301317018
decision_type=2 2 2 2 2 2 2 2 2 2 2
left_child=1 2 9 -4 7 8 -7 -2 -6 -1 -9
right_child=4 -3 3 -5 5 6 -8 10 -10 -11 -12
leaf_value=-0.2061906653703221 0.039190946766641949 -0.13036804769339785 0.17287065408520785 -0.020430971076427353 -0.099772230978692908 0.07127173856240239 0.070431020947884809 0.070048964145140155 -0.13984317560587875 -0.16387072389290955 0.079712250217186753
leaf_weight=41 40 62 55 151 30 84 277 38 45 43 34
leaf_count=41 40 62 55 151 30 84 277 38 45 43 34
internal_value=0.000611111 -0.00696023 -0.00344828 0.00242718 0.00547445 0.00309633 0.00754848 0.0147321 -0.0183333 -0.0178571 0.0194444
internal_weight=900 352 290 206 548 436 361 112 75 84 72
internal_count=900 352 290 206 548 436 361 112 75 84 72
is_linear=0
shrinkage=0.05


Tree=27
num_leaves=9
num_cat=0
split_feature=1 1 0 1 0 1 0 1
split_gain=12.3375 7.80397 11.8652 12.9093 3.41366 10.3731 1.26019 1.23199
threshold=15.510088869354798 22.737545878291723 22.001590796784239 21.567130491097352 23.278286768343225 24.705312606202416 14.902539267798607 23.659798031075194
decision_type=2 2 2 2 2 2 2 2
left_child=6 2 3 -2 7 -6 -1 -3
right_child=1 4 -4 -5 5 -7 -8 -9
leaf_value=-0.19588113210180602 -0.0056978692605279772 0.1057575780420823 -0.2102947439187485 0.067428260446164859 -0.16822425213769421 0.2229624048203469 -0.15567718769826408 0.11227623588121904
leaf_weight=41 486 52 57 57 51 82 43 31
leaf_count=41 486 52 57 57 51 82 43 31
internal_value=0.000388889 0.00226716 -0.000666667 0.00161142 0.0104167 0.00545113 -0.0178571 0.0183735
internal_weight=900 816 600 543 216 133 84 83
internal_count=900 816 600 543 216 133 84 83
is_linear=0
shrinkage=0.05


Tree=28
num_leaves=9
num_cat=0
split_feature=1 1 0 1 0 1 0 1
split_gain=12.2625 7.92176 11.7743 12.0246 3.41366 10.3731 1.26019 1.23199
threshold=15.510088869354798 22.737545878291723 22.001590796784239 21.567130491097352 23.278286768343225 24.705312606202416 14.902539267798607 23.659798031075194
decision_type=2 2 2 2 2 2 2 2
left_child=6 2 3 -2 7 -6 -1 -3
right_child=1 4 -4 -5 5 -7 -8 -9
leaf_value=-0.18608707549671566 -0.0054129757975016624 0.10046969913997827 -0.1997800067228111 0.064056847423856672 -0.1598130395308095 0.21181428457932958 -0.14789332831335084 0.10666242408715815
leaf_weight=41 486 52 57 57 51 82 43 31
leaf_count=41 486 52 57 57 51 82 43 31
internal_value=0.000333333 0.00220588 -0.00075 0.00151934 0.0104167 0.00545113 -0.0178571 0.0183735
internal_weight=900 816 600 543 216 133 84 83
internal_count=900 816 600 543 216 133 84 83
is_linear=0
shrinkage=0.05


Tree=29
num_leaves=9
num_cat=0
split_feature=1 1 0 1 0 1 0 0
split_gain=12.3375 7.45876 12.0438 10.9756 3.22946 11.2783 1.26019 1.15238
threshold=15.510088869354798 22.696282153746981 22.001590796784239 21.567130491097352 23.22707034687404 23.853072518491405 14.902539267798607 22.220035591497638
decision_type=2 2 2 2 2 2 2 2
left_child=6 2 3 -2 7 -6 -1 -3
right_child=1 4 -4 -5 5 -7 -8 -9
leaf_value=-0.17678272172187992 -0.005142327007626602 0.095446214182979369 -0.19873441509180534 0.060854005052663855 -0.16340223489008443 0.18014877198741619 -0.14049866189768326 0.097405397871859922
leaf_weight=41 486 30 54 57 30 105 43 54
leaf_count=41 486 30 54 57 30 105 43 54
internal_value=0.000388889 0.00226716 -0.000628141 0.00161142 0.0101598 0.00537037 -0.0178571 0.0178571
internal_weight=900 816 597 543 219 135 84 84
internal_count=900 816 597 543 219 135 84 84
is_linear=0
shrinkage=0.05


Tree=30
num_leaves=9
num_cat=0
split_feature=1 1 0 1 0 1 0 0
split_gain=12.2625 7.1464 12.0438 10.9756 2.9289 11.2783 1.26019 1.17677
threshold=15.510088869354798 22.696282153746981 22.001590796784239 21.567130491097352 23.22707034687404 23.853072518491405 14.902539267798607 22.567639085016875
decision_type=2 2 2 2 2 2 2 2
left_child=6 2 3 -2 7 -6 -1 -3
right_child=1 4 -4 -5 5 -7 -8 -9
leaf_value=-0.16794358563578593 -0.0048852106572453207 0.072291640290236714 -0.18879769433721505 0.057811304800030605 -0.15523212314558013 0.17114133338804544 -0.13347372880279915 0.12155611703461738
leaf_weight=41 486 53 54 57 30 105 43 31
leaf_count=41 486 53 54 57 30 105 43 31
internal_value=0.000333333 0.00220588 -0.000628141 0.00161142 0.00993151 0.00537037 -0.0178571 0.0172619
internal_weight=900 816 597 543 219 135 84 84
internal_count=900 816 597 543 219 135 84 84
is_linear=0
shrinkage=0.05


Tree=31
num_leaves=9
num_cat=0
split_feature=1 1 0 1 0 1 0 0
split_gain=12.0388 7.39229 11.6837 9.72961 2.80679 10.3731 1.27758 1.26019
threshold=15.510088869354798 22.737545878291723 22.001590796784239 21.587309817641582 23.278286768343225 24.705312606202416 22.567639085016875 14.902539267798607
decision_type=2 2 2 2 2 2 2 2
left_child=7 2 3 -2 6 -6 -3 -1
right_child=1 4 -4 -5 5 -7 -8 -9
leaf_value=-0.15954640635399661 -0.0040467732485710787 0.068677058275724789 -0.1704144009152195 0.064093814268849594 -0.14728984338905793 0.18365906508159002 0.11694372658402347 -0.12680004236265915
leaf_weight=41 488 51 57 55 51 82 32 43
leaf_count=41 488 51 57 55 51 82 32 43
internal_value=0.000166667 0.00202206 -0.000833333 0.00142726 0.0099537 0.00545113 0.0171687 -0.0178571
internal_weight=900 816 600 543 216 133 83 84
internal_count=900 816 600 543 216 133 83 84
is_linear=0
shrinkage=0.05


Tree=32
num_leaves=7
num_cat=0
split_feature=1 0 1 1 0 0
split_gain=11.7438 7.18492 9.85006 6.12453 1.26019 0.485355
threshold=15.510088869354798 16.133378374984002 17.036732386381512 22.696282153746981 14.902539267798607 16.927623115764415
decision_type=2 2 2 2 2 2
left_child=4 -2 5 -4 -1 -3
right_child=1 2 3 -5 -6 -7
leaf_value=-0.15156908603629679 0.18065792036945183 -0.12015292847220121 -0.0019456496196085028 0.093394694964807817 -0.12046004024452622 -0.14310331547323882
leaf_weight=41 32 30 501 219 43 34
leaf_count=41 32 30 501 219 43 34
internal_value=-5.55556e-05 0.00177696 0.000829082 0.0025 -0.0178571 -0.0179688
internal_weight=900 816 784 720 84 64
internal_count=900 816 784 720 84 64
is_linear=0
shrinkage=0.05


Tree=33
num_leaves=7
num_cat=0
split_feature=1 0 1 1 0 0
split_gain=11.8172 7.14706 9.91701 6.00319 1.26019 0.485355
threshold=15.510088869354798 16.133378374984002 17.036732386381512 22.696282153746981 14.902539267798607 16.927623115764415
decision_type=2 2 2 2 2 2
left_child=4 -2 5 -4 -1 -3
right_child=1 2 3 -5 -6 -7
leaf_value=-0.14399063173448196 0.17162502435097926 -0.11414528204859115 -0.0018483671386281487 0.08872496021656745 -0.11443703823229995 -0.13594814969957689
leaf_weight=41 32 30 501 219 43 34
leaf_count=41 32 30 501 219 43 34
internal_value=0 0.00183824 0.000892857 0.00256944 -0.0178571 -0.0179688
internal_weight=900 816 784 720 84 64
internal_count=900 816 784 720 84 64
is_linear=0
shrinkage=0.05


Tree=34
num_leaves=7
num_cat=0
split_feature=1 0 1 1 0 0
split_gain=11.6706 7.22289 9.78334 5.75562 1.26019 0.485355
threshold=15.510088869354798 16.133378374984002 17.036732386381512 22.737545878291723 14.902539267798607 16.927623115764415
decision_type=2 2 2 2 2 2
left_child=4 -2 5 -4 -1 -3
right_child=1 2 3 -5 -6 -7
leaf_value=-0.13679110014775783 0.16304377313343021 -0.10843801794616158 -0.0014976471902596877 0.084786639724951846 -0.10871518632068496 -0.12915074221459807
leaf_weight=41 32 30 504 216 43 34
leaf_count=41 32 30 504 216 43 34
internal_value=-0.000111111 0.00171569 0.000765306 0.00243056 -0.0178571 -0.0179688
internal_weight=900 816 784 720 84 64
internal_count=900 816 784 720 84 64
is_linear=0
shrinkage=0.05


Tree=35
num_leaves=7
num_cat=0
split_feature=1 0 1 1 0 0
split_gain=11.8909 7.10929 9.1769 5.52388 1.26019 0.623228
threshold=15.510088869354798 16.133378374984002 17.036732386381512 22.737545878291723 14.902539267798607 16.997142498125999
decision_type=2 2 2 2 2 2
left_child=4 -2 5 -4 -1 -3
right_child=1 2 3 -5 -6 -7
leaf_value=-0.12995154514036997 0.15489158447675866 -0.10260579867421971 -0.0014227648307467257 0.08054730773870418 -0.1032794270046507 -0.1252974274015366
leaf_weight=41 32 31 504 216 43 33
leaf_count=41 32 31 504 216 43 33
internal_value=5.55556e-05 0.00189951 0.000956633 0.00256944 -0.0178571 -0.0171875
internal_weight=900 816 784 720 84 64
internal_count=900 816 784 720 84 64
is_linear=0
shrinkage=0.05


Tree=36
num_leaves=7
num_cat=0
split_feature=1 0 1 1 0 0
split_gain=11.8909 7.10929 9.1769 5.52388 1.26019 0.623228
threshold=15.510088869354798 16.133378374984002 17.036732386381512 22.737545878291723 14.902539267798607 16.997142498125999
decision_type=2 2 2 2 2 2
left_child=4 -2 5 -4 -1 -3
right_child=1 2 3 -5 -6 -7
leaf_value=-0.12345396788335146 0.14714700525292077 -0.097475508740508768 -0.0013516265892094205 0.076519942351768941 -0.098115455654418149 -0.11903255603145979
leaf_weight=41 32 31 504 216 43 33
leaf_count=41 32 31 504 216 43 33
internal_value=5.55556e-05 0.00189951 0.000956633 0.00256944 -0.0178571 -0.0171875
internal_weight=900 816 784 720 84 64
internal_count=900 816 784 720 84 64
is_linear=0
shrinkage=0.05


Tree=37
num_leaves=7
num_cat=0
split_feature=1 0 1 0 0 0
split_gain=11.6706 7.22289 8.98438 5.5254 1.26019 0.623228
threshold=15.510088869354798 16.133378374984002 17.036732386381512 17.373472005261267 14.902539267798607 16.997142498125999
decision_type=2 2 2 2 2 2
left_child=4 -2 5 -4 -1 -3
right_child=1 2 3 -5 -6 -7
leaf_value=-0.11728126948918388 0.13978965499027468 -0.092601733303483341 0.056724941583935443 0.0065422189035556858 -0.093209682871697203 -0.1130809282298868
leaf_weight=41 32 31 48 672 43 33
leaf_count=41 32 31 48 672 43 33
internal_value=-0.000111111 0.00171569 0.000765306 0.00236111 -0.0178571 -0.0171875
internal_weight=900 816 784 720 84 64
internal_count=900 816 784 720 84 64
is_linear=0
shrinkage=0.05


Tree=38
num_leaves=6
num_cat=0
split_feature=1 0 1 0 0
split_gain=11.5977 7.26095 8.30858 5.74287 1.26019
threshold=15.510088869354798 16.133378374984002 16.969297143977034 17.096887635826281 14.902539267798607
decision_type=2 2 2 2 2
left_child=4 -2 -3 -4 -1
right_child=1 2 3 -5 -6
leaf_value=-0.11141720601472471 0.13280017224076099 -0.10212791397085286 0.088954498078472888 0.0046829724941598984 -0.088549198728112358
leaf_weight=41 32 56 38 690 43
leaf_count=41 32 56 38 690 43
internal_value=-0.000166667 0.00165441 0.000701531 0.00212912 -0.0178571
internal_weight=900 816 784 728 84
internal_count=900 816 784 728 84
is_linear=0
shrinkage=0.05


Tree=39
num_leaves=6
num_cat=0
split_feature=1 0 1 1 0
split_gain=11.3081 6.4646 8.13815 5.5985 1.26019
threshold=15.510088869354798 16.133378374984002 16.969297143977034 22.815826431245352 14.902539267798607
decision_type=2 2 2 2 2
left_child=4 -2 -3 -4 -1
right_child=1 2 3 -5 -6
leaf_value=-0.10584634571398849 0.12616016362872298 -0.097021518272310259 -0.0022748084441098549 0.072987057724809914 -0.084121738791706771
leaf_weight=41 32 56 518 210 43
leaf_count=41 32 56 518 210 43
internal_value=-0.000388889 0.00140931 0.000510204 0.00192308 -0.0178571
internal_weight=900 816 784 728 84
internal_count=900 816 784 728 84
is_linear=0
shrinkage=0.05


Tree=40
num_leaves=6
num_cat=0
split_feature=1 0 1 1 0
split_gain=10.4812 6.53673 8.02551 5.06113 1.52355
threshold=15.510088869354798 16.133378374984002 16.969297143977034 22.815826431245352 14.902539267798607
decision_type=2 2 2 2 2
left_child=4 -2 -3 -4 -1
right_child=1 2 3 -5 -6
leaf_value=-0.10055402842828905 0.11985215544728689 -0.092170442358694746 -0.0021610680219043667 0.06933770483856945 -0.079915651852121447
leaf_weight=41 32 56 518 210 43
leaf_count=41 32 56 518 210 43
internal_value=-0.000444444 0.00128676 0.000382653 0.00178571 -0.0172619
internal_weight=900 816 784 728 84
internal_count=900 816 784 728 84
is_linear=0
shrinkage=0.05


Tree=41
num_leaves=6
num_cat=0
split_feature=1 0 1 1 0
split_gain=10.5506 6.50061 7.3125 4.9601 1.52355
threshold=15.510088869354798 16.133378374984002 16.969297143977034 22.845373838859633 14.902539267798607
decision_type=2 2 2 2 2
left_child=4 -2 -3 -4 -1
right_child=1 2 3 -5 -6
leaf_value=-0.095526327006874565 0.11385954767492255 -0.087561920240759997 -0.00188181259777096 0.06603514828229394 -0.075919869259515327
leaf_weight=41 32 56 521 207 43
leaf_count=41 32 56 521 207 43
internal_value=-0.000388889 0.00134804 0.000446429 0.00178571 -0.0172619
internal_weight=900 816 784 728 84
internal_count=900 816 784 728 84
is_linear=0
shrinkage=0.05


Tree=42
num_leaves=6
num_cat=0
split_feature=1 0 1 1 0
split_gain=10.5506 6.50061 7.3125 4.9601 1.52355
threshold=15.510088869354798 16.133378374984002 16.969297143977034 22.845373838859633 14.902539267798607
decision_type=2 2 2 2 2
left_child=4 -2 -3 -4 -1
right_child=1 2 3 -5 -6
leaf_value=-0.090750010656530836 0.10816657029117636 -0.083183824228722045 -0.0017877219678824831 0.062733390868179306 -0.072123875796539588
leaf_weight=41 32 56 521 207 43
leaf_count=41 32 56 521 207 43
internal_value=-0.000388889 0.00134804 0.000446429 0.00178571 -0.0172619
internal_weight=900 816 784 728 84
internal_count=900 816 784 728 84
is_linear=0
shrinkage=0.05


Tree=43
num_leaves=7
num_cat=0
split_feature=1 0 1 0 0 0
split_gain=10.69 6.42868 6.88843 9.51547 7.11797 1.52355
threshold=15.510088869354798 16.133378374984002 19.109258096495232 18.597652273647785 20.593494197312552 14.902539267798607
decision_type=2 2 2 2 2 2
left_child=5 -2 3 -3 -4 -1
right_child=1 2 4 -5 -6 -7
leaf_value=-0.086212510123704261 0.10275824177661762 -0.003773508094423761 0.064270227682702338 -0.12234307376003423 0.0009168017794038086 -0.068517682006712641
leaf_weight=41 32 174 144 62 404 43
leaf_count=41 32 174 144 62 404 43
internal_value=-0.000277778 0.00147059 0.00057398 -0.0065678 0.00364964 -0.0172619
internal_weight=900 816 784 236 548 84
internal_count=900 816 784 236 548 84
is_linear=0
shrinkage=0.05


Tree=44
num_leaves=7
num_cat=0
split_feature=1 0 1 0 0 0
split_gain=9.61928 6.64567 7.02224 9.80229 1.33629 1.27189
threshold=15.510088869354798 16.133378374984002 22.845373838859633 22.001590796784239 23.499212174624564 14.902539267798607
decision_type=2 2 2 2 2 2
left_child=5 -2 3 -3 -4 -1
right_child=1 2 4 -5 -6 -7
leaf_value=-0.081901884617519016 0.097620329687786805 -0.00062415191791558304 0.058078335266964133 -0.15953630421529486 0.069775975920508507 -0.065091797906377022
leaf_weight=41 32 513 77 64 130 43
leaf_count=41 32 513 77 64 130 43
internal_value=-0.000555556 0.00110294 0.000191327 -0.00264298 0.00809179 -0.0166667
internal_weight=900 816 784 577 207 84
internal_count=900 816 784 577 207 84
is_linear=0
shrinkage=0.05


Tree=45
num_leaves=7
num_cat=0
split_feature=1 0 1 0 0 0
split_gain=9.24393 5.6135 7.02459 12.2667 2.62421 1.35
threshold=15.510088869354798 16.133378374984002 22.399027026250319 21.426159408227431 23.146202430433558 15.121935613446825
decision_type=2 2 2 2 2 2
left_child=5 -2 3 -3 -4 -1
right_child=1 2 4 -5 -6 -7
leaf_value=-0.068352110897507326 0.092739313203397525 0.0017662559751108198 0.046269682050538566 -0.16792311422460032 0.055139439621431398 -0.061837208011058215
leaf_weight=49 32 470 93 77 144 35
leaf_count=49 32 470 93 77 144 35
internal_value=-0.000277778 0.00134804 0.000510204 -0.00260512 0.00770042 -0.0160714
internal_weight=900 816 784 547 237 84
internal_count=900 816 784 547 237 84
is_linear=0
shrinkage=0.05


Tree=46
num_leaves=7
num_cat=0
split_feature=1 0 1 0 0 0
split_gain=9.24393 5.6135 6.76595 9.51547 5.31411 1.35
threshold=15.510088869354798 16.133378374984002 19.109258096495232 18.597652273647785 20.593494197312552 15.121935613446825
decision_type=2 2 2 2 2 2
left_child=5 -2 3 -3 -4 -1
right_child=1 2 4 -5 -6 -7
leaf_value=-0.064934505352631969 0.088102347543227572 -0.0036419378925623747 0.060999611095707534 -0.11628302527489219 0.0045106259452532887 -0.058745347610505316
leaf_weight=49 32 174 144 62 404 35
leaf_count=49 32 174 144 62 404 35
internal_value=-0.000277778 0.00134804 0.000510204 -0.0065678 0.00355839 -0.0160714
internal_weight=900 816 784 236 548 84
internal_count=900 816 784 236 548 84
is_linear=0
shrinkage=0.05


Tree=47
num_leaves=7
num_cat=0
split_feature=1 0 1 0 0 0
split_gain=8.6859 5.58003 6.80106 7.54717 6.23802 1.57279
threshold=15.510088869354798 16.133378374984002 18.891374334663489 17.620055320462118 19.039032335957845 15.121935613446825
decision_type=2 2 2 2 2 2
left_child=5 -2 3 -3 -4 -1
right_child=1 2 4 -5 -6 -7
leaf_value=-0.061687780085000379 0.083697230166066214 0.0054610125032799502 0.078831841197853525 -0.11707058226447759 0.0081885537790540759 -0.055808080229980031
leaf_weight=49 32 106 51 106 521 35
leaf_count=49 32 106 51 106 521 35
internal_value=-0.000166667 0.00140931 0.00057398 -0.00707547 0.00340909 -0.0154762
internal_weight=900 816 784 212 572 84
internal_count=900 816 784 212 572 84
is_linear=0
shrinkage=0.05


Tree=48
num_leaves=7
num_cat=0
split_feature=1 0 1 0 0 0
split_gain=8.62298 5.6135 6.74427 12.1291 4.87624 1.57279
threshold=15.510088869354798 16.133378374984002 21.725108039127502 21.109148717367781 22.416126290499768 15.121935613446825
decision_type=2 2 2 2 2 2
left_child=5 -2 3 -3 -4 -1
right_child=1 2 4 -5 -6 -7
leaf_value=-0.058603391080750369 0.079512368657762886 -1.683663919536116e-05 0.054892221212393191 -0.15603480713388082 0.034046513319411713 -0.053017676218481039
leaf_weight=49 32 417 90 64 213 35
leaf_count=49 32 417 90 64 213 35
internal_value=-0.000222222 0.00134804 0.000510204 -0.00317048 0.00635314 -0.0154762
internal_weight=900 816 784 481 303 84
internal_count=900 816 784 481 303 84
is_linear=0
shrinkage=0.05


Tree=49
num_leaves=6
num_cat=0
split_feature=1 0 1 0 0
split_gain=8.62298 4.79143 6.68377 4.51988 1.57279
threshold=15.510088869354798 16.133378374984002 16.969297143977034 17.620055320462118 15.121935613446825
decision_type=2 2 2 2 2
left_child=4 -2 -3 -4 -1
right_child=1 2 3 -5 -6
leaf_value=-0.055673221526712884 0.075536750224874716 -0.078983174714000681 0.044671251375109834 0.0024718677482554519 -0.050366792407556996
leaf_weight=49 32 56 60 668 35
leaf_count=49 32 56 60 668 35
internal_value=-0.000222222 0.00134804 0.00057398 0.0018544 -0.0154762
internal_weight=900 816 784 728 84
internal_count=900 816 784 728 84
is_linear=0
shrinkage=0.05


Tree=50
num_leaves=9
num_cat=0
split_feature=1 1 0 1 0 0 1 1
split_gain=8.49782 4.93951 11.5124 11.1826 1.57279 1.28848 11.2175 0.98689
threshold=15.510088869354798 22.696282153746981 22.001590796784239 21.548389277877948 15.121935613446825 23.146202430433558 23.853072518491405 23.614407258214275
decision_type=2 2 2 2 2 2 2 2
left_child=4 2 3 -2 -1 7 -7 -3
right_child=1 5 -4 -5 -6 6 -8 -9
leaf_value=-0.052889560450377272 -0.0060044164435234752 0.039447682511255612 -0.15844061460241782 0.055305157275677891 -0.047848452787179155 -0.18399244203068915 0.10933422265347961 0.051307746806826239
leaf_weight=49 484 50 54 59 35 31 107 31
leaf_count=49 484 50 54 59 35 31 107 31
internal_value=-0.000333333 0.00122549 -0.00113065 0.00105893 -0.0154762 0.0076484 0.00471014 0.0126543
internal_weight=900 816 597 543 84 219 138 81
internal_count=900 816 597 543 84 219 138 81
is_linear=0
shrinkage=0.05


Tree=51
num_leaves=7
num_cat=0
split_feature=1 0 1 0 0 0
split_gain=7.09976 5.01961 7.45997 6.32823 5.90184 1.19093
threshold=15.510088869354798 16.479793225934582 18.891374334663489 18.597652273647785 19.039032335957845 15.198139707070665
decision_type=2 2 2 2 2 2
left_child=5 -2 3 -3 -4 -1
right_child=1 2 4 -5 -6 -7
leaf_value=-0.049949898404851201 0.090302412612600066 -0.016239625353523125 0.075067718404683959 -0.10683000829507067 0.0058031821665272439 -0.051379129191785555
leaf_weight=52 48 147 51 49 521 32
leaf_count=52 48 147 51 49 521 32
internal_value=-0.000444444 0.000980392 0 -0.00841837 0.00288462 -0.0142857
internal_weight=900 816 768 196 572 84
internal_count=900 816 768 196 572 84
is_linear=0
shrinkage=0.05


Tree=52
num_leaves=10
num_cat=0
split_feature=1 1 0 1 0 1 0 0 0
split_gain=6.92981 4.78973 11.0533 10.1394 1.37512 10.0398 1.19093 1.0585 0.155807
threshold=15.510088869354798 22.845373838859633 22.001590796784239 21.548389277877948 23.499212174624564 24.192837403250774 15.198139707070665 22.679359480932046 22.720870720165323
decision_type=2 2 2 2 2 2 2 2 2
left_child=6 2 3 -2 7 -6 -1 -3 -4
right_child=1 4 8 -5 5 -7 -8 -9 -10
leaf_value=-0.047452403484608663 -0.0067665624057364759 0.036707557383060245 -0.098076056663220265 0.052807639778665205 -0.17595356817158925 0.11786042668092778 -0.048810172732196302 0.071330632300687577 -0.15217144724665507
leaf_weight=52 484 47 31 61 34 96 32 30 33
leaf_count=52 484 47 31 61 34 96 32 30 33
internal_value=-0.000611111 0.000796569 -0.00143678 0.00087156 0.00736715 0.00423077 -0.0142857 0.0126623 -0.0210938
internal_weight=900 816 609 545 207 130 84 77 64
internal_count=900 816 609 545 207 130 84 77 64
is_linear=0
shrinkage=0.05


Tree=53
num_leaves=12
num_cat=0
split_feature=1 0 1 0 0 0 1 0 1 0 0
split_gain=7.47819 11.8913 12.8982 7.8768 2.61441 2.2876 12.3154 2.72815 1.12292 0.977778 0.197547
threshold=22.399027026250319 21.426159408227431 20.591831036557569 20.006069434851138 20.882064161193217 23.162359595007182 23.853072518491405 24.754131024647325 23.659798031075194 22.35112753057599 22.001590796784239
decision_type=2 2 2 2 2 2 2 2 2 2 2
left_child=1 2 3 -1 -4 8 -7 -8 9 -2 -3
right_child=5 10 4 -5 -6 6 7 -9 -10 -11 -12
leaf_value=-0.0071378368946023235 0.082320146109891024 -0.15002346442083728 0.069655603175699812 -0.13013899398834702 0.027247216933510999 -0.15729429173948148 0.12224114802266267 0.092033047814272712 0.032759919184931444 0.023720415511065518 -0.15038658246488873
leaf_weight=432 36 32 53 54 47 36 38 67 30 30 45
leaf_count=432 36 32 53 54 47 36 38 67 30 30 45
internal_value=-0.000555556 -0.00328054 -0.000853242 -0.00421811 0.0155 0.00706751 0.00301418 0.0116667 0.0130208 0.0166667 -0.0217532
internal_weight=900 663 586 486 100 237 141 105 96 66 77
internal_count=900 663 586 486 100 237 141 105 96 66 77
is_linear=0
shrinkage=0.05


Tree=54
num_leaves=6
num_cat=0
split_feature=1 0 1 1 0
split_gain=6.92981 5.13794 6.79585 4.23974 1.19093
threshold=15.510088869354798 16.479793225934582 16.969297143977034 23.641132457809693 15.198139707070665
decision_type=2 2 2 2 2
left_child=4 -2 -3 -4 -1
right_child=1 2 3 -5 -6
leaf_value=-0.044722891465648118 0.086482511946987028 -0.073317117175634036 -0.0031999101038865164 0.081890950219463673 -0.046012772250856405
leaf_weight=52 48 47 577 144 32
leaf_count=52 48 47 577 144 32
internal_value=-0.000611111 0.000796569 -0.000195313 0.00100555 -0.0142857
internal_weight=900 816 768 721 84
internal_count=900 816 768 721 84
is_linear=0
shrinkage=0.05


Tree=55
num_leaves=9
num_cat=0
split_feature=1 0 1 0 0 0 1 1
split_gain=6.99112 7.21622 8.55287 9.44699 5.0622 4.53449 8.97607 0.145161
threshold=16.519788204978617 17.096887635826281 18.362886219987058 18.954412717524388 17.675363200001353 15.733307116918477 14.328753291639844 15.809964999614724
decision_type=2 2 2 2 2 2 2 2
left_child=5 -2 4 -4 -3 6 -1 -7
right_child=1 2 3 -5 -6 7 -8 -9
leaf_value=-0.09877868270065121 0.084687357020726328 0.0027697997413922426 0.072640247100827171 0.00019646156647077362 -0.13935179957754781 -0.052041925187161733 0.048968157225171144 -0.069470214812447043
leaf_weight=40 52 30 64 542 68 31 42 31
leaf_count=40 52 30 64 542 68 31 42 31
internal_value=-0.000666667 0.00125661 -7.10227e-05 0.00214521 -0.0137755 -0.0107639 -0.00304878 -0.0209677
internal_weight=900 756 704 606 98 144 82 62
internal_count=900 756 704 606 98 144 82 62
is_linear=0
shrinkage=0.05


Tree=56
num_leaves=11
num_cat=0
split_feature=1 0 1 0 0 1 1 1 0 1
split_gain=6.04848 12.2441 16.3391 9.76866 4.56858 13.0186 3.18046 1.81129 0.862818 0.573751
threshold=21.725108039127502 20.813417199156763 19.958558071907408 18.954412717524388 22.1463869675603 22.737545878291723 25.470087272523703 22.465056560940649 20.30292949486028 21.266101911567702
decision_type=2 2 2 2 2 2 2 2 2 2
left_child=1 2 3 -1 7 -6 -7 -2 -4 -3
right_child=4 9 8 -5 5 6 -8 -9 -10 -11
leaf_value=-0.0061190219846434246 0.060249187983928643 -0.12651261821233017 0.071828972765145244 -0.098714850012059333 -0.13239910640222829 0.014315859253594177 0.16748248900662566 0.068555850156694034 0.043487362883579288 -0.048119755763930884
leaf_weight=349 43 54 51 81 38 139 53 30 30 32
leaf_count=349 43 54 51 81 38 139 53 30 30 32
internal_value=-0.000555556 -0.00347571 -0.00053816 -0.0044186 0.00519802 0.00173913 0.00703125 0.0160959 0.0200617 -0.0209302
internal_weight=900 597 511 430 303 230 192 73 81 86
internal_count=900 597 511 430 303 230 192 73 81 86
is_linear=0
shrinkage=0.05


Tree=57
num_leaves=10
num_cat=0
split_feature=1 0 1 0 0 0 1 1 0
split_gain=5.86558 9.61829 9.94182 9.58285 2.43598 1.25723 9.78624 2.35201 1.02983
threshold=22.696282153746981 22.001590796784239 20.98781541449463 20.494770578837866 20.882064161193217 23.22707034687404 23.853072518491405 25.470087272523703 22.567639085016875
decision_type=2 2 2 2 2 2 2 2 2
left_child=1 2 3 -1 -4 8 -7 -8 -2
right_child=5 -3 4 -5 -6 6 7 -9 -10
leaf_value=-0.006253873583528336 0.013600066290914549 -0.12873802101619888 0.080335615470700728 -0.10800698610830146 0.02306376784497868 -0.16180339362068505 0.021697958369251681 0.16995688674257359 0.053712166378898023
leaf_weight=471 53 54 31 57 68 30 53 52 31
leaf_count=471 53 54 31 57 68 30 53 52 31
internal_value=-0.000611111 -0.00290015 -0.0011563 -0.00388258 0.0133838 0.00650685 0.00351852 0.0107143 0.0113095
internal_weight=900 681 627 528 99 219 135 105 84
internal_count=900 681 627 528 99 219 135 105 84
is_linear=0
shrinkage=0.05


Tree=58
num_leaves=9
num_cat=0
split_feature=1 0 1 0 0 1 1 0
split_gain=5.85555 9.41016 9.04049 9.9397 1.37961 9.50053 2.33224 1.02983
threshold=22.696282153746981 22.001590796784239 21.653571672428921 20.813417199156763 23.22707034687404 23.853072518491405 25.951477019974433 22.567639085016875
decision_type=2 2 2 2 2 2 2 2
left_child=1 2 3 -1 7 -6 -7 -2
right_child=4 -3 -4 -5 5 6 -8 -9
leaf_value=-0.0027178847674329989 0.012920062976368741 -0.12230111996538887 0.055098185461423643 -0.10046927364641683 -0.15371322393965087 0.023730812525984392 0.21989572224553272 0.051026558059953153
leaf_weight=510 53 54 50 67 30 62 43 31
leaf_count=510 53 54 50 67 30 62 43 31
internal_value=-0.000833333 -0.00312041 -0.00139553 -0.00316291 0.00627854 0.00314815 0.0102381 0.0113095
internal_weight=900 681 627 577 219 135 105 84
internal_count=900 681 627 577 219 135 105 84
is_linear=0
shrinkage=0.05


Tree=59
num_leaves=8
num_cat=0
split_feature=1 0 1 0 0 0 1
split_gain=5.69228 7.32282 8.37649 8.81697 5.0622 4.28608 7.51664
threshold=16.519788204978617 17.096887635826281 18.362886219987058 18.954412717524388 17.675363200001353 15.875020224202109 14.636036040437912
decision_type=2 2 2 2 2 2 2
left_child=5 -2 4 -4 -3 6 -1
right_child=1 2 3 -5 -6 -7 -8
leaf_value=-0.0790832652688227 0.081207528186470063 0.003385848771102751 0.069762773762565899 -0.00033910300485713308 -0.13162967058189029 -0.061486346293083471 0.045630811233012381
leaf_weight=47 52 30 64 542 68 56 41
leaf_count=47 52 30 64 542 68 56 41
internal_value=-0.000611111 0.00112434 -0.000213068 0.0019802 -0.0137755 -0.00972222 -0.00284091
internal_weight=900 756 704 606 98 144 88
internal_count=900 756 704 606 98 144 88
is_linear=0
shrinkage=0.05


Tree=60
num_leaves=11
num_cat=0
split_feature=1 0 1 0 1 0 0 1 0 1
split_gain=5.7363 8.47722 6.49111 5.6366 15.6766 5.30051 5.25309 2.53044 0.349179 0.109271
threshold=19.193139830233559 18.766619198876406 17.883254262255445 20.593494197312552 21.334958896895106 17.620055320462118 21.68731052739961 19.655463954663357 21.178297341649024 20.339090111442406
decision_type=2 2 2 2 2 2 2 2 2 2
left_child=1 2 5 7 8 -1 -6 -2 -5 -9
right_child=3 -3 -4 4 6 -7 -8 9 -10 -11
leaf_value=-0.0081326522001372581 0.0136882127673017 -0.092282944121804003 0.038398720849230378 -0.079788525202891245 0.038022282116444206 -0.15247085448478626 0.0059292923891980827 0.065803935928271606 -0.12560571972432921 0.052911733272357167
leaf_weight=203 39 57 60 31 64 40 265 41 44 56
leaf_count=203 39 57 60 31 64 40 265 41 44 56
internal_value=-0.000666667 -0.00555556 -0.00222772 0.00259259 -0.000371287 -0.0058642 0.00433131 0.0113971 -0.021 0.0157216
internal_weight=900 360 303 540 404 243 329 136 75 97
internal_count=900 360 303 540 404 243 329 136 75 97
is_linear=0
shrinkage=0.05


Tree=61
num_leaves=12
num_cat=0
split_feature=1 0 1 0 1 0 1 1 0 0 0
split_gain=5.94739 9.67299 13.4966 6.1556 2.04789 1.37961 9.50053 2.33224 1.02983 0.803721 6.72043e-05
threshold=22.696282153746981 21.426159408227431 20.882436206110327 20.494770578837866 22.254583117851858 23.22707034687404 23.853072518491405 25.951477019974433 22.567639085016875 20.835103355482666 22.128221224940798
decision_type=2 2 2 2 2 2 2 2 2 2 2
left_child=1 2 3 -1 10 8 -7 -8 -2 -4 -3
right_child=5 4 9 -5 -6 6 7 -9 -10 -11 -12
leaf_value=-0.0054719914436285322 0.011994550358333279 -0.12148750236546882 0.074823064103393219 -0.077883416195531838 -0.05558241422085413 -0.1463070722118853 0.02226476243046829 0.20862142666403916 0.048195720687738586 0.026745212375906571 -0.13966245485446135
leaf_weight=468 53 32 32 44 32 30 62 43 31 43 30
leaf_count=468 53 32 32 44 32 30 62 43 31 43 30
internal_value=-0.000888889 -0.00319383 -0.000809199 -0.00371094 -0.0180851 0.00627854 0.00314815 0.0102381 0.0113095 0.019 -0.0233871
internal_weight=900 681 587 512 94 219 135 105 84 75 62
internal_count=900 681 587 512 94 219 135 105 84 75 62
is_linear=0
shrinkage=0.05


Tree=62
num_leaves=9
num_cat=0
split_feature=1 0 1 0 0 1 1 0
split_gain=5.34506 9.36083 9.60503 9.76257 1.91439 9.0174 1.29203 0.84096
threshold=23.007105512437473 22.35112753057599 21.814681546245449 21.088825795873891 23.766001364023584 24.780654348584626 26.206945672823753 22.567639085016875
decision_type=2 2 2 2 2 2 2 2
left_child=1 2 3 -1 7 -6 -7 -2
right_child=4 -3 -4 -5 5 6 -8 -9
leaf_value=-0.003846970510392911 0.03138445483200325 -0.11723809305283801 0.045943844216727571 -0.10579063784507065 -0.14173527083119719 0.024849984290944427 0.20603604319704819 0.056032306876252137
leaf_weight=538 30 49 58 63 43 41 37 41
leaf_count=538 30 49 58 63 43 41 37 41
internal_value=-0.000888889 -0.00289548 -0.00132777 -0.003203 0.00651042 0.00268595 0.0128205 0.0130282
internal_weight=900 708 659 601 192 121 78 71
internal_count=900 708 659 601 192 121 78 71
is_linear=0
shrinkage=0.05


Tree=63
num_leaves=10
num_cat=0
split_feature=1 0 1 0 0 1 0 0 0
split_gain=5.58431 8.75872 9.91222 8.15483 1.72538 9.21905 2.38095 1.01587 0.403226
threshold=22.696282153746981 22.001590796784239 21.528717782568219 20.835103355482666 23.22707034687404 23.853072518491405 24.524089559688964 22.326109831368573 21.190303358793937
decision_type=2 2 2 2 2 2 2 2 2
left_child=1 2 3 -1 7 -6 -7 -2 -4
right_child=4 -3 8 -5 5 6 -8 -9 -10
leaf_value=-0.0039326657144524548 0.0249064778727635 -0.1057225470568116 0.054834777129213745 -0.098639527218022771 -0.13251738450419009 0.10292022313822091 0.040099170236414496 0.025512808863696803 0.026016975826165734
leaf_weight=509 36 54 31 56 30 30 75 48 31
leaf_count=509 36 54 31 56 30 30 75 48 31
internal_value=-0.000666667 -0.00290015 -0.00123604 -0.00331858 0.00627854 0.00277778 0.0097619 0.0119048 0.0177419
internal_weight=900 681 627 565 219 135 105 84 62
internal_count=900 681 627 565 219 135 105 84 62
is_linear=0
shrinkage=0.05


Tree=64
num_leaves=6
num_cat=0
split_feature=1 0 1 0 0
split_gain=5.34172 3.80493 7.7019 7.91385 0.265516
threshold=14.328753291639844 15.637728086273791 16.519788204978617 17.373472005261267 16.320034425788645
decision_type=2 2 2 2 2
left_child=-1 -2 4 -4 -3
right_child=1 2 3 -5 -6
leaf_value=-0.088061832291966624 0.065407788616681284 -0.036211967054090445 0.049979790325824607 -0.0024954506684574441 -0.066488124846701885
leaf_weight=40 40 32 65 690 33
leaf_count=40 40 32 65 690 33
internal_value=-0.000888889 -5.81395e-05 -0.000792683 0.000629139 -0.0173077
internal_weight=900 860 820 755 65
internal_count=900 860 820 755 65
is_linear=0
shrinkage=0.05


Tree=65
num_leaves=12
num_cat=0
split_feature=1 0 1 0 1 0 0 1 1 0 1
split_gain=4.86501 8.36885 11.3936 6.12615 1.91681 1.44767 1.42924 8.9418 2.42865 0.761905 0.254298
threshold=22.696282153746981 21.306266827528386 20.591831036557569 19.587056949910778 22.281852356061631 21.003151041665092 23.22707034687404 23.853072518491405 26.206945672823753 22.441880613627237 21.266101911567702
decision_type=2 2 2 2 2 2 2 2 2 2 2
left_child=1 2 3 -1 10 -4 9 -8 -9 -2 -3
right_child=6 4 5 -5 -6 -7 7 8 -10 -11 -12
leaf_value=-0.0036112598953069509 0.0073683711854484642 -0.10863268882874505 0.058500607217844808 -0.090538510643529524 -0.041530488970906103 0.012043612731779608 -0.12576674274555763 0.020393831724763969 0.19385405505879805 0.030194418356619315 -0.099745043152604573
leaf_weight=405 42 31 61 77 30 30 30 68 37 42 47
leaf_count=405 42 31 61 77 30 30 30 68 37 42 47
internal_value=-0.000888889 -0.00297357 -0.00056719 -0.00363071 -0.0157407 0.0156593 0.00559361 0.00240741 0.00928571 0.0107143 -0.0198718
internal_weight=900 681 573 482 108 91 219 135 105 84 78
internal_count=900 681 573 482 108 91 219 135 105 84 78
is_linear=0
shrinkage=0.05


Tree=66
num_leaves=11
num_cat=0
split_feature=1 0 0 1 1 0 0 1 0 0
split_gain=5.35185 8.74553 5.80051 12.3004 5.50612 5.70117 4.84678 1.97361 0.300915 0.172854
threshold=19.193139830233559 18.766619198876406 20.30292949486028 20.98781541449463 17.883254262255445 17.620055320462118 21.749853156685411 19.655463954663357 21.109148717367781 19.704699859754584
decision_type=2 2 2 2 2 2 2 2 2 2
left_child=1 4 7 8 5 -1 -5 -2 -4 -9
right_child=2 -3 3 6 -6 -7 -8 9 -10 -11
leaf_value=-0.0068252662027916246 0.015331277146017187 -0.086700880004101866 -0.050221988190843184 0.040081999725557441 0.037446701718380736 -0.14387939484893505 0.00073869683210467949 0.058139079150201313 -0.10320105438730778 0.052052690538782101
leaf_weight=203 36 57 36 83 60 40 274 44 31 36
leaf_count=203 36 57 36 83 60 40 274 44 31 36
internal_value=-0.000555556 -0.00527778 0.00259259 -0.000117925 -0.00189769 -0.00524691 0.00357143 0.0125 -0.0197761 0.016875
internal_weight=900 360 540 424 303 243 357 116 67 80
internal_count=900 360 540 424 303 243 357 116 67 80
is_linear=0
shrinkage=0.05


Tree=67
num_leaves=12
num_cat=0
split_feature=1 0 1 0 0 1 0 0 0 1 1
split_gain=4.8888 9.01445 9.18046 7.73087 3.79769 10.8263 3.95038 2.97158 2.32903 1.67442 0.496149
threshold=21.814681546245449 21.088825795873891 20.121792979406155 18.954412717524388 22.466093369836837 23.704874097732201 24.313405164711153 22.93032585805522 20.344735028028165 22.737545878291723 21.246812266499145
decision_type=2 2 2 2 2 2 2 2 2 2 2
left_child=1 2 3 -1 9 7 -7 -6 -4 -2 -3
right_child=4 10 8 -5 5 6 -8 -9 -10 -11 -12
leaf_value=-0.0015374733663351848 0.047219369933242029 -0.096233004307865855 0.059323894991632375 -0.071920203666661395 -0.0013955941813207141 0.10022785422641577 0.027314826265126692 -0.098838661581551621 0.019332222591224912 0.022582091344463963 -0.074787264849947022
leaf_weight=349 43 40 48 96 30 41 87 47 45 43 31
leaf_count=349 43 40 48 96 30 41 87 47 45 43 31
internal_value=-0.000777778 -0.00332512 -0.00111524 -0.00410112 0.00455326 0.000853659 0.00976562 -0.013961 0.013172 0.0133721 -0.0200704
internal_weight=900 609 538 445 291 205 128 77 93 86 71
internal_count=900 609 538 445 291 205 128 77 93 86 71
is_linear=0
shrinkage=0.05


Tree=68
num_leaves=7
num_cat=0
split_feature=1 1 0 1 0 1
split_gain=4.58935 3.50614 8.45466 5.55563 1.52417 7.40642
threshold=14.328753291639844 23.641132457809693 22.89537509041865 21.725108039127502 24.313405164711153 25.470087272523703
decision_type=2 2 2 2 2 2
left_child=-1 2 3 -2 -3 -6
right_child=1 4 -4 -5 5 -7
leaf_value=-0.08306004070414659 -0.0052261583181438809 0.062537291036871959 -0.093988001537005872 0.021452986777240748 -0.19884688704206541 0.12336010037042532
leaf_weight=40 555 56 48 113 37 51
leaf_count=40 555 56 48 113 37 51
internal_value=-0.000944444 -0.000174419 -0.00160615 -0.000149701 0.00694444 0.00284091
internal_weight=900 860 716 668 144 88
internal_count=900 860 716 668 144 88
is_linear=0
shrinkage=0.05


Tree=69
num_leaves=7
num_cat=0
split_feature=1 1 0 1 0 1
split_gain=4.49742 3.33799 8.33855 5.08266 1.27715 6.90341
threshold=14.328753291639844 23.641132457809693 22.89537509041865 21.969023890515704 24.313405164711153 25.576102160407924
decision_type=2 2 2 2 2 2
left_child=-1 2 3 -2 -3 -6
right_child=1 4 -4 -5 5 -7
leaf_value=-0.078907038668939222 -0.0047175028419880862 0.059410426485028367 -0.089288601460155548 0.034144037750679423 -0.15728483933213175 0.13470657260376193
leaf_weight=40 582 56 48 86 40 48
leaf_count=40 582 56 48 86 40 48
internal_value=-0.00111111 -0.000348837 -0.00174581 -0.000299401 0.00659722 0.00284091
internal_weight=900 860 716 668 144 88
internal_count=900 860 716 668 144 88
is_linear=0
shrinkage=0.05


Tree=70
num_leaves=7
num_cat=0
split_feature=1 1 0 1 0 1
split_gain=4.46698 3.36595 8.35933 5.16692 0.819793 6.72285
threshold=14.328753291639844 23.853072518491405 23.049446851612071 23.102885059226065 24.754131024647325 26.206945672823753
decision_type=2 2 2 2 2 2
left_child=-1 2 3 -2 -3 -6
right_child=1 4 -4 -5 5 -7
leaf_value=-0.074961686735492264 -0.0025830799022084961 0.057518750020071965 -0.093063824082797286 0.042890052511459234 -0.23154907150074922 0.17481721460311733
leaf_weight=40 656 59 48 30 31 36
leaf_count=40 656 59 48 30 31 36
internal_value=-0.00116667 -0.000406977 -0.001703 -0.000291545 0.00714286 0.00335821
internal_weight=900 860 734 686 126 67
internal_count=900 860 734 686 126 67
is_linear=0
shrinkage=0.05


Tree=71
num_leaves=8
num_cat=0
split_feature=1 0 1 0 0 0 1
split_gain=3.60429 7.79101 5.04767 8.57082 4.32501 1.15741 5.62303
threshold=23.641132457809693 22.89537509041865 21.725108039127502 20.835103355482666 22.157135700638875 24.244779496016815 25.470087272523703
decision_type=2 2 2 2 2 2 2
left_child=1 2 3 -1 -4 -2 -7
right_child=5 -3 4 -5 -6 6 -8
leaf_value=-0.0011701783484421747 0.053563967659773226 -0.080411030915036638 0.054323141471880554 -0.072633351335910673 -0.0030960086072017393 -0.16833606438763982 0.1138574282744326
leaf_weight=515 54 48 64 80 49 38 52
leaf_count=515 54 48 64 80 49 38 52
internal_value=-0.001 -0.00238095 -0.00105932 -0.00289916 0.00862832 0.00625 0.00277778
internal_weight=900 756 708 595 113 144 90
internal_count=900 756 708 595 113 144 90
is_linear=0
shrinkage=0.05


Tree=72
num_leaves=6
num_cat=0
split_feature=1 0 1 0 0
split_gain=3.25587 3.36315 5.84145 8.17343 0.130372
threshold=14.328753291639844 15.637728086273791 16.373285442249919 17.096887635826281 16.320034425788645
decision_type=2 2 2 2 2
left_child=-1 -2 4 -4 -3
right_child=1 2 3 -5 -6
leaf_value=-0.071155093481295589 0.063420945129608081 -0.039040921801590404 0.066251126097947297 -0.0024497094747683692 -0.059275950362937563
leaf_weight=40 40 31 52 707 30
leaf_count=40 40 31 52 707 30
internal_value=-0.00105556 -0.000406977 -0.00109756 9.88142e-05 -0.0159836
internal_weight=900 860 820 759 61
internal_count=900 860 820 759 61
is_linear=0
shrinkage=0.05


Tree=73
num_leaves=6
num_cat=0
split_feature=1 0 1 0 0
split_gain=3.05782 3.08841 5.84145 8.17343 0.130372
threshold=14.224508858707258 15.637728086273791 16.373285442249919 17.096887635826281 16.320034425788645
decision_type=2 2 2 2 2
left_child=-1 -2 4 -4 -3
right_child=1 2 3 -5 -6
leaf_value=-0.069611425989955497 0.043573164863185458 -0.03708887571151092 0.062938569793050014 -0.0023272240010300039 -0.056312152844790658
leaf_weight=36 44 31 52 707 30
leaf_count=36 44 31 52 707 30
internal_value=-0.001 -0.000405093 -0.00109756 9.88142e-05 -0.0159836
internal_weight=900 864 820 759 61
internal_count=900 864 820 759 61
is_linear=0
shrinkage=0.05


Tree=74
num_leaves=9
num_cat=0
split_feature=1 0 1 0 0 0 1 1
split_gain=3.20838 6.31444 5.26558 8.43916 1.58032 1.39863 5.59847 0.839566
threshold=23.978043222251575 22.89537509041865 22.281852356061631 21.306266827528386 22.220035591497638 24.754131024647325 26.206945672823753 23.418753818108531
decision_type=2 2 2 2 2 2 2 2
left_child=1 2 3 -1 -4 -2 -7 -3
right_child=5 7 4 -5 -6 6 -8 -9
leaf_value=-0.00025467269155656782 0.077032794149744718 -0.084714810505294127 0.069712999448750604 -0.084464070746157915 0.0063912742586973437 -0.2113159680325401 0.16062232913302968 -0.037428089015846669
leaf_weight=570 53 35 36 70 37 31 36 32
leaf_count=570 53 35 36 70 37 31 36 32
internal_value=-0.000944444 -0.00211538 -0.000736325 -0.0021875 0.0119863 0.00666667 0.00186567 -0.016791
internal_weight=900 780 713 640 73 120 67 67
internal_count=900 780 713 640 73 120 67 67
is_linear=0
shrinkage=0.05


Tree=75
num_leaves=11
num_cat=0
split_feature=1 0 0 1 0 1 0 1 1 1
split_gain=3.03407 7.0826 6.09579 10.0088 5.66413 5.09513 6.42142 1.63913 0.26755 0.253332
threshold=19.193139830233559 18.766619198876406 20.30292949486028 20.98781541449463 21.730191034047717 17.962714159978724 17.620055320462118 19.655463954663357 20.339090111442406 20.339090111442406
decision_type=2 2 2 2 2 2 2 2 2 2
left_child=1 5 7 9 -5 6 -1 -2 -9 -4
right_child=2 -3 3 4 -6 -7 -8 8 -10 -11
leaf_value=-0.00044203136627256616 0.015578013235939814 -0.077936285488518303 -0.059820712384346567 0.036398081796663817 -0.0033267953868440616 0.04552775800517575 -0.13567212515926458 0.061588002033183292 0.043897401222997706 -0.07510917162530753
leaf_weight=211 36 57 33 80 277 48 44 39 41 34
leaf_count=211 36 57 33 80 277 48 44 39 41 34
internal_value=-0.000888889 -0.00444444 0.00148148 -0.00129717 0.00203081 -0.00140264 -0.00421569 0.0116379 0.015625 -0.0190299
internal_weight=900 360 540 424 357 303 255 116 80 67
internal_count=900 360 540 424 357 303 255 116 80 67
is_linear=0
shrinkage=0.05


Tree=76
num_leaves=11
num_cat=0
split_feature=1 0 1 0 0 0 1 1 0 1
split_gain=3.0625 7.95467 5.77244 7.3132 4.03792 2.23125 9.10459 0.984074 0.732462 0.0666667
threshold=23.153742938426991 22.326109831368573 21.088223811304719 20.494770578837866 21.637045868503016 23.974807291650979 24.992844852652286 23.937019991845123 25.619718192828056 22.338766328175009
decision_type=2 2 2 2 2 2 2 2 2 2
left_child=1 2 3 -1 -4 7 -7 -2 -8 -3
right_child=5 9 4 -5 -6 6 8 -9 -10 -11
leaf_value=-0.0012429534906713614 0.024793757189370692 -0.11352623444145814 0.045438591518518479 -0.068892180719048388 -0.0013549702020209332 -0.14706027276671377 0.051569178880046529 0.080118486490652438 0.1158975632794606 -0.061392293477519469
leaf_weight=477 38 30 71 62 50 40 31 33 38 30
leaf_count=477 38 30 71 62 50 40 31 33 38 30
internal_value=-0.00111111 -0.00256944 -0.000984848 -0.00320037 0.0088843 0.00472222 0.000229358 0.0116197 0.0112319 -0.02
internal_weight=900 720 660 539 121 180 109 71 69 60
internal_count=900 720 660 539 121 180 109 71 69 60
is_linear=0
shrinkage=0.05


Tree=77
num_leaves=12
num_cat=0
split_feature=1 0 1 0 0 1 0 1 0 0 0
split_gain=3.30229 7.60847 5.10204 7.84986 2.1046 8.87075 0.862849 0.45 2.01667 0.266667 0.15
threshold=23.007105512437473 22.185752553318007 21.725108039127502 20.835103355482666 24.089674547006283 24.88288063503342 25.511679669468514 24.192837403250774 22.830157872218336 22.751456130345552 21.410704625242726
decision_type=2 2 2 2 2 2 2 2 2 2 2
left_child=1 2 3 -1 7 -6 -7 8 -2 -3 -4
right_child=4 9 10 -5 5 6 -8 -9 -10 -11 -12
leaf_value=-0.00043992417626448344 0.068249491398166481 -0.058322678803643418 0.044471071021974146 -0.056712559811525232 -0.16116415169278986 0.047583764155991484 0.086566956660897712 0.021206994060086793 0.0040331439849576435 -0.075432918671649501 0.032049424329605183
leaf_weight=515 30 30 30 73 30 31 41 30 30 30 30
leaf_count=515 30 30 30 73 30 31 41 30 30 30 30
internal_value=-0.00138889 -0.0029661 -0.00138889 -0.00280612 0.00442708 -0.000490196 0.00902778 0.01 0.0125 -0.02 0.0125
internal_weight=900 708 648 588 192 102 72 90 60 60 60
internal_count=900 708 648 588 192 102 72 90 60 60 60
is_linear=0
shrinkage=0.05


Tree=78
num_leaves=12
num_cat=0
split_feature=1 0 1 0 0 0 1 0 1 0 1
split_gain=2.75502 8.16984 8.80767 8.13619 2.52275 1.80513 7.08892 3.31697 1.70693 0.533829 0.0767821
threshold=22.696282153746981 21.29361564472411 20.121792979406155 19.587056949910778 21.003151041665092 23.129467188122913 23.853072518491405 24.754131024647325 22.138762657076153 22.441880613627237 21.266101911567702
decision_type=2 2 2 2 2 2 2 2 2 2 2
left_child=1 2 3 -1 -4 9 -7 -8 10 -2 -3
right_child=5 8 4 -5 -6 6 7 -9 -10 -11 -12
leaf_value=-0.001340505707006301 0.0068133155024870723 -0.079744017370537004 0.042194834368977752 -0.10240367695724158 0.00015401485656845184 -0.069556181472808912 0.068389847059797768 -0.00049620221549808721 -0.014742736098409193 0.023051663609165374 -0.092889561174772872
leaf_weight=395 42 31 89 52 34 32 41 67 42 37 38
leaf_count=395 42 31 89 52 34 32 41 67 42 37 38
internal_value=-0.00111111 -0.00267988 -0.000263158 -0.00352349 0.0115854 0.00376712 0.000357143 0.00648148 -0.0150901 0.00981013 -0.0199275
internal_weight=900 681 570 447 123 219 140 108 111 79 69
internal_count=900 681 570 447 123 219 140 108 111 79 69
is_linear=0
shrinkage=0.05


Tree=79
num_leaves=5
num_cat=0
split_feature=1 0 1 0
split_gain=2.36463 2.70738 5.07929 6.79534
threshold=14.224508858707258 15.875020224202109 16.373285442249919 17.096887635826281
decision_type=2 2 2 2
left_child=-1 -2 -3 -4
right_child=1 2 3 -5
leaf_value=-0.065944850318869194 0.037977883052379549 -0.046861840214707233 0.059977645674986139 -0.0022641095585608896
leaf_weight=36 56 53 48 707
leaf_count=36 56 53 48 707
internal_value=-0.00133333 -0.000810185 -0.00154703 -0.000496689
internal_weight=900 864 808 755
internal_count=900 864 808 755
is_linear=0
shrinkage=0.05


Tree=80
num_leaves=12
num_cat=0
split_feature=1 0 1 0 1 0 0 0 0 1 1
split_gain=2.45496 8.24844 8.23444 7.88864 8.77268 7.26801 2.64396 1.97448 0.85084 0.477389 0.0119161
threshold=18.506874527167142 17.620055320462118 16.519788204978617 19.039032335957845 19.958558071907408 20.835103355482666 16.133378374984002 16.815032135048103 19.704699859754584 18.149599303015631 19.290143063385948
decision_type=2 2 2 2 2 2 2 2 2 2 2
left_child=1 2 6 10 8 -6 -1 -4 -5 -3 -2
right_child=3 9 7 4 5 -7 -8 -9 -10 -11 -12
leaf_value=-0.002497820674366125 0.062922266697424692 -0.12159543209904849 0.13292573799288618 -0.023883347478987817 0.041381896441810187 -0.0025898401985990915 -0.056153946947518123 0.0081537106674558057 -0.1356585876479893 -0.038268407721190736 0.062093452049790623
leaf_weight=103 31 53 30 36 90 375 41 47 34 30 30
leaf_count=103 31 53 30 36 90 375 41 47 34 30 30
internal_value=-0.00127778 -0.00493421 0.000113122 0.000587248 -0.00135514 0.00112903 -0.00694444 0.0133117 -0.0178571 -0.0183735 0.017623
internal_weight=900 304 221 596 535 465 144 77 70 83 61
internal_count=900 304 221 596 535 465 144 77 70 83 61
is_linear=0
shrinkage=0.05


Tree=81
num_leaves=8
num_cat=0
split_feature=1 0 1 0 0 0 0
split_gain=2.38511 8.02968 4.93144 8.73943 6.34641 2.1026 0.624191
threshold=16.176316300058797 16.764673210470828 18.362886219987058 18.954412717524388 17.620055320462118 15.064139780940069 16.034983374150752
decision_type=2 2 2 2 2 2 2
left_child=5 -2 4 -4 -3 -1 -7
right_child=1 2 3 -5 -6 6 -8
leaf_value=0.00058662098984454405 0.094044757683832539 0.0040061836124140274 0.060176705855516849 -0.0024104126711875121 -0.097297540099203161 -0.023571511460171737 -0.05544904887791207
leaf_weight=52 41 57 64 542 72 41 31
leaf_count=52 41 57 64 542 72 41 31
internal_value=-0.00122222 -0.000193299 -0.00139456 0.00049505 -0.0102713 -0.00766129 -0.0131944
internal_weight=900 776 735 606 129 124 72
internal_count=900 776 735 606 129 124 72
is_linear=0
shrinkage=0.05


Tree=82
num_leaves=10
num_cat=0
split_feature=1 0 1 0 1 0 0 1 0
split_gain=2.535 6.86429 6.01609 5.75846 5.81059 4.46525 4.31186 0.686216 0.65677
threshold=19.193139830233559 18.403619161102679 17.771576957217011 19.644961507556999 20.121792979406155 21.003151041665092 16.689769529919555 18.458063836813754 19.039032335957845
decision_type=2 2 2 2 2 2 2 2 2
left_child=1 2 6 8 -5 -6 -1 -3 -2
right_child=3 7 -4 4 5 -7 -8 -9 -10
leaf_value=0.0033727619255901511 0.05926191655212474 -0.085784404265015199 0.028812644302687752 -0.091768920421832517 0.035905484227196104 -0.0033637066427117724 -0.040166318436813023 -0.048509390044468331 0.032721730675543091
leaf_weight=151 35 38 47 35 82 356 82 42 32
leaf_count=151 35 38 47 35 82 356 82 42 32
internal_value=-0.00133333 -0.00458333 -0.000892857 0.000833333 -0.00110994 0.000456621 -0.00418455 -0.0175 0.0145522
internal_weight=900 360 280 540 473 438 233 80 67
internal_count=900 360 280 540 473 438 233 80 67
is_linear=0
shrinkage=0.05


Tree=83
num_leaves=10
num_cat=0
split_feature=1 0 1 0 0 1 1 1 0
split_gain=2.81118 6.94887 4.77086 6.2634 1.96559 8.47756 0.77215 0.380885 0.504338
threshold=22.696282153746981 22.157135700638875 21.725108039127502 20.835103355482666 24.047755900067461 25.086435337031833 26.575488596511224 23.153742938426991 22.720870720165323
decision_type=2 2 2 2 2 2 2 2 2
left_child=1 2 3 -1 7 -6 -7 -2 -9
right_child=4 -3 -4 -5 5 6 -8 8 -10
leaf_value=-0.0016437505353067651 0.0016779902834131557 -0.070392732479593614 0.039017628237248747 -0.052811156123718207 -0.14092239309214813 0.018490740576799693 0.17221399658651659 0.016630773144432533 0.02951055952083035
leaf_weight=515 38 46 48 72 39 34 31 30 47
leaf_count=515 38 46 48 72 39 34 31 30 47
internal_value=-0.00138889 -0.00297357 -0.00161417 -0.00285349 0.00353881 -0.00144231 0.00961538 0.00804348 0.0100649
internal_weight=900 681 635 587 219 104 65 115 77
internal_count=900 681 635 587 219 104 65 115 77
is_linear=0
shrinkage=0.05


Tree=84
num_leaves=12
num_cat=0
split_feature=1 0 1 0 0 1 0 1 0 1 1
split_gain=2.62423 7.49465 8.45827 4.39665 1.74896 8.05411 1.58373 3.23663 1.38889 0.388477 0.633177
threshold=22.696282153746981 21.29361564472411 20.882436206110327 20.006069434851138 23.974807291650979 24.780654348584626 22.157135700638875 21.266101911567702 25.403072311921445 23.153742938426991 23.853072518491405
decision_type=2 2 2 2 2 2 2 2 2 2 2
left_child=1 2 3 -1 9 -6 7 -3 -7 -2 -11
right_child=4 6 -4 -5 5 8 -8 -9 -10 10 -12
leaf_value=-0.0013401452901921297 0.0015940907692425733 -0.069949647063875187 0.038131783224603491 -0.045407622835247533 -0.13004933410887923 0.049263393958347203 -0.066873095855613948 0.00012436360223162525 0.046243208263732606 0.020954955906218587 0.050615447776095925
leaf_weight=438 38 30 65 67 35 30 46 35 45 35 36
leaf_count=438 38 30 65 67 35 30 46 35 45 35 36
internal_value=-0.00122222 -0.0027533 -0.000438596 -0.00262376 0.00353881 -0.000909091 -0.0146396 -0.00961538 0.00833333 0.00802752 0.0102113
internal_weight=900 681 570 505 219 110 111 65 75 109 71
internal_count=900 681 570 505 219 110 111 65 75 109 71
is_linear=0
shrinkage=0.05


Tree=85
num_leaves=5
num_cat=0
split_feature=1 0 1 0
split_gain=2.24 3.80611 3.6597 5.07084
threshold=15.017345825006617 16.00165953938173 16.176316300058797 17.096887635826281
decision_type=2 2 2 2
left_child=-1 -2 -3 -4
right_child=1 2 3 -5
leaf_value=-0.038499734951047596 0.044222048098202828 -0.049474303102714279 0.031155347875992237 -0.0033673086521037732
leaf_weight=60 41 34 54 711
leaf_count=60 41 34 54 711
internal_value=-0.0015 -0.000833333 -0.00159574 -0.000882353
internal_weight=900 840 799 765
internal_count=900 840 799 765
is_linear=0
shrinkage=0.05


Tree=86
num_leaves=12
num_cat=0
split_feature=1 0 1 0 0 1 0 0 1 1 1
split_gain=2.49662 6.84858 7.01392 7.31637 1.82168 7.28166 1.65105 1.59745 3.308 1.11069 0.39278
threshold=22.696282153746981 21.29361564472411 20.121792979406155 19.587056949910778 23.941336635273739 24.88288063503342 20.78906254651017 22.185752553318007 21.266101911567702 26.575488596511224 23.153742938426991
decision_type=2 2 2 2 2 2 2 2 2 2 2
left_child=1 2 3 -1 10 -6 -4 8 -3 -7 -2
right_child=4 7 6 -5 5 9 -8 -9 -10 -11 -12
leaf_value=-0.0017171752449507416 0.0016827516633856733 -0.066283799278076219 0.044184950948864987 -0.084726820049484938 -0.12039067250421774 0.014906408732656119 0.0028735574902089668 -0.066898662784696583 0.00028651085472510831 0.16145950177660923 0.033943854917247586
leaf_weight=395 38 30 70 52 39 43 53 44 37 31 68
leaf_count=395 38 30 70 52 39 43 53 44 37 31 68
internal_value=-0.00133333 -0.00282673 -0.000614035 -0.00352349 0.0033105 -0.00110619 0.00995935 -0.0141892 -0.00932836 0.00810811 0.00801887
internal_weight=900 681 570 447 219 113 123 111 67 74 106
internal_count=900 681 570 447 219 113 123 111 67 74 106
is_linear=0
shrinkage=0.05


Tree=87
num_leaves=11
num_cat=0
split_feature=1 0 1 0 0 1 0 0 1 0
split_gain=2.2026 7.71384 5.16596 4.53793 2.10097 7.53293 2.59405 1.68152 0.62293 0.515292
threshold=22.399027026250319 21.426159408227431 20.98781541449463 20.006069434851138 23.103848244893779 23.853072518491405 24.754131024647325 21.003151041665092 23.478231173446755 22.185752553318007
decision_type=2 2 2 2 2 2 2 2 2 2
left_child=1 2 3 -1 8 -6 -7 -4 -2 -3
right_child=4 9 7 -5 5 6 -8 -9 -10 -11
leaf_value=-0.0012869279110249822 0.016050228750275331 -0.055413537030551657 0.051067821769668065 -0.042346649793330388 -0.045509458052684165 0.068068374499299186 -0.0039046503819552218 0.0034118105838016888 0.017073720633809054 -0.067156300033394345
leaf_weight=438 57 41 39 77 39 42 67 32 32 36
leaf_count=438 57 41 39 77 39 42 67 32 32 36
internal_value=-0.0015 -0.00297888 -0.00102389 -0.00276699 0.00263713 -0.00101351 0.00573394 0.0116197 0.00870787 -0.0178571
internal_weight=900 663 586 515 237 148 109 71 89 77
internal_count=900 663 586 515 237 148 109 71 89 77
is_linear=0
shrinkage=0.05


Tree=88
num_leaves=11
num_cat=0
split_feature=1 0 0 1 0 1 0 1 0 1
split_gain=2.16 7.0127 5.39527 5.16621 5.50684 5.04725 4.52324 1.3364 1.03714 0.686216
threshold=19.193139830233559 18.403619161102679 19.833040194798617 17.579351787550998 16.689769529919555 20.98781541449463 21.003151041665092 20.096688625025227 19.039032335957845 18.458063836813754
decision_type=2 2 2 2 2 2 2 2 2 2
left_child=1 3 8 4 -1 7 -7 -4 -2 -3
right_child=2 9 5 -5 -6 6 -8 -9 -10 -11
leaf_value=0.0028805216909618906 0.056766586106197718 -0.08102741867008563 -0.097162159776699938 0.023782315802169586 -0.048344348077390631 0.047475916488937925 -0.0007310539250108939 -0.010819409851843176 0.029906461412343613 -0.043540914040452711
leaf_weight=150 35 38 31 57 73 42 326 66 40 42
leaf_count=150 35 38 31 57 73 42 326 66 40 42
internal_value=-0.00144444 -0.00444444 0.000555556 -0.000714286 -0.00414798 -0.00145161 0.00122283 -0.0115979 0.013 -0.0175
internal_weight=900 360 540 280 223 465 368 97 75 80
internal_count=900 360 540 280 223 465 368 97 75 80
is_linear=0
shrinkage=0.05


Tree=89
num_leaves=5
num_cat=0
split_feature=0 1 0 1
split_gain=2.02682 1.80056 3.09892 4.52882
threshold=26.084107651219067 14.224508858707258 15.589254486097058 16.176316300058797
decision_type=2 2 2 2
left_child=1 -1 -3 -4
right_child=-2 2 3 -5
leaf_value=-0.060036371991650794 0.1625182867261252 0.040625844400242445 -0.040754830673863207 -0.0012922596503983641
leaf_weight=36 30 40 51 743
leaf_count=36 30 40 51 743
internal_value=-0.00111111 -0.00155172 -0.00107914 -0.00176322
internal_weight=900 870 834 794
internal_count=900 870 834 794
is_linear=0
shrinkage=0.05


Tree=90
num_leaves=5
num_cat=0
split_feature=1 0 1 0
split_gain=2.03175 3.62533 3.29148 6.26757
threshold=15.017345825006617 16.00165953938173 16.519788204978617 17.169545254836834
decision_type=2 2 2 2
left_child=-1 -2 -3 -4
right_child=1 2 3 -5
leaf_value=-0.034307633966811933 0.042081737749063389 -0.038717089140170025 0.039724309002872098 -0.0028028171612048958
leaf_weight=60 41 49 52 698
leaf_count=60 41 49 52 698
internal_value=-0.00111111 -0.00047619 -0.00122028 -0.0004
internal_weight=900 840 799 750
internal_count=900 840 799 750
is_linear=0
shrinkage=0.05


Tree=91
num_leaves=7
num_cat=0
split_feature=0 0 1 1 0 0
split_gain=1.97429 1.58762 4.66667 3.071 6.85937 0.578798
threshold=26.084107651219067 24.047755900067461 25.086435337031833 23.153742938426991 22.416126290499768 22.940231577029063
decision_type=2 2 2 2 2 2
left_child=1 3 -3 4 -1 -5
right_child=-2 2 -4 5 -6 -7
leaf_value=-0.00068845811165934028 0.15453251324787909 -0.12416815126039236 0.015327608451934616 0.012791736536148512 -0.059954608106961342 0.031646405722974259
leaf_weight=666 30 40 35 39 52 38
leaf_count=666 30 40 35 39 52 38
internal_value=-0.000944444 -0.00137931 -0.00833333 -0.00072327 -0.00174095 0.00876623
internal_weight=900 870 75 795 718 77
internal_count=900 870 75 795 718 77
is_linear=0
shrinkage=0.05


Tree=92
num_leaves=6
num_cat=0
split_feature=0 1 0 1 1
split_gain=1.95693 1.43952 3.20949 5.36466 5.13259
threshold=26.084107651219067 14.224508858707258 16.764673210470828 16.176316300058797 17.883254262255445
decision_type=2 2 2 2 2
left_child=1 -1 3 -3 -4
right_child=-2 2 4 -5 -6
leaf_value=-0.055284748788144759 0.1468058875854851 -0.0023418876231071197 -0.042753011503226281 0.0858843086120471 -0.00085980724567509277
leaf_weight=36 30 79 90 41 624
leaf_count=36 30 79 90 41 624
internal_value=-0.000888889 -0.00132184 -0.000899281 0.00666667 -0.00217087
internal_weight=900 870 834 120 714
internal_count=900 870 834 120 714
is_linear=0
shrinkage=0.05


Tree=93
num_leaves=5
num_cat=0
split_feature=1 0 1 0
split_gain=1.58449 2.79402 3.77991 6.39066
threshold=14.224508858707258 15.589254486097058 16.176316300058797 16.689769529919555
decision_type=2 2 2 2
left_child=-1 -2 -3 -4
right_child=1 2 3 -5
leaf_value=-0.052520511348737524 0.036346061966533449 -0.036629717396423178 0.09892802452770795 -0.0018130369484675947
leaf_weight=36 40 51 35 738
leaf_count=36 40 51 35 738
internal_value=-0.000833333 -0.000405093 -0.00103155 -0.000161708
internal_weight=900 864 824 773
internal_count=900 864 824 773
is_linear=0
shrinkage=0.05


Tree=94
num_leaves=5
num_cat=0
split_feature=1 0 1 0
split_gain=2.1346 3.5977 4.80314 5.42827
threshold=15.017345825006617 16.133378374984002 16.373285442249919 17.216770948247294
decision_type=2 2 2 2
left_child=-1 -2 -3 -4
right_child=1 2 3 -5
leaf_value=-0.033803759017068738 0.022049479185835219 -0.040066635591589517 0.034108743867455396 -0.0024946111878546341
leaf_weight=60 52 38 52 698
leaf_count=60 52 38 52 698
internal_value=-0.000888889 -0.000238095 -0.00107868 -0.0002
internal_weight=900 840 788 750
internal_count=900 840 788 750
is_linear=0
shrinkage=0.05


Tree=95
num_leaves=8
num_cat=0
split_feature=1 0 1 0 1 0 0
split_gain=1.6363 3.06243 5.64217 8.20704 4.25828 3.55882 3.31183
threshold=14.224508858707258 16.689769529919555 18.506874527167142 19.039032335957845 16.176316300058797 17.759610662915879 15.589254486097058
decision_type=2 2 2 2 2 2 2
left_child=-1 4 5 -4 6 -3 -2
right_child=1 2 3 -5 -6 -7 -8
leaf_value=-0.048204297830447246 0.061420342777515208 -0.0023698544760391016 0.053810738886921783 -0.0017284336200104279 0.082253794834289282 -0.08221464881704775 -0.032181648376659579
leaf_weight=36 37 81 60 535 38 72 41
leaf_count=36 37 81 60 535 38 72 41
internal_value=-0.000666667 -0.000231481 -0.00140374 0.000798319 0.00732759 -0.00996732 0.000641026
internal_weight=900 864 748 595 116 153 78
internal_count=900 864 748 595 116 153 78
is_linear=0
shrinkage=0.05


Tree=96
num_leaves=7
num_cat=0
split_feature=1 0 1 0 1 0
split_gain=1.90675 4.06494 4.88095 6.79245 3.72041 1.76128
threshold=15.017345825006617 16.650117662919527 17.883254262255445 18.723857551683881 16.058232630470709 17.803146345219247
decision_type=2 2 2 2 2 2
left_child=-1 4 5 -4 -2 -3
right_child=1 2 3 -5 -6 -7
leaf_value=-0.033580715096193051 0.0029089715539869056 -0.011238657871972891 0.04743365899341008 -0.0023126132641159815 0.085456645165177578 -0.13562396265365181
leaf_weight=60 51 67 76 579 37 30
leaf_count=60 51 67 76 579 37 30
internal_value=-0.000555556 5.95238e-05 -0.00113032 0.000419847 0.0102273 -0.0115979
internal_weight=900 840 752 655 88 97
internal_count=900 840 752 655 88 97
is_linear=0
shrinkage=0.05


Tree=97
num_leaves=7
num_cat=0
split_feature=1 0 1 0 1 0
split_gain=1.85786 3.71375 4.81914 6.24192 3.40763 1.76128
threshold=15.017345825006617 16.650117662919527 17.883254262255445 18.723857551683881 16.176316300058797 17.803146345219247
decision_type=2 2 2 2 2 2
left_child=-1 4 5 -4 -2 -3
right_child=1 2 3 -5 -6 -7
leaf_value=-0.031901679341383417 0.0030948679749275066 -0.010676724978374264 0.045061976043739627 -0.0021969826009101468 0.082537238507447527 -0.12884276452096924
leaf_weight=60 54 67 76 579 34 30
leaf_count=60 54 67 76 579 34 30
internal_value=-0.000666667 -5.95238e-05 -0.00119681 0.000343511 0.00965909 -0.0115979
internal_weight=900 840 752 655 88 97
internal_count=900 840 752 655 88 97
is_linear=0
shrinkage=0.05


Tree=98
num_leaves=9
num_cat=0
split_feature=1 0 0 1 0 1 0 0
split_gain=1.815 6.71746 4.94493 6.01248 6.90518 3.33071 5.04252 0.419841
threshold=19.193139830233559 18.403619161102679 19.039032335957845 19.958558071907408 20.835103355482666 17.579351787550998 16.689769529919555 18.899298529756685
decision_type=2 2 2 2 2 2 2 2
left_child=1 5 -2 -4 -5 6 -1 -3
right_child=2 7 3 4 -6 -7 -8 -9
leaf_value=0.0034512459897173111 0.047110487619947433 -0.031428035939859281 -0.03881007801903822 0.038395983184706939 -0.0022257090065656016 0.018409547427173403 -0.038590197830156742 -0.061837113212556721
leaf_weight=150 35 35 40 90 375 57 73 45
leaf_count=150 35 35 40 90 375 57 73 45
internal_value=-0.000722222 -0.00347222 0.00111111 -0.000148515 0.00145161 0.000178571 -0.00257848 -0.01625
internal_weight=900 360 540 505 465 280 223 80
internal_count=900 360 540 505 465 280 223 80
is_linear=0
shrinkage=0.05


Tree=99
num_leaves=5
num_cat=0
split_feature=0 0 1 0
split_gain=1.41241 1.20257 2.51436 6.9923
threshold=26.084107651219067 24.754131024647325 23.978043222251575 22.830157872218336
decision_type=2 2 2 2
left_child=1 2 3 -1
right_child=-2 -3 -4 -5
leaf_value=0.00021589083092123931 0.14010416253760702 -0.04907020315752586 0.062566123104972435 -0.037448597615052925
leaf_weight=711 30 39 53 67
leaf_count=711 30 39 53 67
internal_value=-0.000666667 -0.00103448 -0.000631769 -0.00134961
internal_weight=900 870 831 778
internal_count=900 870 831 778
is_linear=0
shrinkage=0.05


Tree=100
num_leaves=7
num_cat=0
split_feature=0 0 1 1 0 1
split_gain=1.42716 1.72154 4.38312 3.09671 5.21637 0.297186
threshold=26.084107651219067 24.047755900067461 24.88288063503342 22.815826431245352 21.321098536207092 24.129792689924553
decision_type=2 2 2 2 2 2
left_child=1 3 -3 4 -1 -5
right_child=-2 2 -4 5 -6 -7
leaf_value=0.00022992918998614444 0.13309895441072667 -0.12121245804169015 0.013525972874461624 0.014861075832285131 -0.036033022620258405 0.017024375594292707
leaf_weight=575 30 33 42 76 114 30
leaf_count=575 30 33 42 76 114 30
internal_value=-0.000722222 -0.00109195 -0.00833333 -0.000408805 -0.0016328 0.00754717
internal_weight=900 870 75 795 689 106
internal_count=900 870 75 795 689 106
is_linear=0
shrinkage=0.05


Tree=101
num_leaves=12
num_cat=0
split_feature=1 0 0 1 1 0 0 0 1 0 0
split_gain=1.54939 8.85128 5.61557 5.72126 4.7552 5.93286 3.85398 1.75859 0.644737 0.31361 0.0666667
threshold=19.655463954663357 18.864501229537193 20.28361377230971 21.246812266499145 18.167133372182374 17.803146345219247 22.466093369836837 20.924569973751989 20.339090111442406 19.488154621652242 18.327555332996827
decision_type=2 2 2 2 2 2 2 2 2 2 2
left_child=1 4 8 7 5 -1 -5 -4 -2 -3 -6
right_child=2 9 3 6 10 -7 -8 -9 -10 -11 -12
leaf_value=0.00073645369729749002 0.042858164210558415 -0.027345352783783562 -0.0033586223060392941 0.011819296953483516 0.043600466091930738 -0.094804616129433861 -0.0082142791799936898 -0.052478524002695794 0.035123962933127029 -0.10285503369792154 0.036847973404076133
leaf_weight=228 38 37 37 129 30 40 213 45 38 35 30
leaf_count=228 38 37 37 129 30 40 213 45 38 35 30
internal_value=-0.000555556 -0.002875 0.0013 -0.000943396 0.000609756 -0.00223881 0.00190058 -0.0128049 0.0138158 -0.01875 0.0133333
internal_weight=900 400 500 424 328 268 342 82 76 72 60
internal_count=900 400 500 424 328 268 342 82 76 72 60
is_linear=0
shrinkage=0.05


Tree=102
num_leaves=12
num_cat=0
split_feature=1 0 1 0 0 1 0 0 1 0 1
split_gain=1.72089 8.41002 4.58378 5.89313 4.41696 4.38641 3.85398 1.32973 0.644737 0.598974 0.102218
threshold=19.655463954663357 18.766619198876406 17.962714159978724 17.803146345219247 20.28361377230971 21.246812266499145 22.466093369836837 21.109148717367781 20.339090111442406 19.488154621652242 18.891374334663489
decision_type=2 2 2 2 2 2 2 2 2 2 2
left_child=1 2 3 -1 8 7 -7 -6 -2 -3 -4
right_child=4 9 10 -5 5 6 -8 -9 -10 -11 -12
leaf_value=0.00053454806618997714 0.040715256000030564 -0.025268820161314487 0.029436244433290959 -0.11095039562639793 -0.0041212573780247562 0.011228332105809358 -0.0078035652209939247 -0.051426761024629113 0.033367764786470654 -0.097712282013025495 0.056366511923964427
leaf_weight=222 38 48 32 33 42 129 213 40 38 35 30
leaf_count=222 38 48 32 33 42 129 213 40 38 35 30
internal_value=-0.000555556 -0.003 0.000709779 -0.0022549 0.0014 -0.000589623 0.00190058 -0.0109756 0.0125 -0.0171687 0.0129032
internal_weight=900 400 317 255 500 424 342 82 76 83 62
internal_count=900 400 317 255 500 424 342 82 76 83 62
is_linear=0
shrinkage=0.05


Tree=103
num_leaves=7
num_cat=0
split_feature=0 0 1 1 0 1
split_gain=1.41241 1.52186 4.22427 2.88489 6.79641 0.466667
threshold=26.084107651219067 24.244779496016815 25.086435337031833 23.153742938426991 22.416126290499768 24.296506016311408
decision_type=2 2 2 2 2 2
left_child=1 3 -3 4 -1 -5
right_child=-2 2 -4 5 -6 -7
leaf_value=-0.00042225122923023051 0.12724489891023971 -0.11888124531737443 0.01782089145722061 0.022335546838794865 -0.054953062875832438 0.0050472980285571015
leaf_weight=666 30 31 35 54 54 30
leaf_count=666 30 31 35 54 54 30
internal_value=-0.000666667 -0.00103448 -0.00833333 -0.000435323 -0.00145833 0.00833333
internal_weight=900 870 66 804 720 84
internal_count=900 870 66 804 720 84
is_linear=0
shrinkage=0.05


Tree=104
num_leaves=11
num_cat=0
split_feature=1 0 1 0 0 1 0 0 1 0
split_gain=1.47606 7.91883 4.31463 6.57309 4.06006 4.28737 3.37877 1.32973 0.473684 0.32967
threshold=19.655463954663357 18.899298529756685 18.362886219987058 17.759610662915879 20.28361377230971 21.246812266499145 21.835335412159278 21.109148717367781 20.339090111442406 19.488154621652242
decision_type=2 2 2 2 2 2 2 2 2 2
left_child=1 2 3 -1 8 7 -7 -6 -2 -3
right_child=4 9 -4 -5 5 6 -8 -9 -10 -11
leaf_value=0.00098951947220360381 0.03870060576149062 -0.030500500968141032 0.041380863536213577 -0.076667017227814688 -0.0038940819476620094 0.028110167066726002 -0.0031122249453793497 -0.048834310411936067 0.031720489108608786 -0.092805555350912713
leaf_weight=231 38 30 52 52 42 78 264 40 38 35
leaf_count=231 38 30 52 52 42 78 264 40 38 35
internal_value=-0.000611111 -0.002875 0.000223881 -0.00220848 0.0012 -0.000707547 0.00175439 -0.0109756 0.0118421 -0.0188462
internal_weight=900 400 335 283 500 424 342 82 76 65
internal_count=900 400 335 283 500 424 342 82 76 65
is_linear=0
shrinkage=0.05


Tree=105
num_leaves=11
num_cat=0
split_feature=1 0 0 1 0 1 0 0 1 0
split_gain=1.33556 6.37677 3.79167 7.74572 4.32001 3.53729 8.58287 3.25737 1.24826 0.0166667
threshold=21.969023890515704 21.321098536207092 22.739496410784401 23.704874097732201 24.313405164711153 19.694852814405934 18.766619198876406 20.28361377230971 22.883850782717158 21.924728515081643
decision_type=2 2 2 2 2 2 2 2 2 2
left_child=1 5 8 -4 -5 6 -1 -7 -2 -3
right_child=2 9 3 4 -6 7 -8 -9 -10 -11
leaf_value=0.00075767792930454554 0.039094371011104911 -0.049540485505488799 -0.036148592935251855 0.070135141948507326 -0.0042321014567045625 0.038156535109130377 -0.048703921140137843 -0.00040490858070434403 0.0051704734790827267 -0.080996732235389862
leaf_weight=318 49 30 55 39 87 69 86 91 46 30
leaf_count=318 49 30 55 39 87 69 86 91 46 30
internal_value=-0.000722222 -0.00200321 0.00217391 -0.00207182 0.0047619 -0.00035461 -0.00284653 0.0059375 0.0102632 -0.0175
internal_weight=900 624 276 181 126 564 404 160 95 60
internal_count=900 624 276 181 126 564 404 160 95 60
is_linear=0
shrinkage=0.05


Tree=106
num_leaves=5
num_cat=0
split_feature=1 0 1 0
split_gain=1.20005 2.79402 2.73919 5.77922
threshold=14.224508858707258 15.589254486097058 16.176316300058797 17.038763340090551
decision_type=2 2 2 2
left_child=-1 -2 -3 -4
right_child=1 2 3 -5
leaf_value=-0.04284461391436567 0.035176499299747997 -0.031827811984973309 0.036582882301657092 -0.0024522613127642146
leaf_weight=36 40 51 56 717
leaf_count=36 40 51 56 717
internal_value=-0.000777778 -0.000405093 -0.00103155 -0.000291074
internal_weight=900 864 824 773
internal_count=900 864 824 773
is_linear=0
shrinkage=0.05


Tree=107
num_leaves=6
num_cat=0
split_feature=1 0 1 0 0
split_gain=1.73841 4.59442 2.65085 3.58629 1.44734
threshold=15.017345825006617 15.875020224202109 16.890240333826885 17.740562232925082 16.479793225934582
decision_type=2 2 2 2 2
left_child=-1 -2 4 -4 -3
right_child=1 2 3 -5 -6
leaf_value=-0.030971871368190042 0.056923528483285503 -0.003110254921653777 0.017032762817716752 -0.0021576407039194836 -0.034949007386378204
leaf_weight=60 34 30 67 665 44
leaf_count=60 34 30 67 665 44
internal_value=-0.000944444 -0.000357143 -0.00111663 -0.000204918 -0.0101351
internal_weight=900 840 806 732 74
internal_count=900 840 806 732 74
is_linear=0
shrinkage=0.05


Tree=108
num_leaves=11
num_cat=0
split_feature=1 0 0 1 0 1 0 1 0 0
split_gain=1.53352 4.94515 4.62553 4.77885 4.44024 3.49484 2.8404 2.01794 3.56364 1.11319
threshold=19.193139830233559 17.877461937947938 19.066333984097575 19.958558071907408 21.003151041665092 16.890240333826885 16.320034425788645 18.33264865570527 19.039032335957845 17.038763340090551
decision_type=2 2 2 2 2 2 2 2 2 2
left_child=1 5 -2 -4 -5 6 -1 -3 -9 -7
right_child=2 7 3 4 -6 9 -8 8 -10 -11
leaf_value=0.00023546648503218749 0.037601561131293516 -0.075916602725875845 -0.040299633639938742 0.026779113180000369 -0.0024122853293201633 0.057175513253109413 -0.031460401132593234 0.017504046181179601 -0.046840172283171902 0.0037656474562937528
leaf_weight=122 36 52 39 106 359 34 43 30 36 43
leaf_count=122 36 52 39 106 359 34 43 30 36 43
internal_value=-0.000944444 -0.00347222 0.000740741 -0.000496032 0.000913978 0.000619835 -0.00348485 -0.0118644 -0.00606061 0.00941558
internal_weight=900 360 540 504 465 242 165 118 66 77
internal_count=900 360 540 504 465 242 165 118 66 77
is_linear=0
shrinkage=0.05


Tree=109
num_leaves=9
num_cat=0
split_feature=1 0 0 1 0 1 0 0
split_gain=1.5 5.33651 3.34405 3.81905 3.99308 3.10408 3.33932 0.457143
threshold=19.193139830233559 18.403619161102679 19.066333984097575 19.930843133073296 20.706519577992562 17.962714159978724 17.038763340090551 18.899298529756685
decision_type=2 2 2 2 2 2 2 2
left_child=1 5 -2 -4 -5 6 -1 -3
right_child=2 7 3 4 -6 -7 -8 -9
leaf_value=0.00055411953692408034 0.035721483074728867 -0.030267553879218669 -0.039987136042459605 0.037534624640305041 -0.0014289256820267937 0.027823603509953013 -0.036024843187814203 -0.04416812284488545
leaf_weight=177 36 35 35 76 393 35 68 45
leaf_count=177 36 35 35 76 393 35 68 45
internal_value=-0.00111111 -0.00361111 0.000555556 -0.000496032 0.000692964 -0.000357143 -0.00234694 -0.015
internal_weight=900 360 540 504 469 280 245 80
internal_count=900 360 540 504 469 280 245 80
is_linear=0
shrinkage=0.05


Tree=110
num_leaves=9
num_cat=0
split_feature=1 0 1 0 0 1 1 0
split_gain=1.17146 4.9532 3.9808 4.0425 1.9025 4.98384 0.342084 0.768975
threshold=22.815826431245352 22.2912551613238 21.85386491258463 21.398201108722542 24.313405164711153 25.29450794834948 23.539602718510348 23.061038619455182
decision_type=2 2 2 2 2 2 2 2
left_child=1 2 3 -1 6 -6 -2 -8
right_child=4 -3 -4 -5 5 -7 7 -9
leaf_value=-0.0013574793979254096 0.003209074772581655 -0.044939704797586799 0.039029042644901146 -0.043753488502245655 -0.10602128410825423 0.063294901649270763 0.018289422577683023 0.051046361365554738
leaf_weight=565 54 47 39 39 35 58 30 33
leaf_count=565 54 47 39 39 35 58 30 33
internal_value=-0.000888889 -0.00188406 -0.000738725 -0.00173841 0.00238095 -0.00295699 0.00662393 0.00912698
internal_weight=900 690 643 604 210 93 117 63
internal_count=900 690 643 604 210 93 117 63
is_linear=0
shrinkage=0.05


Tree=111
num_leaves=7
num_cat=0
split_feature=0 0 1 1 0 1
split_gain=1.09429 1.50378 5.05135 2.96282 4.9547 0.231848
threshold=26.084107651219067 23.941336635273739 25.086435337031833 22.696282153746981 21.426159408227431 23.153742938426991
decision_type=2 2 2 2 2 2
left_child=1 3 -3 4 -1 -5
right_child=-2 2 -4 5 -6 -7
leaf_value=-0.00021120381551220646 0.11850768085377013 -0.073117152565448332 0.021199027368372647 0.0028136941625620973 -0.035030856191391103 0.021536041321258106
leaf_weight=587 30 47 37 38 93 68
leaf_count=587 30 47 37 38 93 68
internal_value=-0.00105556 -0.00137931 -0.0077381 -0.000699746 -0.00191176 0.00707547
internal_weight=900 870 84 786 680 106
internal_count=900 870 84 786 680 106
is_linear=0
shrinkage=0.05


Tree=112
num_leaves=11
num_cat=0
split_feature=1 0 1 0 0 0 1 0 1 1
split_gain=1.52607 6.10306 2.87418 6.59118 2.72751 2.27318 6.89485 3.79926 0.62809 0.0717949
threshold=22.281852356061631 21.426159408227431 19.694852814405934 18.909145887293239 20.28361377230971 23.049446851612071 23.853072518491405 24.754131024647325 22.883850782717158 21.528717782568219
decision_type=2 2 2 2 2 2 2 2 2 2
left_child=1 2 3 -1 -4 8 -7 -8 -2 -3
right_child=5 9 4 -5 -6 6 7 -9 -10 -11
leaf_value=0.00013303541443248081 0.030156372435694936 -0.048103322323471968 0.035435920827072566 -0.049271875012023264 1.6526822406603971e-06 -0.029942973681402488 0.066644647320421857 -0.012688069857619411 0.008632525578603634 -0.044502687935411171
leaf_weight=339 36 35 69 65 110 46 44 67 59 30
leaf_count=339 36 35 69 65 110 46 44 67 59 30
internal_value=-0.000722222 -0.00200617 -0.000385935 -0.00272277 0.00488827 0.00257937 -0.00111465 0.00563063 0.00868421 -0.0165385
internal_weight=900 648 583 404 179 252 157 111 95 65
internal_count=900 648 583 404 179 252 157 111 95 65
is_linear=0
shrinkage=0.05


Tree=113
num_leaves=5
num_cat=0
split_feature=1 0 1 0
split_gain=1.12401 2.97646 2.38653 3.9912
threshold=14.636036040437912 15.589254486097058 16.176316300058797 17.038763340090551
decision_type=2 2 2 2
left_child=-1 -2 -3 -4
right_child=1 2 3 -5
leaf_value=-0.039121486561385414 0.0553751665566816 -0.026337529926278781 0.033742878356727603 -0.0019030820758489499
leaf_weight=48 30 49 56 717
leaf_count=48 30 49 56 717
internal_value=-0.000888889 -0.000469484 -0.00103406 -0.000355757
internal_weight=900 852 822 773
internal_count=900 852 822 773
is_linear=0
shrinkage=0.05


Tree=114
num_leaves=11
num_cat=0
split_feature=1 0 1 0 1 0 0 1 0 1
split_gain=1.47714 5.69007 7.14705 5.4568 3.99008 3.096 2.39227 0.830796 0.343956 0.30494
threshold=18.506874527167142 19.316492306260681 19.958558071907408 17.759610662915879 16.890240333826885 21.003151041665092 16.320034425788645 18.046436914459807 18.766619198876406 17.506882413272688
decision_type=2 2 2 2 2 2 2 2 2 2
left_child=3 8 -3 4 6 -4 -1 -5 -2 -6
right_child=1 2 5 7 9 -7 -8 -9 -10 -11
leaf_value=-0.00075529866015759954 0.042459913149139973 -0.052349597135442676 0.020850057817981417 -0.089477103978396769 0.050428745455778495 -0.001716609061660357 -0.027919202422830216 -0.014959344434603096 0.0095142888804543805 0.0053115426597660333
leaf_weight=122 47 55 101 38 31 359 43 34 34 36
leaf_count=122 47 55 101 38 31 359 43 34 34 36
internal_value=-0.00111111 0.00033557 -0.00160194 -0.00394737 -0.000215517 0.000434783 -0.00439394 -0.0159722 0.0126543 0.0100746
internal_weight=900 596 515 304 232 460 165 72 81 67
internal_count=900 596 515 304 232 460 165 72 81 67
is_linear=0
shrinkage=0.05


Tree=115
num_leaves=11
num_cat=0
split_feature=1 0 1 0 1 0 1 0 0 0
split_gain=1.40167 3.63324 3.72413 3.34405 3.81905 3.99308 2.62886 4.12935 2.20791 0.193773
threshold=19.193139830233559 17.759610662915879 16.969297143977034 19.066333984097575 19.930843133073296 20.706519577992562 18.167133372182374 18.909145887293239 16.320034425788645 16.997142498125999
decision_type=2 2 2 2 2 2 2 2 2 2
left_child=1 2 8 -2 -5 -6 -3 -8 -1 -4
right_child=3 6 9 4 5 -7 7 -9 -10 -11
leaf_value=-0.00061915104531484744 0.031979349757278008 -0.072003024929523027 0.059712697515478474 -0.035196793753212233 0.033017182740501382 -0.0011480750459552881 0.0098474474765115616 -0.036233153354056392 -0.025565057337018349 0.0077805712329251271
leaf_weight=123 36 47 30 35 76 393 37 42 46 35
leaf_count=123 36 47 30 35 76 393 37 42 46 35
internal_value=-0.00105556 -0.00347222 0.000213675 0.000555556 -0.000496032 0.000692964 -0.0103175 -0.00474684 -0.00369822 0.0103846
internal_weight=900 360 234 540 504 469 126 79 169 65
internal_count=900 360 234 540 504 469 126 79 169 65
is_linear=0
shrinkage=0.05


Tree=116
num_leaves=11
num_cat=0
split_feature=1 0 0 1 0 1 0 0 1 1
split_gain=1.30896 4.66216 4.13893 5.63621 2.97833 2.12976 5.64416 3.41986 1.74914 1.15085
threshold=21.969023890515704 21.410704625242726 22.739496410784401 23.978043222251575 24.754131024647325 19.694852814405934 19.218379121725089 20.706519577992562 22.883850782717158 23.466465074676524
decision_type=2 2 2 2 2 2 2 2 2 2
left_child=1 5 8 9 -5 6 -1 -7 -2 -4
right_child=2 -3 3 4 -6 7 -8 -9 -10 -11
leaf_value=-0.00080809699656398954 0.037559703009613976 -0.064405432496512385 -0.034857260311870954 0.069756211073263338 -0.011815278055565415 0.028948521103254878 -0.061192100582429632 -0.0019034849430196845 0.0043720703610485856 -0.0051551023959709678
leaf_weight=355 49 53 41 41 67 96 49 71 46 32
leaf_count=355 49 53 41 41 67 96 49 71 46 32
internal_value=-0.00105556 -0.00232372 0.00181159 -0.00262431 0.00462963 -0.00100701 -0.0029703 0.00374251 0.0102632 -0.0133562
internal_weight=900 624 276 181 108 571 404 167 95 73
internal_count=900 624 276 181 108 571 404 167 95 73
is_linear=0
shrinkage=0.05


Tree=117
num_leaves=11
num_cat=0
split_feature=1 0 0 1 0 1 0 0 1 1
split_gain=1.11696 5.91059 4.82756 4.10665 2.5541 1.79746 1.93869 1.63763 1.18382 0.293337
threshold=18.167133372182374 17.803146345219247 18.766619198876406 19.694852814405934 20.643410843398083 16.890240333826885 15.064139780940069 19.488154621652242 17.466345233680826 19.015994771861653
decision_type=2 2 2 2 2 2 2 2 2 2
left_child=1 5 9 7 -5 6 -1 -4 -7 -2
right_child=2 -3 3 4 -6 8 -8 -9 -10 -11
leaf_value=0.016471246161693955 0.017142709513734911 -0.07067717828453457 -0.0064990668207338233 0.019668998694843509 -0.0013777580963521886 0.047978670585083455 -0.014854099440376169 -0.070823247100461381 8.3798570528692554e-05 0.050530632564809254
leaf_weight=52 30 44 40 91 399 31 113 37 32 31
leaf_count=52 30 44 40 91 399 31 113 37 32 31
internal_value=-0.001 -0.00367647 0.000159236 -0.00127866 0.000408163 -0.000438596 -0.00318182 -0.012013 0.00674603 0.0135246
internal_weight=900 272 628 567 490 228 165 77 63 61
internal_count=900 272 628 567 490 228 165 77 63 61
is_linear=0
shrinkage=0.05


Tree=118
num_leaves=11
num_cat=0
split_feature=1 0 0 1 0 1 1 0 0 1
split_gain=1.16381 6.40904 4.77021 3.6885 2.5541 2.37037 1.90091 1.74368 1.3484 0.293337
threshold=18.167133372182374 17.620055320462118 18.766619198876406 19.694852814405934 20.643410843398083 16.519788204978617 17.36444383702089 15.064139780940069 19.488154621652242 19.015994771861653
decision_type=2 2 2 2 2 2 2 2 2 2
left_child=1 5 9 8 -5 7 -7 -1 -4 -2
right_child=2 -3 3 4 -6 6 -8 -9 -10 -11
leaf_value=0.015647683853609217 0.01628557403804818 -0.060655132181022343 -0.0061741134796971416 0.018685548760101336 -0.0013088701915345169 0.064390925233938925 -0.00034886420871860224 -0.022591823838895398 -0.067282084745438286 0.048004100936568865
leaf_weight=52 30 56 40 91 399 37 35 92 37 31
leaf_count=52 30 56 40 91 399 37 35 92 37 31
internal_value=-0.000944444 -0.00367647 0.000238854 -0.00119048 0.000408163 0.000231481 0.00763889 -0.00347222 -0.0113636 0.0135246
internal_weight=900 272 628 567 490 216 72 144 77 61
internal_count=900 272 628 567 490 216 72 144 77 61
is_linear=0
shrinkage=0.05


Tree=119
num_leaves=6
num_cat=0
split_feature=1 0 1 0 0
split_gain=1.14286 3.87453 1.46326 5.54341 4.30774
threshold=15.017345825006617 15.875020224202109 18.167133372182374 17.803146345219247 18.766619198876406
decision_type=2 2 2 2 2
left_child=-1 -2 3 -3 -4
right_child=1 2 4 -5 -6
leaf_value=-0.02781589321174498 0.051890839912150002 9.7051852438134745e-05 0.033851618178578312 -0.064110562761256776 -0.0012781535397914823
leaf_weight=60 34 134 61 44 567
leaf_count=60 34 134 61 44 567
internal_value=-0.000833333 -0.000357143 -0.00105459 -0.00505618 7.96178e-05
internal_weight=900 840 806 178 628
internal_count=900 840 806 178 628
is_linear=0
shrinkage=0.05


end of trees

feature_importances:
Column_0=505
Column_1=475

parameters:
[boosting: gbdt]
[objective: quantile]
[metric: quantile]
[tree_learner: serial]
[device_type: cpu]
[data_sample_strategy: bagging]
[data: ]
[valid: ]
[num_iterations: 120]
[learning_rate: 0.05]
[num_leaves: 12]
[num_threads: 2]
[seed: 26170]
[deterministic: 0]
[force_col_wise: 0]
[force_row_wise: 0]
[histogram_pool_size: -1]
[max_depth: 4]
[min_data_in_leaf: 30]
[min_sum_hessian_in_leaf: 0.001]
[bagging_fraction: 1]
[pos_bagging_fraction: 1]
[neg_bagging_fraction: 1]
[bagging_freq: 0]
[bagging_seed: 13002]
[bagging_by_query: 0]
[feature_fraction: 1]
[feature_fraction_bynode: 1]
[feature_fraction_seed: 3933]
[extra_trees: 0]
[extra_seed: 13870]
[early_stopping_round: 0]
[early_stopping_min_delta: 0]
[first_metric_only: 0]
[max_delta_step: 0]
[lambda_l1: 0]
[lambda_l2: 0]
[linear_lambda: 0]
[min_gain_to_split: 0]
[drop_rate: 0.1]
[max_drop: 50]
[skip_drop: 0.5]
[xgboost_dart_mode: 0]
[uniform_drop: 0]
[drop_seed: 25549]
[top_rate: 0.2]
[other_rate: 0.1]
[min_data_per_group: 100]
[max_cat_threshold: 32]
[cat_l2: 10]
[cat_smooth: 10]
[max_cat_to_onehot: 4]
[top_k: 20]
[monotone_constraints: ]
[monotone_constraints_method: basic]
[monotone_penalty: 0]
[feature_contri: ]
[forcedsplits_filename: ]
[refit_decay_rate: 0.9]
[cegb_tradeoff: 1]
[cegb_penalty_split: 0]
[cegb_penalty_feature_lazy: ]
[cegb_penalty_feature_coupled: ]
[path_smooth: 0]
[interaction_constraints: ]
[verbosity: -1]
[saved_feature_importance_type: 0]
[use_quantized_grad: 0]
[num_grad_quant_bins: 4]
[quant_train_renew_leaf: 0]
[stochastic_rounding: 1]
[linear_tree: 0]
[max_bin: 255]
[max_bin_by_feature: ]
[min_data_in_bin: 3]
[bin_construct_sample_cnt: 200000]
[data_random_seed: 19962]
[is_enable_sparse: 1]
[enable_bundle: 1]
[use_missing: 1]
[zero_as_missing: 0]
[feature_pre_filter: 1]
[pre_partition: 0]
[two_round: 0]
[header: 0]
[label_column: ]
[weight_column: ]
[group_column: ]
[ignore_column: ]
[categorical_feature: ]
[forcedbins_filename: ]
[precise_float_parser: 0]
[parser_config_file: ]
[objective_seed: 31251]
[num_class: 1]
[is_unbalance: 0]
[scale_pos_weight: 1]
[sigmoid: 1]
[boost_from_average: 1]
[reg_sqrt: 0]
[alpha: 0.5]
[fair_c: 1]
[poisson_max_delta_step: 0.7]
[tweedie_variance_power: 1.5]
[lambdarank_truncation_level: 30]
[lambdarank_norm: 1]
[label_gain: ]
[lambdarank_position_bias_regularization: 0]
[eval_at: ]
[multi_error_top_k: 1]
[auc_mu_weights: ]
[num_machines: 1]
[local_listen_port: 12400]
[time_out: 120]
[machine_list_filename: ]
[machines: ]
[gpu_platform_id: -1]
[gpu_device_id: -1]
[gpu_device_id_list: ]
[gpu_use_dp: 0]
[num_gpu: 1]

end of parameters

pandas_categorical:null
