tree
version=v4
num_class=1
num_tree_per_iteration=1
label_index=0
max_feature_idx=1
objective=quantile
feature_names=Column_0 Column_1
feature_infos=[0.76007964406038608:1.159860414945953] [0.76344848796654941:1.1688063520130345]
tree_sizes=565 587 588 588 588 670 585 670 584 583 583 672 668 671 674 760 757 761 760 762 761 760 761 764 762 761 762 765 765 764 764 766 846 846 841 763 755 757 758 752 755 755 758 935 1018 1020 932 680 678 682 1021 1023 1025 760 758 759 759 758 680 596 681 682 682 682 675 674 844 845 844 844 846 846 1019 926 928 926 1018 927 928 925 854 854 949 1032 944 858 1028 1023 1024 1028 1027 1029 1027 1031 1029 1031 1031 1036 1034 945 1207 1036 771 854 1115 1116 1118 1206 1206 1120 1122 1206 1207 1208 943 1211 947 1201 1207 1209

Tree=0
num_leaves=5
num_cat=0
split_feature=1 1 0 0
split_gain=28.9384 1.28756 0.0321138 2.22045e-16
threshold=0.82279447593261934 0.83438114821994736 0.83291203738492892 0.92536444259476192
decision_type=2 2 2 2
left_child=-1 -2 -3 -4
right_child=1 2 3 -5
leaf_value=0.85577367857282161 0.85831003114625015 0.85852836847449721 0.85930947184601358 0.86358961448726612
leaf_weight=44 36 30 532 258
leaf_count=44 36 30 532 258
internal_value=0.858465 0.860497 0.860904 0.860965
internal_weight=900 856 820 790
internal_count=900 856 820 790
is_linear=0
shrinkage=1


Tree=1
num_leaves=5
num_cat=0
split_feature=1 1 0 0
split_gain=27.3782 1.28756 0.0321138 2.22045e-16
threshold=0.82279447593261934 0.83438114821994736 0.83291203738492892 0.92536444259476192
decision_type=2 2 2 2
left_child=-1 -2 -3 -4
right_child=1 2 3 -5
leaf_value=-0.0025564873275602308 -0.00014695238280313384 6.0468079031600347e-05 0.00080251628197215989 0.004868651791162127
leaf_weight=44 36 30 532 258
leaf_count=44 36 30 532 258
internal_value=5.55556e-05 0.00203271 0.00243902 0.0025
internal_weight=900 856 820 790
internal_count=900 856 820 790
is_linear=0
shrinkage=0.05


Tree=2
num_leaves=5
num_cat=0
split_feature=1 1 0 0
split_gain=27.3782 1.28756 0.0321138 2.22045e-16
threshold=0.82279447593261934 0.83438114821994736 0.83291203738492892 0.92536444259476192
decision_type=2 2 2 2
left_child=-1 -2 -3 -4
right_child=1 2 3 -5
leaf_value=-0.0024286629611822209 -0.00013960476366297602 5.7444675080020606e-05 0.00076239046787355278 0.0046252192016040198
leaf_weight=44 36 30 532 258
leaf_count=44 36 30 532 258
internal_value=5.55556e-05 0.00203271 0.00243902 0.0025
internal_weight=900 856 820 790
internal_count=900 856 820 790
is_linear=0
shrinkage=0.05


Tree=3
num_leaves=5
num_cat=0
split_feature=0 1 0 0
split_gain=25.8612 1.28756 0.0321138 2.22045e-16
threshold=0.81603609319719117 0.83438114821994736 0.83291203738492892 0.92536444259476192
decision_type=2 2 2 2
left_child=-1 -2 -3 -4
right_child=1 2 3 -5
leaf_value=-0.0023072298131231075 -0.00013262452547982973 5.4572441326017355e-05 0.00072427094447987674 0.0043939582415238208
leaf_weight=44 36 30 532 258
leaf_count=44 36 30 532 258
internal_value=0.000111111 0.00203271 0.00243902 0.0025
internal_weight=900 856 820 790
internal_count=900 856 820 790
is_linear=0
shrinkage=0.05


Tree=4
num_leaves=5
num_cat=0
split_feature=1 1 0 0
split_gain=20.2937 0.943977 0.0321138 2.22045e-16
threshold=0.82279447593261934 0.83438114821994736 0.83291203738492892 0.92536444259476192
decision_type=2 2 2 2
left_child=-1 -2 -3 -4
right_child=1 2 3 -5
leaf_value=-0.0021918683224669499 -0.0001259932992058399 5.1843819259717044e-05 0.00068805739725588124 0.0041742603294476323
leaf_weight=44 36 30 532 258
leaf_count=44 36 30 532 258
internal_value=0.000388889 0.00209112 0.00243902 0.0025
internal_weight=900 856 820 790
internal_count=900 856 820 790
is_linear=0
shrinkage=0.05


Tree=5
num_leaves=6
num_cat=0
split_feature=1 1 0 0 0
split_gain=15.336 1.72597 0.110353 0.026534 2.22045e-16
threshold=0.81651322635788437 0.83657985644226829 0.82451132860438447 0.83713970381164826 0.98936671016101652
decision_type=2 2 2 2 2
left_child=-1 2 -2 -3 -5
right_child=1 3 -4 4 -6
leaf_value=-0.0023352058646384068 -0.00011627396133955804 0.00016264889899435532 -0.00022679852905606757 0.00094743971243167475 0.0067831657066004802
leaf_weight=32 31 36 33 738 30
leaf_count=32 31 36 33 738 30
internal_value=0.000555556 0.00180876 -0.00609375 0.00243781 0.0025
internal_weight=900 868 64 804 768
internal_count=900 868 64 804 768
is_linear=0
shrinkage=0.05


Tree=6
num_leaves=5
num_cat=0
split_feature=1 1 0 0
split_gain=14.0065 1.53258 0.0961672 0.027551
threshold=0.81651322635788437 0.83438114821994736 0.84322956694706686 0.8368778251678074
decision_type=2 2 2 2
left_child=-1 -2 3 -3
right_child=1 2 -4 -5
leaf_value=-0.0022184455714064854 -0.00014996694486632653 5.7249523263180893e-05 0.0011694334852869026 9.2378748704663455e-05
leaf_weight=32 48 49 736 35
leaf_count=32 48 49 736 35
internal_value=0.000611111 0.00180876 0.00231707 0.000714286
internal_weight=900 868 820 84
internal_count=900 868 820 84
is_linear=0
shrinkage=0.05


Tree=7
num_leaves=6
num_cat=0
split_feature=0 1 0 0 0
split_gain=12.6915 1.7009 0.110353 0.0538484 0.0554622
threshold=0.80904661923610954 0.83657985644226829 0.82451132860438447 0.84322956694706686 0.8368778251678074
decision_type=2 2 2 2 2
left_child=-1 2 -2 4 -3
right_child=1 3 -4 -5 -6
leaf_value=-0.0021075232928361612 -0.00010296191602926497 0.00018286818475249378 -0.00021210458447551593 0.0011109618110225594 8.7759811269427787e-05
leaf_weight=32 31 33 33 736 35
leaf_count=32 31 33 33 736 35
internal_value=0.000611111 0.00175115 -0.00609375 0.00237562 0.00102941
internal_weight=900 868 64 804 68
internal_count=900 868 64 804 68
is_linear=0
shrinkage=0.05


Tree=8
num_leaves=5
num_cat=0
split_feature=0 1 0 0
split_gain=10.3382 1.51231 0.147154 0.0452309
threshold=0.80904661923610954 0.83438114821994736 0.84500541295427134 0.8368778251678074
decision_type=2 2 2 2
left_child=-1 -2 3 -3
right_child=1 2 -4 -5
leaf_value=-0.0020021471281943537 -0.00013541050493263803 6.4992276323799783e-05 0.0011443167317017778 2.0325605150428584e-05
leaf_weight=32 48 49 724 47
leaf_count=32 48 49 724 47
internal_value=0.000722222 0.00175115 0.0022561 0.000416667
internal_weight=900 868 820 96
internal_count=900 868 820 96
is_linear=0
shrinkage=0.05


Tree=9
num_leaves=5
num_cat=0
split_feature=0 1 0 0
split_gain=10.3794 1.18695 0.147154 0.0452309
threshold=0.80904661923610954 0.83438114821994736 0.84500541295427134 0.8368778251678074
decision_type=2 2 2 2
left_child=-1 -2 3 -3
right_child=1 2 -4 -5
leaf_value=-0.0019020397717846361 -0.00012863997968600813 6.1742662507607848e-05 0.0010871008951166884 1.930932489290771e-05
leaf_weight=32 48 49 724 47
leaf_count=32 48 49 724 47
internal_value=0.000777778 0.00180876 0.0022561 0.000416667
internal_weight=900 868 820 96
internal_count=900 868 820 96
is_linear=0
shrinkage=0.05


Tree=10
num_leaves=5
num_cat=0
split_feature=0 1 0 0
split_gain=10.462 0.722392 0.140583 0.0503573
threshold=0.80904661923610954 0.83349051180127554 0.84500541295427134 0.8368778251678074
decision_type=2 2 2 2
left_child=-1 -2 3 -3
right_child=1 2 -4 -5
leaf_value=-0.0018069377831954059 -0.00013221840423028043 2.0588466192676361e-05 0.0010327458503608556 1.8343858648262047e-05
leaf_weight=32 44 53 724 47
leaf_count=32 44 53 724 47
internal_value=0.000888889 0.00192396 0.00225728 0.0005
internal_weight=900 868 824 100
internal_count=900 868 824 100
is_linear=0
shrinkage=0.05


Tree=11
num_leaves=6
num_cat=0
split_feature=0 0 1 0 0
split_gain=7.46931 0.346286 0.0685307 0.0892857 2.22045e-16
threshold=0.81603609319719117 0.84851504318753335 0.83349051180127554 0.84268830423993235 0.98936671016101652
decision_type=2 2 2 2 2
left_child=-1 2 -2 -4 -3
right_child=1 4 3 -5 -6
leaf_value=-0.0014636599357408298 -7.3803753316742385e-05 0.0011093862642376328 4.0915945652819645e-05 -2.7317311069809921e-05 0.0061667794825960246
leaf_weight=44 32 674 84 36 30
leaf_count=44 32 674 84 36 30
internal_value=0.001 0.00203271 -0.000131579 0.000416667 0.0025
internal_weight=900 856 152 120 704
internal_count=900 856 152 120 704
is_linear=0
shrinkage=0.05


Tree=12
num_leaves=6
num_cat=0
split_feature=1 0 0 1 0
split_gain=7.38419 0.425045 0.133995 0.35032 2.22045e-16
threshold=0.82029788576091456 0.84851504318753335 0.82617116864644558 0.83696302634877406 0.98936671016101652
decision_type=2 2 2 2 2
left_child=-1 2 -2 -4 -3
right_child=1 4 3 -5 -6
leaf_value=-0.0014262204893796815 2.4417034868016958e-05 0.0010539169510257519 -0.00023308282669696662 0.00011532095282421642 0.0058584405084662235
leaf_weight=40 32 674 30 94 30
leaf_count=40 32 674 30 94 30
internal_value=0.001 0.00197674 -0.000384615 -0.00112903 0.0025
internal_weight=900 860 156 124 704
internal_count=900 860 156 124 704
is_linear=0
shrinkage=0.05


Tree=13
num_leaves=6
num_cat=0
split_feature=0 0 0 1 0
split_gain=7.43373 0.316511 0.125885 0.187417 2.22045e-16
threshold=0.80904661923610954 0.84851504318753335 0.82617116864644558 0.83696302634877406 0.98936671016101652
decision_type=2 2 2 2 2
left_child=-1 2 -2 -4 -3
right_child=1 4 3 -5 -6
leaf_value=-0.0015720968727796103 1.315425323640086e-05 0.0010012211034744645 -0.0002214286853621174 0.00010955490518300727 0.005565518483042914
leaf_weight=32 40 674 30 94 30
leaf_count=32 40 674 30 94 30
internal_value=0.00116667 0.00203917 6.09757e-05 -0.000725806 0.0025
internal_weight=900 868 164 124 704
internal_count=900 868 164 124 704
is_linear=0
shrinkage=0.05


Tree=14
num_leaves=6
num_cat=0
split_feature=0 0 0 1 0
split_gain=7.43373 0.316511 0.125885 0.187417 2.22045e-16
threshold=0.80904661923610954 0.84851504318753335 0.82617116864644558 0.83696302634877406 0.98936671016101652
decision_type=2 2 2 2 2
left_child=-1 2 -2 -4 -3
right_child=1 4 3 -5 -6
leaf_value=-0.0014934920291406308 1.2496540574578509e-05 0.00095116004830074214 -0.00021035725109401122 0.0001040771599238547 0.0052872425588907706
leaf_weight=32 40 674 30 94 30
leaf_count=32 40 674 30 94 30
internal_value=0.00116667 0.00203917 6.09757e-05 -0.000725806 0.0025
internal_weight=900 868 164 124 704
internal_count=900 868 164 124 704
is_linear=0
shrinkage=0.05


Tree=15
num_leaves=7
num_cat=0
split_feature=0 1 0 1 0 0
split_gain=6.45201 0.452974 0.167112 0.137662 2.22045e-16 2.22045e-16
threshold=0.80904661923610954 0.85754645052521405 0.82617116864644558 0.83696302634877406 0.98785874852812416 0.95571671679163572
decision_type=2 2 2 2 2 2
left_child=-1 2 -2 -4 5 -3
right_child=1 4 3 -5 -6 -7
leaf_value=-0.0014188174276835996 1.1871713545850605e-05 0.0010412459913191451 -0.00019983938853931254 1.0677514210472028e-05 0.0050249564607546928 0.0048733548521459561
leaf_weight=32 40 578 30 106 33 81
leaf_count=32 40 578 30 106 33 81
internal_value=0.00111111 0.00192396 -0.000340909 -0.00117647 0.0025 0.0025
internal_weight=900 868 176 136 692 659
internal_count=900 868 176 136 692 659
is_linear=0
shrinkage=0.05


Tree=16
num_leaves=7
num_cat=0
split_feature=0 1 0 1 0 0
split_gain=5.60021 0.452974 0.167112 0.137662 2.22045e-16 2.22045e-16
threshold=0.80904661923610954 0.85754645052521405 0.82617116864644558 0.83696302634877406 0.98785874852812416 0.95571671679163572
decision_type=2 2 2 2 2 2
left_child=-1 2 -2 -4 5 -3
right_child=1 4 3 -5 -6 -7
leaf_value=-0.001347876556299421 1.1278127868556322e-05 0.0009891836917531871 -0.000189847419112348 1.0143638499948705e-05 0.0047737086377169563 0.0046296871095386606
leaf_weight=32 40 578 30 106 33 81
leaf_count=32 40 578 30 106 33 81
internal_value=0.00116667 0.00192396 -0.000340909 -0.00117647 0.0025 0.0025
internal_weight=900 868 176 136 692 659
internal_count=900 868 176 136 692 659
is_linear=0
shrinkage=0.05


Tree=17
num_leaves=7
num_cat=0
split_feature=0 1 0 1 0 0
split_gain=5.60021 0.452974 0.167112 0.137662 2.22045e-16 2.22045e-16
threshold=0.80904661923610954 0.85754645052521405 0.82617116864644558 0.83696302634877406 0.98785874852812416 0.95571671679163572
decision_type=2 2 2 2 2 2
left_child=-1 2 -2 -4 5 -3
right_child=1 4 3 -5 -6 -7
leaf_value=-0.0012804827284844502 1.0714221475125919e-05 0.00093972450716552915 -0.00018035504815673196 9.6364565749518238e-06 0.0045350232058311074 0.0043982027540617257
leaf_weight=32 40 578 30 106 33 81
leaf_count=32 40 578 30 106 33 81
internal_value=0.00116667 0.00192396 -0.000340909 -0.00117647 0.0025 0.0025
internal_weight=900 868 176 136 692 659
internal_count=900 868 176 136 692 659
is_linear=0
shrinkage=0.05


Tree=18
num_leaves=7
num_cat=0
split_feature=0 1 0 1 0 0
split_gain=5.60021 0.452974 0.167112 0.137662 2.22045e-16 2.22045e-16
threshold=0.80904661923610954 0.85754645052521405 0.82617116864644558 0.83696302634877406 0.98785874852812416 0.95571671679163572
decision_type=2 2 2 2 2 2
left_child=-1 2 -2 -4 5 -3
right_child=1 4 3 -5 -6 -7
leaf_value=-0.0012164585920602267 1.0178510401368979e-05 0.00089273828180725387 -0.00017133729574889586 9.1546337462056204e-06 0.0043082720455395523 0.004178292616358637
leaf_weight=32 40 578 30 106 33 81
leaf_count=32 40 578 30 106 33 81
internal_value=0.00116667 0.00192396 -0.000340909 -0.00117647 0.0025 0.0025
internal_weight=900 868 176 136 692 659
internal_count=900 868 176 136 692 659
is_linear=0
shrinkage=0.05


Tree=19
num_leaves=7
num_cat=0
split_feature=0 1 0 0 0 0
split_gain=5.60021 0.346465 0.175961 0.0579238 0.0193882 2.22045e-16
threshold=0.80904661923610954 0.85754645052521405 0.84268830423993235 0.82617116864644558 0.85966175557222935 0.97834566237204823
decision_type=2 2 2 2 2 2
left_child=-1 2 3 -2 -3 -6
right_child=1 4 -4 -5 5 -7
leaf_value=-0.0011556356624572162 9.6695848812982228e-06 9.9728990849690116e-05 -3.3075912667552106e-05 2.6144087373375722e-05 0.0011650469781310014 0.0042856514685496727
leaf_weight=32 40 48 49 87 593 51
leaf_count=32 40 48 49 87 593 51
internal_value=0.00116667 0.00192396 -5.68181e-05 0.000925197 0.00242775 0.0025
internal_weight=900 868 176 127 692 644
internal_count=900 868 176 127 692 644
is_linear=0
shrinkage=0.05


Tree=20
num_leaves=7
num_cat=0
split_feature=0 1 0 0 0 0
split_gain=5.60021 0.346465 0.175961 0.0579238 0.0193882 2.22045e-16
threshold=0.80904661923610954 0.85754645052521405 0.84268830423993235 0.82617116864644558 0.85966175557222935 0.97834566237204823
decision_type=2 2 2 2 2 2
left_child=-1 2 3 -2 -3 -6
right_child=1 4 -4 -5 5 -7
leaf_value=-0.001097853879334354 9.1861056372359987e-06 9.4742541307207834e-05 -3.1422117034174796e-05 2.4836883004708896e-05 0.0011067946292244502 0.0040713688951221905
leaf_weight=32 40 48 49 87 593 51
leaf_count=32 40 48 49 87 593 51
internal_value=0.00116667 0.00192396 -5.68181e-05 0.000925197 0.00242775 0.0025
internal_weight=900 868 176 127 692 644
internal_count=900 868 176 127 692 644
is_linear=0
shrinkage=0.05


Tree=21
num_leaves=7
num_cat=0
split_feature=0 1 0 0 0 0
split_gain=5.56996 0.405539 0.214085 0.0579238 0.023538 2.22045e-16
threshold=0.80904661923610954 0.85873401175945607 0.84268830423993235 0.82617116864644558 0.85966175557222935 0.97834566237204823
decision_type=2 2 2 2 2 2
left_child=-1 2 3 -2 -3 -6
right_child=1 4 -4 -5 5 -7
leaf_value=-0.0010429611853676358 8.7268003553724452e-06 0.00011612655350872192 -1.9394113060146312e-05 2.3595038854474024e-05 0.0010514548977632267 0.0038678004503660823
leaf_weight=32 40 40 57 87 593 51
leaf_count=32 40 40 57 87 593 51
internal_value=0.00111111 0.00186636 -0.000217391 0.000925197 0.0024269 0.0025
internal_weight=900 868 184 127 684 644
internal_count=900 868 184 127 684 644
is_linear=0
shrinkage=0.05


Tree=22
num_leaves=7
num_cat=0
split_feature=0 1 0 0 0 0
split_gain=4.05162 0.405539 0.214085 0.0579238 0.023538 2.22045e-16
threshold=0.80904661923610954 0.85873401175945607 0.84268830423993235 0.82617116864644558 0.85966175557222935 0.97834566237204823
decision_type=2 2 2 2 2 2
left_child=-1 2 3 -2 -3 -6
right_child=1 4 -4 -5 5 -7
leaf_value=-0.00099081312609925485 8.2904603376048443e-06 0.00011032022583328805 -1.8424407407137403e-05 2.2415286911748122e-05 0.0009988821528750635 0.0036744104278477797
leaf_weight=32 40 40 57 87 593 51
leaf_count=32 40 40 57 87 593 51
internal_value=0.00122222 0.00186636 -0.000217391 0.000925197 0.0024269 0.0025
internal_weight=900 868 184 127 684 644
internal_count=900 868 184 127 684 644
is_linear=0
shrinkage=0.05


Tree=23
num_leaves=7
num_cat=0
split_feature=0 1 0 0 0 0
split_gain=3.40646 0.346465 0.175961 0.0579238 0.0193882 2.22045e-16
threshold=0.80904661923610954 0.85754645052521405 0.84268830423993235 0.82617116864644558 0.85966175557222935 0.97834566237204823
decision_type=2 2 2 2 2 2
left_child=-1 2 3 -2 -3 -6
right_child=1 4 -4 -5 5 -7
leaf_value=-0.00094127246979429098 7.8759373207264571e-06 7.8683075274749167e-05 -2.7960085159095924e-05 2.1294522566162396e-05 0.00094893804523131238 0.0034906899064553912
leaf_weight=32 40 48 49 87 593 51
leaf_count=32 40 48 49 87 593 51
internal_value=0.00133333 0.00192396 -5.68181e-05 0.000925197 0.00242775 0.0025
internal_weight=900 868 176 127 692 644
internal_count=900 868 176 127 692 644
is_linear=0
shrinkage=0.05


Tree=24
num_leaves=7
num_cat=0
split_feature=0 1 0 0 0 0
split_gain=3.38287 0.405539 0.214085 0.0579238 0.023538 2.22045e-16
threshold=0.80904661923610954 0.85873401175945607 0.84268830423993235 0.82617116864644558 0.85966175557222935 0.97834566237204823
decision_type=2 2 2 2 2 2
left_child=-1 2 3 -2 -3 -6
right_child=1 4 -4 -5 5 -7
leaf_value=-0.00089420884630457835 7.4821404546881028e-06 0.00010087006077789118 -1.6105182778820825e-05 2.0229796437854295e-05 0.00090149114296974588 0.0033161554111326209
leaf_weight=32 40 40 57 87 593 51
leaf_count=32 40 40 57 87 593 51
internal_value=0.00127778 0.00186636 -0.000217391 0.000925197 0.0024269 0.0025
internal_weight=900 868 184 127 684 644
internal_count=900 868 184 127 684 644
is_linear=0
shrinkage=0.05


Tree=25
num_leaves=7
num_cat=0
split_feature=0 1 0 0 0 0
split_gain=3.38287 0.405539 0.214085 0.0579238 0.023538 2.22045e-16
threshold=0.80904661923610954 0.85873401175945607 0.84268830423993235 0.82617116864644558 0.85966175557222935 0.97834566237204823
decision_type=2 2 2 2 2 2
left_child=-1 2 3 -2 -3 -6
right_child=1 4 -4 -5 5 -7
leaf_value=-0.0008494984039893517 7.1080334319555525e-06 9.5826557738998297e-05 -1.5299923639879021e-05 1.9218306615959379e-05 0.00085641658582125699 0.0031503476405759902
leaf_weight=32 40 40 57 87 593 51
leaf_count=32 40 40 57 87 593 51
internal_value=0.00127778 0.00186636 -0.000217391 0.000925197 0.0024269 0.0025
internal_weight=900 868 184 127 684 644
internal_count=900 868 184 127 684 644
is_linear=0
shrinkage=0.05


Tree=26
num_leaves=7
num_cat=0
split_feature=0 1 0 1 0 0
split_gain=3.35937 0.493172 0.182669 0.12288 0.023538 2.22045e-16
threshold=0.80904661923610954 0.85873401175945607 0.82617116864644558 0.83696302634877406 0.85966175557222935 0.97834566237204823
decision_type=2 2 2 2 2 2
left_child=-1 2 -2 -4 -3 -6
right_child=1 4 3 -5 5 -7
leaf_value=-0.00080702348378988156 6.7526317603576871e-06 9.1035229852048932e-05 -0.00017065712704966615 -1.9241064542764566e-06 0.00081359575653019436 0.0029928302585471912
leaf_weight=32 40 40 30 114 593 51
leaf_count=32 40 40 30 114 593 51
internal_value=0.00122222 0.00180876 -0.00048913 -0.00131944 0.0024269 0.0025
internal_weight=900 868 184 144 684 644
internal_count=900 868 184 144 684 644
is_linear=0
shrinkage=0.05


Tree=27
num_leaves=7
num_cat=0
split_feature=0 1 0 0 0 0
split_gain=2.75312 0.476959 0.190476 0.0877193 2.22045e-16 2.22045e-16
threshold=0.80904661923610954 0.86596008212536135 0.85507564523487611 0.82617116864644558 0.97834566237204823 0.94117841531464974
decision_type=2 2 2 2 2 2
left_child=-1 2 3 -2 5 -3
right_child=1 4 -4 -5 -6 -7
leaf_value=-0.00076667230960038584 6.4150001723422121e-06 0.00077150691483650064 -2.1378358618970007e-05 3.8718146323356136e-06 0.0028431887456198293 0.0033563370222425451
leaf_weight=32 40 464 32 152 51 129
leaf_count=32 40 464 32 152 51 129
internal_value=0.00127778 0.00180876 -0.000178571 0.000416667 0.0025 0.0025
internal_weight=900 868 224 192 644 593
internal_count=900 868 224 192 644 593
is_linear=0
shrinkage=0.05


Tree=28
num_leaves=7
num_cat=0
split_feature=0 1 0 0 0 0
split_gain=2.75312 0.476959 0.190476 0.0877193 2.22045e-16 2.22045e-16
threshold=0.80904661923610954 0.86596008212536135 0.85507564523487611 0.82617116864644558 0.97834566237204823 0.94117841531464974
decision_type=2 2 2 2 2 2
left_child=-1 2 3 -2 5 -3
right_child=1 4 -4 -5 -6 -7
leaf_value=-0.00072833869412036734 6.0942501637277893e-06 0.00073293156909467474 -2.0309440688023574e-05 3.6782239007181032e-06 0.0027010293083388373 0.0031885201711304156
leaf_weight=32 40 464 32 152 51 129
leaf_count=32 40 464 32 152 51 129
internal_value=0.00127778 0.00180876 -0.000178571 0.000416667 0.0025 0.0025
internal_weight=900 868 224 192 644 593
internal_count=900 868 224 192 644 593
is_linear=0
shrinkage=0.05


Tree=29
num_leaves=7
num_cat=0
split_feature=0 1 0 1 0 0
split_gain=2.18817 0.559764 0.167411 0.0588942 2.22045e-16 2.22045e-16
threshold=0.80904661923610954 0.86596008212536135 0.85507564523487611 0.83132236025681849 0.97834566237204823 0.94117841531464974
decision_type=2 2 2 2 2 2
left_child=-1 2 3 -2 5 -3
right_child=1 4 -4 -5 -6 -7
leaf_value=-0.00069192175941434897 -2.2273208967875156e-06 0.00069628499063993936 -1.9293968653624461e-05 1.7204707970763502e-05 0.002565977842921896 0.0030290941625738979
leaf_weight=32 36 464 32 156 51 129
leaf_count=32 36 464 32 156 51 129
internal_value=0.00127778 0.00175115 -0.000401786 0.00015625 0.0025 0.0025
internal_weight=900 868 224 192 644 593
internal_count=900 868 224 192 644 593
is_linear=0
shrinkage=0.05


Tree=30
num_leaves=7
num_cat=0
split_feature=0 1 0 1 0 0
split_gain=2.22621 0.400778 0.11743 0.0579757 2.22045e-16 2.22045e-16
threshold=0.80904661923610954 0.86596008212536135 0.82617116864644558 0.83696302634877406 0.97834566237204823 0.94117841531464974
decision_type=2 2 2 2 2 2
left_child=-1 2 -2 -4 5 -3
right_child=1 4 3 -5 -6 -7
leaf_value=-0.00065732567144363154 4.9778823009413323e-06 0.00066147074110794459 -0.00016292478735185776 -3.9897254982828897e-07 0.0024376789507758014 0.0028776394544452024
leaf_weight=32 40 464 30 154 51 129
leaf_count=32 40 464 30 154 51 129
internal_value=0.00138889 0.00186636 4.46429e-05 -0.00048913 0.0025 0.0025
internal_weight=900 868 224 184 644 593
internal_count=900 868 224 184 644 593
is_linear=0
shrinkage=0.05


Tree=31
num_leaves=7
num_cat=0
split_feature=1 1 0 1 0 0
split_gain=1.33959 0.419488 0.0974235 0.0579757 2.22045e-16 2.22045e-16
threshold=0.82029788576091456 0.86596008212536135 0.82617116864644558 0.83696302634877406 0.97834566237204823 0.94117841531464974
decision_type=2 2 2 2 2 2
left_child=-1 2 -2 -4 5 -3
right_child=1 4 3 -5 -6 -7
leaf_value=-0.00040727198000253817 1.5159558657254231e-05 0.00062839720405254986 -0.00015477854798426758 -3.7902392233951394e-07 0.002315795003237009 0.0027337574817229426
leaf_weight=40 32 464 30 154 51 129
leaf_count=40 32 464 30 154 51 129
internal_value=0.00144444 0.00186047 -4.62962e-05 -0.00048913 0.0025 0.0025
internal_weight=900 860 216 184 644 593
internal_count=900 860 216 184 644 593
is_linear=0
shrinkage=0.05


Tree=32
num_leaves=8
num_cat=0
split_feature=0 1 0 1 0 0 0
split_gain=1.32535 0.331221 0.129592 0.0883828 0.0325821 2.22045e-16 2.22045e-16
threshold=0.80904661923610954 0.86596008212536135 0.84268830423993235 0.85754645052521405 0.82617116864644558 0.97834566237204823 0.94117841531464974
decision_type=2 2 2 2 2 2 2
left_child=-1 2 4 -4 -2 6 -3
right_child=1 5 3 -5 -6 -7 -8
leaf_value=-0.00060409578887132278 1.7948062242821122e-05 0.00059697734384992493 -2.4379727316473671e-05 4.4790297445199962e-06 3.6729678372004621e-05 0.0022000052530751603 0.0025970696076367929
leaf_weight=32 40 464 49 48 87 51 129
leaf_count=32 40 464 49 48 87 51 129
internal_value=0.00155556 0.00192396 0.000267857 -0.00110825 0.0013189 0.0025 0.0025
internal_weight=900 868 224 97 127 644 593
internal_count=900 868 224 97 127 644 593
is_linear=0
shrinkage=0.05


Tree=33
num_leaves=8
num_cat=0
split_feature=0 1 0 1 0 0 0
split_gain=1.32535 0.331221 0.129592 0.0883828 0.0325821 2.22045e-16 2.22045e-16
threshold=0.80904661923610954 0.86596008212536135 0.84268830423993235 0.85754645052521405 0.82617116864644558 0.97834566237204823 0.94117841531464974
decision_type=2 2 2 2 2 2 2
left_child=-1 2 4 -4 -2 6 -3
right_child=1 5 3 -5 -6 -7 -8
leaf_value=-0.00057389099942775634 1.7050659130677753e-05 0.00056712847665743029 -2.3160740950648492e-05 4.2550782572929044e-06 3.4893194453405478e-05 0.0020900049904214015 0.0024672161272549509
leaf_weight=32 40 464 49 48 87 51 129
leaf_count=32 40 464 49 48 87 51 129
internal_value=0.00155556 0.00192396 0.000267857 -0.00110825 0.0013189 0.0025 0.0025
internal_weight=900 868 224 97 127 644 593
internal_count=900 868 224 97 127 644 593
is_linear=0
shrinkage=0.05


Tree=34
num_leaves=8
num_cat=0
split_feature=0 1 0 1 0 1 0
split_gain=1.31065 0.30858 0.129592 0.0883828 0.0325821 0.0163043 4.44089e-16
threshold=0.80904661923610954 0.86596008212536135 0.84268830423993235 0.85754645052521405 0.82617116864644558 0.87577655643056562 0.98785874852812416
decision_type=2 2 2 2 2 2 2
left_child=-1 2 4 -4 -2 -3 -7
right_child=1 5 3 -5 -6 6 -8
leaf_value=-0.00054519644945636998 1.6198126174142108e-05 0.00032799915316050201 -2.200270390311568e-05 4.0423243444279994e-06 3.3148534730736573e-05 0.00085789979382973618 0.0017927117156132323
leaf_weight=32 40 56 49 48 87 555 33
leaf_count=32 40 56 49 48 87 555 33
internal_value=0.0015 0.00186636 0.000267857 -0.00110825 0.0013189 0.00242236 0.0025
internal_weight=900 868 224 97 127 644 588
internal_count=900 868 224 97 127 644 588
is_linear=0
shrinkage=0.05


Tree=35
num_leaves=7
num_cat=0
split_feature=0 1 0 0 1 0
split_gain=1.32535 0.247953 0.107143 0.0493421 0.0163043 4.44089e-16
threshold=0.80904661923610954 0.86596008212536135 0.85507564523487611 0.82617116864644558 0.87577655643056562 0.98785874852812416
decision_type=2 2 2 2 2 2
left_child=-1 2 3 -2 -3 -6
right_child=1 4 -4 -5 5 -7
leaf_value=-0.00051793662698355056 1.5388219865434634e-05 0.00031159919550247664 -1.6665402795380994e-05 1.0691071458101959e-05 0.00081500480413824745 0.0017030761298325705
leaf_weight=32 40 56 32 152 555 33
leaf_count=32 40 56 32 152 555 33
internal_value=0.00155556 0.00192396 0.000491071 0.0009375 0.00242236 0.0025
internal_weight=900 868 224 192 644 588
internal_count=900 868 224 192 644 588
is_linear=0
shrinkage=0.05


Tree=36
num_leaves=7
num_cat=0
split_feature=0 1 0 1 0 0
split_gain=1.31065 0.24351 0.0554944 0.0452899 4.44089e-16 2.77556e-17
threshold=0.80904661923610954 0.87957313233144629 0.82617116864644558 0.86596008212536135 0.88789603287719343 0.88193844385577558
decision_type=2 2 2 2 2 2
left_child=-1 2 -2 -4 5 -3
right_child=1 4 3 -5 -6 -7
leaf_value=-0.00049203979563437479 1.4618808872161421e-05 0.00055733374326172867 2.2651438752600229e-07 0.0002048530330850566 0.0016781074421308995 0.00089130647209713647
leaf_weight=32 40 58 184 92 464 30
leaf_count=32 40 58 184 92 464 30
internal_value=0.0015 0.00186636 0.000759494 0.000507246 0.0025 0.0025
internal_weight=900 868 316 276 552 88
internal_count=900 868 316 276 552 88
is_linear=0
shrinkage=0.05


Tree=37
num_leaves=7
num_cat=0
split_feature=0 1 0 0 0 0
split_gain=0.930899 0.289798 0.051346 0.0956363 4.44089e-16 2.77556e-17
threshold=0.80904661923610954 0.87957313233144629 0.82451132860438447 0.83093522779011797 0.88789603287719343 0.88193844385577558
decision_type=2 2 2 2 2 2
left_child=-1 2 -2 -4 5 -3
right_child=1 4 3 -5 -6 -7
leaf_value=-0.00046743780585265519 1.8355977597439567e-05 0.0005294670560986426 -0.00012558511634147093 1.4511085206338779e-05 0.0015942020700243531 0.00084674114849228046
leaf_weight=32 32 58 32 252 464 30
leaf_count=32 32 58 32 252 464 30
internal_value=0.0015 0.00180876 0.000601266 0.000387324 0.0025 0.0025
internal_weight=900 868 316 284 552 88
internal_count=900 868 316 284 552 88
is_linear=0
shrinkage=0.05


Tree=38
num_leaves=7
num_cat=0
split_feature=0 1 0 1 0 0
split_gain=0.930899 0.289798 0.0660429 0.0652174 4.44089e-16 2.77556e-17
threshold=0.80904661923610954 0.87957313233144629 0.82617116864644558 0.86596008212536135 0.88789603287719343 0.88193844385577558
decision_type=2 2 2 2 2 2
left_child=-1 2 -2 -4 5 -3
right_child=1 4 3 -5 -6 -7
leaf_value=-0.0004440659155600213 1.4760263993269235e-05 0.00050299370329370818 -5.1036559216984581e-07 0.00019388482717048777 0.0015144919665231349 0.00080440409106766761
leaf_weight=32 40 58 184 92 464 30
leaf_count=32 40 58 184 92 464 30
internal_value=0.0015 0.00180876 0.000601266 0.000326087 0.0025 0.0025
internal_weight=900 868 316 276 552 88
internal_count=900 868 316 276 552 88
is_linear=0
shrinkage=0.05


Tree=39
num_leaves=7
num_cat=0
split_feature=0 1 0 1 0 0
split_gain=0.61595 0.34011 0.10639 0.0955514 4.44089e-16 2.77556e-17
threshold=0.80904661923610954 0.87957313233144629 0.86992424996627349 0.86596008212536135 0.88789603287719343 0.88193844385577558
decision_type=2 2 2 2 2 2
left_child=-1 2 3 -2 5 -3
right_child=1 4 -4 -5 -6 -7
leaf_value=-0.0004218626197820208 4.0623277253715575e-06 0.00047784401812902557 -2.749963486510243e-05 0.00029033319812671879 0.0014387673681969804 0.0007641838865142859
leaf_weight=32 224 58 31 61 464 30
leaf_count=32 224 58 31 61 464 30
internal_value=0.0015 0.00175115 0.000443038 0.000745614 0.0025 0.0025
internal_weight=900 868 316 285 552 88
internal_count=900 868 316 285 552 88
is_linear=0
shrinkage=0.05


Tree=40
num_leaves=7
num_cat=0
split_feature=0 1 0 1 0 0
split_gain=0.61595 0.34011 0.10639 0.0955514 4.44089e-16 2.77556e-17
threshold=0.80904661923610954 0.87957313233144629 0.86992424996627349 0.86596008212536135 0.88789603287719343 0.88193844385577558
decision_type=2 2 2 2 2 2
left_child=-1 2 3 -2 5 -3
right_child=1 4 -4 -5 -6 -7
leaf_value=-0.00040076948879291807 3.8592113391056462e-06 0.00045395181722257538 -2.6124653121845089e-05 0.00027581653822038034 0.0013668289997871286 0.00072597469218856905
leaf_weight=32 224 58 31 61 464 30
leaf_count=32 224 58 31 61 464 30
internal_value=0.0015 0.00175115 0.000443038 0.000745614 0.0025 0.0025
internal_weight=900 868 316 285 552 88
internal_count=900 868 316 285 552 88
is_linear=0
shrinkage=0.05


Tree=41
num_leaves=7
num_cat=0
split_feature=0 1 0 1 0 0
split_gain=0.61595 0.34011 0.10639 0.0955514 4.44089e-16 2.77556e-17
threshold=0.80904661923610954 0.87957313233144629 0.86992424996627349 0.86596008212536135 0.88789603287719343 0.88193844385577558
decision_type=2 2 2 2 2 2
left_child=-1 2 3 -2 5 -3
right_child=1 4 -4 -5 -6 -7
leaf_value=-0.00038073101435327495 3.6662507721530302e-06 0.00043125422636144386 -2.4818420465755331e-05 0.00026202571130936047 0.0012984875497977723 0.00068967595757913897
leaf_weight=32 224 58 31 61 464 30
leaf_count=32 224 58 31 61 464 30
internal_value=0.0015 0.00175115 0.000443038 0.000745614 0.0025 0.0025
internal_weight=900 868 316 285 552 88
internal_count=900 868 316 285 552 88
is_linear=0
shrinkage=0.05


Tree=42
num_leaves=7
num_cat=0
split_feature=1 0 0 1 0 0
split_gain=0.571034 0.189219 0.0946308 0.115617 4.44089e-16 2.77556e-17
threshold=0.87957313233144629 0.80904661923610954 0.86992424996627349 0.86596008212536135 0.88789603287719343 0.88193844385577558
decision_type=2 2 2 2 2 2
left_child=1 -1 3 -3 5 -2
right_child=4 2 -4 -5 -6 -7
leaf_value=-0.00036169446363560899 0.00040969151504336999 3.482938233543327e-06 -2.3577499442467565e-05 0.00024892442574389053 0.0012335631723078833 0.00065519215970017981
leaf_weight=32 58 224 31 61 464 30
leaf_count=32 58 224 31 61 464 30
internal_value=0.0015 -8.62068e-05 0.00028481 0.000570175 0.0025 0.0025
internal_weight=900 348 316 285 552 88
internal_count=900 348 316 285 552 88
is_linear=0
shrinkage=0.05


Tree=43
num_leaves=9
num_cat=0
split_feature=1 0 0 0 1 0 0 0
split_gain=0.564006 0.161272 0.21503 0.0671601 0.0372671 0.085554 4.44089e-16 2.77556e-17
threshold=0.86596008212536135 0.85507564523487611 0.80904661923610954 0.82617116864644558 0.87957313233144629 0.86992424996627349 0.88789603287719343 0.88193844385577558
decision_type=2 2 2 2 2 2 2 2
left_child=1 2 -1 -4 5 -2 7 -6
right_child=4 -3 3 -5 6 -7 -8 -9
leaf_value=-0.00034360974045382633 0.00023647820445669711 -1.7297030759201762e-05 1.3268714390102795e-05 1.1843783528360237e-05 0.00038920693929120342 -2.2398624470343353e-05 0.0011718850136924865 0.00062243255171516858
leaf_weight=32 61 32 40 152 58 31 464 30
leaf_count=32 61 32 40 152 58 31 464 30
internal_value=0.00155556 -0.000429687 4.46429e-05 0.000677083 0.00234472 0.00141304 0.0025 0.0025
internal_weight=900 256 224 192 644 92 552 88
internal_count=900 256 224 192 644 92 552 88
is_linear=0
shrinkage=0.05


Tree=44
num_leaves=10
num_cat=0
split_feature=1 0 0 1 1 0 0 0 0
split_gain=0.487392 0.180804 0.129592 0.0883828 0.0372671 0.085554 0.0325821 4.44089e-16 2.77556e-17
threshold=0.86596008212536135 0.80904661923610954 0.84268830423993235 0.85754645052521405 0.87957313233144629 0.86992424996627349 0.82617116864644558 0.88789603287719343 0.88193844385577558
decision_type=2 2 2 2 2 2 2 2 2
left_child=1 -1 6 -4 5 -2 -3 8 -6
right_child=4 2 3 -5 7 -7 -8 -9 -10
leaf_value=-0.0003264292534311375 0.00022465429423386142 1.2605278670597127e-05 -2.2364263689030631e-05 4.0734317013461361e-06 0.0003697465923266419 -2.1278693246828963e-05 2.8899467141285258e-05 0.0011132907630078627 0.00059131092412941237
leaf_weight=32 61 40 49 48 58 31 87 464 30
leaf_count=32 61 40 49 48 58 31 87 464 30
internal_value=0.00161111 -0.000234375 0.000267857 -0.00110825 0.00234472 0.00141304 0.0013189 0.0025 0.0025
internal_weight=900 256 224 97 644 92 127 552 88
internal_count=900 256 224 97 644 92 127 552 88
is_linear=0
shrinkage=0.05


Tree=45
num_leaves=10
num_cat=0
split_feature=1 0 0 1 1 0 0 0 0
split_gain=0.487392 0.180804 0.129592 0.0883828 0.0372671 0.085554 0.0325821 4.44089e-16 2.77556e-17
threshold=0.86596008212536135 0.80904661923610954 0.84268830423993235 0.85754645052521405 0.87957313233144629 0.86992424996627349 0.82617116864644558 0.88789603287719343 0.88193844385577558
decision_type=2 2 2 2 2 2 2 2 2
left_child=1 -1 6 -4 5 -2 -3 8 -6
right_child=4 2 3 -5 7 -7 -8 -9 -10
leaf_value=-0.00031010779075957843 0.00021342157952216614 1.1975014737065077e-05 -2.1246050504577255e-05 3.8697601162766269e-06 0.00035125926271030732 -2.0214758584485849e-05 2.7454493784223195e-05 0.0010576262248574719 0.00056174537792293979
leaf_weight=32 61 40 49 48 58 31 87 464 30
leaf_count=32 61 40 49 48 58 31 87 464 30
internal_value=0.00161111 -0.000234375 0.000267857 -0.00110825 0.00234472 0.00141304 0.0013189 0.0025 0.0025
internal_weight=900 256 224 97 644 92 127 552 88
internal_count=900 256 224 97 644 92 127 552 88
is_linear=0
shrinkage=0.05


Tree=46
num_leaves=9
num_cat=0
split_feature=1 0 0 0 1 0 0 0
split_gain=0.350933 0.0803571 0.107143 0.0493421 0.0372671 0.085554 4.44089e-16 2.77556e-17
threshold=0.86596008212536135 0.85507564523487611 0.80904661923610954 0.82617116864644558 0.87957313233144629 0.86992424996627349 0.88789603287719343 0.88193844385577558
decision_type=2 2 2 2 2 2 2 2
left_child=1 2 -1 -4 5 -2 7 -6
right_child=4 -3 3 -5 6 -7 -8 -9
leaf_value=-0.00029460240122159976 0.00020275050054605615 -1.5411617337274374e-05 1.1376264000212961e-05 8.433896305666262e-06 0.00033369629957479279 -1.9204020655261279e-05 0.0010047449136145971 0.00053365810902679118
leaf_weight=32 61 32 40 152 58 31 464 30
leaf_count=32 61 32 40 152 58 31 464 30
internal_value=0.00172222 0.00015625 0.000491071 0.0009375 0.00234472 0.00141304 0.0025 0.0025
internal_weight=900 256 224 192 644 92 552 88
internal_count=900 256 224 192 644 92 552 88
is_linear=0
shrinkage=0.05


Tree=47
num_leaves=6
num_cat=0
split_feature=1 0 0 1 0
split_gain=0.342105 0.102938 0.0958223 0.101992 4.44089e-16
threshold=0.88516588153222397 0.80904661923610954 0.87285303713674789 0.86596008212536135 0.88789603287719343
decision_type=2 2 2 2 2
left_child=1 -1 3 -3 -2
right_child=4 2 -4 -5 -6
leaf_value=-0.00027987228116052034 0.00037197621714101669 1.1654645225607917e-06 -1.4850252145177435e-05 0.00019721564668375159 0.00095450766793386821
leaf_weight=32 56 224 36 88 464
leaf_count=32 56 224 36 88 464
internal_value=0.00166667 0.000526316 0.000775862 0.00105769 0.0025
internal_weight=900 380 348 312 520
internal_count=900 380 348 312 520
is_linear=0
shrinkage=0.05


Tree=48
num_leaves=6
num_cat=0
split_feature=1 0 0 1 0
split_gain=0.342105 0.102938 0.0958223 0.101992 4.44089e-16
threshold=0.88516588153222397 0.80904661923610954 0.87285303713674789 0.86596008212536135 0.88789603287719343
decision_type=2 2 2 2 2
left_child=1 -1 3 -3 -2
right_child=4 2 -4 -5 -6
leaf_value=-0.00026587866710249265 0.0003533774062839655 1.1071912964329555e-06 -1.410773953791722e-05 0.00018735486434956483 0.00090678228453717764
leaf_weight=32 56 224 36 88 464
leaf_count=32 56 224 36 88 464
internal_value=0.00166667 0.000526316 0.000775862 0.00105769 0.0025
internal_weight=900 380 348 312 520
internal_count=900 380 348 312 520
is_linear=0
shrinkage=0.05


Tree=49
num_leaves=6
num_cat=0
split_feature=1 0 0 0 0
split_gain=0.313686 0.109887 0.0479514 0.0706915 2.22045e-16
threshold=0.8933988127171324 0.80904661923610954 0.82617116864644558 0.84939015787069005 0.98936671016101652
decision_type=2 2 2 2 2
left_child=1 -1 -3 -4 -2
right_child=4 2 3 -5 -6
leaf_value=-0.00025258473374736856 0.00091677595735069068 1.0693818009255834e-05 4.8931590034568907e-07 4.6390746701546557e-05 0.00079918202171189731
leaf_weight=32 442 40 126 230 30
leaf_count=32 442 40 126 230 30
internal_value=0.00161111 0.000630841 0.000858586 0.000674157 0.0025
internal_weight=900 428 396 356 472
internal_count=900 428 396 356 472
is_linear=0
shrinkage=0.05


Tree=50
num_leaves=10
num_cat=0
split_feature=1 0 1 0 1 0 0 0 0
split_gain=0.43047 0.180804 0.0681785 0.106977 0.0727273 0.0514377 0.0914977 0.0432117 2.22045e-16
threshold=0.86596008212536135 0.85507564523487611 0.8933988127171324 0.87285303713674789 0.88516588153222397 0.82689914277082355 0.8368778251678074 0.81603609319719117 0.98936671016101652
decision_type=2 2 2 2 2 2 2 2 2
left_child=1 5 3 -2 -5 7 -7 -1 -4
right_child=2 -3 8 4 -6 6 -8 -9 -10
leaf_value=5.3144469224278381e-06 0.00017741042363620952 -1.707420659643478e-05 0.00087093715948315391 -1.5721889896098465e-05 0.00022278629329665163 6.602980143524033e-05 2.7987565055099819e-05 -0.00012487872134334642 0.00075922292062630126
leaf_weight=44 92 32 442 36 44 52 96 32 30
leaf_count=44 92 32 442 36 44 52 96 32 30
internal_value=0.0015 -0.000234375 0.00218944 0.00133721 6.51926e-11 0.000267857 0.000810811 -0.000789474 0.0025
internal_weight=900 256 644 172 80 224 148 76 472
internal_count=900 256 644 172 80 224 148 76 472
is_linear=0
shrinkage=0.05


Tree=51
num_leaves=10
num_cat=0
split_feature=1 0 1 0 1 0 1 0 0
split_gain=0.43047 0.180804 0.0681785 0.106977 0.0727273 0.0301796 0.0838654 0.0694444 2.22045e-16
threshold=0.86596008212536135 0.85507564523487611 0.8933988127171324 0.87285303713674789 0.88516588153222397 0.82617116864644558 0.83696302634877406 0.80904661923610954 0.98936671016101652
decision_type=2 2 2 2 2 2 2 2 2
left_child=1 5 3 -2 -5 7 -7 -1 -4
right_child=2 -3 8 4 -6 6 -8 -9 -10
leaf_value=-0.00024022121940612263 0.000168539902454401 -1.6220496266611383e-05 0.00082739030150899562 -1.4935795401294972e-05 0.00021164697863181966 -0.0001492940190875053 5.4901444596644739e-05 1.0218887494185248e-05 0.00072126177459498348
leaf_weight=32 92 32 442 36 44 30 122 40 30
leaf_count=32 92 32 442 36 44 30 122 40 30
internal_value=0.0015 -0.000234375 0.00218944 0.00133721 6.51926e-11 0.000267857 -0.000131579 0.00111111 0.0025
internal_weight=900 256 644 172 80 224 152 72 472
internal_count=900 256 644 172 80 224 152 72 472
is_linear=0
shrinkage=0.05


Tree=52
num_leaves=10
num_cat=0
split_feature=0 1 1 0 1 1 1 0 0
split_gain=0.353889 0.1625 0.0685673 0.106433 0.0727273 0.0487805 0.0762195 0.000549853 2.77556e-17
threshold=0.86052070844962769 0.85549074225172717 0.8933988127171324 0.87285303713674789 0.88516588153222397 0.85006194205486219 0.84366584023459457 0.85507564523487611 0.86913455158448627
decision_type=2 2 2 2 2 2 2 2 2
left_child=1 5 3 8 -5 6 -1 -3 -2
right_child=2 7 -4 4 -6 -7 -8 -9 -10
leaf_value=8.2293242069018072e-06 9.207152377594813e-05 -3.3814616176568869e-06 0.00079478684204449816 -1.4189005631227493e-05 0.00020106462970022706 0.00011137497863707991 -4.4977154777658646e-05 -1.7096163699273924e-05 0.00029906176427899056
leaf_weight=128 60 33 469 36 44 32 36 31 31
leaf_count=128 60 33 469 36 44 32 36 31 31
internal_value=0.00155556 6.51926e-11 0.0021875 0.00133041 6.51926e-11 0.000714286 0.000365854 -0.0021875 0.0025
internal_weight=900 260 640 171 80 196 164 64 91
internal_count=900 260 640 171 80 196 164 64 91
is_linear=0
shrinkage=0.05


Tree=53
num_leaves=7
num_cat=0
split_feature=0 1 1 0 0 0
split_gain=0.363214 0.100119 0.0451562 0.107311 0.0557105 2.22045e-16
threshold=0.88970647510144418 0.88786539630242067 0.86596008212536135 0.87285303713674789 0.84268830423993235 0.98936671016101652
decision_type=2 2 2 2 2 2
left_child=1 2 4 -4 -1 -2
right_child=5 -3 3 -5 -6 -7
leaf_value=9.1732588714489032e-06 0.00081164613393442948 -2.5881701214980524e-06 0.00015702646260986846 1.6624386501222008e-06 -1.0106567967881088e-05 0.00064545934376299965
leaf_weight=159 422 48 91 53 97 30
leaf_count=159 422 48 91 53 97 30
internal_value=0.0015 0.000491071 0.00075 0.00145833 0.000351563 0.0025
internal_weight=900 448 400 144 256 452
internal_count=900 448 400 144 256 452
is_linear=0
shrinkage=0.05


Tree=54
num_leaves=7
num_cat=0
split_feature=0 1 1 0 0 0
split_gain=0.363214 0.100119 0.0451562 0.107311 0.0557105 2.22045e-16
threshold=0.88970647510144418 0.88786539630242067 0.86596008212536135 0.87285303713674789 0.84268830423993235 0.98936671016101652
decision_type=2 2 2 2 2 2
left_child=1 2 4 -4 -1 -2
right_child=5 -3 3 -5 -6 -7
leaf_value=8.7145959278790158e-06 0.00077106382723770575 -2.4587616154203751e-06 0.00014917513947937627 1.5793167176184961e-06 -9.60123956948863e-06 0.00061318637657484807
leaf_weight=159 422 48 91 53 97 30
leaf_count=159 422 48 91 53 97 30
internal_value=0.0015 0.000491071 0.00075 0.00145833 0.000351563 0.0025
internal_weight=900 448 400 144 256 452
internal_count=900 448 400 144 256 452
is_linear=0
shrinkage=0.05


Tree=55
num_leaves=7
num_cat=0
split_feature=0 1 1 0 0 0
split_gain=0.363214 0.100119 0.0451562 0.107311 0.0557105 2.22045e-16
threshold=0.88970647510144418 0.88786539630242067 0.86596008212536135 0.87285303713674789 0.84268830423993235 0.98936671016101652
decision_type=2 2 2 2 2 2
left_child=1 2 4 -4 -1 -2
right_child=5 -3 3 -5 -6 -7
leaf_value=8.2788661314848481e-06 0.00073251063587582163 -2.3358235346493572e-06 0.00014171638250540477 1.500350881737201e-06 -9.1211775910135751e-06 0.00058252705774610727
leaf_weight=159 422 48 91 53 97 30
leaf_count=159 422 48 91 53 97 30
internal_value=0.0015 0.000491071 0.00075 0.00145833 0.000351563 0.0025
internal_weight=900 448 400 144 256 452
internal_count=900 448 400 144 256 452
is_linear=0
shrinkage=0.05


Tree=56
num_leaves=7
num_cat=0
split_feature=0 1 1 0 0 0
split_gain=0.363214 0.100119 0.0451562 0.107311 0.0557105 2.22045e-16
threshold=0.88970647510144418 0.88786539630242067 0.86596008212536135 0.87285303713674789 0.84268830423993235 0.98936671016101652
decision_type=2 2 2 2 2 2
left_child=1 2 4 -4 -1 -2
right_child=5 -3 3 -5 -6 -7
leaf_value=7.864922824908445e-06 0.00069588510408202797 -2.2190323579141148e-06 0.00013463056338013606 1.4253333376494158e-06 -8.6651187114636608e-06 0.00055340070485879742
leaf_weight=159 422 48 91 53 97 30
leaf_count=159 422 48 91 53 97 30
internal_value=0.0015 0.000491071 0.00075 0.00145833 0.000351563 0.0025
internal_weight=900 448 400 144 256 452
internal_count=900 448 400 144 256 452
is_linear=0
shrinkage=0.05


Tree=57
num_leaves=7
num_cat=0
split_feature=0 1 1 0 0 0
split_gain=0.363214 0.100119 0.0451562 0.107311 0.0557105 2.22045e-16
threshold=0.88970647510144418 0.88786539630242067 0.86596008212536135 0.87285303713674789 0.84268830423993235 0.98936671016101652
decision_type=2 2 2 2 2 2
left_child=1 2 4 -4 -1 -2
right_child=5 -3 3 -5 -6 -7
leaf_value=7.471676683663637e-06 0.00066109084887792664 -2.1080807400209079e-06 0.0001278990352111288 1.3540666707649094e-06 -8.2318627758912422e-06 0.00052573066961585373
leaf_weight=159 422 48 91 53 97 30
leaf_count=159 422 48 91 53 97 30
internal_value=0.0015 0.000491071 0.00075 0.00145833 0.000351563 0.0025
internal_weight=900 448 400 144 256 452
internal_count=900 448 400 144 256 452
is_linear=0
shrinkage=0.05


Tree=58
num_leaves=6
num_cat=0
split_feature=0 0 0 1 0
split_gain=0.404692 0.090831 0.103717 0.0993038 2.22045e-16
threshold=0.88970647510144418 0.88361676198909567 0.87306232937857964 0.87784539319788768 0.98936671016101652
decision_type=2 2 2 2 2
left_child=1 2 3 -1 -2
right_child=4 -3 -4 -5 -6
leaf_value=4.7287467910971303e-06 0.00062803630643403223 -3.4472670587816837e-06 0.0003520401744361891 -2.1838446810950953e-05 0.00049944413613506322
leaf_weight=326 422 32 60 30 30
leaf_count=326 422 32 60 30 30
internal_value=0.00144444 0.000379464 0.000576923 0.000252809 0.0025
internal_weight=900 448 416 356 452
internal_count=900 448 416 356 452
is_linear=0
shrinkage=0.05


Tree=59
num_leaves=5
num_cat=0
split_feature=0 0 0 0
split_gain=0.477105 0.127606 0.0739055 0.222662
threshold=0.89084961854006528 0.88361676198909567 0.87687552908743249 0.87232345795723731
decision_type=2 2 2 2
left_child=1 2 3 -1
right_child=-2 -3 -4 -5
leaf_value=5.0133820069122616e-06 0.00056692574978615691 -5.9360504057470019e-06 0.00033443816546109242 -3.7933161104024751e-05
leaf_weight=344 444 40 40 32
leaf_count=344 444 40 40 32
internal_value=0.00133333 0.000197368 0.000456731 0.000239362
internal_weight=900 456 416 376
internal_count=900 456 416 376
is_linear=0
shrinkage=0.05


Tree=60
num_leaves=6
num_cat=0
split_feature=0 0 0 0 1
split_gain=0.43158 0.127606 0.0739055 0.222662 0.0289977
threshold=0.89084961854006528 0.88361676198909567 0.87687552908743249 0.87232345795723731 0.90440397331816869
decision_type=2 2 2 2 2
left_child=1 2 3 -1 -2
right_child=4 -3 -4 -5 -6
leaf_value=4.7627129065688243e-06 8.7394345773295084e-05 -5.639247885458261e-06 0.00031771625718803834 -3.6036503048824302e-05 0.00086826287098717221
leaf_weight=344 32 40 40 32 412
leaf_count=344 32 40 40 32 412
internal_value=0.00127778 0.000197368 0.000456731 0.000239362 0.00238739
internal_weight=900 456 416 376 444
internal_count=900 456 416 376 444
is_linear=0
shrinkage=0.05


Tree=61
num_leaves=6
num_cat=0
split_feature=0 0 0 0 1
split_gain=0.43158 0.127606 0.0739055 0.222662 0.0289977
threshold=0.89084961854006528 0.88361676198909567 0.87687552908743249 0.87232345795723731 0.90440397331816869
decision_type=2 2 2 2 2
left_child=1 2 3 -1 -2
right_child=4 -3 -4 -5 -6
leaf_value=4.5245772612381182e-06 8.3024628484629218e-05 -5.3572854911864543e-06 0.00030183044432863752 -3.4234677896382208e-05 0.00082484972743781322
leaf_weight=344 32 40 40 32 412
leaf_count=344 32 40 40 32 412
internal_value=0.00127778 0.000197368 0.000456731 0.000239362 0.00238739
internal_weight=900 456 416 376 444
internal_count=900 456 416 376 444
is_linear=0
shrinkage=0.05


Tree=62
num_leaves=6
num_cat=0
split_feature=0 0 0 0 1
split_gain=0.43158 0.127606 0.0739055 0.222662 0.0289977
threshold=0.89084961854006528 0.88361676198909567 0.87687552908743249 0.87232345795723731 0.90440397331816869
decision_type=2 2 2 2 2
left_child=1 2 3 -1 -2
right_child=4 -3 -4 -5 -6
leaf_value=4.2983483981786659e-06 7.8873397060397204e-05 -5.0894212166251855e-06 0.00028673892211220591 -3.2522944001560831e-05 0.00078360724106592359
leaf_weight=344 32 40 40 32 412
leaf_count=344 32 40 40 32 412
internal_value=0.00127778 0.000197368 0.000456731 0.000239362 0.00238739
internal_weight=900 456 416 376 444
internal_count=900 456 416 376 444
is_linear=0
shrinkage=0.05


Tree=63
num_leaves=6
num_cat=0
split_feature=0 0 0 0 1
split_gain=0.43158 0.127606 0.0739055 0.222662 0.0289977
threshold=0.89084961854006528 0.88361676198909567 0.87687552908743249 0.87232345795723731 0.90440397331816869
decision_type=2 2 2 2 2
left_child=1 2 3 -1 -2
right_child=4 -3 -4 -5 -6
leaf_value=4.0834309782680233e-06 7.4929727207379004e-05 -4.8349501557964202e-06 0.00027240197600659723 -3.0896796801481908e-05 0.00074442687901262546
leaf_weight=344 32 40 40 32 412
leaf_count=344 32 40 40 32 412
internal_value=0.00127778 0.000197368 0.000456731 0.000239362 0.00238739
internal_weight=900 456 416 376 444
internal_count=900 456 416 376 444
is_linear=0
shrinkage=0.05


Tree=64
num_leaves=6
num_cat=0
split_feature=0 1 0 1 0
split_gain=0.470222 0.199868 0.104459 0.0865282 2.22045e-16
threshold=0.89910735764868988 0.8997999894504557 0.88832994701862733 0.88516588153222397 0.9561459509978143
decision_type=2 2 2 2 2
left_child=1 2 3 -1 -2
right_child=4 -3 -4 -5 -6
leaf_value=3.2408549590125094e-06 0.00069282944882758009 -2.325658921039878e-05 -1.1949736076759198e-05 0.00031086988733622774 0.00085076978771299609
leaf_weight=380 289 33 31 56 111
leaf_count=380 289 33 31 56 111
internal_value=0.00122222 0.0002 0.000465739 0.000665138 0.0025
internal_weight=900 500 467 436 400
internal_count=900 500 467 436 400
is_linear=0
shrinkage=0.05


Tree=65
num_leaves=6
num_cat=0
split_feature=0 1 1 0 0
split_gain=0.430222 0.210639 0.0632192 0.106784 2.22045e-16
threshold=0.89910735764868988 0.8997999894504557 0.8933988127171324 0.87285303713674789 0.9561459509978143
decision_type=2 2 2 2 2
left_child=1 2 3 -1 -2
right_child=4 -3 -4 -5 -6
leaf_value=5.9787306070733605e-06 0.0006581879763862033 -2.2093759749877292e-05 9.8183885118869425e-05 -4.7172683750495081e-06 0.00080823129832734435
leaf_weight=348 289 33 39 80 111
leaf_count=348 289 33 39 80 111
internal_value=0.00127778 0.0003 0.000572805 0.000397196 0.0025
internal_weight=900 500 467 428 400
internal_count=900 500 467 428 400
is_linear=0
shrinkage=0.05


Tree=66
num_leaves=8
num_cat=0
split_feature=0 1 1 0 1 1 0
split_gain=0.346722 0.0845174 0.0632192 0.106784 0.00730392 0.0235294 1.11022e-16
threshold=0.89910735764868988 0.8997999894504557 0.8933988127171324 0.87285303713674789 0.9230861307353565 0.91695448696985082 0.98936671016101652
decision_type=2 2 2 2 2 2 2
left_child=1 2 3 -1 5 -2 -6
right_child=4 -3 -4 -5 6 -7 -8
leaf_value=5.6797940767215149e-06 0.0003592004588981235 -2.0989071762380772e-05 9.3274690862927374e-05 -4.4814049562979156e-06 0.00077994142583973753 0.0011790494340867875 0.00020211825161181585
leaf_weight=348 72 33 39 80 268 30 30
leaf_count=348 72 33 39 80 268 30 30
internal_value=0.00127778 0.0004 0.000572805 0.000397196 0.002375 0.0020098 0.0025
internal_weight=900 500 467 428 400 102 298
internal_count=900 500 467 428 400 102 298
is_linear=0
shrinkage=0.05


Tree=67
num_leaves=8
num_cat=0
split_feature=0 1 1 0 1 1 0
split_gain=0.346722 0.0845174 0.0632192 0.106784 0.00730392 0.0235294 1.11022e-16
threshold=0.89910735764868988 0.8997999894504557 0.8933988127171324 0.87285303713674789 0.9230861307353565 0.91695448696985082 0.98936671016101652
decision_type=2 2 2 2 2 2 2
left_child=1 2 3 -1 5 -2 -6
right_child=4 -3 -4 -5 6 -7 -8
leaf_value=5.3958043728850413e-06 0.00034124043595321621 -1.9939618174260739e-05 8.8610956319779653e-05 -4.2573347084805726e-06 0.00074094435454775238 0.0011200969623824497 0.00019201233903122229
leaf_weight=348 72 33 39 80 268 30 30
leaf_count=348 72 33 39 80 268 30 30
internal_value=0.00127778 0.0004 0.000572805 0.000397196 0.002375 0.0020098 0.0025
internal_weight=900 500 467 428 400 102 298
internal_count=900 500 467 428 400 102 298
is_linear=0
shrinkage=0.05


Tree=68
num_leaves=8
num_cat=0
split_feature=0 1 1 0 1 1 0
split_gain=0.346722 0.0845174 0.0632192 0.106784 0.00730392 0.0235294 1.11022e-16
threshold=0.89910735764868988 0.8997999894504557 0.8933988127171324 0.87285303713674789 0.9230861307353565 0.91695448696985082 0.98936671016101652
decision_type=2 2 2 2 2 2 2
left_child=1 2 3 -1 5 -2 -6
right_child=4 -3 -4 -5 6 -7 -8
leaf_value=5.1260141542417788e-06 0.00032417841415555707 -1.8942637265547822e-05 8.4180408503792923e-05 -4.044467973058816e-06 0.00070389713682036514 0.0010640921142633264 0.00018241172207965619
leaf_weight=348 72 33 39 80 268 30 30
leaf_count=348 72 33 39 80 268 30 30
internal_value=0.00127778 0.0004 0.000572805 0.000397196 0.002375 0.0020098 0.0025
internal_weight=900 500 467 428 400 102 298
internal_count=900 500 467 428 400 102 298
is_linear=0
shrinkage=0.05


Tree=69
num_leaves=8
num_cat=0
split_feature=0 1 1 0 1 1 0
split_gain=0.346722 0.0845174 0.0632192 0.106784 0.00730392 0.0235294 1.11022e-16
threshold=0.89910735764868988 0.8997999894504557 0.8933988127171324 0.87285303713674789 0.9230861307353565 0.91695448696985082 0.98936671016101652
decision_type=2 2 2 2 2 2 2
left_child=1 2 3 -1 5 -2 -6
right_child=4 -3 -4 -5 6 -7 -8
leaf_value=4.8697134465290144e-06 0.0003079694934477795 -1.7995505402270825e-05 7.9971388078604148e-05 -3.8422445744045382e-06 0.00066870227997934523 0.0010108875085501623 0.00017329113597567281
leaf_weight=348 72 33 39 80 268 30 30
leaf_count=348 72 33 39 80 268 30 30
internal_value=0.00127778 0.0004 0.000572805 0.000397196 0.002375 0.0020098 0.0025
internal_weight=900 500 467 428 400 102 298
internal_count=900 500 467 428 400 102 298
is_linear=0
shrinkage=0.05


Tree=70
num_leaves=8
num_cat=0
split_feature=0 1 1 0 1 1 0
split_gain=0.346722 0.0845174 0.0632192 0.106784 0.00730392 0.0235294 1.11022e-16
threshold=0.89910735764868988 0.8997999894504557 0.8933988127171324 0.87285303713674789 0.9230861307353565 0.91695448696985082 0.98936671016101652
decision_type=2 2 2 2 2 2 2
left_child=1 2 3 -1 5 -2 -6
right_child=4 -3 -4 -5 6 -7 -8
leaf_value=4.6262277742046644e-06 0.00029257101877538938 -1.7095730132157403e-05 7.5972818674675086e-05 -3.6501323456849171e-06 0.00063526716598037551 0.00096034313312265418 0.00016462657917688529
leaf_weight=348 72 33 39 80 268 30 30
leaf_count=348 72 33 39 80 268 30 30
internal_value=0.00127778 0.0004 0.000572805 0.000397196 0.002375 0.0020098 0.0025
internal_weight=900 500 467 428 400 102 298
internal_count=900 500 467 428 400 102 298
is_linear=0
shrinkage=0.05


Tree=71
num_leaves=8
num_cat=0
split_feature=0 1 1 0 1 1 0
split_gain=0.382722 0.0777465 0.0704387 0.0921742 0.00730392 0.0235294 1.11022e-16
threshold=0.89910735764868988 0.8997999894504557 0.8933988127171324 0.87285303713674789 0.9230861307353565 0.91695448696985082 0.98936671016101652
decision_type=2 2 2 2 2 2 2
left_child=1 2 3 -1 5 -2 -6
right_child=4 -3 -4 -5 6 -7 -8
leaf_value=4.394916385494866e-06 0.00027794246783662268 -1.6240943625547428e-05 7.2174177740941909e-05 -3.4676257283993343e-06 0.00060350380768135596 0.00091232597646652154 0.00015639525021804435
leaf_weight=348 72 33 39 80 268 30 30
leaf_count=348 72 33 39 80 268 30 30
internal_value=0.00122222 0.0003 0.000465739 0.000280374 0.002375 0.0020098 0.0025
internal_weight=900 500 467 428 400 102 298
internal_count=900 500 467 428 400 102 298
is_linear=0
shrinkage=0.05


Tree=72
num_leaves=10
num_cat=0
split_feature=0 1 1 0 1 1 1 0 0
split_gain=0.399153 0.0946331 0.063323 0.0837028 0.0190476 0.0102988 0.0203463 1.11022e-16 2.77556e-17
threshold=0.90407175599725909 0.90765469367065155 0.8933988127171324 0.88193844385577558 0.8997999894504557 0.9230861307353565 0.91695448696985082 0.97362213686434873 0.98936671016101652
decision_type=2 2 2 2 2 2 2 2 2
left_child=1 2 3 -1 -4 6 -2 -7 -9
right_child=5 -3 4 -5 -6 7 -8 8 -10
leaf_value=3.515494068192233e-06 0.00068449134710522614 -1.277206720163269e-05 7.1675073781242164e-05 -1.1831356389919843e-05 8.4592350465656502e-05 0.00056304218650659232 0.00086670967764319602 0.00092673254548117931 0.00014857548770714769
leaf_weight=397 47 30 40 31 30 232 30 33 30
leaf_count=397 47 30 40 31 30 232 30 33 30
internal_value=0.00111111 0.000227273 0.000391566 0.000163551 0.00178571 0.00236559 0.00185065 0.0025 0.0025
internal_weight=900 528 498 428 70 372 77 295 63
internal_count=900 528 498 428 70 372 77 295 63
is_linear=0
shrinkage=0.05


Tree=73
num_leaves=9
num_cat=0
split_feature=0 0 0 0 1 1 0 0
split_gain=0.472991 0.1115 0.0696002 0.031385 0.0102988 0.0203463 1.11022e-16 2.77556e-17
threshold=0.90407175599725909 0.89734208908851432 0.89084961854006528 0.88361676198909567 0.9230861307353565 0.91695448696985082 0.97362213686434873 0.98936671016101652
decision_type=2 2 2 2 2 2 2 2
left_child=1 2 3 -1 5 -2 -6 -8
right_child=4 -3 -4 -5 6 -7 7 -9
leaf_value=3.2165011434896334e-06 0.00065026677974996396 -1.2032721287294644e-05 0.00015813191581941501 -2.7026771878706951e-06 0.00053489007718126225 0.000823374193761034 0.00088039591820712195 0.00014114671332179362
leaf_weight=416 47 40 32 40 232 30 33 30
leaf_count=416 47 40 32 40 232 30 33 30
internal_value=0.001 3.78789e-05 0.000245902 8.77194e-05 0.00236559 0.00185065 0.0025 0.0025
internal_weight=900 528 488 456 372 77 295 63
internal_count=900 528 488 456 372 77 295 63
is_linear=0
shrinkage=0.05


Tree=74
num_leaves=9
num_cat=0
split_feature=0 0 0 0 1 1 0 0
split_gain=0.472991 0.1115 0.0696002 0.031385 0.0102988 0.0203463 1.11022e-16 2.77556e-17
threshold=0.90407175599725909 0.89734208908851432 0.89084961854006528 0.88361676198909567 0.9230861307353565 0.91695448696985082 0.97362213686434873 0.98936671016101652
decision_type=2 2 2 2 2 2 2 2
left_child=1 2 3 -1 5 -2 -6 -8
right_child=4 -3 -4 -5 6 -7 7 -9
leaf_value=3.0556760863124502e-06 0.00061775344076246414 -1.1431085222932281e-05 0.00015022532002844648 -2.5675433284793495e-06 0.00050814557332220145 0.00078220548407298418 0.00083637612229676701 0.00013408937765569952
leaf_weight=416 47 40 32 40 232 30 33 30
leaf_count=416 47 40 32 40 232 30 33 30
internal_value=0.001 3.78789e-05 0.000245902 8.77194e-05 0.00236559 0.00185065 0.0025 0.0025
internal_weight=900 528 488 456 372 77 295 63
internal_count=900 528 488 456 372 77 295 63
is_linear=0
shrinkage=0.05


Tree=75
num_leaves=9
num_cat=0
split_feature=0 0 0 0 1 1 0 0
split_gain=0.472991 0.1115 0.0696002 0.031385 0.0102988 0.0203463 1.11022e-16 2.77556e-17
threshold=0.90407175599725909 0.89734208908851432 0.89084961854006528 0.88361676198909567 0.9230861307353565 0.91695448696985082 0.97362213686434873 0.98936671016101652
decision_type=2 2 2 2 2 2 2 2
left_child=1 2 3 -1 5 -2 -6 -8
right_child=4 -3 -4 -5 6 -7 7 -9
leaf_value=2.902892281998845e-06 0.00058686576872434286 -1.085953096178498e-05 0.00014271405402702664 -2.4391661620542408e-06 0.00048273829465608959 0.00074309520986933777 0.00079455731618192644 0.00012738490877290954
leaf_weight=416 47 40 32 40 232 30 33 30
leaf_count=416 47 40 32 40 232 30 33 30
internal_value=0.001 3.78789e-05 0.000245902 8.77194e-05 0.00236559 0.00185065 0.0025 0.0025
internal_weight=900 528 488 456 372 77 295 63
internal_count=900 528 488 456 372 77 295 63
is_linear=0
shrinkage=0.05


Tree=76
num_leaves=10
num_cat=0
split_feature=0 1 1 0 1 1 1 0 0
split_gain=0.435289 0.0881754 0.072772 0.0760697 0.0190476 0.0102988 0.0203463 1.11022e-16 2.77556e-17
threshold=0.90407175599725909 0.90765469367065155 0.8933988127171324 0.88193844385577558 0.8997999894504557 0.9230861307353565 0.91695448696985082 0.97362213686434873 0.98936671016101652
decision_type=2 2 2 2 2 2 2 2 2
left_child=1 2 3 -1 -4 6 -2 -7 -9
right_child=5 -3 4 -5 -6 7 -8 8 -10
leaf_value=2.8809658891923394e-06 0.0005575224802881251 -1.0417296967951444e-05 4.6684706623278813e-05 -1.0854319236504161e-05 8.207889981597383e-05 0.00045860137992328657 0.00070594044937586926 0.00075482945037282925 0.00012101566333426739
leaf_weight=397 47 30 40 31 30 232 30 33 30
leaf_count=397 47 30 40 31 30 232 30 33 30
internal_value=0.00105556 0.000132576 0.000291165 4.6729e-05 0.00178571 0.00236559 0.00185065 0.0025 0.0025
internal_weight=900 528 498 428 70 372 77 295 63
internal_count=900 528 498 428 70 372 77 295 63
is_linear=0
shrinkage=0.05


Tree=77
num_leaves=9
num_cat=0
split_feature=0 0 0 0 1 1 0 0
split_gain=0.472991 0.1115 0.0696002 0.031385 0.0102988 0.0203463 1.11022e-16 2.77556e-17
threshold=0.90407175599725909 0.89734208908851432 0.89084961854006528 0.88361676198909567 0.9230861307353565 0.91695448696985082 0.97362213686434873 0.98936671016101652
decision_type=2 2 2 2 2 2 2 2
left_child=1 2 3 -1 5 -2 -6 -8
right_child=4 -3 -4 -5 6 -7 7 -9
leaf_value=2.6136993734397344e-06 0.00052964635627371641 -9.7956895652980152e-06 0.00013324411599451304 -1.774491892125241e-06 0.00043567131092712345 0.00067064342690707497 0.00071708797785418612 0.00011496488016755625
leaf_weight=416 47 40 32 40 232 30 33 30
leaf_count=416 47 40 32 40 232 30 33 30
internal_value=0.001 3.78789e-05 0.000245902 8.77194e-05 0.00236559 0.00185065 0.0025 0.0025
internal_weight=900 528 488 456 372 77 295 63
internal_count=900 528 488 456 372 77 295 63
is_linear=0
shrinkage=0.05


Tree=78
num_leaves=9
num_cat=0
split_feature=0 0 0 0 1 1 0 0
split_gain=0.472991 0.1115 0.0696002 0.031385 0.0102988 0.0203463 1.11022e-16 2.77556e-17
threshold=0.90407175599725909 0.89734208908851432 0.89084961854006528 0.88361676198909567 0.9230861307353565 0.91695448696985082 0.97362213686434873 0.98936671016101652
decision_type=2 2 2 2 2 2 2 2
left_child=1 2 3 -1 5 -2 -6 -8
right_child=4 -3 -4 -5 6 -7 7 -9
leaf_value=2.4830144047653238e-06 0.00050316403846003004 -9.3059050870343722e-06 0.00012658191019478959 -1.6857672975206132e-06 0.00041388774538076627 0.00063711125556172314 0.00068123357896147658 0.00010921663615918176
leaf_weight=416 47 40 32 40 232 30 33 30
leaf_count=416 47 40 32 40 232 30 33 30
internal_value=0.001 3.78789e-05 0.000245902 8.77194e-05 0.00236559 0.00185065 0.0025 0.0025
internal_weight=900 528 488 456 372 77 295 63
internal_count=900 528 488 456 372 77 295 63
is_linear=0
shrinkage=0.05


Tree=79
num_leaves=9
num_cat=0
split_feature=0 0 0 0 1 1 0 0
split_gain=0.472991 0.1115 0.0696002 0.031385 0.0102988 0.0203463 1.11022e-16 2.77556e-17
threshold=0.90407175599725909 0.89734208908851432 0.89084961854006528 0.88361676198909567 0.9230861307353565 0.91695448696985082 0.97362213686434873 0.98936671016101652
decision_type=2 2 2 2 2 2 2 2
left_child=1 2 3 -1 5 -2 -6 -8
right_child=4 -3 -4 -5 6 -7 7 -9
leaf_value=2.3588636845276871e-06 0.00047800583653702659 -8.840609832680578e-06 0.00012025281468505123 -1.6014789326439965e-06 0.00039319335811172833 0.000605255692783635 0.00064717190001340472 0.00010375580435122434
leaf_weight=416 47 40 32 40 232 30 33 30
leaf_count=416 47 40 32 40 232 30 33 30
internal_value=0.001 3.78789e-05 0.000245902 8.77194e-05 0.00236559 0.00185065 0.0025 0.0025
internal_weight=900 528 488 456 372 77 295 63
internal_count=900 528 488 456 372 77 295 63
is_linear=0
shrinkage=0.05


Tree=80
num_leaves=8
num_cat=0
split_feature=0 0 0 0 0 0 0
split_gain=0.370052 0.1115 0.0696002 0.031385 0.0208357 0.00584795 0.02084
threshold=0.90407175599725909 0.89734208908851432 0.89084961854006528 0.88361676198909567 0.98936671016101652 0.92536444259476192 0.93177344726845768
decision_type=2 2 2 2 2 2 2
left_child=1 2 3 -1 5 -2 -7
right_child=4 -3 -4 -5 -6 6 -8
leaf_value=2.2409205003030424e-06 0.00057649856753551885 -8.3985793410486399e-06 0.00011424017395079701 -1.521404986009545e-06 9.8568014133659787e-05 4.7355804136728356e-06 0.00041686637446992637
leaf_weight=416 114 40 32 40 30 30 198
leaf_count=416 114 40 32 40 30 30 198
internal_value=0.000888889 3.78789e-05 0.000245902 8.77194e-05 0.00209677 0.0022076 0.0020614
internal_weight=900 528 488 456 372 342 228
internal_count=900 528 488 456 372 342 228
is_linear=0
shrinkage=0.05


Tree=81
num_leaves=8
num_cat=0
split_feature=0 0 0 0 0 0 0
split_gain=0.370052 0.1115 0.0696002 0.031385 0.0208357 0.00584795 0.02084
threshold=0.90407175599725909 0.89734208908851432 0.89084961854006528 0.88361676198909567 0.98936671016101652 0.92536444259476192 0.93177344726845768
decision_type=2 2 2 2 2 2 2
left_child=1 2 3 -1 5 -2 -7
right_child=4 -3 -4 -5 -6 6 -8
leaf_value=2.1288744752893523e-06 0.00054767363915874388 -7.9786503739938558e-06 0.00010852816525325771 -1.4453347367098695e-06 9.3639613426976806e-05 4.4988013929880834e-06 0.0003960230557464306
leaf_weight=416 114 40 32 40 30 30 198
leaf_count=416 114 40 32 40 30 30 198
internal_value=0.000888889 3.78789e-05 0.000245902 8.77194e-05 0.00209677 0.0022076 0.0020614
internal_weight=900 528 488 456 372 342 228
internal_count=900 528 488 456 372 342 228
is_linear=0
shrinkage=0.05


Tree=82
num_leaves=9
num_cat=0
split_feature=0 1 1 1 0 0 0 0
split_gain=0.370052 0.081946 0.0870899 0.262882 0.0566381 0.0208357 0.00584795 0.02084
threshold=0.90407175599725909 0.90765469367065155 0.8613589198845325 0.85549074225172717 0.87285303713674789 0.98936671016101652 0.92536444259476192 0.93177344726845768
decision_type=2 2 2 2 2 2 2 2
left_child=1 2 3 -1 -4 6 -2 -8
right_child=5 -3 4 -5 -6 -7 7 -9
leaf_value=2.0224303475854251e-06 0.00052028995720080631 -7.6804604095534855e-06 9.5123552063958178e-05 -1.3963885523413816e-05 1.6884653904047314e-06 8.8957632755626292e-05 4.2738613233395123e-06 0.00037622190295910629
leaf_weight=196 114 30 116 36 150 30 30 198
leaf_count=196 114 30 116 36 150 30 30 198
internal_value=0.000888889 3.78789e-05 0.000190763 -0.000517241 0.000808271 0.00209677 0.0022076 0.0020614
internal_weight=900 528 498 232 266 372 342 228
internal_count=900 528 498 232 266 372 342 228
is_linear=0
shrinkage=0.05


Tree=83
num_leaves=10
num_cat=0
split_feature=0 1 1 0 0 0 1 1 0
split_gain=0.355915 0.0759447 0.107836 0.321429 0.0730734 0.0190048 0.0175033 0.0637527 0.0258145
threshold=0.90407175599725909 0.90765469367065155 0.86596008212536135 0.85507564523487611 0.87285303713674789 0.92536444259476192 0.9588413258932672 0.95233554858534319 0.98936671016101652
decision_type=2 2 2 2 2 2 2 2 2
left_child=1 2 3 -1 -4 -2 7 -7 -8
right_child=5 -3 4 -5 -6 6 8 -9 -10
leaf_value=4.4268980746421269e-07 0.00049427545934076775 -7.2964373890757986e-06 0.00011228232383410288 -1.6575996675791939e-05 1.6040421208851025e-06 0.00024647214874166489 0.00049168704057041973 0.0001451293886016775 8.4509751117844978e-05
leaf_weight=224 114 30 92 32 150 93 103 32 30
leaf_count=224 114 30 92 32 150 93 103 32 30
internal_value=0.000777778 -5.68181e-05 9.03615e-05 -0.000625 0.000847107 0.00196237 0.00172481 0.0013 0.00212406
internal_weight=900 528 498 256 242 372 258 125 133
internal_count=900 528 498 256 242 372 258 125 133
is_linear=0
shrinkage=0.05


Tree=84
num_leaves=9
num_cat=0
split_feature=0 1 1 0 1 0 0 1
split_gain=0.239299 0.081946 0.0828778 0.0688014 0.0514186 0.0245345 0.0735493 0.0190476
threshold=0.90407175599725909 0.90765469367065155 0.8933988127171324 0.88193844385577558 0.99150929363853935 0.92536444259476192 0.93252183817948786 0.8997999894504557
decision_type=2 2 2 2 2 2 2 2
left_child=1 2 3 -1 5 -2 -7 -4
right_child=4 -3 7 -5 -6 6 -8 -9
leaf_value=1.3983111256207136e-07 0.00046674109599572928 -6.9316155196228292e-06 1.5570675169918924e-05 -1.0074804757993614e-05 6.9539015921319506e-05 0.00013486028292553632 0.0003361157837832821 8.0026301159613627e-05
leaf_weight=397 112 30 40 31 40 32 188 30
leaf_count=397 112 30 40 31 40 32 188 30
internal_value=0.000722222 3.78789e-05 0.000190763 -7.00934e-05 0.00169355 0.00189759 0.00159091 0.00178571
internal_weight=900 528 498 428 372 332 220 70
internal_count=900 528 498 428 372 332 220 70
is_linear=0
shrinkage=0.05


Tree=85
num_leaves=8
num_cat=0
split_feature=1 0 1 1 0 0 0
split_gain=0.275595 0.341484 0.12111 0.111894 0.0688014 0.0266178 0.0735493
threshold=0.9088244678578371 0.89643257051042335 0.99150929363853935 0.8933988127171324 0.88193844385577558 0.92536444259476192 0.93252183817948786
decision_type=2 2 2 2 2 2 2
left_child=1 3 5 4 -1 -2 -7
right_child=2 -3 -4 -5 -6 6 -8
leaf_value=1.3283955693318339e-07 0.00043635256567124285 -9.1493197032329711e-06 -1.4642847936763379e-06 7.5810365811429536e-05 -9.5710645200931632e-06 0.00012811726877925977 0.00031930999459412054
leaf_weight=397 127 33 45 47 31 32 188
leaf_count=397 127 33 45 47 31 32 188
internal_value=0.000611111 -0.00015748 0.00160714 0.000184211 -7.00934e-05 0.00192363 0.00159091
internal_weight=900 508 392 475 428 347 220
internal_count=900 508 392 475 428 347 220
is_linear=0
shrinkage=0.05


Tree=86
num_leaves=10
num_cat=0
split_feature=0 0 0 0 0 0 0 1 0
split_gain=0.217706 0.0892685 0.12457 0.167244 0.0551948 0.052282 0.180253 0.0311503 2.77556e-17
threshold=0.90658767910804094 0.89734208908851432 0.87687552908743249 0.87232345795723731 0.88900644809937224 0.92536444259476192 0.93177344726845768 0.9588413258932672 0.91462681409668678
decision_type=2 2 2 2 2 2 2 2 2
left_child=1 2 3 -1 -4 8 -7 -8 -2
right_child=5 -3 4 -5 -6 6 7 -9 -10
leaf_value=5.3941185411447157e-08 0.00042299670684047875 -6.0671232229283613e-06 0.00020545147843407781 -2.4472983682663894e-05 5.2833782456947846e-06 -2.2544338422663509e-05 0.00021406598675927891 0.00038337309098170199 0.0005236342518506801
leaf_weight=344 53 56 68 32 44 30 96 132 45
leaf_count=344 53 56 68 32 44 30 96 132 45
internal_value=0.000555556 -7.35293e-05 0.000143443 -0.000292553 0.00160714 0.00151685 0.00114341 0.00162281 0.0025
internal_weight=900 544 488 376 112 356 258 228 98
internal_count=900 544 488 376 112 356 258 228 98
is_linear=0
shrinkage=0.05


Tree=87
num_leaves=10
num_cat=0
split_feature=0 1 0 1 0 0 1 1 0
split_gain=0.243596 0.0621047 0.0617516 0.1352 0.052282 0.180253 0.0311503 0.0243867 2.77556e-17
threshold=0.90658767910804094 0.90765469367065155 0.88832994701862733 0.88516588153222397 0.92536444259476192 0.93177344726845768 0.9588413258932672 0.89873397378247677 0.91462681409668678
decision_type=2 2 2 2 2 2 2 2 2
left_child=1 2 3 -1 8 -6 -7 -4 -2
right_child=4 -3 7 -5 5 6 -8 -9 -10
leaf_value=-1.7312802633376486e-07 0.00040184687149845736 -5.8745838714641877e-06 -1.3758443205035409e-05 0.00028492873897637401 -2.1417121501531684e-05 0.00020336268742131259 0.00036420443643261761 2.0672783999834448e-05 0.0004974525392581478
leaf_weight=380 53 45 30 56 30 96 132 33 45
leaf_count=380 53 45 30 56 30 96 132 33 45
internal_value=0.0005 -0.000165441 -5.00995e-06 0.000206422 0.00151685 0.00114341 0.00162281 -0.00146825 0.0025
internal_weight=900 544 499 436 356 258 228 63 98
internal_count=900 544 499 436 356 258 228 63 98
is_linear=0
shrinkage=0.05


Tree=88
num_leaves=10
num_cat=0
split_feature=0 1 0 1 0 0 1 1 0
split_gain=0.243596 0.0621047 0.0617516 0.1352 0.052282 0.180253 0.0311503 0.0243867 2.77556e-17
threshold=0.90658767910804094 0.90765469367065155 0.88832994701862733 0.88516588153222397 0.92536444259476192 0.93177344726845768 0.9588413258932672 0.89873397378247677 0.91462681409668678
decision_type=2 2 2 2 2 2 2 2 2
left_child=1 2 3 -1 8 -6 -7 -4 -2
right_child=4 -3 7 -5 5 6 -8 -9 -10
leaf_value=-1.6447162501579024e-07 0.00038175452792353393 -5.5808546778907882e-06 -1.3070521044782478e-05 0.00027068230202755689 -2.0346265426456731e-05 0.00019319455305024901 0.00034599421461098504 1.9639144799841228e-05 0.00047257991229524037
leaf_weight=380 53 45 30 56 30 96 132 33 45
leaf_count=380 53 45 30 56 30 96 132 33 45
internal_value=0.0005 -0.000165441 -5.00995e-06 0.000206422 0.00151685 0.00114341 0.00162281 -0.00146825 0.0025
internal_weight=900 544 499 436 356 258 228 63 98
internal_count=900 544 499 436 356 258 228 63 98
is_linear=0
shrinkage=0.05


Tree=89
num_leaves=10
num_cat=0
split_feature=0 0 0 1 1 0 1 1 0
split_gain=0.20462 0.0682867 0.161587 0.0645933 0.0621047 0.0617516 0.1352 0.0243867 2.77556e-17
threshold=0.90658767910804094 0.92536444259476192 0.93177344726845768 0.9588413258932672 0.90765469367065155 0.88832994701862733 0.88516588153222397 0.89873397378247677 0.91462681409668678
decision_type=2 2 2 2 2 2 2 2 2
left_child=4 8 -3 -4 5 6 -1 -7 -2
right_child=1 2 3 -5 -6 7 -8 -9 -10
leaf_value=-1.5624804376648989e-07 0.00036266680152735641 -1.9328952155133579e-05 0.0001835348253977378 0.00032869450388043746 -5.3018119439935599e-06 -1.2416994992541363e-05 0.00025714818692618006 1.8657187559848503e-05 0.00044895091668047978
leaf_weight=380 53 30 96 132 45 30 56 33 45
leaf_count=380 53 30 96 132 45 30 56 33 45
internal_value=0.000444445 0.0013764 0.000949612 0.00140351 -0.000165441 -5.00995e-06 0.000206422 -0.00146825 0.0025
internal_weight=900 356 258 228 544 499 436 63 98
internal_count=900 356 258 228 544 499 436 63 98
is_linear=0
shrinkage=0.05


Tree=90
num_leaves=10
num_cat=0
split_feature=0 1 1 0 1 0 1 1 0
split_gain=0.16904 0.111396 0.0621047 0.0617516 0.1352 0.0497123 0.124364 0.0243867 2.77556e-17
threshold=0.90658767910804094 0.99150929363853935 0.90765469367065155 0.88832994701862733 0.88516588153222397 0.92536444259476192 0.9588413258932672 0.89873397378247677 0.91556733582700234
decision_type=2 2 2 2 2 2 2 2 2
left_child=2 5 3 4 -1 8 -7 -5 -2
right_child=1 -3 -4 7 -6 6 -8 -9 -10
leaf_value=-1.4843564158020967e-07 0.00035158493739598505 -1.213277809696963e-06 -5.0367213467923033e-06 -1.1796145242913969e-05 0.00024429077757987379 0.00014233867689380063 0.00040277277105036318 1.7724328181854026e-05 0.00040975936909696257
leaf_weight=380 58 40 45 30 56 125 95 33 38
leaf_count=380 58 40 45 30 56 125 95 33 38
internal_value=0.000388889 0.00123596 -0.000165441 -5.00995e-06 0.000206422 0.00155063 0.00113636 -0.00146825 0.0025
internal_weight=900 356 544 499 436 316 220 63 96
internal_count=900 356 544 499 436 316 220 63 96
is_linear=0
shrinkage=0.05


Tree=91
num_leaves=10
num_cat=0
split_feature=0 1 1 1 1 0 1 1 0
split_gain=0.136855 0.0991644 0.0666562 0.218524 0.0621047 0.0617516 0.1352 0.0243867 2.77556e-17
threshold=0.90658767910804094 0.99150929363853935 0.9588413258932672 0.94932730809467492 0.90765469367065155 0.88832994701862733 0.88516588153222397 0.89873397378247677 0.97149068450113985
decision_type=2 2 2 2 2 2 2 2 2
left_child=4 2 3 -2 5 6 -1 -7 -4
right_child=1 -3 8 -5 -6 7 -8 -9 -10
leaf_value=-1.410138595024108e-07 0.00028842308810606915 -1.1526139192084861e-06 0.00051106117872824514 -6.161033343176637e-05 -4.7848852794536084e-06 -1.1206337980767111e-05 0.00023207623870087751 1.6838111772763436e-05 0.00037604168209996383
leaf_weight=380 180 40 62 41 45 30 56 33 33
leaf_count=380 180 40 62 41 45 30 56 33 33
internal_value=0.000333333 0.00109551 0.00139241 0.00091629 -0.000165441 -5.00995e-06 0.000206422 -0.00146825 0.0025
internal_weight=900 356 316 221 544 499 436 63 95
internal_count=900 356 316 221 544 499 436 63 95
is_linear=0
shrinkage=0.05


Tree=92
num_leaves=10
num_cat=0
split_feature=0 1 1 1 1 0 1 1 0
split_gain=0.136855 0.0991644 0.0666562 0.218524 0.0621047 0.0617516 0.1352 0.0243867 2.77556e-17
threshold=0.90658767910804094 0.99150929363853935 0.9588413258932672 0.94932730809467492 0.90765469367065155 0.88832994701862733 0.88516588153222397 0.89873397378247677 0.97149068450113985
decision_type=2 2 2 2 2 2 2 2 2
left_child=4 2 3 -2 5 6 -1 -7 -4
right_child=1 -3 8 -5 -6 7 -8 -9 -10
leaf_value=-1.3396316652850188e-07 0.00027400193370076613 -1.09498322324861e-06 0.00048550811979183346 -5.8529816760177769e-05 -4.54564101548157e-06 -1.0646021081727319e-05 0.00022047242676583162 1.5996206184124598e-05 0.00035723959799496754
leaf_weight=380 180 40 62 41 45 30 56 33 33
leaf_count=380 180 40 62 41 45 30 56 33 33
internal_value=0.000333333 0.00109551 0.00139241 0.00091629 -0.000165441 -5.00995e-06 0.000206422 -0.00146825 0.0025
internal_weight=900 356 316 221 544 499 436 63 95
internal_count=900 356 316 221 544 499 436 63 95
is_linear=0
shrinkage=0.05


Tree=93
num_leaves=10
num_cat=0
split_feature=0 1 1 1 1 0 1 1 0
split_gain=0.136855 0.0991644 0.0666562 0.218524 0.0621047 0.0617516 0.1352 0.0243867 2.77556e-17
threshold=0.90658767910804094 0.99150929363853935 0.9588413258932672 0.94932730809467492 0.90765469367065155 0.88832994701862733 0.88516588153222397 0.89873397378247677 0.97149068450113985
decision_type=2 2 2 2 2 2 2 2 2
left_child=4 2 3 -2 5 6 -1 -7 -4
right_child=1 -3 8 -5 -6 7 -8 -9 -10
leaf_value=-1.2726500820051284e-07 0.00026030183701572854 -1.0402340620883931e-06 0.00046123271380224014 -5.5603325922171104e-05 -4.3183589647073011e-06 -1.0113720027642569e-05 0.00020944880542754079 1.5196395874920201e-05 0.00033937761809522049
leaf_weight=380 180 40 62 41 45 30 56 33 33
leaf_count=380 180 40 62 41 45 30 56 33 33
internal_value=0.000333333 0.00109551 0.00139241 0.00091629 -0.000165441 -5.00995e-06 0.000206422 -0.00146825 0.0025
internal_weight=900 356 316 221 544 499 436 63 95
internal_count=900 356 316 221 544 499 436 63 95
is_linear=0
shrinkage=0.05


Tree=94
num_leaves=10
num_cat=0
split_feature=0 1 1 1 1 0 1 1 0
split_gain=0.136855 0.0991644 0.0666562 0.218524 0.0621047 0.0617516 0.1352 0.0243867 2.77556e-17
threshold=0.90658767910804094 0.99150929363853935 0.9588413258932672 0.94932730809467492 0.90765469367065155 0.88832994701862733 0.88516588153222397 0.89873397378247677 0.97149068450113985
decision_type=2 2 2 2 2 2 2 2 2
left_child=4 2 3 -2 5 6 -1 -7 -4
right_child=1 -3 8 -5 -6 7 -8 -9 -10
leaf_value=-1.209017577905886e-07 0.00024728674516494092 -9.8822235898812992e-07 0.00043817107811212647 -5.282315962606421e-05 -4.1024410164698022e-06 -9.6080340262584481e-06 0.00019897636515616563 1.4436576081176025e-05 0.00032240873719045749
leaf_weight=380 180 40 62 41 45 30 56 33 33
leaf_count=380 180 40 62 41 45 30 56 33 33
internal_value=0.000333333 0.00109551 0.00139241 0.00091629 -0.000165441 -5.00995e-06 0.000206422 -0.00146825 0.0025
internal_weight=900 356 316 221 544 499 436 63 95
internal_count=900 356 316 221 544 499 436 63 95
is_linear=0
shrinkage=0.05


Tree=95
num_leaves=10
num_cat=0
split_feature=0 1 1 1 1 0 1 1 0
split_gain=0.136855 0.0991644 0.0666562 0.218524 0.0621047 0.0617516 0.1352 0.0243867 2.77556e-17
threshold=0.90658767910804094 0.99150929363853935 0.9588413258932672 0.94932730809467492 0.90765469367065155 0.88832994701862733 0.88516588153222397 0.89873397378247677 0.97149068450113985
decision_type=2 2 2 2 2 2 2 2 2
left_child=4 2 3 -2 5 6 -1 -7 -4
right_child=1 -3 8 -5 -6 7 -8 -9 -10
leaf_value=-1.1485666989921768e-07 0.00023492240790669376 -9.3881124103564963e-07 0.00041626252420651796 -5.0182001644760725e-05 -3.8973189656472323e-06 -9.1276323249446438e-06 0.00018902754689835557 1.3714747277119336e-05 0.00030628830033093394
leaf_weight=380 180 40 62 41 45 30 56 33 33
leaf_count=380 180 40 62 41 45 30 56 33 33
internal_value=0.000333333 0.00109551 0.00139241 0.00091629 -0.000165441 -5.00995e-06 0.000206422 -0.00146825 0.0025
internal_weight=900 356 316 221 544 499 436 63 95
internal_count=900 356 316 221 544 499 436 63 95
is_linear=0
shrinkage=0.05


Tree=96
num_leaves=10
num_cat=0
split_feature=0 1 1 1 1 0 1 1 0
split_gain=0.136855 0.0991644 0.0666562 0.218524 0.0621047 0.0617516 0.1352 0.0243867 2.77556e-17
threshold=0.90658767910804094 0.99150929363853935 0.9588413258932672 0.94932730809467492 0.90765469367065155 0.88832994701862733 0.88516588153222397 0.89873397378247677 0.97149068450113985
decision_type=2 2 2 2 2 2 2 2 2
left_child=4 2 3 -2 5 6 -1 -7 -4
right_child=1 -3 8 -5 -6 7 -8 -9 -10
leaf_value=-1.0911383640158263e-07 0.00022317628751135981 -8.9187067898691327e-07 0.00039544939799618958 -4.7672901562523245e-05 -3.7024530173641249e-06 -8.6712507086962524e-06 0.00017957616955343995 1.3029009913265758e-05 0.00029097388531438764
leaf_weight=380 180 40 62 41 45 30 56 33 33
leaf_count=380 180 40 62 41 45 30 56 33 33
internal_value=0.000333333 0.00109551 0.00139241 0.00091629 -0.000165441 -5.00995e-06 0.000206422 -0.00146825 0.0025
internal_weight=900 356 316 221 544 499 436 63 95
internal_count=900 356 316 221 544 499 436 63 95
is_linear=0
shrinkage=0.05


Tree=97
num_leaves=10
num_cat=0
split_feature=0 1 1 0 1 1 1 1 1
split_gain=0.108066 0.087644 0.0621047 0.0617516 0.1352 0.0312919 0.216947 0.0382353 0.0243867
threshold=0.90658767910804094 0.99150929363853935 0.90765469367065155 0.88832994701862733 0.88516588153222397 0.94932730809467492 0.9588413258932672 0.93288169624621353 0.89873397378247677
decision_type=2 2 2 2 2 2 2 2 2
left_child=2 5 3 4 -1 7 -7 -2 -5
right_child=1 -3 -4 8 -6 6 -8 -9 -10
leaf_value=-1.0365814458104979e-07 0.00019114939210320705 -8.4727714503282858e-07 -3.5173303664943403e-06 -8.2376881732616698e-06 0.00017059736107576787 -4.5289256484398749e-05 0.00028301764144655076 0.00024228699664491989 1.2377559417601251e-05
leaf_weight=380 102 40 45 30 56 41 95 78 33
leaf_count=380 102 40 45 30 56 41 95 78 33
internal_value=0.000277778 0.000955056 -0.000165441 -5.00995e-06 0.000206422 0.00123418 0.000661765 0.00166667 -0.00146825
internal_weight=900 356 544 499 436 316 136 180 63
internal_count=900 356 544 499 436 316 136 180 63
is_linear=0
shrinkage=0.05


Tree=98
num_leaves=10
num_cat=0
split_feature=0 1 1 0 1 1 1 1 1
split_gain=0.108066 0.087644 0.0621047 0.0617516 0.1352 0.0312919 0.216947 0.0382353 0.0243867
threshold=0.90658767910804094 0.99150929363853935 0.90765469367065155 0.88832994701862733 0.88516588153222397 0.94932730809467492 0.9588413258932672 0.93288169624621353 0.89873397378247677
decision_type=2 2 2 2 2 2 2 2 2
left_child=2 5 3 4 -1 7 -7 -2 -5
right_child=1 -3 -4 8 -6 6 -8 -9 -10
leaf_value=-9.8475237349878234e-08 0.0001815919224980478 -8.0491328777757215e-07 -3.3414638481683226e-06 -7.8258037645985374e-06 0.00016206749302198189 -4.3024793660179088e-05 0.00026886675937422283 0.00023017264681267141 1.175868144671969e-05
leaf_weight=380 102 40 45 30 56 41 95 78 33
leaf_count=380 102 40 45 30 56 41 95 78 33
internal_value=0.000277778 0.000955056 -0.000165441 -5.00995e-06 0.000206422 0.00123418 0.000661765 0.00166667 -0.00146825
internal_weight=900 356 544 499 436 316 136 180 63
internal_count=900 356 544 499 436 316 136 180 63
is_linear=0
shrinkage=0.05


Tree=99
num_leaves=9
num_cat=0
split_feature=0 1 1 0 1 1 0 1
split_gain=0.136855 0.0991644 0.0621047 0.0617516 0.1352 0.0243867 0.0193139 0.054655
threshold=0.90658767910804094 0.99150929363853935 0.90765469367065155 0.88832994701862733 0.88516588153222397 0.89873397378247677 0.91238993073934971 0.9230861307353565
decision_type=2 2 2 2 2 2 2 2
left_child=2 6 3 4 -1 -5 -2 -8
right_child=1 -3 -4 5 -6 -7 7 -9
leaf_value=-9.355147548498374e-08 0.00039650032064260658 -7.6466762338759046e-07 -3.1743906557597158e-06 -7.4345135763699491e-06 0.00015396411837088466 1.1170747374381654e-05 -1.4172997640032881e-05 0.00018711800330960683
leaf_weight=380 35 40 45 30 56 33 31 250
leaf_count=380 35 40 45 30 56 33 31 250
internal_value=0.000333333 0.00109551 -0.000165441 -5.00995e-06 0.000206422 -0.00146825 0.00139241 0.00125445
internal_weight=900 356 544 499 436 63 316 281
internal_count=900 356 544 499 436 63 316 281
is_linear=0
shrinkage=0.05


Tree=100
num_leaves=12
num_cat=0
split_feature=0 1 0 1 1 0 1 0 0 1 0
split_gain=0.136855 0.0621047 0.0617516 0.1352 0.0475102 0.284091 0.0382353 0.0589869 0.0364899 0.0243867 2.77556e-17
threshold=0.90658767910804094 0.90765469367065155 0.88832994701862733 0.88516588153222397 0.94932730809467492 0.94798276126024816 0.93288169624621353 0.91983460983407694 0.98031255238263004 0.89873397378247677 0.93389518668068205
decision_type=2 2 2 2 2 2 2 2 2 2 2
left_child=1 2 3 -1 6 -6 7 -2 -7 -4 -8
right_child=4 -3 9 -5 5 8 10 -9 -10 -11 -12
leaf_value=-8.8873901712223727e-08 0.00021991637165516897 -3.0156711229707068e-06 -7.0627878975539002e-06 0.00014626591245234089 -3.0865407940842432e-05 0.00025857800832251447 0.00043584056284262803 -1.227508884984463e-05 2.7940088032196722e-06 1.061221000566496e-05 0.00020684187439134105
leaf_weight=380 72 45 30 56 32 99 35 30 45 33 43
leaf_count=380 72 45 30 56 32 99 35 30 45 33 43
internal_value=0.000333333 -0.000165441 -5.00995e-06 0.000206422 0.00109551 0.000511364 0.00166667 0.00102941 0.00145833 -0.00146825 0.0025
internal_weight=900 544 499 436 356 176 180 102 144 63 78
internal_count=900 544 499 436 356 176 180 102 144 63 78
is_linear=0
shrinkage=0.05


Tree=101
num_leaves=10
num_cat=0
split_feature=0 1 1 0 1 1 1 1 1
split_gain=0.108066 0.087644 0.0621047 0.0617516 0.1352 0.0312919 0.216947 0.0382353 0.0243867
threshold=0.90658767910804094 0.99150929363853935 0.90765469367065155 0.88832994701862733 0.88516588153222397 0.94932730809467492 0.9588413258932672 0.93288169624621353 0.89873397378247677
decision_type=2 2 2 2 2 2 2 2 2
left_child=2 5 3 4 -1 7 -7 -2 -5
right_child=1 -3 -4 8 -6 6 -8 -9 -10
leaf_value=-8.4430206628101706e-08 0.00016377018065015793 -7.8198618941828093e-07 -2.8648875668242015e-06 -6.7096485026775443e-06 0.00013895261682972238 -4.8686183745610959e-05 0.00023697537992099947 0.0001989660205869887 1.0081599505382714e-05
leaf_weight=380 102 40 45 30 56 41 95 78 33
leaf_count=380 102 40 45 30 56 41 95 78 33
internal_value=0.000277778 0.000955056 -0.000165441 -5.00995e-06 0.000206422 0.00123418 0.000661765 0.00166667 -0.00146825
internal_weight=900 356 544 499 436 316 136 180 63
internal_count=900 356 544 499 436 316 136 180 63
is_linear=0
shrinkage=0.05


Tree=102
num_leaves=7
num_cat=0
split_feature=1 0 0 0 0 1
split_gain=0.0919923 0.112709 0.196391 0.127407 0.0967992 0.193475
threshold=1.002894378964015 0.8639595209842843 0.85772792665012176 0.84939015787069005 0.87285303713674789 0.88516588153222397
decision_type=2 2 2 2 2 2
left_child=1 2 3 -1 -3 -6
right_child=-2 4 -4 -5 5 -7
leaf_value=-1.7834223827385137e-06 -7.4254348169694421e-06 0.00020934274854561867 -2.093529389599817e-05 6.0999059433915271e-05 -1.4678450918814053e-05 3.282914849761879e-05
leaf_weight=200 30 67 40 43 36 484
leaf_count=200 30 67 40 43 36 484
internal_value=0.000222222 0.000316092 -0.000503533 3.08643e-05 0.000711244 0.000480769
internal_weight=900 870 283 243 587 520
internal_count=900 870 283 243 587 520
is_linear=0
shrinkage=0.05


Tree=103
num_leaves=8
num_cat=0
split_feature=0 1 1 0 0 0 1
split_gain=0.0888889 0.640678 0.186059 0.201194 0.0384127 0.0306061 0.0227343
threshold=0.94716886015303381 0.94670291496746872 0.91246594555334049 0.89807860926560779 0.98031255238263004 0.92536444259476192 0.96141174231625548
decision_type=2 2 2 2 2 2 2
left_child=1 2 3 -1 6 -4 -2
right_child=4 -3 5 -5 -6 -7 -8
leaf_value=1.4948920614927701e-06 0.00022525629920524049 -1.4574807909855528e-05 0.00029756766979437854 -2.1770807077307881e-05 2.6621335142488593e-06 0.00015599422806213177 0.00028434115968624792
leaf_weight=488 31 42 101 44 45 75 74
leaf_count=488 31 42 101 44 45 75 74
internal_value=0.000388889 0.000166667 0.000522599 5.6391e-05 0.0015 0.00193182 0.00202381
internal_weight=900 750 708 532 150 176 105
internal_count=900 750 708 532 150 176 105
is_linear=0
shrinkage=0.05


Tree=104
num_leaves=11
num_cat=0
split_feature=1 0 1 0 1 0 0 0 0 0
split_gain=0.0700753 0.583333 0.205175 0.189684 0.118288 0.0648148 0.119801 0.0306061 0.0756989 5.55112e-17
threshold=0.94670291496746872 0.94716886015303381 0.91246594555334049 0.89807860926560779 0.89470049935659157 0.95776440901518634 0.96770114196832013 0.92536444259476192 0.93252183817948786 0.91615744282550049
decision_type=2 2 2 2 2 2 2 2 2 2
left_child=2 -2 3 4 -1 -3 -7 9 -9 -4
right_child=1 5 7 -5 -6 6 -8 8 -10 -11
leaf_value=9.1443055912169008e-08 -1.3846067514360775e-05 0.000369930265867631 0.00030689894309211428 -2.0682266723441584e-05 0.00010377198732369198 -4.9076295635608341e-06 0.00016003240915691224 -1.596460559039059e-05 0.0003140319255340584 0.00036981359662928382
leaf_weight=436 42 42 67 44 52 30 78 31 44 34
leaf_count=436 42 42 67 44 52 30 78 31 44 34
internal_value=0.000222222 -0.000625 0.000451977 -3.75939e-05 0.000245902 0.000833333 0.000185185 0.00193182 0.00116667 0.0025
internal_weight=900 192 708 532 488 150 108 176 75 101
internal_count=900 192 708 532 488 150 108 176 75 101
is_linear=0
shrinkage=0.05


Tree=105
num_leaves=11
num_cat=0
split_feature=1 0 1 0 1 0 0 0 0 0
split_gain=0.108061 0.526458 0.205175 0.189684 0.118288 0.0933333 0.0820513 0.0306061 0.0756989 5.55112e-17
threshold=0.94670291496746872 0.94716886015303381 0.91246594555334049 0.89807860926560779 0.89470049935659157 0.95776440901518634 0.96770114196832013 0.92536444259476192 0.93252183817948786 0.91615744282550049
decision_type=2 2 2 2 2 2 2 2 2 2
left_child=2 -2 3 4 -1 -3 -7 9 -9 -4
right_child=1 5 7 -5 -6 6 -8 8 -10 -11
leaf_value=8.6870903116912096e-08 -1.31537641386452e-05 0.00035143375257424983 0.00029155399593750901 -1.9648153387268048e-05 9.8583387957507104e-05 -4.6622480853852906e-06 0.00015203078869906964 -1.5166375310871062e-05 0.00029833032925735686 0.00035132291679782168
leaf_weight=436 42 42 67 44 52 30 78 31 44 34
leaf_count=436 42 42 67 44 52 30 78 31 44 34
internal_value=0.000166667 -0.000885417 0.000451977 -3.75939e-05 0.000245902 0.0005 -0.000277778 0.00193182 0.00116667 0.0025
internal_weight=900 192 708 532 488 150 108 176 75 101
internal_count=900 192 708 532 488 150 108 176 75 101
is_linear=0
shrinkage=0.05


Tree=106
num_leaves=11
num_cat=0
split_feature=1 0 1 0 1 0 0 0 0 0
split_gain=0.193061 0.430545 0.225225 0.276316 0.110092 0.106186 0.0514245 0.0306061 0.0756989 5.55112e-17
threshold=0.94670291496746872 0.94900209420050663 0.91246594555334049 0.89734208908851432 0.89470049935659157 0.95776440901518634 0.98936671016101652 0.92536444259476192 0.93252183817948786 0.91615744282550049
decision_type=2 2 2 2 2 2 2 2 2 2
left_child=2 -2 3 4 -1 -3 -7 9 -9 -4
right_child=1 5 7 -5 -6 6 -8 8 -10 -11
leaf_value=8.2527357960030246e-08 -1.1858965408477458e-05 0.00047781549557487251 0.00027697629614063405 -1.5639452336007145e-05 0.000181582552367602 0.00014420586681442967 -1.011726584866687e-05 -1.4408056545328619e-05 0.00028341381279449175 0.00033375677095792933
leaf_weight=436 51 33 67 48 48 78 30 31 44 34
leaf_count=436 51 33 67 48 48 78 30 31 44 34
internal_value=6.51926e-11 -0.00140625 0.000381356 -0.000131579 0.000227273 1.77306e-05 -0.000740741 0.00193182 0.00116667 0.0025
internal_weight=900 192 708 532 484 141 108 176 75 101
internal_count=900 192 708 532 484 141 108 176 75 101
is_linear=0
shrinkage=0.05


Tree=107
num_leaves=12
num_cat=0
split_feature=1 0 1 0 1 1 0 0 0 0 0
split_gain=0.178109 0.430545 0.24621 0.288821 0.245047 0.122018 0.106186 0.0514245 0.0306061 0.0756989 5.55112e-17
threshold=0.94670291496746872 0.94900209420050663 0.91246594555334049 0.88832994701862733 0.90344425040788368 0.88516588153222397 0.95776440901518634 0.98936671016101652 0.92536444259476192 0.93252183817948786 0.91615744282550049
decision_type=2 2 2 2 2 2 2 2 2 2 2
left_child=2 -2 3 5 -5 -1 -3 -8 10 -10 -4
right_child=1 6 8 4 -6 -7 7 -9 9 -11 -12
leaf_value=1.1877890322323416e-07 -1.1266017138054902e-05 0.00045392472079612713 0.00026312748133360149 -1.978441797272089e-05 1.8377300125152948e-05 0.00013027574189442961 0.00013699557347370936 -9.6114025562342406e-06 -1.368765371806413e-05 0.00026924312215476635 0.00031706893241003297
leaf_weight=380 51 33 67 44 52 56 78 30 31 44 34
leaf_count=380 51 33 67 44 52 56 78 30 31 44 34
internal_value=-5.55555e-05 -0.00140625 0.000310735 -0.000225564 -0.00270833 0.000321101 1.77306e-05 -0.000740741 0.00193182 0.00116667 0.0025
internal_weight=900 192 708 532 96 436 141 108 176 75 101
internal_count=900 192 708 532 96 436 141 108 176 75 101
is_linear=0
shrinkage=0.05


Tree=108
num_leaves=12
num_cat=0
split_feature=1 0 1 0 1 1 0 0 0 0 0
split_gain=0.178109 0.430545 0.24621 0.288821 0.245047 0.122018 0.106186 0.0514245 0.0306061 0.0756989 5.55112e-17
threshold=0.94670291496746872 0.94900209420050663 0.91246594555334049 0.88832994701862733 0.90344425040788368 0.88516588153222397 0.95776440901518634 0.98936671016101652 0.92536444259476192 0.93252183817948786 0.91615744282550049
decision_type=2 2 2 2 2 2 2 2 2 2 2
left_child=2 -2 3 5 -5 -1 -3 -8 10 -10 -4
right_child=1 6 8 4 -6 -7 7 -9 9 -11 -12
leaf_value=1.1283995805980352e-07 -1.0702716281150976e-05 0.00043122848475632294 0.00024997110726692081 -1.8795197074086934e-05 1.7458435118897681e-05 0.00012376195479970998 0.00013014579480002505 -9.1308324284199117e-06 -1.30032710321637e-05 0.00025578096604702552 0.00030121548578953227
leaf_weight=380 51 33 67 44 52 56 78 30 31 44 34
leaf_count=380 51 33 67 44 52 56 78 30 31 44 34
internal_value=-5.55555e-05 -0.00140625 0.000310735 -0.000225564 -0.00270833 0.000321101 1.77306e-05 -0.000740741 0.00193182 0.00116667 0.0025
internal_weight=900 192 708 532 96 436 141 108 176 75 101
internal_count=900 192 708 532 96 436 141 108 176 75 101
is_linear=0
shrinkage=0.05


Tree=109
num_leaves=11
num_cat=0
split_feature=1 0 1 0 0 1 0 0 0 0
split_gain=0.193061 0.430545 0.225225 0.276316 0.106186 0.0900901 0.0514245 0.0306061 0.0756989 5.55112e-17
threshold=0.94670291496746872 0.94900209420050663 0.91246594555334049 0.89734208908851432 0.95776440901518634 0.89575449738776713 0.98936671016101652 0.92536444259476192 0.93252183817948786 0.91615744282550049
decision_type=2 2 2 2 2 2 2 2 2 2
left_child=2 -2 3 5 -3 -1 -6 9 -9 -4
right_child=1 4 7 -5 6 -7 -8 8 -10 -11
leaf_value=5.0952881727042007e-08 -1.0167580467095024e-05 0.00040966706051850813 0.00023747255190357692 -1.317061161512056e-05 0.00012363850506002635 0.00033354044918267002 -8.6742908070012963e-06 -1.235310748055607e-05 0.00024299191774467259 0.00028615471150005521
leaf_weight=444 51 33 67 48 78 40 30 31 44 34
leaf_count=444 51 33 67 48 78 40 30 31 44 34
internal_value=6.51926e-11 -0.00140625 0.000381356 -0.000131579 1.77306e-05 0.000227273 -0.000740741 0.00193182 0.00116667 0.0025
internal_weight=900 192 708 532 141 484 108 176 75 101
internal_count=900 192 708 532 141 484 108 176 75 101
is_linear=0
shrinkage=0.05


Tree=110
num_leaves=11
num_cat=0
split_feature=1 0 1 0 0 1 0 0 0 0
split_gain=0.193061 0.430545 0.225225 0.276316 0.106186 0.0900901 0.0514245 0.0306061 0.0756989 5.55112e-17
threshold=0.94670291496746872 0.94900209420050663 0.91246594555334049 0.89734208908851432 0.95776440901518634 0.89575449738776713 0.98936671016101652 0.92536444259476192 0.93252183817948786 0.91615744282550049
decision_type=2 2 2 2 2 2 2 2 2 2
left_child=2 -2 3 5 -3 -1 -6 9 -9 -4
right_child=1 4 7 -5 6 -7 -8 8 -10 -11
leaf_value=4.8405237642459146e-08 -9.6592014437388144e-06 0.00038918370749258403 0.00022559892430839995 -1.2512081034365624e-05 0.00011745657980702482 0.00031686342672353717 -8.2405762666525004e-06 -1.1735452106526047e-05 0.00023084232185743839 0.00027184697592505199
leaf_weight=444 51 33 67 48 78 40 30 31 44 34
leaf_count=444 51 33 67 48 78 40 30 31 44 34
internal_value=6.51926e-11 -0.00140625 0.000381356 -0.000131579 1.77306e-05 0.000227273 -0.000740741 0.00193182 0.00116667 0.0025
internal_weight=900 192 708 532 141 484 108 176 75 101
internal_count=900 192 708 532 141 484 108 176 75 101
is_linear=0
shrinkage=0.05


Tree=111
num_leaves=12
num_cat=0
split_feature=1 0 1 0 1 1 0 0 0 0 0
split_gain=0.178109 0.430545 0.24621 0.326584 0.31112 0.129545 0.106186 0.0514245 0.0306061 0.0756989 5.55112e-17
threshold=0.94670291496746872 0.94900209420050663 0.91246594555334049 0.88900644809937224 0.90344425040788368 0.88516588153222397 0.95776440901518634 0.98936671016101652 0.92536444259476192 0.93252183817948786 0.91615744282550049
decision_type=2 2 2 2 2 2 2 2 2 2 2
left_child=2 -2 3 5 -5 -1 -3 -8 10 -10 -4
right_child=1 6 8 4 -6 -7 7 -9 9 -11 -12
leaf_value=1.0223005419321607e-07 -9.1762413715543015e-06 0.00036972452211795227 0.00021431897809297989 -1.8499894263106627e-05 1.7869647995425358e-05 7.7309240864159104e-05 0.00011158375081667502 -7.828547453317815e-06 -1.1148679501199466e-05 0.00021930020576456648 0.00025825462712879786
leaf_weight=380 51 33 67 40 52 60 78 30 31 44 34
leaf_count=380 51 33 67 40 52 60 78 30 31 44 34
internal_value=-5.55555e-05 -0.00140625 0.000310735 -0.000225564 -0.00293478 0.000340909 1.77306e-05 -0.000740741 0.00193182 0.00116667 0.0025
internal_weight=900 192 708 532 92 440 141 108 176 75 101
internal_count=900 192 708 532 92 440 141 108 176 75 101
is_linear=0
shrinkage=0.05


Tree=112
num_leaves=12
num_cat=0
split_feature=1 0 1 0 1 1 0 0 0 0 0
split_gain=0.193061 0.430545 0.225225 0.198047 0.147509 0.122018 0.106186 0.0514245 0.0306061 0.0756989 5.55112e-17
threshold=0.94670291496746872 0.94900209420050663 0.91246594555334049 0.88832994701862733 0.90344425040788368 0.88516588153222397 0.95776440901518634 0.98936671016101652 0.92536444259476192 0.93252183817948786 0.91615744282550049
decision_type=2 2 2 2 2 2 2 2 2 2 2
left_child=2 -2 3 5 -5 -1 -3 -8 10 -10 -4
right_child=1 6 8 4 -6 -7 7 -9 9 -11 -12
leaf_value=9.7118551483229236e-08 -8.7174293029776255e-06 0.00035123829601205626 0.00020360302918833058 -1.5839673296824095e-05 1.6976165595653419e-05 0.00011370342711055483 0.00010600456327584216 -7.4371200806476426e-06 -1.0591245526136995e-05 0.00020833519547633898 0.00024534189577235754
leaf_weight=380 51 33 67 44 52 56 78 30 31 44 34
leaf_count=380 51 33 67 44 52 56 78 30 31 44 34
internal_value=6.51926e-11 -0.00140625 0.000381356 -0.000131579 -0.0021875 0.000321101 1.77306e-05 -0.000740741 0.00193182 0.00116667 0.0025
internal_weight=900 192 708 532 96 436 141 108 176 75 101
internal_count=900 192 708 532 96 436 141 108 176 75 101
is_linear=0
shrinkage=0.05


Tree=113
num_leaves=12
num_cat=0
split_feature=1 0 1 0 1 1 0 0 0 0 0
split_gain=0.178109 0.430545 0.24621 0.213914 0.163036 0.14731 0.106186 0.0514245 0.0306061 0.0756989 5.55112e-17
threshold=0.94670291496746872 0.94900209420050663 0.91246594555334049 0.88361676198909567 0.89575449738776713 0.87957313233144629 0.95776440901518634 0.98936671016101652 0.92536444259476192 0.93252183817948786 0.91615744282550049
decision_type=2 2 2 2 2 2 2 2 2 2 2
left_child=2 -2 3 5 -5 -1 -3 -8 10 -10 -4
right_child=1 6 8 4 -6 -7 7 -9 9 -11 -12
leaf_value=-3.896562620553983e-08 -8.2815578378289512e-06 0.00033367638121145502 0.00019342287772891481 -9.318654732640694e-06 -2.4749531845455761e-06 0.0001435538214396734 0.00010070433511205177 -7.0652640766143094e-06 -1.0061683249829035e-05 0.00019791843570252091 0.00023307480098373699
leaf_weight=347 51 33 67 33 87 65 78 30 31 44 34
leaf_count=347 51 33 67 33 87 65 78 30 31 44 34
internal_value=-5.55555e-05 -0.00140625 0.000310735 -0.000225564 -0.00208333 0.000315534 1.77306e-05 -0.000740741 0.00193182 0.00116667 0.0025
internal_weight=900 192 708 532 120 412 141 108 176 75 101
internal_count=900 192 708 532 120 412 141 108 176 75 101
is_linear=0
shrinkage=0.05


Tree=114
num_leaves=9
num_cat=0
split_feature=1 1 0 1 1 1 1 1
split_gain=0.176901 0.0869476 0.284767 0.181035 0.201278 0.14731 0.112734 0.0237023
threshold=0.99150929363853935 0.9088244678578371 0.88361676198909567 0.94670291496746872 0.96811100839041497 0.87957313233144629 0.89575449738776713 0.93288169624621353
decision_type=2 2 2 2 2 2 2 2
left_child=1 2 5 7 -5 -1 -4 -3
right_child=-2 3 6 4 -6 -7 -8 -9
leaf_value=-3.7017344897033948e-08 -8.2667454856739449e-06 0.0001205877967398788 -8.8527219960088241e-06 -3.1421505181101368e-05 0.00015920810459309654 0.00013637613036768777 -2.4111176406133426e-06 0.00021797189587756817
leaf_weight=347 45 131 33 87 60 65 63 69
leaf_count=347 45 131 33 87 60 65 63 69
internal_value=6.51926e-11 0.000160819 -0.000255905 0.000770893 -0.000561224 0.000315534 -0.00270833 0.00175
internal_weight=900 855 508 347 147 412 96 200
internal_count=900 855 508 347 147 412 96 200
is_linear=0
shrinkage=0.05


Tree=115
num_leaves=12
num_cat=0
split_feature=1 0 1 0 1 1 0 0 0 0 0
split_gain=0.0864419 0.518877 0.24621 0.213914 0.163036 0.14731 0.0447651 0.0820513 0.0306061 0.0756989 5.55112e-17
threshold=0.94670291496746872 0.94586767779954906 0.91246594555334049 0.88361676198909567 0.89575449738776713 0.87957313233144629 0.95776440901518634 0.96770114196832013 0.92536444259476192 0.93252183817948786 0.91615744282550049
decision_type=2 2 2 2 2 2 2 2 2 2 2
left_child=2 -2 3 5 -5 -1 -3 -8 10 -10 -4
right_child=1 6 8 4 -6 -7 7 -9 9 -11 -12
leaf_value=-3.5166477654230913e-08 -2.1003136391423053e-05 0.00020263663328780042 0.00017772234400547531 -8.410085896207716e-06 -2.230649643287536e-06 0.00012955732384930505 -5.1394808880039781e-05 9.6979455506855035e-05 -1.5587988924331552e-05 0.00017712391912351737 0.00021539167109755573
leaf_weight=347 33 51 67 33 87 65 30 78 31 44 34
leaf_count=347 33 51 67 33 87 65 30 78 31 44 34
internal_value=5.55556e-05 -0.000885417 0.000310735 -0.000225564 -0.00208333 0.000315534 0.000298742 -0.000277778 0.00193182 0.00116667 0.0025
internal_weight=900 192 708 532 120 412 159 108 176 75 101
internal_count=900 192 708 532 120 412 159 108 176 75 101
is_linear=0
shrinkage=0.05


Tree=116
num_leaves=9
num_cat=0
split_feature=1 1 0 1 0 1 1 1
split_gain=0.176901 0.0869476 0.284767 0.215033 0.302184 0.14731 0.112734 0.0256401
threshold=0.99150929363853935 0.9088244678578371 0.88361676198909567 0.94932730809467492 0.94900209420050663 0.87957313233144629 0.89575449738776713 0.93288169624621353
decision_type=2 2 2 2 2 2 2 2
left_child=1 2 5 7 -5 -1 -4 -3
right_child=-2 3 6 4 -6 -7 -8 -9
leaf_value=-3.3408153773290474e-08 -6.8032513918176791e-06 0.00010751622040319933 -7.9895816013952766e-06 -2.3933357470273359e-05 0.00012921990946403885 0.0001230794576568381 -2.1790292764140417e-06 0.00015455117242205239
leaf_weight=347 45 131 33 34 104 65 63 78
leaf_count=347 45 131 33 34 104 65 63 78
internal_value=6.51926e-11 0.000160819 -0.000255905 0.000770893 -0.000760869 0.000315534 -0.00270833 0.0017823
internal_weight=900 855 508 347 138 412 96 209
internal_count=900 855 508 347 138 412 96 209
is_linear=0
shrinkage=0.05


Tree=117
num_leaves=12
num_cat=0
split_feature=1 0 1 0 1 1 0 0 0 0 0
split_gain=0.210074 0.423886 0.210083 0.198047 0.147509 0.122018 0.106186 0.0514245 0.036654 0.0684262 0.0166667
threshold=0.94550974335789884 0.94900209420050663 0.91246594555334049 0.88832994701862733 0.90344425040788368 0.88516588153222397 0.95776440901518634 0.98936671016101652 0.92536444259476192 0.93252183817948786 0.94182747362317987
decision_type=2 2 2 2 2 2 2 2 2 2 2
left_child=2 10 3 5 -5 -1 -3 -8 -4 -10 -2
right_child=1 6 8 4 -6 -7 7 -9 9 -11 -12
leaf_value=9.9490504028717184e-08 -6.7774825151926163e-06 0.00030197081027234936 0.00013925075899758779 -1.4393337395639814e-05 1.659214480311579e-05 8.138991908934592e-05 7.9194793484357417e-05 -1.080747380424504e-05 -2.0184400498274303e-05 0.00022642879914622842 -1.120801522728878e-05
leaf_weight=380 30 33 101 44 52 56 78 30 31 35 30
leaf_count=380 30 33 101 44 52 56 78 30 31 35 30
internal_value=-5.55555e-05 -0.0014801 0.000354077 -0.000131579 -0.0021875 0.000321101 1.77306e-05 -0.000740741 0.0019012 0.000984849 -0.005
internal_weight=900 201 699 532 96 436 141 108 167 66 60
internal_count=900 201 699 532 96 436 141 108 167 66 60
is_linear=0
shrinkage=0.05


Tree=118
num_leaves=12
num_cat=0
split_feature=1 0 1 0 1 1 0 0 0 0 0
split_gain=0.194009 0.423886 0.229958 0.213914 0.163036 0.14731 0.106186 0.0514245 0.036654 0.0684262 0.0166667
threshold=0.94550974335789884 0.94900209420050663 0.91246594555334049 0.88361676198909567 0.89575449738776713 0.87957313233144629 0.95776440901518634 0.98936671016101652 0.92536444259476192 0.93252183817948786 0.94182747362317987
decision_type=2 2 2 2 2 2 2 2 2 2 2
left_child=2 10 3 5 -5 -1 -3 -8 -4 -10 -2
right_child=1 6 8 4 -6 -7 7 -9 9 -11 -12
leaf_value=-3.6712271286216061e-08 -6.4386083894322251e-06 0.00028687226975872992 0.00013228822104770945 -7.2361858114483131e-06 -2.3749906052023577e-06 0.000113668893299191 7.5235053810137722e-05 -1.0267100114028506e-05 -1.9175180473363086e-05 0.00021510735918891591 -1.0647614465926345e-05
leaf_weight=347 30 33 101 33 87 65 78 30 31 35 30
leaf_count=347 30 33 101 33 87 65 78 30 31 35 30
internal_value=-0.000111111 -0.0014801 0.000282547 -0.000225564 -0.00208333 0.000315534 1.77306e-05 -0.000740741 0.0019012 0.000984849 -0.005
internal_weight=900 201 699 532 120 412 141 108 167 66 60
internal_count=900 201 699 532 120 412 141 108 167 66 60
is_linear=0
shrinkage=0.05


Tree=119
num_leaves=12
num_cat=0
split_feature=1 0 1 0 1 1 0 0 0 0 0
split_gain=0.194009 0.423886 0.229958 0.213914 0.163036 0.14731 0.106186 0.0514245 0.036654 0.0684262 0.0166667
threshold=0.94550974335789884 0.94900209420050663 0.91246594555334049 0.88361676198909567 0.89575449738776713 0.87957313233144629 0.95776440901518634 0.98936671016101652 0.92536444259476192 0.93252183817948786 0.94182747362317987
decision_type=2 2 2 2 2 2 2 2 2 2 2
left_child=2 10 3 5 -5 -1 -3 -8 -4 -10 -2
right_child=1 6 8 4 -6 -7 7 -9 9 -11 -12
leaf_value=-3.4876657719513032e-08 -6.1166779699598538e-06 0.00027252865627079169 0.00012567380999532364 -6.8743765208761448e-06 -2.2562410749433252e-06 0.00010798544863422981 7.1473301119626519e-05 -9.7537451083239105e-06 -1.8216421449696041e-05 0.00020435199122946848 -1.0115233742631479e-05
leaf_weight=347 30 33 101 33 87 65 78 30 31 35 30
leaf_count=347 30 33 101 33 87 65 78 30 31 35 30
internal_value=-0.000111111 -0.0014801 0.000282547 -0.000225564 -0.00208333 0.000315534 1.77306e-05 -0.000740741 0.0019012 0.000984849 -0.005
internal_weight=900 201 699 532 120 412 141 108 167 66 60
internal_count=900 201 699 532 120 412 141 108 167 66 60
is_linear=0
shrinkage=0.05


end of trees

feature_importances:
Column_0=529
Column_1=330

parameters:
[boosting: gbdt]
[objective: quantile]
[metric: quantile]
[tree_learner: serial]
[device_type: cpu]
[data_sample_strategy: bagging]
[data: ]
[valid: ]
[num_iterations: 120]
[learning_rate: 0.05]
[num_leaves: 12]
[num_threads: 2]
[seed: 26170]
[deterministic: 0]
[force_col_wise: 0]
[force_row_wise: 0]
[histogram_pool_size: -1]
[max_depth: 4]
[min_data_in_leaf: 30]
[min_sum_hessian_in_leaf: 0.001]
[bagging_fraction: 1]
[pos_bagging_fraction: 1]
[neg_bagging_fraction: 1]
[bagging_freq: 0]
[bagging_seed: 13002]
[bagging_by_query: 0]
[feature_fraction: 1]
[feature_fraction_bynode: 1]
[feature_fraction_seed: 3933]
[extra_trees: 0]
[extra_seed: 13870]
[early_stopping_round: 0]
[early_stopping_min_delta: 0]
[first_metric_only: 0]
[max_delta_step: 0]
[lambda_l1: 0]
[lambda_l2: 0]
[linear_lambda: 0]
[min_gain_to_split: 0]
[drop_rate: 0.1]
[max_drop: 50]
[skip_drop: 0.5]
[xgboost_dart_mode: 0]
[uniform_drop: 0]
[drop_seed: 25549]
[top_rate: 0.2]
[other_rate: 0.1]
[min_data_per_group: 100]
[max_cat_threshold: 32]
[cat_l2: 10]
[cat_smooth: 10]
[max_cat_to_onehot: 4]
[top_k: 20]
[monotone_constraints: ]
[monotone_constraints_method: basic]
[monotone_penalty: 0]
[feature_contri: ]
[forcedsplits_filename: ]
[refit_decay_rate: 0.9]
[cegb_tradeoff: 1]
[cegb_penalty_split: 0]
[cegb_penalty_feature_lazy: ]
[cegb_penalty_feature_coupled: ]
[path_smooth: 0]
[interaction_constraints: ]
[verbosity: -1]
[saved_feature_importance_type: 0]
[use_quantized_grad: 0]
[num_grad_quant_bins: 4]
[quant_train_renew_leaf: 0]
[stochastic_rounding: 1]
[linear_tree: 0]
[max_bin: 255]
[max_bin_by_feature: ]
[min_data_in_bin: 3]
[bin_construct_sample_cnt: 200000]
[data_random_seed: 19962]
[is_enable_sparse: 1]
[enable_bundle: 1]
[use_missing: 1]
[zero_as_missing: 0]
[feature_pre_filter: 1]
[pre_partition: 0]
[two_round: 0]
[header: 0]
[label_column: ]
[weight_column: ]
[group_column: ]
[ignore_column: ]
[categorical_feature: ]
[forcedbins_filename: ]
[precise_float_parser: 0]
[parser_config_file: ]
[objective_seed: 31251]
[num_class: 1]
[is_unbalance: 0]
[scale_pos_weight: 1]
[sigmoid: 1]
[boost_from_average: 1]
[reg_sqrt: 0]
[alpha: 0.05]
[fair_c: 1]
[poisson_max_delta_step: 0.7]
[tweedie_variance_power: 1.5]
[lambdarank_truncation_level: 30]
[lambdarank_norm: 1]
[label_gain: ]
[lambdarank_position_bias_regularization: 0]
[eval_at: ]
[multi_error_top_k: 1]
[auc_mu_weights: ]
[num_machines: 1]
[local_listen_port: 12400]
[time_out: 120]
[machine_list_filename: ]
[machines: ]
[gpu_platform_id: -1]
[gpu_device_id: -1]
[gpu_device_id_list: ]
[gpu_use_dp: 0]
[num_gpu: 1]

end of parameters

pandas_categorical:null
