tree
version=v4
num_class=1
num_tree_per_iteration=1
label_index=0
max_feature_idx=1
objective=quantile
feature_names=Column_0 Column_1
feature_infos=[0.38515422804004418:1.3998326804665999] [0.40493564526078007:1.4093741566609903]
tree_sizes=553 581 574 498 583 583 667 667 666 667 755 673 675 675 675 755 759 759 679 678 677 763 757 757 759 758 758 762 762 849 765 765 670 846 763 762 760 841 760 762 764 766 768 770 770 770 767 770 770 769 769 852 769 853 934 937 1112 941 1204 933 1205 856 857 940 936 940 940 1111 940 945 943 1122 685 683 686 686 1031 679 772 679 681 681 683 680 770 769 770 768 860 859 860 862 943 943 862 943 861 683 856 857 1112 864 863 852 863 846 860 853 855 596 946 858 858 860 858 859 856 858 858 1115

Tree=0
num_leaves=5
num_cat=0
split_feature=1 1 1 0
split_gain=22.7799 1 0.751346 4.44089e-16
threshold=0.50468395134605226 0.4871822435127221 0.52292337761082297 0.69907973181245919
decision_type=2 2 2 2
left_child=1 -1 -2 -4
right_child=2 -3 3 -5
leaf_value=0.57163198486089051 0.57332534387877065 0.57266530231035917 0.57627040998545265 0.58418398723177123
leaf_weight=32 32 32 738 66
leaf_count=32 32 32 738 66
internal_value=0.574103 0.545353 0.576304 0.576603
internal_weight=900 64 836 804
internal_count=900 64 836 804
is_linear=0
shrinkage=1


Tree=1
num_leaves=5
num_cat=0
split_feature=1 1 1 0
split_gain=21.6444 0.765625 0.751346 4.44089e-16
threshold=0.50468395134605226 0.4871822435127221 0.52292337761082297 0.69907973181245919
decision_type=2 2 2 2
left_child=1 -1 -2 -4
right_child=2 -3 3 -5
leaf_value=-0.002347292399770301 -0.00073860133278418343 -0.0013656408227750939 0.0020592114685637763 0.0095771098525663633
leaf_weight=32 32 32 738 66
leaf_count=32 32 32 738 66
internal_value=5.55556e-05 -0.0279687 0.00220096 0.0025
internal_weight=900 64 836 804
internal_count=900 64 836 804
is_linear=0
shrinkage=0.05


Tree=2
num_leaves=5
num_cat=0
split_feature=1 1 1 0
split_gain=20.538 1 0.751346 4.44089e-16
threshold=0.50468395134605226 0.4871822435127221 0.52292337761082297 0.69907973181245919
decision_type=2 2 2 2
left_child=1 -1 -2 -4
right_child=2 -3 3 -5
leaf_value=-0.0022299277797817874 -0.00070167126614497646 -0.0012973587816363374 0.0019562508951355864 0.0090982543599380464
leaf_weight=32 32 32 738 66
leaf_count=32 32 32 738 66
internal_value=0.000111111 -0.0271875 0.00220096 0.0025
internal_weight=900 64 836 804
internal_count=900 64 836 804
is_linear=0
shrinkage=0.05


Tree=3
num_leaves=4
num_cat=0
split_feature=1 1 0
split_gain=18.5917 0.957143 4.44089e-16
threshold=0.50114795252751787 0.52292337761082297 0.69907973181245919
decision_type=2 2 2
left_child=-1 -2 -3
right_child=1 2 -4
leaf_value=-0.0020668797804302085 -0.00065192317186512088 0.001858438350378805 0.0086433416419411432
leaf_weight=60 36 738 66
leaf_count=60 36 738 66
internal_value=0.000222222 0.00214286 0.0025
internal_weight=900 840 804
internal_count=900 840 804
is_linear=0
shrinkage=0.05


Tree=4
num_leaves=5
num_cat=0
split_feature=1 1 1 0
split_gain=17.4572 0.94291 0.0300062 2.22045e-16
threshold=0.50114795252751787 0.52292337761082297 0.53168301420265884 0.7416483592067501
decision_type=2 2 2 2
left_child=-1 -2 -3 -4
right_child=1 2 3 -5
leaf_value=-0.0019635357914086992 -0.00061932701327186432 0.00023284571381348431 0.0020810759391216961 0.010660328373369006
leaf_weight=60 36 32 742 30
leaf_count=60 36 32 742 30
internal_value=0.000222222 0.00208333 0.00243781 0.0025
internal_weight=900 840 804 772
internal_count=900 840 804 772
is_linear=0
shrinkage=0.05


Tree=5
num_leaves=5
num_cat=0
split_feature=1 1 1 0
split_gain=14.4706 0.94291 0.0300062 2.22045e-16
threshold=0.50114795252751787 0.52292337761082297 0.53168301420265884 0.7416483592067501
decision_type=2 2 2 2
left_child=-1 -2 -3 -4
right_child=1 2 3 -5
leaf_value=-0.0018653590018382626 -0.00058836066260827273 0.00022120342812281259 0.0019770221421656132 0.010127311954700553
leaf_weight=60 36 32 742 30
leaf_count=60 36 32 742 30
internal_value=0.000388889 0.00208333 0.00243781 0.0025
internal_weight=900 840 804 772
internal_count=900 840 804 772
is_linear=0
shrinkage=0.05


Tree=6
num_leaves=6
num_cat=0
split_feature=1 0 1 0 0
split_gain=13.4976 2.08354 0.461731 0.0783333 2.22045e-16
threshold=0.50784004989673692 0.47012741337726405 0.52380723204672308 0.52395372039893029 0.72377146229857081
decision_type=2 2 2 2 2
left_child=1 -1 -2 -4 -5
right_child=2 -3 3 4 -6
leaf_value=-0.0018236426621088377 -0.0003178130715969563 -0.00090353732702276319 0.00025291197355717387 0.0019554364035445195 0.0095058736313479112
leaf_weight=32 32 36 48 713 39
leaf_count=32 32 36 48 713 39
internal_value=0.000388889 -0.0210294 0.00213942 0.002375 0.0025
internal_weight=900 68 832 800 752
internal_count=900 68 832 800 752
is_linear=0
shrinkage=0.05


Tree=7
num_leaves=6
num_cat=0
split_feature=1 0 1 0 0
split_gain=12.6545 1.72876 0.461731 0.0783333 2.22045e-16
threshold=0.50784004989673692 0.47012741337726405 0.52380723204672308 0.52395372039893029 0.72377146229857081
decision_type=2 2 2 2 2
left_child=1 -1 -2 -4 -5
right_child=2 -3 3 4 -6
leaf_value=-0.0017324605290033935 -0.00030192241801710876 -0.00085836046067162559 0.00024026637487931657 0.0018576645833672913 0.009030579949780515
leaf_weight=32 32 36 48 713 39
leaf_count=32 32 36 48 713 39
internal_value=0.000444445 -0.0202941 0.00213942 0.002375 0.0025
internal_weight=900 68 832 800 752
internal_count=900 68 832 800 752
is_linear=0
shrinkage=0.05


Tree=8
num_leaves=6
num_cat=0
split_feature=1 0 1 0 0
split_gain=12.6545 1.72876 0.461731 0.0783333 2.22045e-16
threshold=0.50784004989673692 0.47012741337726405 0.52380723204672308 0.52395372039893029 0.72377146229857081
decision_type=2 2 2 2 2
left_child=1 -1 -2 -4 -5
right_child=2 -3 3 4 -6
leaf_value=-0.0016458375025532213 -0.00028682629711625495 -0.00081544243763804211 0.00022825305613535243 0.0017647813541989245 0.00857905095229149
leaf_weight=32 32 36 48 713 39
leaf_count=32 32 36 48 713 39
internal_value=0.000444445 -0.0202941 0.00213942 0.002375 0.0025
internal_weight=900 68 832 800 752
internal_count=900 68 832 800 752
is_linear=0
shrinkage=0.05


Tree=9
num_leaves=6
num_cat=0
split_feature=1 0 1 0 0
split_gain=10.2882 2.00184 0.461731 0.0783333 2.22045e-16
threshold=0.50784004989673692 0.47012741337726405 0.52380723204672308 0.52395372039893029 0.72377146229857081
decision_type=2 2 2 2 2
left_child=1 -1 -2 -4 -5
right_child=2 -3 3 4 -6
leaf_value=-0.0015635456274255611 -0.00027248498226044028 -0.00077467031575613747 0.00021684040332858314 0.0016765422864889802 0.008150098404676915
leaf_weight=32 32 36 48 713 39
leaf_count=32 32 36 48 713 39
internal_value=0.000611111 -0.0180882 0.00213942 0.002375 0.0025
internal_weight=900 68 832 800 752
internal_count=900 68 832 800 752
is_linear=0
shrinkage=0.05


Tree=10
num_leaves=7
num_cat=0
split_feature=1 0 0 0 1 0
split_gain=9.55386 1.65441 0.270561 0.208333 0.0256972 4.44089e-16
threshold=0.50784004989673692 0.47012741337726405 0.52395372039893029 0.50956758487434761 0.55063878442630843 0.58881247439909123
decision_type=2 2 2 2 2 2
left_child=1 -1 3 -2 -4 -6
right_child=2 -3 4 -5 5 -7
leaf_value=-0.0014853683460542833 0.00034283354201039562 -0.00073593679996832864 0.00014714515301140208 -8.5082211303329986e-05 0.0013765231492935126 0.004039448869803214
leaf_weight=32 32 36 37 48 251 464
leaf_count=32 32 36 37 48 251 464
internal_value=0.000666667 -0.0173529 0.00213942 -0.000625 0.00243351 0.0025
internal_weight=900 68 832 80 752 715
internal_count=900 68 832 80 752 715
is_linear=0
shrinkage=0.05


Tree=11
num_leaves=6
num_cat=0
split_feature=1 0 1 0 1
split_gain=9.49504 1.65441 0.452356 0.0734131 0.0256972
threshold=0.50784004989673692 0.47012741337726405 0.52380723204672308 0.52395372039893029 0.55063878442630843
decision_type=2 2 2 2 2
left_child=1 -1 -2 -4 -5
right_child=2 -3 3 4 -6
leaf_value=-0.0014110999287515692 -0.00025576587116993825 -0.00069913995996991334 0.00021025249372731982 0.00013978789536083226 0.0021217262684940009
leaf_weight=32 32 36 48 37 715
leaf_count=32 32 36 48 37 715
internal_value=0.000611111 -0.0173529 0.00207933 0.0023125 0.00243351
internal_weight=900 68 832 800 752
internal_count=900 68 832 800 752
is_linear=0
shrinkage=0.05


Tree=12
num_leaves=6
num_cat=0
split_feature=0 1 1 0 1
split_gain=9.21303 1.67601 0.140625 0.0670588 0.0256972
threshold=0.47012741337726405 0.52292337761082297 0.50468395134605226 0.52395372039893029 0.55063878442630843
decision_type=2 2 2 2 2
left_child=-1 2 -2 -3 -5
right_child=1 3 -4 4 -6
leaf_value=-0.0013405449323139918 -0.00069834774881931687 0.00020813339524329845 -0.00040776462174120271 0.00013279850059279009 0.0020156399550692984
leaf_weight=32 32 52 32 37 715
leaf_count=32 32 52 32 37 715
internal_value=0.000722222 0.00169355 -0.00609375 0.00231343 0.00243351
internal_weight=900 868 64 804 752
internal_count=900 868 64 804 752
is_linear=0
shrinkage=0.05


Tree=13
num_leaves=6
num_cat=0
split_feature=0 1 0 0 1
split_gain=9.32996 0.890647 0.171282 0.133333 0.0256972
threshold=0.47012741337726405 0.50784004989673692 0.52395372039893029 0.50956758487434761 0.55063878442630843
decision_type=2 2 2 2 2
left_child=-1 -2 3 -3 -4
right_child=1 2 4 -5 -6
leaf_value=-0.0012735176856982944 -0.00062926557453045213 0.00035886838955543346 0.00012615857556315114 -0.00010174739518669313 0.0019148579573158354
leaf_weight=32 36 32 37 48 715
leaf_count=32 36 32 37 48 715
internal_value=0.000888889 0.00186636 0.00219952 6.51926e-11 0.00243351
internal_weight=900 868 832 80 752
internal_count=900 868 832 80 752
is_linear=0
shrinkage=0.05


Tree=14
num_leaves=6
num_cat=0
split_feature=0 1 0 1 0
split_gain=8.2627 0.877371 0.199974 0.0871139 2.22045e-16
threshold=0.47012741337726405 0.50784004989673692 0.54158343801041731 0.54945005999977681 0.69736517177091562
decision_type=2 2 2 2 2
left_child=-1 -2 3 -3 -4
right_child=1 2 4 -5 -6
leaf_value=-0.0012098418014133807 -0.00059780229580392869 9.076026008020785e-05 0.0018538554847110035 -2.5974611257302823e-05 0.0071234386204968528
leaf_weight=32 36 112 612 36 72
leaf_count=32 36 112 612 36 72
internal_value=0.000888889 0.00180876 0.00213942 0.000472973 0.0025
internal_weight=900 868 832 148 684
internal_count=900 868 832 148 684
is_linear=0
shrinkage=0.05


Tree=15
num_leaves=7
num_cat=0
split_feature=0 1 0 0 0 0
split_gain=8.22595 0.836394 0.219941 0.142517 0.143353 2.22045e-16
threshold=0.47012741337726405 0.52292337761082297 0.4908232572185674 0.54834700485297538 0.5395211812575228 0.72053984174501828
decision_type=2 2 2 2 2 2
left_child=-1 2 -2 4 -3 -5
right_child=1 3 -4 5 -6 -7
leaf_value=-0.001149349711342712 -0.00025936500461417602 0.00018948541709977207 -0.00058861342420846998 0.0019241998768574744 -1.026523009313794e-05 0.0069137120809980752
leaf_weight=32 31 112 33 618 32 42
leaf_count=32 31 112 33 618 32 42
internal_value=0.000833333 0.00175115 -0.00375 0.00218905 0.000763889 0.0025
internal_weight=900 868 64 804 144 660
internal_count=900 868 64 804 144 660
is_linear=0
shrinkage=0.05


Tree=16
num_leaves=7
num_cat=0
split_feature=0 1 0 0 0 0
split_gain=8.2627 0.630821 0.142517 0.143353 0.120983 2.22045e-16
threshold=0.47012741337726405 0.52292337761082297 0.54834700485297538 0.5395211812575228 0.4908232572185674 0.72053984174501828
decision_type=2 2 2 2 2 2
left_child=-1 4 3 -3 -2 -4
right_child=1 2 5 -5 -6 -7
leaf_value=-0.0010918822257755757 -0.00024639675438346554 0.00018001114624478543 0.0018279898830146025 -9.7519685884791385e-06 -0.00055918275299804681 0.0065680264769481696
leaf_weight=32 31 112 618 32 33 42
leaf_count=32 31 112 618 32 33 42
internal_value=0.000888889 0.00180876 0.00218905 0.000763889 -0.00296875 0.0025
internal_weight=900 868 804 144 64 660
internal_count=900 868 804 144 64 660
is_linear=0
shrinkage=0.05


Tree=17
num_leaves=7
num_cat=0
split_feature=0 1 0 0 0 0
split_gain=7.29479 0.630821 0.142517 0.143353 0.120983 2.22045e-16
threshold=0.47012741337726405 0.52292337761082297 0.54834700485297538 0.5395211812575228 0.4908232572185674 0.72053984174501828
decision_type=2 2 2 2 2 2
left_child=-1 4 3 -3 -2 -4
right_child=1 2 5 -5 -6 -7
leaf_value=-0.0010372881144867952 -0.00023407691666429422 0.00017101058893254672 0.0017365903888638735 -9.2643701590574395e-06 -0.00053122361534814466 0.006239625153100759
leaf_weight=32 31 112 618 32 33 42
leaf_count=32 31 112 618 32 33 42
internal_value=0.000944444 0.00180876 0.00218905 0.000763889 -0.00296875 0.0025
internal_weight=900 868 804 144 64 660
internal_count=900 868 804 144 64 660
is_linear=0
shrinkage=0.05


Tree=18
num_leaves=6
num_cat=0
split_feature=0 1 1 0 1
split_gain=7.26026 0.684769 0.199208 0.210938 0.0319129
threshold=0.47012741337726405 0.55368093876237545 0.50784004989673692 0.52903032988282417 0.83712260617217227
decision_type=2 2 2 2 2
left_child=-1 2 -2 -4 -3
right_child=1 4 3 -5 -6
leaf_value=-0.00098542370876245631 -0.00051918048449402557 0.001627935292139282 0.00013746427129648049 -8.8958482659679931e-06 0.00020218995775323989
leaf_weight=32 36 674 96 32 30
leaf_count=32 36 674 96 32 30
internal_value=0.000888889 0.00175115 -0.00115854 -0.000234375 0.00242898
internal_weight=900 868 164 128 704
internal_count=900 868 164 128 704
is_linear=0
shrinkage=0.05


Tree=19
num_leaves=6
num_cat=0
split_feature=0 1 1 0 1
split_gain=4.00026 0.684769 0.199208 0.210938 0.0319129
threshold=0.47012741337726405 0.55368093876237545 0.50784004989673692 0.52903032988282417 0.83712260617217227
decision_type=2 2 2 2 2
left_child=-1 2 -2 -4 -3
right_child=1 4 3 -5 -6
leaf_value=-0.00093615252332433514 -0.0004932214602693224 0.0015465385275323152 0.00013059105773165742 -8.4510558526669053e-06 0.00019208045986557841
leaf_weight=32 36 674 96 32 30
leaf_count=32 36 674 96 32 30
internal_value=0.00111111 0.00175115 -0.00115854 -0.000234375 0.00242898
internal_weight=900 868 164 128 704
internal_count=900 868 164 128 704
is_linear=0
shrinkage=0.05


Tree=20
num_leaves=6
num_cat=0
split_feature=0 1 1 0 1
split_gain=3.31261 0.657924 0.199208 0.210938 0.127652
threshold=0.47012741337726405 0.55368093876237545 0.50784004989673692 0.52903032988282417 0.83712260617217227
decision_type=2 2 2 2 2
left_child=-1 2 -2 -4 -3
right_child=1 4 3 -5 -6
leaf_value=-0.00088934489715811757 -0.0004685603872558568 0.0014692116011557012 0.00012406150484507692 -8.0285030600330935e-06 0.00018247643687229698
leaf_weight=32 36 674 96 32 30
leaf_count=32 36 674 96 32 30
internal_value=0.00111111 0.00169355 -0.00115854 -0.000234375 0.00235795
internal_weight=900 868 164 128 704
internal_count=900 868 164 128 704
is_linear=0
shrinkage=0.05


Tree=21
num_leaves=7
num_cat=0
split_feature=0 1 1 0 1 0
split_gain=3.28936 0.729089 0.182475 0.263221 0.127586 2.22045e-16
threshold=0.47012741337726405 0.55528021328840216 0.50784004989673692 0.52903032988282417 0.83712260617217227 0.67154362912944776
decision_type=2 2 2 2 2 2
left_child=-1 2 -2 -4 5 -3
right_child=1 4 3 -5 -6 -7
leaf_value=-0.00084487765230021336 -0.00044513236789306453 0.001360630167339601 0.00011999928124463298 -1.4689494288755205e-05 0.00017335261502868184 0.0059088050013617506
leaf_weight=32 36 555 97 39 30 111
leaf_count=32 36 555 97 39 30 111
internal_value=0.00105556 0.00163594 -0.00127907 -0.000441176 0.00235632 0.0025
internal_weight=900 868 172 136 696 666
internal_count=900 868 172 136 696 666
is_linear=0
shrinkage=0.05


Tree=22
num_leaves=7
num_cat=0
split_feature=0 1 0 1 1 0
split_gain=3.26618 0.776134 0.248927 0.299481 0.127485 2.22045e-16
threshold=0.47012741337726405 0.55820445292710352 0.53581594972904689 0.50784004989673692 0.83712260617217227 0.67762113148017622
decision_type=2 2 2 2 2 2
left_child=-1 2 3 -2 5 -3
right_child=1 4 -4 -5 -6 -7
leaf_value=-0.0008026337696852015 -0.00042287574949840856 0.0013079787466043992 -3.6179860810703263e-05 0.00010561349106143429 0.00016468498427724631 0.0056256446651025971
leaf_weight=32 36 555 32 116 30 99
leaf_count=32 36 555 32 116 30 99
internal_value=0.001 0.00157834 -0.00130435 -0.000460526 0.0023538 0.0025
internal_weight=900 868 184 152 684 654
internal_count=900 868 184 152 684 654
is_linear=0
shrinkage=0.05


Tree=23
num_leaves=7
num_cat=0
split_feature=0 1 0 1 1 0
split_gain=3.26618 0.776134 0.248927 0.299481 0.127485 2.22045e-16
threshold=0.47012741337726405 0.55820445292710352 0.53581594972904689 0.50784004989673692 0.83712260617217227 0.67762113148017622
decision_type=2 2 2 2 2 2
left_child=-1 2 3 -2 5 -3
right_child=1 4 -4 -5 -6 -7
leaf_value=-0.00076250208120094427 -0.00040173196202348871 0.0012425798092741804 -3.437086777016698e-05 0.00010033281650836338 0.00015645073506338425 0.0053443624318474658
leaf_weight=32 36 555 32 116 30 99
leaf_count=32 36 555 32 116 30 99
internal_value=0.001 0.00157834 -0.00130435 -0.000460526 0.0023538 0.0025
internal_weight=900 868 184 152 684 654
internal_count=900 868 184 152 684 654
is_linear=0
shrinkage=0.05


Tree=24
num_leaves=7
num_cat=0
split_feature=0 0 1 0 0 0
split_gain=3.28936 0.678283 0.144231 0.187188 2.22045e-16 2.22045e-16
threshold=0.47012741337726405 0.55475019026531636 0.50468395134605226 0.54071806234852648 0.73360805233910076 0.62119863207360548
decision_type=2 2 2 2 2 2
left_child=-1 2 -2 -4 5 -3
right_child=1 4 3 -5 -6 -7
leaf_value=-0.00072437697714089477 -0.00040641833946133699 0.0012037338830465595 5.3108341731328999e-05 -1.2901521175426143e-05 0.0049659170207185582 0.0043700089669582
leaf_weight=32 32 337 148 60 33 258
leaf_count=32 32 337 148 60 33 258
internal_value=0.00105556 0.00163594 -0.000625 -0.000144231 0.0025 0.0025
internal_weight=900 868 240 208 628 595
internal_count=900 868 240 208 628 595
is_linear=0
shrinkage=0.05


Tree=25
num_leaves=7
num_cat=0
split_feature=0 1 0 1 1 0
split_gain=3.26618 0.776134 0.248927 0.299481 0.127485 2.22045e-16
threshold=0.47012741337726405 0.55820445292710352 0.53581594972904689 0.50784004989673692 0.83712260617217227 0.67762113148017622
decision_type=2 2 2 2 2 2
left_child=-1 2 3 -2 5 -3
right_child=1 4 -4 -5 -6 -7
leaf_value=-0.00068815812828385003 -0.00036132444694924644 0.0011411856567039025 -3.2007248322890503e-05 9.2660758596379599e-05 0.00014778805238226832 0.0048318279973124344
leaf_weight=32 36 555 32 116 30 99
leaf_count=32 36 555 32 116 30 99
internal_value=0.001 0.00157834 -0.00130435 -0.000460526 0.0023538 0.0025
internal_weight=900 868 184 152 684 654
internal_count=900 868 184 152 684 654
is_linear=0
shrinkage=0.05


Tree=26
num_leaves=7
num_cat=0
split_feature=0 0 0 1 0 0
split_gain=3.28936 0.678283 0.247141 0.219106 2.22045e-16 2.22045e-16
threshold=0.47012741337726405 0.55475019026531636 0.54663686487001495 0.50468395134605226 0.73360805233910076 0.62119863207360548
decision_type=2 2 2 2 2 2
left_child=-1 2 3 -2 5 -3
right_child=1 4 -4 -5 -6 -7
leaf_value=-0.00065375022186965896 -0.00036803120014080887 0.0010864879060590415 -4.5214095745621675e-05 3.2545265748234861e-05 0.0044760297698170082 0.0040944492357751
leaf_weight=32 32 337 36 172 33 258
leaf_count=32 32 337 36 172 33 258
internal_value=0.00105556 0.00163594 -0.000625 4.90197e-05 0.0025 0.0025
internal_weight=900 868 240 204 628 595
internal_count=900 868 240 204 628 595
is_linear=0
shrinkage=0.05


Tree=27
num_leaves=7
num_cat=0
split_feature=1 0 0 0 0 0
split_gain=2.68698 0.507817 0.301895 0.0587406 2.22045e-16 2.22045e-16
threshold=0.50114795252751787 0.55475019026531636 0.54071806234852648 0.52971848801639909 0.73360805233910076 0.62119863207360548
decision_type=2 2 2 2 2 2
left_child=-1 2 3 -2 5 -3
right_child=1 4 -4 -5 -6 -7
leaf_value=-0.00060053129376604899 2.6555932324699843e-05 0.00103216351075609 -4.2360368438861445e-05 0.00013343261926458073 0.0042522282813261597 0.0038897267739863464
leaf_weight=60 112 337 60 40 33 258
leaf_count=60 112 337 60 40 33 258
internal_value=0.00105556 0.00178571 -0.000330189 0.000855263 0.0025 0.0025
internal_weight=900 840 212 152 628 595
internal_count=900 840 212 152 628 595
is_linear=0
shrinkage=0.05


Tree=28
num_leaves=7
num_cat=0
split_feature=1 0 0 0 0 0
split_gain=2.74571 0.35265 0.228302 0.0571429 2.22045e-16 2.22045e-16
threshold=0.50114795252751787 0.55475019026531636 0.54834700485297538 0.50956758487434761 0.73360805233910076 0.62119863207360548
decision_type=2 2 2 2 2 2
left_child=-1 2 3 -2 5 -3
right_child=1 4 -4 -5 -6 -7
leaf_value=-0.00057050472907774761 0.0003181934989054336 0.00098055533521828621 -4.1428395011690658e-05 1.5168149286538217e-06 0.0040396168672598492 0.0036952404352870285
leaf_weight=60 40 337 32 140 33 258
leaf_count=60 40 337 32 140 33 258
internal_value=0.00116667 0.00190476 0.000141509 0.000833333 0.0025 0.0025
internal_weight=900 840 212 180 628 595
internal_count=900 840 212 180 628 595
is_linear=0
shrinkage=0.05


Tree=29
num_leaves=8
num_cat=0
split_feature=1 0 0 0 1 0 0
split_gain=2.36255 0.370004 0.343341 0.219106 0.0529199 2.22045e-16 2.22045e-16
threshold=0.50784004989673692 0.55475019026531636 0.47012741337726405 0.54834700485297538 0.53698173301002183 0.73360805233910076 0.62119863207360548
decision_type=2 2 2 2 2 2 2
left_child=2 3 -1 4 -2 6 -3
right_child=1 5 -4 -5 -6 -7 -8
leaf_value=-0.00056251090963398977 -1.762624406016693e-06 0.0009315275684573743 -0.00026630486345255482 -3.9356975261108437e-05 8.4796793237563883e-05 0.0038376360238968569 0.0035104784135226775
leaf_weight=32 72 337 36 32 100 33 258
leaf_count=32 72 337 36 32 100 33 258
internal_value=0.00116667 0.00189904 -0.00779412 4.90197e-05 0.000755814 0.0025 0.0025
internal_weight=900 832 68 204 172 628 595
internal_count=900 832 68 204 172 628 595
is_linear=0
shrinkage=0.05


Tree=30
num_leaves=7
num_cat=0
split_feature=1 0 0 0 0 0
split_gain=2.29365 0.507817 0.301895 0.0587406 2.22045e-16 2.22045e-16
threshold=0.50114795252751787 0.55475019026531636 0.54071806234852648 0.52971848801639909 0.73360805233910076 0.62119863207360548
decision_type=2 2 2 2 2 2
left_child=-1 2 3 -2 5 -3
right_child=1 4 -4 -5 -6 -7
leaf_value=-0.00051385394714216221 1.5358791268142094e-05 0.00088495119003450531 -3.6203081503279513e-05 0.00012244530789303986 0.0036457542227020137 0.0033349544928465424
leaf_weight=60 112 337 60 40 33 258
leaf_count=60 112 337 60 40 33 258
internal_value=0.00111111 0.00178571 -0.000330189 0.000855263 0.0025 0.0025
internal_weight=900 840 212 152 628 595
internal_count=900 840 212 152 628 595
is_linear=0
shrinkage=0.05


Tree=31
num_leaves=7
num_cat=0
split_feature=1 0 0 0 0 0
split_gain=2.32071 0.426707 0.193719 0.0587406 2.22045e-16 2.22045e-16
threshold=0.50114795252751787 0.55475019026531636 0.54071806234852648 0.52971848801639909 0.73360805233910076 0.62119863207360548
decision_type=2 2 2 2 2 2
left_child=-1 2 3 -2 5 -3
right_child=1 4 -4 -5 -6 -7
leaf_value=-0.00048816124978505183 1.4590851704735724e-05 0.00084070363053277979 -3.4392927428113689e-05 0.00011632304249838631 0.0034634665115669152 0.0031682067682042184
leaf_weight=60 112 337 60 40 33 258
leaf_count=60 112 337 60 40 33 258
internal_value=0.00116667 0.00184524 -9.43396e-05 0.000855263 0.0025 0.0025
internal_weight=900 840 212 152 628 595
internal_count=900 840 212 152 628 595
is_linear=0
shrinkage=0.05


Tree=32
num_leaves=6
num_cat=0
split_feature=1 0 0 1 0
split_gain=2.34794 0.290788 0.08036 0.129316 2.22045e-16
threshold=0.50114795252751787 0.5612016577610287 0.50956758487434761 0.53698173301002183 0.7416483592067501
decision_type=2 2 2 2 2
left_child=-1 2 -2 -4 -3
right_child=1 4 3 -5 -6
leaf_value=-0.00046375318729580117 0.00030087447303182028 0.0013627527972658372 -0.0001778245846248284 2.556387150146435e-06 0.0032590937302624302
leaf_weight=60 40 566 40 164 30
leaf_count=60 40 566 40 164 30
internal_value=0.00122222 0.00190476 0.00045082 4.90197e-05 0.0025
internal_weight=900 840 244 204 596
internal_count=900 840 244 204 596
is_linear=0
shrinkage=0.05


Tree=33
num_leaves=8
num_cat=0
split_feature=0 0 1 1 0 1 0
split_gain=2.15047 0.46305 0.149604 0.0876565 0.0513807 0.0295721 2.22045e-16
threshold=0.47012741337726405 0.5612016577610287 0.52292337761082297 0.57104904579449567 0.4908232572185674 0.58324386251320937 0.7416483592067501
decision_type=2 2 2 2 2 2 2
left_child=-1 2 4 -4 -2 -3 -7
right_child=1 5 3 -5 -6 6 -8
leaf_value=-0.00046109694494114175 0.00011710621259417576 0.00032803509419930825 3.3009868927509822e-05 -3.310791505809411e-05 -0.00035227667203135033 0.0015734491625670564 0.0030961390437493075
leaf_weight=32 31 32 172 36 33 534 30
leaf_count=32 31 32 172 36 33 534 30
internal_value=0.00116667 0.00163594 -7.35293e-05 0.000576923 -0.0021875 0.00241611 0.0025
internal_weight=900 868 272 208 64 596 564
internal_count=900 868 272 208 64 596 564
is_linear=0
shrinkage=0.05


Tree=34
num_leaves=7
num_cat=0
split_feature=1 0 0 1 1 0
split_gain=1.72095 0.382086 0.125237 0.0843615 0.0295721 2.22045e-16
threshold=0.49888242098483443 0.5612016577610287 0.50956758487434761 0.53698173301002183 0.58324386251320937 0.7416483592067501
decision_type=2 2 2 2 2 2
left_child=-1 2 -2 -4 -3 -6
right_child=1 4 3 -5 5 -7
leaf_value=-0.00042777638880659444 8.0278172380577727e-05 0.00031163333948934225 -0.00016962063304733636 7.7807434626136104e-07 0.0014947767044387026 0.0029413320915618437
leaf_weight=56 44 32 40 164 534 30
leaf_count=56 44 32 40 164 534 30
internal_value=0.00116667 0.00172986 8.06452e-05 -0.000441176 0.00241611 0.0025
internal_weight=900 844 248 204 596 564
internal_count=900 844 248 204 596 564
is_linear=0
shrinkage=0.05


Tree=35
num_leaves=7
num_cat=0
split_feature=1 0 0 1 1 0
split_gain=1.72095 0.382086 0.125237 0.0843615 0.0295721 2.22045e-16
threshold=0.49888242098483443 0.5612016577610287 0.50956758487434761 0.53698173301002183 0.58324386251320937 0.7416483592067501
decision_type=2 2 2 2 2 2
left_child=-1 2 -2 -4 -3 -6
right_child=1 4 3 -5 5 -7
leaf_value=-0.00040638756936626222 7.6264263761550565e-05 0.00029605167251487433 -0.00016113960139496768 7.391706289470629e-07 0.0014200378692167703 0.0027942654869837491
leaf_weight=56 44 32 40 164 534 30
leaf_count=56 44 32 40 164 534 30
internal_value=0.00116667 0.00172986 8.06452e-05 -0.000441176 0.00241611 0.0025
internal_weight=900 844 248 204 596 564
internal_count=900 844 248 204 596 564
is_linear=0
shrinkage=0.05


Tree=36
num_leaves=7
num_cat=0
split_feature=1 0 0 1 1 0
split_gain=1.72095 0.382086 0.125237 0.0843615 0.0295721 2.22045e-16
threshold=0.49888242098483443 0.5612016577610287 0.50956758487434761 0.53698173301002183 0.58324386251320937 0.7416483592067501
decision_type=2 2 2 2 2 2
left_child=-1 2 -2 -4 -3 -6
right_child=1 4 3 -5 5 -7
leaf_value=-0.00038606819089794799 7.24510505734753e-05 0.00028124908888912947 -0.00015308262132521938 7.022120975007002e-07 0.0013490359757559332 0.0026545522126345646
leaf_weight=56 44 32 40 164 534 30
leaf_count=56 44 32 40 164 534 30
internal_value=0.00116667 0.00172986 8.06452e-05 -0.000441176 0.00241611 0.0025
internal_weight=900 844 248 204 596 564
internal_count=900 844 248 204 596 564
is_linear=0
shrinkage=0.05


Tree=37
num_leaves=8
num_cat=0
split_feature=1 0 0 1 0 1 0
split_gain=1.74355 0.318965 0.14727 0.339417 0.0713489 0.0295721 2.22045e-16
threshold=0.49888242098483443 0.5612016577610287 0.54071806234852648 0.56206603929328514 0.52395372039893029 0.58324386251320937 0.7416483592067501
decision_type=2 2 2 2 2 2 2
left_child=-1 2 4 -4 -2 -3 -7
right_child=1 5 3 -5 -6 6 -8
leaf_value=-0.0003667647813530517 4.9817446381268402e-06 0.00026718663444467164 -4.0345178106589719e-05 6.0533051364158875e-05 0.00011687127412429721 0.0012815841769681345 0.0025218246020028371
leaf_weight=56 92 32 31 61 64 534 30
leaf_count=56 92 32 31 61 64 534 30
internal_value=0.00122222 0.0017891 0.000282258 -0.00130435 0.00121795 0.00241611 0.0025
internal_weight=900 844 248 92 156 596 564
internal_count=900 844 248 92 156 596 564
is_linear=0
shrinkage=0.05


Tree=38
num_leaves=7
num_cat=0
split_feature=1 0 0 1 1 0
split_gain=1.74355 0.318965 0.105234 0.105643 0.0295721 2.22045e-16
threshold=0.49888242098483443 0.5612016577610287 0.50956758487434761 0.53698173301002183 0.58324386251320937 0.7416483592067501
decision_type=2 2 2 2 2 2
left_child=-1 2 -2 -4 -3 -6
right_child=1 4 3 -5 5 -7
leaf_value=-0.00034842654228540163 6.8579410812892163e-05 0.00025382730272243694 -0.00014567757749086734 1.1880550493901506e-06 0.001217504968119729 0.0023957333719026976
leaf_weight=56 44 32 40 164 534 30
leaf_count=56 44 32 40 164 534 30
internal_value=0.00122222 0.0017891 0.000282258 -0.000196078 0.00241611 0.0025
internal_weight=900 844 248 204 596 564
internal_count=900 844 248 204 596 564
is_linear=0
shrinkage=0.05


Tree=39
num_leaves=7
num_cat=0
split_feature=1 0 1 1 1 0
split_gain=1.74355 0.318965 0.0639836 0.0790656 0.0295721 2.22045e-16
threshold=0.49888242098483443 0.5612016577610287 0.57104904579449567 0.55893679990018208 0.58324386251320937 0.7416483592067501
decision_type=2 2 2 2 2 2
left_child=-1 2 3 -2 -3 -6
right_child=1 4 -4 -5 5 -7
leaf_value=-0.00033100521517113183 4.3781845754952533e-07 0.00024113593758631757 -3.4649547479497589e-05 0.00012357063162931798 0.0011566297197137451 0.0022759467033075633
leaf_weight=56 168 32 36 44 534 30
leaf_count=56 168 32 36 44 534 30
internal_value=0.00122222 0.0017891 0.000282258 0.000613208 0.00241611 0.0025
internal_weight=900 844 248 212 596 564
internal_count=900 844 248 212 596 564
is_linear=0
shrinkage=0.05


Tree=40
num_leaves=7
num_cat=0
split_feature=1 0 1 1 1 0
split_gain=1.39817 0.294378 0.0932886 0.0639836 0.0790656 2.22045e-16
threshold=0.49888242098483443 0.5612016577610287 0.58478033415987729 0.57104904579449567 0.55893679990018208 0.62596940176487414
decision_type=2 2 2 2 2 2
left_child=-1 3 -3 4 -2 -4
right_child=1 2 5 -5 -6 -7
leaf_value=-0.00031445495441257413 4.159275346695618e-07 2.9184487133954164e-05 0.0010327155579586799 -3.2917070105525175e-05 0.00011739210004785466 0.002475269061483887
leaf_weight=56 168 40 289 36 44 267
leaf_count=56 168 40 289 36 44 267
internal_value=0.00122222 0.00172986 0.00233221 0.000282258 0.000613208 0.0025
internal_weight=900 844 596 248 212 556
internal_count=900 844 596 248 212 556
is_linear=0
shrinkage=0.05


Tree=41
num_leaves=7
num_cat=0
split_feature=1 0 1 1 1 0
split_gain=1.39817 0.294378 0.0932886 0.0639836 0.0790656 2.22045e-16
threshold=0.49888242098483443 0.5612016577610287 0.58478033415987729 0.57104904579449567 0.55893679990018208 0.62596940176487414
decision_type=2 2 2 2 2 2
left_child=-1 3 -3 4 -2 -4
right_child=1 2 5 -5 -6 -7
leaf_value=-0.00029873220669194292 3.9513115793775979e-07 2.7725262777256179e-05 0.0009810797800607451 -3.1271216600247489e-05 0.00011152249504545924 0.0023515056084096931
leaf_weight=56 168 40 289 36 44 267
leaf_count=56 168 40 289 36 44 267
internal_value=0.00122222 0.00172986 0.00233221 0.000282258 0.000613208 0.0025
internal_weight=900 844 596 248 212 556
internal_count=900 844 596 248 212 556
is_linear=0
shrinkage=0.05


Tree=42
num_leaves=7
num_cat=0
split_feature=1 0 1 1 1 1
split_gain=1.37794 0.270776 0.0866979 0.0639836 0.0790656 0.00291842
threshold=0.49888242098483443 0.5612016577610287 0.58478033415987729 0.57104904579449567 0.55893679990018208 0.62828737290417991
decision_type=2 2 2 2 2 2
left_child=-1 3 -3 4 -2 -4
right_child=1 2 5 -5 -6 -7
leaf_value=-0.00028379559635734463 3.7537460004254786e-07 2.633899963839226e-05 0.00085864379032664763 -2.9707655770232857e-05 0.00010594637029318803 0.002204394443684754
leaf_weight=56 168 40 212 36 44 344
leaf_count=56 168 40 212 36 44 344
internal_value=0.00116667 0.00167062 0.00224832 0.000282258 0.000613208 0.00241007
internal_weight=900 844 596 248 212 556
internal_count=900 844 596 248 212 556
is_linear=0
shrinkage=0.05


Tree=43
num_leaves=7
num_cat=0
split_feature=1 0 1 1 1 1
split_gain=1.27385 0.298927 0.0866979 0.0598086 0.0849542 0.00291842
threshold=0.49048725516626296 0.5612016577610287 0.58478033415987729 0.57104904579449567 0.55893679990018208 0.62828737290417991
decision_type=2 2 2 2 2 2
left_child=-1 3 -3 4 -2 -4
right_child=1 2 5 -5 -6 -7
leaf_value=-0.00032413269083362574 2.3604353813081996e-07 2.5022049656470147e-05 0.00081571160081031621 -2.8222272981719791e-05 0.00010064905177853039 0.0020941747215005193
leaf_weight=40 184 40 212 36 44 344
leaf_count=40 184 40 212 36 44 344
internal_value=0.00122222 0.00162791 0.00224832 0.000227273 0.000526316 0.00241007
internal_weight=900 860 596 264 228 556
internal_count=900 860 596 264 228 556
is_linear=0
shrinkage=0.05


Tree=44
num_leaves=7
num_cat=0
split_feature=1 0 1 1 1 1
split_gain=1.27385 0.298927 0.0866979 0.0598086 0.0849542 0.00291842
threshold=0.49048725516626296 0.5612016577610287 0.58478033415987729 0.57104904579449567 0.55893679990018208 0.62828737290417991
decision_type=2 2 2 2 2 2
left_child=-1 3 -3 4 -2 -4
right_child=1 2 5 -5 -6 -7
leaf_value=-0.00030792605629194347 2.2424136122282651e-07 2.3770947173645808e-05 0.00077492602076980179 -2.6811159332634039e-05 9.5616599189603683e-05 0.0019894659854254927
leaf_weight=40 184 40 212 36 44 344
leaf_count=40 184 40 212 36 44 344
internal_value=0.00122222 0.00162791 0.00224832 0.000227273 0.000526316 0.00241007
internal_weight=900 860 596 264 228 556
internal_count=900 860 596 264 228 556
is_linear=0
shrinkage=0.05


Tree=45
num_leaves=7
num_cat=0
split_feature=1 0 1 1 1 1
split_gain=1.27385 0.298927 0.0866979 0.0598086 0.0849542 0.00291842
threshold=0.49048725516626296 0.5612016577610287 0.58478033415987729 0.57104904579449567 0.55893679990018208 0.62828737290417991
decision_type=2 2 2 2 2 2
left_child=-1 3 -3 4 -2 -4
right_child=1 2 5 -5 -6 -7
leaf_value=-0.00029252975347734701 2.1302929315995516e-07 2.2582399814963239e-05 0.00073617971973131263 -2.5470601366000357e-05 9.0835769230126096e-05 0.0018899926861542184
leaf_weight=40 184 40 212 36 44 344
leaf_count=40 184 40 212 36 44 344
internal_value=0.00122222 0.00162791 0.00224832 0.000227273 0.000526316 0.00241007
internal_weight=900 860 596 264 228 556
internal_count=900 860 596 264 228 556
is_linear=0
shrinkage=0.05


Tree=46
num_leaves=7
num_cat=0
split_feature=1 0 1 1 1 1
split_gain=1.27385 0.298927 0.0866979 0.0598086 0.0849542 0.00291842
threshold=0.49048725516626296 0.5612016577610287 0.58478033415987729 0.57104904579449567 0.55893679990018208 0.62828737290417991
decision_type=2 2 2 2 2 2
left_child=-1 3 -3 4 -2 -4
right_child=1 2 5 -5 -6 -7
leaf_value=-0.0002779032658034781 2.0237782849967228e-07 2.1453279824212859e-05 0.00069937073374474871 -2.4197071297698362e-05 8.62939807686221e-05 0.0017954930518465084
leaf_weight=40 184 40 212 36 44 344
leaf_count=40 184 40 212 36 44 344
internal_value=0.00122222 0.00162791 0.00224832 0.000227273 0.000526316 0.00241007
internal_weight=900 860 596 264 228 556
internal_count=900 860 596 264 228 556
is_linear=0
shrinkage=0.05


Tree=47
num_leaves=7
num_cat=0
split_feature=1 0 1 1 1 1
split_gain=1.27385 0.298927 0.0866979 0.0598086 0.0849542 0.00291842
threshold=0.49048725516626296 0.5612016577610287 0.58478033415987729 0.57104904579449567 0.55893679990018208 0.62828737290417991
decision_type=2 2 2 2 2 2
left_child=-1 3 -3 4 -2 -4
right_child=1 2 5 -5 -6 -7
leaf_value=-0.00026400810251330517 1.9225893707490155e-07 2.0380615833004435e-05 0.00066440219705751324 -2.2987217732810909e-05 8.1979281730189696e-05 0.0017057183992541859
leaf_weight=40 184 40 212 36 44 344
leaf_count=40 184 40 212 36 44 344
internal_value=0.00122222 0.00162791 0.00224832 0.000227273 0.000526316 0.00241007
internal_weight=900 860 596 264 228 556
internal_count=900 860 596 264 228 556
is_linear=0
shrinkage=0.05


Tree=48
num_leaves=7
num_cat=0
split_feature=1 0 1 1 1 1
split_gain=1.27385 0.298927 0.0866979 0.0598086 0.0849542 0.00291842
threshold=0.49048725516626296 0.5612016577610287 0.58478033415987729 0.57104904579449567 0.55893679990018208 0.62828737290417991
decision_type=2 2 2 2 2 2
left_child=-1 3 -3 4 -2 -4
right_child=1 2 5 -5 -6 -7
leaf_value=-0.00025080769738764229 1.8264599021970401e-07 1.9361585041355323e-05 0.00063118208720463597 -2.1837856846167828e-05 7.7880317643682251e-05 0.0016204324792914782
leaf_weight=40 184 40 212 36 44 344
leaf_count=40 184 40 212 36 44 344
internal_value=0.00122222 0.00162791 0.00224832 0.000227273 0.000526316 0.00241007
internal_weight=900 860 596 264 228 556
internal_count=900 860 596 264 228 556
is_linear=0
shrinkage=0.05


Tree=49
num_leaves=7
num_cat=0
split_feature=1 0 1 1 1 1
split_gain=1.27385 0.298927 0.0866979 0.0598086 0.0849542 0.00291842
threshold=0.49048725516626296 0.5612016577610287 0.58478033415987729 0.57104904579449567 0.55893679990018208 0.62828737290417991
decision_type=2 2 2 2 2 2
left_child=-1 3 -3 4 -2 -4
right_child=1 2 5 -5 -6 -7
leaf_value=-0.00023826731251826172 1.7351369070865414e-07 1.8393505789288112e-05 0.00059962298284440673 -2.0745964003859122e-05 7.3986301761499055e-05 0.001539410855326906
leaf_weight=40 184 40 212 36 44 344
leaf_count=40 184 40 212 36 44 344
internal_value=0.00122222 0.00162791 0.00224832 0.000227273 0.000526316 0.00241007
internal_weight=900 860 596 264 228 556
internal_count=900 860 596 264 228 556
is_linear=0
shrinkage=0.05


Tree=50
num_leaves=7
num_cat=0
split_feature=1 0 0 1 1 1
split_gain=1.25767 0.357578 0.113969 0.0866979 0.0832851 0.00291842
threshold=0.49048725516626296 0.5612016577610287 0.54975243375952876 0.58478033415987729 0.52292337761082297 0.62828737290417991
decision_type=2 2 2 2 2 2
left_child=-1 2 4 -3 -2 -5
right_child=1 3 -4 5 -6 -7
leaf_value=-0.00022635394689234653 -2.6003719040334931e-05 1.7473830499825649e-05 -1.9708665753798571e-05 0.00056964183370218483 3.7625313268094956e-05 0.001462440312560559
leaf_weight=40 56 40 56 212 152 344
leaf_count=40 56 40 56 212 152 344
internal_value=0.00116667 0.00156977 3.78789e-05 0.00224832 0.000576923 0.00241007
internal_weight=900 860 264 596 208 556
internal_count=900 860 264 596 208 556
is_linear=0
shrinkage=0.05


Tree=51
num_leaves=8
num_cat=0
split_feature=1 0 0 1 0 1 1
split_gain=1.2416 0.421478 0.138528 0.593939 0.119048 0.0866979 0.00291842
threshold=0.49048725516626296 0.5612016577610287 0.5395211812575228 0.56011460921138356 0.52395372039893029 0.58478033415987729 0.62828737290417991
decision_type=2 2 2 2 2 2 2
left_child=-1 2 4 -4 -2 -3 -7
right_child=1 5 3 -5 -6 6 -8
leaf_value=-0.00021503624954773159 9.8391118286996459e-07 1.6600138974831592e-05 -3.8147393508719566e-05 2.1569119197528688e-05 0.00014217255787146721 0.00054115974201707337 0.0013893182969325292
leaf_weight=40 108 40 30 66 60 212 344
leaf_count=40 108 40 30 66 60 212 344
internal_value=0.00111111 0.00151163 -0.000151515 -0.00166667 0.000714286 0.00224832 0.00241007
internal_weight=900 860 264 96 168 596 556
internal_count=900 860 264 96 168 596 556
is_linear=0
shrinkage=0.05


Tree=52
num_leaves=7
num_cat=0
split_feature=1 0 0 1 0 1
split_gain=1.22563 0.392526 0.0934274 0.0803486 0.0708042 0.0269686
threshold=0.49048725516626296 0.5612016577610287 0.54975243375952876 0.58478033415987729 0.54158343801041731 0.76887900863606584
decision_type=2 2 2 2 2 2
left_child=-1 2 4 -3 -2 -5
right_child=1 3 -4 5 -6 -7
leaf_value=-0.00020428443707034291 -2.0588133935502838e-07 1.5770132026088348e-05 -1.9801688425980378e-05 0.00065731686846833058 0.00018509243249512655 0.0010147461328688825
leaf_weight=40 176 40 56 525 32 31
leaf_count=40 176 40 56 525 32 31
internal_value=0.00105556 0.00145349 -0.000151515 0.00216443 0.000336539 0.00232014
internal_weight=900 860 264 596 208 556
internal_count=900 860 264 596 208 556
is_linear=0
shrinkage=0.05


Tree=53
num_leaves=8
num_cat=0
split_feature=1 0 0 1 1 0 1
split_gain=1.19401 0.437036 0.262882 0.0855937 0.0510204 0.030963 0.0237046
threshold=0.49048725516626296 0.55475019026531636 0.54663686487001495 0.58478033415987729 0.52292337761082297 0.56350395367450512 0.76887900863606584
decision_type=2 2 2 2 2 2 2
left_child=-1 2 4 5 -2 -3 -5
right_child=1 3 -4 6 -6 -7 -8
leaf_value=-0.00019407021521682674 -2.4742434580493514e-05 5.0604118579822279e-06 -2.317273095196733e-05 0.0006250426786384251 9.358262366013589e-05 -7.3447847246499449e-06 0.00096400882622543782
leaf_weight=40 56 41 36 526 140 30 31
leaf_count=40 56 41 36 526 140 30 31
internal_value=0.000944444 0.00133721 -0.000517241 0.00202229 0.000204082 0.000387324 0.0022307
internal_weight=900 860 232 628 196 71 557
internal_count=900 860 232 628 196 71 557
is_linear=0
shrinkage=0.05


Tree=54
num_leaves=9
num_cat=0
split_feature=1 0 0 1 1 0 0 1
split_gain=1.17835 0.410062 0.369458 0.662745 0.0901593 0.152713 0.0584416 0.0231633
threshold=0.49048725516626296 0.55475019026531636 0.5395211812575228 0.56011460921138356 0.59180127889842382 0.571189819498514 0.52971848801639909 0.76887900863606584
decision_type=2 2 2 2 2 2 2 2
left_child=-1 2 6 -4 5 -3 -2 -6
right_child=1 4 3 -5 7 -7 -8 -9
leaf_value=-0.00018436670445598775 3.3591610656654787e-06 7.3298788817133264e-05 -3.4091302864386351e-05 0.0006303050119870838 0.0007024059545709142 -2.8835554469921858e-05 0.00012208560859079399 0.0009158083849141632
leaf_weight=40 132 75 30 34 491 31 36 31
leaf_count=40 132 75 30 34 491 31 36 31
internal_value=0.000888889 0.00127907 -0.000517241 -0.00375 0.00194268 0.000613208 0.000714286 0.00221264
internal_weight=900 860 232 64 628 106 168 522
internal_count=900 860 232 64 628 106 168 522
is_linear=0
shrinkage=0.05


Tree=55
num_leaves=9
num_cat=0
split_feature=1 0 0 1 1 1 0 1
split_gain=1.14734 0.539983 0.238636 0.72803 0.0830392 0.0784603 0.168701 0.0231633
threshold=0.49048725516626296 0.5612016577610287 0.5395211812575228 0.56011460921138356 0.53698173301002183 0.59180127889842382 0.571189819498514 0.76887900863606584
decision_type=2 2 2 2 2 2 2 2
left_child=-1 2 4 -4 -2 6 -3 -7
right_child=1 5 3 -5 -6 7 -8 -9
leaf_value=-0.00017514836923318851 -4.7453157714036993e-07 0.00045752500377255759 -3.2386737721168426e-05 1.7562787625197141e-05 0.00017750792673735033 0.00066728565684236727 -2.7393776746423122e-05 0.00087001796566845725
leaf_weight=40 100 43 30 66 68 491 31 31
leaf_count=40 100 43 30 66 68 491 31 31
internal_value=0.000777778 0.00116279 -0.000719697 -0.00270833 0.000416667 0.00199664 0.000472973 0.00221264
internal_weight=900 860 264 96 168 596 74 522
internal_count=900 860 264 96 168 596 74 522
is_linear=0
shrinkage=0.05


Tree=56
num_leaves=11
num_cat=0
split_feature=0 1 0 1 1 0 1 0 0 1
split_gain=0.864342 0.42496 0.238636 0.72803 0.128634 0.311001 0.0830392 0.0220921 0.0714252 1.11022e-16
threshold=0.5612016577610287 0.49048725516626296 0.5395211812575228 0.56011460921138356 0.59197920020506622 0.57180343183458415 0.53698173301002183 0.64061364835481616 0.62119863207360548 0.66697019498630272
decision_type=2 2 2 2 2 2 2 2 2 2
left_child=1 -1 6 -4 5 -2 -3 8 -6 -9
right_child=4 2 3 -5 7 -7 -8 9 -10 -11
leaf_value=-0.00016639095077153061 0.00046510136309990127 -4.5080499828318383e-07 -3.0767400835107787e-05 1.668464824393645e-05 0.00053647537650090339 -2.6024087909101541e-05 0.00016863253040048438 0.0012535225904281356 0.00042340761868691137 0.002014455947714986
leaf_weight=40 47 100 30 66 227 31 68 44 75 172
leaf_count=40 47 100 30 66 227 31 68 44 75 172
internal_value=0.000722222 -0.00144737 -0.000719697 -0.00270833 0.00182886 -6.41025e-05 0.000416667 0.0021139 0.00183775 0.0025
internal_weight=900 304 264 96 596 78 168 518 302 216
internal_count=900 304 264 96 596 78 168 518 302 216
is_linear=0
shrinkage=0.05


Tree=57
num_leaves=9
num_cat=0
split_feature=1 0 0 1 1 0 0 0
split_gain=0.813966 0.378859 0.29801 0.160829 0.0879707 0.242297 0.0504302 0.0300334
threshold=0.49048725516626296 0.5612016577610287 0.54663686487001495 0.5694336914169541 0.60460407172077235 0.58087639531556545 0.50956758487434761 0.64061364835481616
decision_type=2 2 2 2 2 2 2 2
left_child=-1 2 6 -4 5 -3 -2 -6
right_child=1 4 3 -5 7 -7 -8 -9
leaf_value=-0.00015807140323295394 6.3875826810166474e-06 0.00021352092749015426 -8.5374684043010924e-06 0.00033895249290075429 0.0006089140713865475 -1.0073787626988373e-05 -1.0804571680866438e-06 0.001582701430955114
leaf_weight=40 60 94 37 31 248 38 136 216
leaf_count=40 60 94 37 31 248 38 136 216
internal_value=0.000722222 0.00104651 -0.000530303 -0.00338235 0.00174497 0.000606061 0.000459184 0.00206897
internal_weight=900 860 264 68 596 132 196 464
internal_count=900 860 264 68 596 132 196 464
is_linear=0
shrinkage=0.05


Tree=58
num_leaves=12
num_cat=0
split_feature=0 1 0 1 1 0 1 0 0 0 1
split_gain=0.820643 0.42496 0.259745 0.160829 0.0879707 0.242297 0.0510204 0.0300334 0.0612642 0.0206117 1.11022e-16
threshold=0.5612016577610287 0.49048725516626296 0.54663686487001495 0.5694336914169541 0.60460407172077235 0.58087639531556545 0.52292337761082297 0.64061364835481616 0.62119863207360548 0.57382372208435484 0.66697019498630272
decision_type=2 2 2 2 2 2 2 2 2 2 2
left_child=1 -1 6 -4 5 9 -3 8 -6 -2 -9
right_child=4 2 3 -5 7 -7 -8 10 -10 -11 -12
leaf_value=-0.00015016783307130474 0.00039310448894432917 -2.3946383210027171e-05 -8.1105949840837914e-06 0.00032200486825571806 0.00072257243072751387 -9.5700982456402251e-06 6.5546212049103779e-05 0.001111711389358977 0.00037179153418324192 3.6229617668515539e-05 0.0018345980787814829
leaf_weight=40 62 56 37 31 173 38 140 44 75 32 172
leaf_count=40 62 56 37 31 173 38 140 44 75 32 172
internal_value=0.000666667 -0.00144737 -0.000719697 -0.00338235 0.00174497 0.000606061 0.000204082 0.00206897 0.00169355 0.00196809 0.0025
internal_weight=900 304 264 68 596 132 196 464 248 94 216
internal_count=900 304 264 68 596 132 196 464 248 94 216
is_linear=0
shrinkage=0.05


Tree=59
num_leaves=9
num_cat=0
split_feature=1 0 0 0 0 1 0 0
split_gain=0.82699 0.319615 0.0726675 0.205763 0.1125 0.0406598 0.201769 1.11022e-16
threshold=0.49048725516626296 0.5997151743879513 0.5612016577610287 0.5395211812575228 0.57525163732164086 0.64417922085000845 0.62119863207360548 0.7416483592067501
decision_type=2 2 2 2 2 2 2 2
left_child=-1 2 3 -2 -4 6 -3 -7
right_child=1 5 4 -5 -6 7 -8 -9
leaf_value=-0.00014265944141773909 1.3090525271066065e-05 0.0008787254226083175 0.00026749860962343899 -1.1788405582570404e-05 1.1953707468391691e-06 0.00143459951953965 -0.0001226973611317184 0.00060148366429516324
leaf_weight=40 168 109 72 96 120 231 34 30
leaf_count=40 168 109 72 96 120 231 34 30
internal_value=0.000777778 0.00110465 0.000197368 -0.000340909 0.0009375 0.00212871 0.00145105 0.0025
internal_weight=900 860 456 264 192 404 143 261
internal_count=900 860 456 264 192 404 143 261
is_linear=0
shrinkage=0.05


Tree=60
num_leaves=12
num_cat=0
split_feature=0 1 0 1 1 0 0 0 0 0 1
split_gain=0.586564 0.301615 0.205763 0.492614 0.0879707 0.242297 0.0584416 0.0300334 0.0612642 0.0206117 1.11022e-16
threshold=0.5612016577610287 0.49048725516626296 0.5395211812575228 0.56011460921138356 0.60460407172077235 0.58087639531556545 0.52971848801639909 0.64061364835481616 0.62119863207360548 0.57382372208435484 0.66697019498630272
decision_type=2 2 2 2 2 2 2 2 2 2 2
left_child=1 -1 6 -4 5 9 -3 8 -6 -2 -9
right_child=4 2 3 -5 7 -7 -8 10 -10 -11 -12
leaf_value=-0.00013552646934685006 0.0003600743340159418 3.4608836040525063e-06 -2.7807207344804375e-05 1.7272239280291534e-05 0.00068638404065379799 -9.1513618706993935e-06 9.4796491296755833e-05 0.00098439584391404877 0.00035933682553066578 2.7035028871107593e-05 0.0016940488901918038
leaf_weight=40 62 132 30 66 173 38 36 44 75 32 172
leaf_count=40 62 132 30 66 173 38 36 44 75 32 172
internal_value=0.000833333 -0.000953947 -0.000340909 -0.0021875 0.00174497 0.000606061 0.000714286 0.00206897 0.00169355 0.00196809 0.0025
internal_weight=900 304 264 96 596 132 168 464 248 94 216
internal_count=900 304 264 96 596 132 168 464 248 94 216
is_linear=0
shrinkage=0.05


Tree=61
num_leaves=8
num_cat=0
split_feature=1 0 0 0 1 0 0
split_gain=0.558966 0.356937 0.0688995 0.102356 0.0406598 0.201769 1.11022e-16
threshold=0.49048725516626296 0.5997151743879513 0.50956758487434761 0.5612016577610287 0.64417922085000845 0.62119863207360548 0.7416483592067501
decision_type=2 2 2 2 2 2 2
left_child=-1 2 -2 -4 5 -3 -6
right_child=1 4 3 -5 6 -7 -8
leaf_value=-0.00012875014587950546 6.4379522637103127e-06 0.00080046994944520946 -6.1457258766841042e-06 3.6600960301702072e-05 0.0013120200276350526 -0.00013452933435166849 0.00048670703657081871
leaf_weight=40 60 109 204 192 231 34 30
leaf_count=40 60 109 204 192 231 34 30
internal_value=0.000777778 0.00104651 8.77194e-05 -0.000151515 0.00212871 0.00145105 0.0025
internal_weight=900 860 456 396 404 143 261
internal_count=900 860 456 396 404 143 261
is_linear=0
shrinkage=0.05


Tree=62
num_leaves=8
num_cat=0
split_feature=1 0 1 1 1 0 0
split_gain=0.558966 0.356937 0.0647517 0.0823031 0.0406598 0.201769 1.11022e-16
threshold=0.49048725516626296 0.5997151743879513 0.61073729189183779 0.5853731208284213 0.64417922085000845 0.62119863207360548 0.7416483592067501
decision_type=2 2 2 2 2 2 2
left_child=-1 2 3 -2 5 -3 -6
right_child=1 4 -4 -5 6 -7 -8
leaf_value=-0.00012231263858552839 -3.6373383569358343e-07 0.00076044645197295149 -0.00013746440689241753 0.00019345860640457849 0.0012464190262532983 -0.00012780286763408591 0.00046237168474227709
leaf_weight=40 296 109 33 127 231 34 30
leaf_count=40 296 109 33 127 231 34 30
internal_value=0.000777778 0.00104651 8.77194e-05 0.000254137 0.00212871 0.00145105 0.0025
internal_weight=900 860 456 423 404 143 261
internal_count=900 860 456 423 404 143 261
is_linear=0
shrinkage=0.05


Tree=63
num_leaves=9
num_cat=0
split_feature=0 1 1 1 1 0 0 0
split_gain=0.580064 0.364523 0.058266 0.0853014 0.0406598 0.201769 1.11022e-16 5.55112e-17
threshold=0.5997151743879513 0.49048725516626296 0.61073729189183779 0.60460407172077235 0.64417922085000845 0.62119863207360548 0.7416483592067501 0.61424269807842624
decision_type=2 2 2 2 2 2 2 2
left_child=1 -1 3 -3 5 7 -6 -2
right_child=4 2 -4 -5 6 -7 -8 -9
leaf_value=-0.00011619700665625184 0.00065660867364977782 -5.4440097248714686e-08 -0.00013059118654779552 0.00059724537843798282 0.0011840980749406316 -0.00012141272425237884 0.00043925310050516313 0.0012094547412718538
leaf_weight=40 75 388 33 35 231 34 30 34
leaf_count=40 75 388 33 35 231 34 30 34
internal_value=0.000722222 -0.000423387 -2.19298e-05 0.000135934 0.00212871 0.00145105 0.0025 0.0025
internal_weight=900 496 456 423 404 143 261 109
internal_count=900 496 456 423 404 143 261 109
is_linear=0
shrinkage=0.05


Tree=64
num_leaves=9
num_cat=0
split_feature=0 1 1 1 1 0 0 0
split_gain=0.535145 0.204443 0.058266 0.0853014 0.0406598 0.201769 1.11022e-16 5.55112e-17
threshold=0.5997151743879513 0.49048725516626296 0.61073729189183779 0.60460407172077235 0.64417922085000845 0.62119863207360548 0.7416483592067501 0.61424269807842624
decision_type=2 2 2 2 2 2 2 2
left_child=1 -1 3 -3 5 7 -6 -2
right_child=4 2 -4 -5 6 -7 -8 -9
leaf_value=-0.00011038715632344105 0.00062377823996728754 -5.1718092388314264e-08 -0.000124061627220406 0.00056738310951608422 0.0011248931711935973 -0.00011534208803976045 0.00041729044547990368 0.00114898200420826
leaf_weight=40 75 388 33 35 231 34 30 34
leaf_count=40 75 388 33 35 231 34 30 34
internal_value=0.000777778 -0.000322581 -2.19298e-05 0.000135934 0.00212871 0.00145105 0.0025 0.0025
internal_weight=900 496 456 423 404 143 261 109
internal_count=900 496 456 423 404 143 261 109
is_linear=0
shrinkage=0.05


Tree=65
num_leaves=9
num_cat=0
split_feature=0 1 1 1 1 0 0 0
split_gain=0.535145 0.204443 0.058266 0.0853014 0.0406598 0.201769 1.11022e-16 5.55112e-17
threshold=0.5997151743879513 0.49048725516626296 0.61073729189183779 0.60460407172077235 0.64417922085000845 0.62119863207360548 0.7416483592067501 0.61424269807842624
decision_type=2 2 2 2 2 2 2 2
left_child=1 -1 3 -3 5 7 -6 -2
right_child=4 2 -4 -5 6 -7 -8 -9
leaf_value=-0.00010486779850727164 0.00059258932796892321 -4.9132187770101203e-08 -0.00011785854585938346 0.00053901395404027947 0.0010686485126339186 -0.00010957498363777243 0.00039642592320590924 0.0010915329039978495
leaf_weight=40 75 388 33 35 231 34 30 34
leaf_count=40 75 388 33 35 231 34 30 34
internal_value=0.000777778 -0.000322581 -2.19298e-05 0.000135934 0.00212871 0.00145105 0.0025 0.0025
internal_weight=900 496 456 423 404 143 261 109
internal_count=900 496 456 423 404 143 261 109
is_linear=0
shrinkage=0.05


Tree=66
num_leaves=9
num_cat=0
split_feature=0 1 1 1 1 0 0 0
split_gain=0.535145 0.204443 0.058266 0.0853014 0.0406598 0.201769 1.11022e-16 5.55112e-17
threshold=0.5997151743879513 0.49048725516626296 0.61073729189183779 0.60460407172077235 0.64417922085000845 0.62119863207360548 0.7416483592067501 0.61424269807842624
decision_type=2 2 2 2 2 2 2 2
left_child=1 -1 3 -3 5 7 -6 -2
right_child=4 2 -4 -5 6 -7 -8 -9
leaf_value=-9.9624408581908195e-05 0.00056295986157047786 -4.6675578381966124e-08 -0.00011196561856641704 0.00051206325633826322 0.0010152160870022242 -0.00010409623445588604 0.00037660462704561525 0.0010369562587979554
leaf_weight=40 75 388 33 35 231 34 30 34
leaf_count=40 75 388 33 35 231 34 30 34
internal_value=0.000777778 -0.000322581 -2.19298e-05 0.000135934 0.00212871 0.00145105 0.0025 0.0025
internal_weight=900 496 456 423 404 143 261 109
internal_count=900 496 456 423 404 143 261 109
is_linear=0
shrinkage=0.05


Tree=67
num_leaves=11
num_cat=0
split_feature=0 1 0 1 0 0 1 0 0 0
split_gain=0.492035 0.0994086 0.0721501 0.067775 0.102452 0.0595398 0.0406598 0.201769 1.11022e-16 5.55112e-17
threshold=0.5997151743879513 0.52292337761082297 0.4908232572185674 0.61073729189183779 0.52289430016850147 0.47012741337726405 0.64417922085000845 0.62119863207360548 0.7416483592067501 0.61424269807842624
decision_type=2 2 2 2 2 2 2 2 2 2
left_child=1 2 5 4 -3 -1 7 9 -8 -2
right_child=6 3 -4 -5 -6 -7 8 -9 -10 -11
leaf_value=-5.0382022746153776e-05 0.00053481186849195235 0.00022836474378425725 -0.00022483890257624095 -0.00010636733763809644 2.7696898821350827e-07 0.00027148374062306303 0.00096445528265211029 -9.8891422733093958e-05 0.000357774395693336 0.00098510844585805724
leaf_weight=32 75 47 33 33 320 31 231 34 30 34
leaf_count=32 75 47 33 33 320 31 231 34 30 34
internal_value=0.000833333 -0.000221774 -0.00166667 0.000125 0.000320164 -0.000674603 0.00212871 0.00145105 0.0025 0.0025
internal_weight=900 496 96 400 367 63 404 143 261 109
internal_count=900 496 96 400 367 63 404 143 261 109
is_linear=0
shrinkage=0.05


Tree=68
num_leaves=9
num_cat=0
split_feature=0 1 0 1 1 0 0 0
split_gain=0.393861 0.175372 0.111364 0.0981614 0.0538383 0.243667 0.0218096 2.77556e-17
threshold=0.5997151743879513 0.49888242098483443 0.50956758487434761 0.53698173301002183 0.64417922085000845 0.61995858006168314 0.72377146229857081 0.61250784945756653
decision_type=2 2 2 2 2 2 2 2
left_child=1 -1 -3 -4 5 7 -6 -2
right_child=4 2 3 -5 6 -7 -8 -9
leaf_value=-7.7948025428469151e-05 0.00048633226870093972 7.8373439205031844e-05 -0.00014775483598071203 5.3014731621395906e-07 0.00095186192732602383 -5.4876670970724959e-05 0.00020534366986899749 0.0012504023966632945
leaf_weight=56 67 44 40 356 222 45 39 31
leaf_count=56 67 44 40 356 222 45 39 31
internal_value=0.000722222 -0.000221774 0.000113636 -0.000151515 0.00188119 0.0011014 0.00230843 0.0025
internal_weight=900 496 440 396 404 143 261 98
internal_count=900 496 440 396 404 143 261 98
is_linear=0
shrinkage=0.05


Tree=69
num_leaves=9
num_cat=0
split_feature=0 1 0 0 0 0 0 0
split_gain=0.306783 0.158242 0.125316 0.0848285 0.075994 0.042959 0.0520015 0.0204327
threshold=0.58310335442362982 0.49888242098483443 0.50956758487434761 0.57525163732164086 0.64876145394943219 0.63938363900451256 0.62308507486376408 0.72377146229857081
decision_type=2 2 2 2 2 2 2 2
left_child=1 -1 -3 -4 5 6 -2 -6
right_child=4 2 3 -5 7 -7 -8 -9
leaf_value=-7.4050624157044799e-05 0.00018096239382255384 7.4454767244780528e-05 4.904483847580587e-08 -2.408174871544428e-05 0.0011993702190303602 0.00017603715931462373 0.00044495722732068588 0.00019507648637554658
leaf_weight=56 205 44 276 40 153 30 57 39
leaf_count=56 205 44 276 40 153 30 57 39
internal_value=0.000611111 -0.000384615 6.51926e-11 -0.000348101 0.00146694 0.000958904 0.00116412 0.00223958
internal_weight=900 416 360 316 484 292 262 192
internal_count=900 416 360 316 484 292 262 192
is_linear=0
shrinkage=0.05


Tree=70
num_leaves=9
num_cat=0
split_feature=0 1 0 0 0 0 0 0
split_gain=0.306783 0.158242 0.125316 0.0848285 0.075994 0.042959 0.0520015 0.0204327
threshold=0.58310335442362982 0.49888242098483443 0.50956758487434761 0.57525163732164086 0.64876145394943219 0.63938363900451256 0.62308507486376408 0.72377146229857081
decision_type=2 2 2 2 2 2 2 2
left_child=1 -1 -3 -4 5 6 -2 -6
right_child=4 2 3 -5 7 -7 -8 -9
leaf_value=-7.0348092949194997e-05 0.00017191427413142422 7.0732028882542069e-05 4.659259654961844e-08 -2.2877661279669899e-05 0.001139401708078841 0.00016723530134889477 0.00042270936595465439 0.000185322662056771
leaf_weight=56 205 44 276 40 153 30 57 39
leaf_count=56 205 44 276 40 153 30 57 39
internal_value=0.000611111 -0.000384615 6.51926e-11 -0.000348101 0.00146694 0.000958904 0.00116412 0.00223958
internal_weight=900 416 360 316 484 292 262 192
internal_count=900 416 360 316 484 292 262 192
is_linear=0
shrinkage=0.05


Tree=71
num_leaves=11
num_cat=0
split_feature=0 1 0 0 0 0 0 0 0 0
split_gain=0.306783 0.0820513 0.114286 0.0813339 0.075994 0.0721501 0.0595398 0.042959 0.0520015 0.0204327
threshold=0.58310335442362982 0.52292337761082297 0.57525163732164086 0.5612016577610287 0.64876145394943219 0.4908232572185674 0.47012741337726405 0.63938363900451256 0.62308507486376408 0.72377146229857081
decision_type=2 2 2 2 2 2 2 2 2 2
left_child=1 5 3 -3 7 6 -1 8 -2 -6
right_child=4 2 -4 -5 9 -7 -8 -9 -10 -11
leaf_value=-3.6745584482111854e-05 0.00016331856042485246 -3.3087368833303168e-07 -2.1733778215688956e-05 0.00024343164350134079 0.001082431622674901 -0.00020397337111144207 0.00026902689071864327 0.00015887353628145086 0.00040157389765692054 0.00017605652895393448
leaf_weight=32 205 208 40 72 153 33 31 30 57 39
leaf_count=32 205 208 40 72 153 33 31 30 57 39
internal_value=0.000611111 -0.000384615 6.51926e-11 0.000357143 0.00146694 -0.00166667 -0.000674603 0.000958904 0.00116412 0.00223958
internal_weight=900 416 320 280 484 96 63 292 262 192
internal_count=900 416 320 280 484 96 63 292 262 192
is_linear=0
shrinkage=0.05


Tree=72
num_leaves=6
num_cat=0
split_feature=1 0 1 1 0
split_gain=0.278192 0.211217 0.226578 0.0916206 0.0204327
threshold=0.49888242098483443 0.64876145394943219 0.65840622599438259 0.59197920020506622 0.72377146229857081
decision_type=2 2 2 2 2
left_child=-1 2 3 -2 -3
right_child=1 4 -4 -5 -6
leaf_value=-6.2431179387282534e-05 6.0806679088375073e-08 0.0010283100415411585 -0.00010744609195256952 0.00033947079397628828 0.00016725370250623867
leaf_weight=56 316 153 32 304 39
leaf_count=56 316 153 32 304 39
internal_value=0.000555556 0.000781991 0.000352761 0.000564516 0.00223958
internal_weight=900 844 652 620 192
internal_count=900 844 652 620 192
is_linear=0
shrinkage=0.05


Tree=73
num_leaves=6
num_cat=0
split_feature=1 0 1 1 0
split_gain=0.278192 0.211217 0.226578 0.0916206 0.0204327
threshold=0.49888242098483443 0.64876145394943219 0.65840622599438259 0.59197920020506622 0.72377146229857081
decision_type=2 2 2 2 2
left_child=-1 2 3 -2 -3
right_child=1 4 -4 -5 -6
leaf_value=-5.9309620417916922e-05 5.7766345131558719e-08 0.0009768945394641015 -0.00010207378735494113 0.00032249725427747141 0.000158891017380926
leaf_weight=56 316 153 32 304 39
leaf_count=56 316 153 32 304 39
internal_value=0.000555556 0.000781991 0.000352761 0.000564516 0.00223958
internal_weight=900 844 652 620 192
internal_count=900 844 652 620 192
is_linear=0
shrinkage=0.05


Tree=74
num_leaves=6
num_cat=0
split_feature=1 0 1 1 0
split_gain=0.278192 0.211217 0.226578 0.0916206 0.0204327
threshold=0.49888242098483443 0.64876145394943219 0.65840622599438259 0.59197920020506622 0.72377146229857081
decision_type=2 2 2 2 2
left_child=-1 2 3 -2 -3
right_child=1 4 -4 -5 -6
leaf_value=-5.6344139397022369e-05 5.4878027873970966e-08 0.00092804981249089424 -9.6970097987194166e-05 0.00030637239156359813 0.00015094646651187698
leaf_weight=56 316 153 32 304 39
leaf_count=56 316 153 32 304 39
internal_value=0.000555556 0.000781991 0.000352761 0.000564516 0.00223958
internal_weight=900 844 652 620 192
internal_count=900 844 652 620 192
is_linear=0
shrinkage=0.05


Tree=75
num_leaves=6
num_cat=0
split_feature=1 0 1 1 0
split_gain=0.278192 0.211217 0.226578 0.0916206 0.0204327
threshold=0.49888242098483443 0.64876145394943219 0.65840622599438259 0.59197920020506622 0.72377146229857081
decision_type=2 2 2 2 2
left_child=-1 2 3 -2 -3
right_child=1 4 -4 -5 -6
leaf_value=-5.3526932427170599e-05 5.2134126478985038e-08 0.00088164732186635231 -9.2121593087836771e-05 0.00029105377198541742 0.00014339914318628073
leaf_weight=56 316 153 32 304 39
leaf_count=56 316 153 32 304 39
internal_value=0.000555556 0.000781991 0.000352761 0.000564516 0.00223958
internal_weight=900 844 652 620 192
internal_count=900 844 652 620 192
is_linear=0
shrinkage=0.05


Tree=76
num_leaves=10
num_cat=0
split_feature=0 0 0 0 1 1 0 0 1
split_gain=0.208044 0.0884718 0.119572 0.0816464 0.0660169 0.10469 0.285266 0.0138889 0.012782
threshold=0.58310335442362982 0.57525163732164086 0.5612016577610287 0.5395211812575228 0.73094233129484543 0.64429660224203678 0.61995858006168314 0.56957755990801262 0.6613447202330619
decision_type=2 2 2 2 2 2 2 2 2
left_child=1 2 3 -1 5 6 -2 -4 -7
right_child=4 -3 7 -5 -6 8 -8 -9 -10
leaf_value=4.3577647093236384e-06 0.00020605031982855873 -2.0658368563837244e-05 0.00024482750049062836 -9.5129269142860346e-06 7.2582344794010635e-05 0.0003538939568857973 -0.00013477387101257934 0.00024178857412093108 0.00086735536103548785
leaf_weight=208 175 40 36 96 51 57 48 36 153
leaf_count=208 175 40 36 96 51 57 48 36 153
internal_value=0.000555556 -0.000264423 -2.65957e-05 -0.000460526 0.00126033 0.00146074 0.000706278 0.00180556 0.0022619
internal_weight=900 416 376 304 484 433 223 72 210
internal_count=900 416 376 304 484 433 223 72 210
is_linear=0
shrinkage=0.05


Tree=77
num_leaves=6
num_cat=0
split_feature=0 1 1 1 0
split_gain=0.213602 0.198593 0.131532 0.0828696 0.0817308
threshold=0.64876145394943219 0.65840622599438259 0.49048725516626296 0.64429660224203678 0.72377146229857081
decision_type=2 2 2 2 2
left_child=1 2 -1 -4 -2
right_child=4 -3 3 -5 -6
leaf_value=-6.9375860003211635e-05 0.00079419718772126286 -9.7048634261548688e-05 3.7045141583085239e-06 0.00064394397747908922 0.00013260006878726576
leaf_weight=40 153 32 590 46 39
leaf_count=40 153 32 590 46 39
internal_value=0.0005 9.88701e-05 0.000281065 0.000455975 0.00197917
internal_weight=900 708 676 636 192
internal_count=900 708 676 636 192
is_linear=0
shrinkage=0.05


Tree=78
num_leaves=7
num_cat=0
split_feature=0 1 1 0 0 0
split_gain=0.197858 0.205947 0.0976333 0.191593 0.0833953 0.0817308
threshold=0.64876145394943219 0.65840622599438259 0.59197920020506622 0.57180343183458415 0.61995858006168314 0.72377146229857081
decision_type=2 2 2 2 2 2
left_child=1 2 3 -1 -4 -2
right_child=5 -3 4 -5 -6 -7
leaf_value=8.6792135766473839e-07 0.00075448732833520167 -9.219620254847266e-05 0.00035012737145789308 -2.5759493922069432e-05 1.7978408062863105e-05 0.00012597006534790394
leaf_weight=341 153 32 213 31 91 39
leaf_count=341 153 32 213 31 91 39
internal_value=0.000555556 0.000169492 0.00035503 -0.000188172 0.00101974 0.00197917
internal_weight=900 708 676 372 304 192
internal_count=900 708 676 372 304 192
is_linear=0
shrinkage=0.05


Tree=79
num_leaves=6
num_cat=0
split_feature=0 1 0 1 0
split_gain=0.222978 0.206439 0.0850996 0.160225 0.0814001
threshold=0.64896227486095504 0.65920280018306388 0.63408857621495496 0.63282833507244829 0.72377146229857081
decision_type=2 2 2 2 2
left_child=1 2 3 -1 -2
right_child=4 -3 -4 -5 -6
leaf_value=7.0712015215439782e-07 0.00072101530697799574 -9.312192876061577e-05 -4.1463573934457732e-05 0.0010177504808842035 0.0001196715620805105
leaf_weight=573 150 31 31 76 39
leaf_count=573 150 31 31 76 39
internal_value=0.000444445 3.8678e-05 0.000220588 0.000342835 0.0019709
internal_weight=900 711 680 649 189
internal_count=900 711 680 649 189
is_linear=0
shrinkage=0.05


Tree=80
num_leaves=6
num_cat=0
split_feature=0 1 0 1 0
split_gain=0.222978 0.206439 0.0850996 0.160225 0.0814001
threshold=0.64896227486095504 0.65920280018306388 0.63408857621495496 0.63282833507244829 0.72377146229857081
decision_type=2 2 2 2 2
left_child=1 2 3 -1 -2
right_child=4 -3 -4 -5 -6
leaf_value=6.7176414454943917e-07 0.00068496454162909621 -8.8465832322583103e-05 -3.9390395237736766e-05 0.0009668629568399961 0.00011368798397648644
leaf_weight=573 150 31 31 76 39
leaf_count=573 150 31 31 76 39
internal_value=0.000444445 3.8678e-05 0.000220588 0.000342835 0.0019709
internal_weight=900 711 680 649 189
internal_count=900 711 680 649 189
is_linear=0
shrinkage=0.05


Tree=81
num_leaves=6
num_cat=0
split_feature=0 1 0 1 0
split_gain=0.222978 0.206439 0.0850996 0.160225 0.0814001
threshold=0.64896227486095504 0.65920280018306388 0.63408857621495496 0.63282833507244829 0.72377146229857081
decision_type=2 2 2 2 2
left_child=1 2 3 -1 -2
right_child=4 -3 -4 -5 -6
leaf_value=6.3817593732278556e-07 0.00065071631454763921 -8.4042540706454009e-05 -3.7420875475851567e-05 0.00091851980899799567 0.0001080035847776622
leaf_weight=573 150 31 31 76 39
leaf_count=573 150 31 31 76 39
internal_value=0.000444445 3.8678e-05 0.000220588 0.000342835 0.0019709
internal_weight=900 711 680 649 189
internal_count=900 711 680 649 189
is_linear=0
shrinkage=0.05


Tree=82
num_leaves=6
num_cat=0
split_feature=0 1 1 0 0
split_gain=0.229948 0.191372 0.103799 0.298486 0.0817308
threshold=0.64876145394943219 0.65840622599438259 0.64429660224203678 0.61995858006168314 0.72377146229857081
decision_type=2 2 2 2 2
left_child=1 2 3 -1 -2
right_child=4 -3 -4 -5 -6
leaf_value=3.0057492164981719e-06 0.00061392815376070666 -7.4304877331560494e-05 0.00061676160043439043 -0.00012922017658470599 0.00010260340553877751
leaf_weight=582 153 32 46 48 39
leaf_count=582 153 32 46 48 39
internal_value=0.000444445 2.82487e-05 0.000207101 3.96826e-05 0.00197917
internal_weight=900 708 676 630 192
internal_count=900 708 676 630 192
is_linear=0
shrinkage=0.05


Tree=83
num_leaves=6
num_cat=0
split_feature=0 1 0 1 0
split_gain=0.239504 0.199227 0.145835 0.148953 0.0814001
threshold=0.64896227486095504 0.65920280018306388 0.63275706360062034 0.63282833507244829 0.72377146229857081
decision_type=2 2 2 2 2
left_child=1 2 3 -1 -2
right_child=4 -3 -4 -5 -6
leaf_value=4.5597967963078336e-07 0.00058748409113222328 -7.61251698045542e-05 -3.7283391991902014e-05 0.0012025791858129298 9.7473235261837321e-05
leaf_weight=573 150 31 37 70 39
leaf_count=573 150 31 37 70 39
internal_value=0.000388889 -3.16455e-05 0.000147059 0.000322706 0.0019709
internal_weight=900 711 680 643 189
internal_count=900 711 680 643 189
is_linear=0
shrinkage=0.05


Tree=84
num_leaves=7
num_cat=0
split_feature=0 0 0 0 0 0
split_gain=0.222978 0.11739 0.0814001 0.0530882 0.186098 0.0727862
threshold=0.64896227486095504 0.63732624711365893 0.72377146229857081 0.60248005031773211 0.59601381411724452 0.61210885355305311
decision_type=2 2 2 2 2 2
left_child=1 3 -2 4 -1 -5
right_child=2 -3 -4 5 -6 -7
leaf_value=5.835157454153326e-07 0.00055810988657561402 -3.1957842402275119e-05 9.2599573498743313e-05 0.00060367792543428731 -7.2496435328711601e-05 0.00014827367133918393
leaf_weight=476 150 39 39 53 32 111
leaf_count=476 150 39 39 53 32 111
internal_value=0.000444445 3.8678e-05 0.0019709 0.000193452 -5.90551e-05 0.00097561
internal_weight=900 711 189 672 508 164
internal_count=900 711 189 672 508 164
is_linear=0
shrinkage=0.05


Tree=85
num_leaves=7
num_cat=0
split_feature=0 0 0 0 0 0
split_gain=0.222978 0.11739 0.0814001 0.0530882 0.186098 0.0727862
threshold=0.64896227486095504 0.63732624711365893 0.72377146229857081 0.60248005031773211 0.59601381411724452 0.61210885355305311
decision_type=2 2 2 2 2 2
left_child=1 3 -2 4 -1 -5
right_child=2 -3 -4 5 -6 -7
leaf_value=5.5433995814586832e-07 0.00053020439224683586 -3.0359950282160824e-05 8.796959482380734e-05 0.0005734940291625745 -6.8871613562276844e-05 0.00014085998777222479
leaf_weight=476 150 39 39 53 32 111
leaf_count=476 150 39 39 53 32 111
internal_value=0.000444445 3.8678e-05 0.0019709 0.000193452 -5.90551e-05 0.00097561
internal_weight=900 711 189 672 508 164
internal_count=900 711 189 672 508 164
is_linear=0
shrinkage=0.05


Tree=86
num_leaves=7
num_cat=0
split_feature=0 0 0 1 0 1
split_gain=0.207043 0.123663 0.0814001 0.0693164 0.191593 0.0552322
threshold=0.64896227486095504 0.63732624711365893 0.72377146229857081 0.59197920020506622 0.57180343183458415 0.64417922085000845
decision_type=2 2 2 2 2 2
left_child=1 3 -2 4 -1 -5
right_child=2 -3 -4 5 -6 -7
leaf_value=4.9369304809605789e-07 0.00050369417263449454 -2.8841952768055295e-05 8.3571115082616224e-05 0.00026840971030229642 -2.4802351467653074e-05 -2.9682554582324069e-05
leaf_weight=341 150 39 39 254 31 46
leaf_count=341 150 39 39 254 31 46
internal_value=0.0005 0.000109001 0.0019709 0.000267857 -0.000188172 0.000833333
internal_weight=900 711 189 672 372 300
internal_count=900 711 189 672 372 300
is_linear=0
shrinkage=0.05


Tree=87
num_leaves=7
num_cat=0
split_feature=0 0 0 0 0 0
split_gain=0.222978 0.11739 0.0814001 0.0530882 0.186098 0.0727862
threshold=0.64896227486095504 0.63732624711365893 0.72377146229857081 0.60248005031773211 0.59601381411724452 0.61210885355305311
decision_type=2 2 2 2 2 2
left_child=1 3 -2 4 -1 -5
right_child=2 -3 -4 5 -6 -7
leaf_value=5.0193830783247442e-07 0.00047850946400276873 -2.739985512965088e-05 7.9392559328485493e-05 0.000531398842189329 -7.8848518399277052e-05 0.00012784881071214242
leaf_weight=476 150 39 39 53 32 111
leaf_count=476 150 39 39 53 32 111
internal_value=0.000444445 3.8678e-05 0.0019709 0.000193452 -5.90551e-05 0.00097561
internal_weight=900 711 189 672 508 164
internal_count=900 711 189 672 508 164
is_linear=0
shrinkage=0.05


Tree=88
num_leaves=8
num_cat=0
split_feature=0 0 0 0 0 0 0
split_gain=0.232187 0.210172 0.0810587 0.0530882 0.186098 0.0727862 5.55112e-17
threshold=0.64965930932545046 0.63732624711365893 0.72377146229857081 0.60248005031773211 0.59601381411724452 0.61210885355305311 0.69736517177091562
decision_type=2 2 2 2 2 2 2
left_child=1 3 6 4 -1 -5 -2
right_child=2 -3 -4 5 -6 -7 -8
leaf_value=4.7684139244215305e-07 0.00061105753260015108 -2.1991837451121199e-05 7.5422931362058518e-05 0.00050482890007986223 -7.4906092479315415e-05 0.00012145637017653493 0.00045033164559146743
leaf_weight=476 114 42 39 53 32 111 33
leaf_count=476 114 42 39 53 32 111 33
internal_value=0.000388889 -2.10083e-05 0.00196237 0.000193452 -5.90551e-05 0.00097561 0.0025
internal_weight=900 714 186 672 508 164 147
internal_count=900 714 186 672 508 164 147
is_linear=0
shrinkage=0.05


Tree=89
num_leaves=8
num_cat=0
split_feature=0 0 0 0 0 0 0
split_gain=0.232187 0.210172 0.0810587 0.0530882 0.186098 0.0727862 5.55112e-17
threshold=0.64965930932545046 0.63732624711365893 0.72377146229857081 0.60248005031773211 0.59601381411724452 0.61210885355305311 0.69736517177091562
decision_type=2 2 2 2 2 2 2
left_child=1 3 6 4 -1 -5 -2
right_child=2 -3 -4 5 -6 -7 -8
leaf_value=4.5299932281801711e-07 0.00058050465597014325 -2.0892245578565827e-05 7.1651784793954007e-05 0.00047958745507586942 -7.116078785535103e-05 0.00011538355166770614 0.00042781506331189268
leaf_weight=476 114 42 39 53 32 111 33
leaf_count=476 114 42 39 53 32 111 33
internal_value=0.000388889 -2.10083e-05 0.00196237 0.000193452 -5.90551e-05 0.00097561 0.0025
internal_weight=900 714 186 672 508 164 147
internal_count=900 714 186 672 508 164 147
is_linear=0
shrinkage=0.05


Tree=90
num_leaves=8
num_cat=0
split_feature=0 0 0 0 0 0 0
split_gain=0.232187 0.210172 0.0810587 0.0530882 0.186098 0.0727862 5.55112e-17
threshold=0.64965930932545046 0.63732624711365893 0.72377146229857081 0.60248005031773211 0.59601381411724452 0.61210885355305311 0.69736517177091562
decision_type=2 2 2 2 2 2 2
left_child=1 3 6 4 -1 -5 -2
right_child=2 -3 -4 5 -6 -7 -8
leaf_value=4.3034935667647575e-07 0.00055147942317163576 -1.9847633299638223e-05 6.8069195554256112e-05 0.00045560808232207877 -6.7602748462586255e-05 0.00010961437408431935 0.00040642431014629722
leaf_weight=476 114 42 39 53 32 111 33
leaf_count=476 114 42 39 53 32 111 33
internal_value=0.000388889 -2.10083e-05 0.00196237 0.000193452 -5.90551e-05 0.00097561 0.0025
internal_weight=900 714 186 672 508 164 147
internal_count=900 714 186 672 508 164 147
is_linear=0
shrinkage=0.05


Tree=91
num_leaves=8
num_cat=0
split_feature=0 0 1 0 0 1 1
split_gain=0.152387 0.123663 0.0693164 0.191593 0.0616117 0.0552322 0.0255914
threshold=0.64896227486095504 0.63732624711365893 0.59197920020506622 0.57180343183458415 0.72377146229857081 0.64417922085000845 0.67399999358432239
decision_type=2 2 2 2 2 2 2
left_child=1 2 3 -1 6 -4 -2
right_child=4 -3 5 -5 -6 -7 -8
leaf_value=3.7590197669930229e-07 3.4945138948191262e-05 -2.2893276556701652e-05 0.0001994118793763538 -2.3655340313263209e-05 6.4665735776543945e-05 -4.6008069164991758e-05 0.00042647839000169998
leaf_weight=341 31 39 254 31 39 46 119
leaf_count=341 31 39 254 31 39 46 119
internal_value=0.000444445 0.000109001 0.000267857 -0.000188172 0.00170635 0.000833333 0.00216667
internal_weight=900 711 672 372 189 300 150
internal_count=900 711 672 372 189 300 150
is_linear=0
shrinkage=0.05


Tree=92
num_leaves=9
num_cat=0
split_feature=0 0 0 0 0 0 0 1
split_gain=0.12337 0.210172 0.0978565 0.0530882 0.186098 0.0727862 0.0259259 5.55112e-17
threshold=0.64965930932545046 0.63732624711365893 0.70912095053751012 0.60248005031773211 0.59601381411724452 0.61210885355305311 0.6601092379141198 0.70010741418896894
decision_type=2 2 2 2 2 2 2 2
left_child=1 3 6 4 -1 -5 -2 -8
right_child=2 -3 -4 5 -6 -7 7 -9
leaf_value=3.9003679000833212e-07 0.00034288782965403167 -1.7710587806821095e-05 3.7425121961813433e-05 0.00042285708423716044 -7.4193205008271602e-05 0.00010029856113050753 0.00046862103869630415 0.00038398468692401602
leaf_weight=476 30 42 51 53 32 111 58 47
leaf_count=476 30 42 51 53 32 111 58 47
internal_value=0.000277778 -2.10083e-05 0.00142473 0.000193452 -5.90551e-05 0.00097561 0.00212963 0.0025
internal_weight=900 714 186 672 508 164 135 105
internal_count=900 714 186 672 508 164 135 105
is_linear=0
shrinkage=0.05


Tree=93
num_leaves=9
num_cat=0
split_feature=0 0 0 0 0 0 0 1
split_gain=0.12337 0.210172 0.0978565 0.0530882 0.186098 0.0727862 0.0259259 5.55112e-17
threshold=0.64965930932545046 0.63732624711365893 0.70912095053751012 0.60248005031773211 0.59601381411724452 0.61210885355305311 0.6601092379141198 0.70010741418896894
decision_type=2 2 2 2 2 2 2 2
left_child=1 3 6 4 -1 -5 -2 -8
right_child=2 -3 -4 5 -6 -7 7 -9
leaf_value=3.7053495050949543e-07 0.00032574343817132759 -1.6825058416477953e-05 3.5553865863722962e-05 0.00040171423002530182 -7.0483544757859965e-05 9.5283633073983809e-05 0.00044518998676149057 0.00036478545257781492
leaf_weight=476 30 42 51 53 32 111 58 47
leaf_count=476 30 42 51 53 32 111 58 47
internal_value=0.000277778 -2.10083e-05 0.00142473 0.000193452 -5.90551e-05 0.00097561 0.00212963 0.0025
internal_weight=900 714 186 672 508 164 135 105
internal_count=900 714 186 672 508 164 135 105
is_linear=0
shrinkage=0.05


Tree=94
num_leaves=8
num_cat=0
split_feature=0 0 0 1 0 1 1
split_gain=0.106091 0.123663 0.0990609 0.0693164 0.191593 0.0552322 0.0250117
threshold=0.64896227486095504 0.63732624711365893 0.70912095053751012 0.59197920020506622 0.57180343183458415 0.64417922085000845 0.67399999358432239
decision_type=2 2 2 2 2 2 2
left_child=1 3 6 4 -1 -5 -2
right_child=2 -3 -4 5 -6 -7 -8
leaf_value=3.1907829084261388e-07 1.7345490674878655e-05 -2.0021830417699398e-05 3.3776172570536186e-05 0.00016405861569375449 -2.2510601884625381e-05 -5.1051504809570023e-05 0.00037850685021854788
leaf_weight=341 31 39 51 254 31 46 107
leaf_count=341 31 39 51 254 31 46 107
internal_value=0.000388889 0.000109001 0.0014418 0.000267857 -0.000188172 0.000833333 0.00213768
internal_weight=900 711 189 672 372 300 138
internal_count=900 711 189 672 372 300 138
is_linear=0
shrinkage=0.05


Tree=95
num_leaves=9
num_cat=0
split_feature=0 0 0 0 0 0 0 1
split_gain=0.12337 0.210172 0.0978565 0.0530882 0.186098 0.0727862 0.0259259 5.55112e-17
threshold=0.64965930932545046 0.63732624711365893 0.70912095053751012 0.60248005031773211 0.59601381411724452 0.61210885355305311 0.6601092379141198 0.70010741418896894
decision_type=2 2 2 2 2 2 2 2
left_child=1 3 6 4 -1 -5 -2 -8
right_child=2 -3 -4 5 -6 -7 7 -9
leaf_value=3.3605428844503327e-07 0.00030858899172901412 -1.4982713974767568e-05 3.2087363942011246e-05 0.00037342558773934557 -7.5162298304659548e-05 8.7694274529660931e-05 0.00040400514491248932 0.00032762083743799746
leaf_weight=476 30 42 51 53 32 111 58 47
leaf_count=476 30 42 51 53 32 111 58 47
internal_value=0.000277778 -2.10083e-05 0.00142473 0.000193452 -5.90551e-05 0.00097561 0.00212963 0.0025
internal_weight=900 714 186 672 508 164 135 105
internal_count=900 714 186 672 508 164 135 105
is_linear=0
shrinkage=0.05


Tree=96
num_leaves=8
num_cat=0
split_feature=0 0 0 1 0 0 1
split_gain=0.129663 0.111281 0.0990609 0.0650077 0.178152 0.0483935 0.0250117
threshold=0.64896227486095504 0.63732624711365893 0.70912095053751012 0.59197920020506622 0.57180343183458415 0.59601381411724452 0.67399999358432239
decision_type=2 2 2 2 2 2 2
left_child=1 3 6 4 -1 -5 -2
right_child=2 -3 -4 5 -6 -7 -8
leaf_value=2.863216618833177e-07 9.1380588356592581e-06 -1.8271603198072588e-05 3.0482995744911164e-05 0.00017171129475628271 -2.1401874504813779e-05 7.329237020048694e-05 0.0003420547009219766
leaf_weight=341 31 39 51 104 31 196 107
leaf_count=341 31 39 51 104 31 196 107
internal_value=0.000277778 -3.16455e-05 0.0014418 0.000119048 -0.000322581 0.000666667 0.00213768
internal_weight=900 711 189 672 372 300 138
internal_count=900 711 189 672 372 300 138
is_linear=0
shrinkage=0.05


Tree=97
num_leaves=6
num_cat=0
split_feature=1 0 1 0 1
split_gain=0.135056 0.263614 0.241673 0.145347 0.106848
threshold=0.72035737538279199 0.72724928590674842 0.66610492919518915 0.63732624711365893 0.5853731208284213
decision_type=2 2 2 2 2
left_child=2 -2 3 4 -1
right_child=1 -3 -4 -5 -6
leaf_value=-1.8312990485595033e-06 -0.00014474202493119164 0.00026659504299154072 0.00034245721986585491 -3.2934232477515923e-05 0.00010908107324165769
leaf_weight=336 33 36 123 50 322
leaf_count=336 33 36 123 50 322
internal_value=0.000277778 -0.00184783 0.000454272 9.88701e-05 0.000296353
internal_weight=900 69 831 708 658
internal_count=900 69 831 708 658
is_linear=0
shrinkage=0.05


Tree=98
num_leaves=8
num_cat=0
split_feature=0 0 0 0 0 0 1
split_gain=0.117582 0.11739 0.0990609 0.0530882 0.186098 0.0727862 0.0250117
threshold=0.64896227486095504 0.63732624711365893 0.70912095053751012 0.60248005031773211 0.59601381411724452 0.61210885355305311 0.67399999358432239
decision_type=2 2 2 2 2 2 2
left_child=1 3 6 4 -1 -5 -2
right_child=2 -3 -4 5 -6 -7 -8
leaf_value=3.9650044335422161e-07 1.032786751775421e-05 -1.5711311414290669e-05 2.5912519739981307e-05 0.00034563563618026928 -8.052285556153778e-05 7.4190888631066483e-05 0.00030782910488258772
leaf_weight=476 31 39 51 53 32 111 107
leaf_count=476 31 39 51 53 32 111 107
internal_value=0.000333333 3.8678e-05 0.0014418 0.000193452 -5.90551e-05 0.00097561 0.00213768
internal_weight=900 711 189 672 508 164 138
internal_count=900 711 189 672 508 164 138
is_linear=0
shrinkage=0.05


Tree=99
num_leaves=8
num_cat=0
split_feature=0 0 1 1 0 1 1
split_gain=0.106091 0.0990609 0.0443243 0.111827 0.210622 0.0441016 0.0250117
threshold=0.64896227486095504 0.70912095053751012 0.64350680265211357 0.63282833507244829 0.61210885355305311 0.65194007150014577 0.67399999358432239
decision_type=2 2 2 2 2 2 2
left_child=2 6 3 4 -1 -4 -2
right_child=1 -3 5 -5 -6 -7 -8
leaf_value=2.3451063482059759e-06 9.8114741418663852e-06 2.4616893752984577e-05 -6.7017741278106943e-05 0.00095658965773982732 -0.00022660884814346876 -2.2380366233277132e-06 0.00029243764963845847
leaf_weight=542 31 51 30 51 31 57 107
leaf_count=542 31 51 30 51 31 57 107
internal_value=0.000388889 0.0014418 0.000109001 0.00025641 5.67191e-05 -0.000948276 0.00213768
internal_weight=900 189 711 624 573 87 138
internal_count=900 189 711 624 573 87 138
is_linear=0
shrinkage=0.05


Tree=100
num_leaves=11
num_cat=0
split_feature=1 0 1 1 0 0 1 0 0 0
split_gain=0.0978307 0.473744 0.170058 0.154542 0.17819 0.150307 0.036305 0.118919 0.0223571 2.77556e-17
threshold=0.64429660224203678 0.62119863207360548 0.72035737538279199 0.61641876254911432 0.59550314843090713 0.72724928590674842 0.68194884710111403 0.64876145394943219 0.61450075205699961 0.68949119216344279
decision_type=2 2 2 2 2 2 2 2 2 2
left_child=1 3 6 4 -1 -4 7 -2 -5 -8
right_child=2 -3 5 8 -6 -7 9 -9 -10 -11
leaf_value=2.6820141197816266e-07 0.00058046474092316878 -0.00020159652258012483 -0.00013846026580665942 0.00066182874164401285 -7.6613968100874808e-05 0.0002507388201673176 0.00045994607137933574 -8.9287078993702378e-06 0.00068781126838556885 0.0002328419264200743
leaf_weight=460 66 37 33 70 32 36 58 45 31 32
leaf_count=460 66 37 33 70 32 36 58 45 31 32
internal_value=0.000222222 -0.000119048 0.00101852 0.00022344 -0.000142276 -0.00112319 0.00175373 0.00114865 0.00200495 0.0025
internal_weight=900 630 270 593 492 69 201 111 101 90
internal_count=900 630 270 593 492 69 201 111 101 90
is_linear=0
shrinkage=0.05


Tree=101
num_leaves=8
num_cat=0
split_feature=0 0 1 0 0 0 1
split_gain=0.129663 0.111281 0.0650077 0.178152 0.0483935 0.0445747 0.0685714
threshold=0.64896227486095504 0.63732624711365893 0.59197920020506622 0.57180343183458415 0.59601381411724452 0.72377146229857081 0.68194884710111403
decision_type=2 2 2 2 2 2 2
left_child=1 2 3 -1 -4 6 -2
right_child=5 -3 4 -5 -6 -7 -8
leaf_value=2.1308012103445033e-07 2.0682127821118358e-06 -2.9223256086878684e-05 0.00015752118594620785 -2.3163515420625378e-05 4.3632647742118303e-05 2.4573009150975984e-05 0.0002671931419044714
leaf_weight=341 42 39 104 31 196 39 108
leaf_count=341 42 39 104 31 196 39 108
internal_value=0.000277778 -3.16455e-05 0.000119048 -0.000322581 0.000666667 0.0014418 0.00183333
internal_weight=900 711 672 372 300 189 150
internal_count=900 711 672 372 300 189 150
is_linear=0
shrinkage=0.05


Tree=102
num_leaves=8
num_cat=0
split_feature=0 0 0 1 1 0 0
split_gain=0.0872822 0.111281 0.073181 0.0662526 0.0650077 0.178152 0.0483935
threshold=0.64896227486095504 0.63732624711365893 0.70912095053751012 0.68194884710111403 0.59197920020506622 0.57180343183458415 0.59601381411724452
decision_type=2 2 2 2 2 2 2
left_child=1 4 3 -2 5 -1 -6
right_child=2 -3 -4 -5 6 -7 -8
leaf_value=2.0242611498484622e-07 1.9648021430044872e-06 -2.7762093282533854e-05 1.3284931156907663e-05 0.00026198925305693409 0.00014964512664889524 -2.2005339649593214e-05 4.145101535501341e-05
leaf_weight=341 42 39 51 96 104 31 196
leaf_count=341 42 39 51 96 104 31 196
internal_value=0.000222222 -3.16455e-05 0.00117725 0.00177536 0.000119048 -0.000322581 0.000666667
internal_weight=900 711 189 138 672 372 300
internal_count=900 711 189 138 672 372 300
is_linear=0
shrinkage=0.05


Tree=103
num_leaves=8
num_cat=0
split_feature=1 0 1 0 1 1 0
split_gain=0.114707 0.263614 0.200091 0.0836932 0.39334 0.218428 2.77556e-17
threshold=0.72035737538279199 0.72724928590674842 0.68194884710111403 0.61995858006168314 0.64429660224203678 0.61641876254911432 0.68949119216344279
decision_type=2 2 2 2 2 2 2
left_child=2 -2 3 5 -5 -1 -4
right_child=1 -3 6 4 -6 -7 -8
leaf_value=-5.2323667126400287e-07 -0.00014150940102138009 0.00023630898214355695 0.0004104896480622955 -0.00020506112296148844 3.6248662996140236e-05 0.00069532299150377183 0.00019474071035099905
leaf_weight=492 33 36 58 48 108 93 32
leaf_count=492 33 36 58 48 108 93 32
internal_value=0.000111111 -0.00184783 0.000273767 3.37388e-06 -0.00102564 0.000277778 0.0025
internal_weight=900 69 831 741 156 585 90
internal_count=900 69 831 741 156 585 90
is_linear=0
shrinkage=0.05


Tree=104
num_leaves=8
num_cat=0
split_feature=0 0 0 1 1 0 0
split_gain=0.0917755 0.201681 0.0716916 0.0729345 0.0650077 0.178152 0.0483935
threshold=0.64965930932545046 0.63732624711365893 0.70912095053751012 0.68194884710111403 0.59197920020506622 0.57180343183458415 0.59601381411724452
decision_type=2 2 2 2 2 2 2
left_child=1 4 3 -2 5 -1 -6
right_child=2 -3 -4 -5 6 -7 -8
leaf_value=2.184666427964134e-07 1.3164935826064903e-05 -1.9061332458607206e-05 1.0250694367266273e-05 0.00023915275488653644 0.0001421890321500086 -2.0878910833553687e-05 2.8936147148102038e-05
leaf_weight=341 39 42 51 96 104 31 196
leaf_count=341 39 42 51 96 104 31 196
internal_value=0.000166667 -9.10363e-05 0.00115591 0.00175926 0.000119048 -0.000322581 0.000666667
internal_weight=900 714 186 135 672 372 300
internal_count=900 714 186 135 672 372 300
is_linear=0
shrinkage=0.05


Tree=105
num_leaves=8
num_cat=0
split_feature=1 0 1 0 1 1 0
split_gain=0.121306 0.263614 0.189421 0.0653048 0.163838 0.144174 2.77556e-17
threshold=0.72035737538279199 0.72724928590674842 0.68194884710111403 0.63275706360062034 0.63282833507244829 0.656500042894404 0.68949119216344279
decision_type=2 2 2 2 2 2 2
left_child=2 -2 3 4 -1 -5 -4
right_child=1 -3 6 5 -6 -7 -8
leaf_value=9.0138173030876788e-08 -0.00013890461597943673 0.00022398099831801837 0.00037800752791485319 -4.2379702103940249e-05 0.0010601820917056893 0.00013432542835886685 0.00017304603708912514
leaf_weight=573 33 36 58 31 72 65 32
leaf_count=573 33 36 58 31 72 65 32
internal_value=0.000166667 -0.00184783 0.000333935 7.08503e-05 0.000251938 -0.00114583 0.0025
internal_weight=900 69 831 741 645 96 90
internal_count=900 69 831 741 645 96 90
is_linear=0
shrinkage=0.05


Tree=106
num_leaves=8
num_cat=0
split_feature=0 0 1 0 0 0 1
split_gain=0.142335 0.105335 0.0449482 0.178152 0.0711111 0.0445747 0.0685714
threshold=0.64896227486095504 0.63732624711365893 0.59197920020506622 0.57180343183458415 0.61995858006168314 0.72377146229857081 0.68194884710111403
decision_type=2 2 2 2 2 2 2
left_child=1 2 3 -1 -4 6 -2
right_child=5 -3 4 -5 -6 -7 -8
leaf_value=2.0303640200576525e-07 2.6038517981963893e-06 -1.8182685509882115e-05 9.0142420879083286e-05 -1.9839472200526663e-05 -5.0774863428478046e-05 -7.8316979173947752e-07 0.00021036459468164382
leaf_weight=341 42 39 225 31 75 39 108
leaf_count=341 42 39 225 31 75 39 108
internal_value=0.000222222 -0.000101969 4.46429e-05 -0.000322581 0.0005 0.0014418 0.00183333
internal_weight=900 711 672 372 300 189 150
internal_count=900 711 672 372 300 189 150
is_linear=0
shrinkage=0.05


Tree=107
num_leaves=8
num_cat=0
split_feature=1 0 1 0 1 1 0
split_gain=0.114707 0.263614 0.200091 0.0836932 0.39334 0.218428 2.77556e-17
threshold=0.72035737538279199 0.72724928590674842 0.68194884710111403 0.61995858006168314 0.64429660224203678 0.61641876254911432 0.68949119216344279
decision_type=2 2 2 2 2 2 2
left_child=2 -2 3 5 -5 -1 -4
right_child=1 -3 6 4 -6 -7 -8
leaf_value=-5.2265689859524004e-07 -0.00013464799451939704 0.00021282110689170282 0.00034858892178503132 -0.00019270782282232056 3.0681991002874122e-05 0.00065459840661857285 0.00015387550550058915
leaf_weight=492 33 36 58 48 108 93 32
leaf_count=492 33 36 58 48 108 93 32
internal_value=0.000111111 -0.00184783 0.000273767 3.37388e-06 -0.00102564 0.000277778 0.0025
internal_weight=900 69 831 741 156 585 90
internal_count=900 69 831 741 156 585 90
is_linear=0
shrinkage=0.05


Tree=108
num_leaves=8
num_cat=0
split_feature=0 0 0 1 1 0 1
split_gain=0.108773 0.0995522 0.073181 0.0662526 0.0309384 0.313725 0.100112
threshold=0.64896227486095504 0.63732624711365893 0.70912095053751012 0.68194884710111403 0.57218962985574928 0.5395211812575228 0.58072114699362876
decision_type=2 2 2 2 2 2 2
left_child=1 4 3 -2 5 -1 -6
right_child=2 -3 -4 -5 6 -7 -8
leaf_value=9.91870399236064e-06 9.3955965814412992e-07 -1.0099309802711831e-05 4.1738572903911241e-07 0.00019298094428867821 0.00026064248835593675 -1.5249686481317042e-05 4.3821598667217543e-06
leaf_weight=204 42 39 51 96 44 68 356
leaf_count=204 42 39 51 96 44 68 356
internal_value=0.000111111 -0.000172292 0.00117725 0.00177536 -2.97618e-05 -0.000441176 0.00025
internal_weight=900 711 189 138 672 272 400
internal_count=900 711 189 138 672 272 400
is_linear=0
shrinkage=0.05


Tree=109
num_leaves=5
num_cat=0
split_feature=1 0 1 1
split_gain=0.0921632 0.104265 0.105263 0.0947368
threshold=0.49888242098483443 0.50956758487434761 0.53698173301002183 0.54945005999977681
decision_type=2 2 2 2
left_child=-1 -2 -3 -4
right_child=1 2 3 -5
leaf_value=-5.0129907398962928e-05 7.583486366122841e-05 -0.00014140545875407937 9.7113895331962802e-05 5.1898703290569728e-07
leaf_weight=56 44 40 40 720
leaf_count=56 44 40 40 720
internal_value=6.51926e-11 0.000130332 6.51926e-11 0.000131579
internal_weight=900 844 800 760
internal_count=900 844 800 760
is_linear=0
shrinkage=0.05


Tree=110
num_leaves=9
num_cat=0
split_feature=0 0 0 1 0 1 0 0
split_gain=0.0614888 0.105335 0.0512118 0.0652174 0.0341394 0.40801 0.12474 0.0285396
threshold=0.64896227486095504 0.63732624711365893 0.70912095053751012 0.69136411057803682 0.5395211812575228 0.56011460921138356 0.52395372039893029 0.66372103978663766
decision_type=2 2 2 2 2 2 2 2
left_child=1 4 3 7 6 -6 -1 -2
right_child=2 -3 -4 -5 5 -7 -8 -9
leaf_value=-2.9719076867325643e-05 6.5298361056384322e-06 -9.6202936642236124e-06 3.7056709093936869e-07 0.0001795995872716262 -2.5743097276254035e-05 7.4580356562196028e-06 9.2258201184469701e-05 0.00014771175956893035
leaf_weight=148 39 39 51 69 30 434 60 30
leaf_count=148 39 39 51 69 30 434 60 30
internal_value=0.000111111 -0.000101969 0.000912698 0.00141304 4.46429e-05 -0.000193965 0.000576923 0.000326087
internal_weight=900 711 189 138 672 464 208 69
internal_count=900 711 189 138 672 464 208 69
is_linear=0
shrinkage=0.05


Tree=111
num_leaves=8
num_cat=0
split_feature=0 0 0 1 1 0 0
split_gain=0.0614888 0.105335 0.0512118 0.0652174 0.0304383 0.10502 0.0285396
threshold=0.64896227486095504 0.63732624711365893 0.70912095053751012 0.69136411057803682 0.49888242098483443 0.50956758487434761 0.66372103978663766
decision_type=2 2 2 2 2 2 2
left_child=1 4 3 6 -1 -6 -2
right_child=2 -3 -4 -5 5 -7 -8
leaf_value=-4.6137458185649275e-05 6.2033443003581058e-06 -9.139278981011234e-06 3.5203873639429107e-07 0.00017061960790804367 7.3529074321532347e-05 -6.6041429533075317e-07 0.00014032617159048243
leaf_weight=56 39 39 51 69 44 572 30
leaf_count=56 39 39 51 69 44 572 30
internal_value=0.000111111 -0.000101969 0.000912698 0.00141304 4.46429e-05 0.000146104 0.000326087
internal_weight=900 711 189 138 672 616 69
internal_count=900 711 189 138 672 616 69
is_linear=0
shrinkage=0.05


Tree=112
num_leaves=8
num_cat=0
split_feature=0 0 0 1 1 0 0
split_gain=0.0648462 0.193365 0.0495889 0.069697 0.0304383 0.10502 0.0247475
threshold=0.64965930932545046 0.63732624711365893 0.70912095053751012 0.69136411057803682 0.49888242098483443 0.50956758487434761 0.66372103978663766
decision_type=2 2 2 2 2 2 2
left_child=1 4 3 6 -1 -6 -2
right_child=2 -3 -4 -5 5 -7 -8
leaf_value=-4.3830585276369164e-05 0.00045159375408260996 -5.9304362418867025e-06 3.3443679957507958e-07 0.00016208862751263889 6.9852620605454079e-05 -6.2739358056268041e-07 0.00013330986301096081
leaf_weight=56 36 42 51 69 44 572 30
leaf_count=56 36 42 51 69 44 572 30
internal_value=5.55556e-05 -0.000161064 0.000887097 0.00138889 4.46429e-05 0.000146104 0.000227273
internal_weight=900 714 186 135 672 616 66
internal_count=900 714 186 135 672 616 66
is_linear=0
shrinkage=0.05


Tree=113
num_leaves=8
num_cat=0
split_feature=0 0 0 1 1 0 0
split_gain=0.060794 0.0980166 0.0543094 0.0671679 0.0530712 0.12357 0.0595657
threshold=0.6601092379141198 0.64804048923045621 0.70912095053751012 0.69136411057803682 0.52292337761082297 0.48396828574787093 0.5395211812575228
decision_type=2 2 2 2 2 2 2
left_child=1 4 3 -2 5 -1 -6
right_child=2 -3 -4 -5 6 -7 -8
leaf_value=2.5342715205939339e-05 0.00026467084782353935 -1.7666286821699085e-05 3.1771495959571837e-07 0.00015292523605324129 0.00011270625521874828 -0.00031600036527063366 -2.1619964167902097e-06
leaf_weight=51 38 39 51 67 112 45 497
leaf_count=51 38 39 51 67 112 45 497
internal_value=6.51926e-11 -0.000188172 0.000897436 0.00154762 -5.31914e-05 -0.00114583 0.000119048
internal_weight=900 744 156 105 705 96 609
internal_count=900 744 156 105 705 96 609
is_linear=0
shrinkage=0.05


Tree=114
num_leaves=8
num_cat=0
split_feature=0 0 0 1 1 0 0
split_gain=0.0535001 0.10349 0.0543094 0.0671679 0.0443161 0.473744 0.0716667
threshold=0.6601092379141198 0.64804048923045621 0.70912095053751012 0.69136411057803682 0.64429660224203678 0.62119863207360548 0.63275706360062034
decision_type=2 2 2 2 2 2 2
left_child=1 4 3 -2 5 -1 -6
right_child=2 -3 -4 -5 6 -7 -8
leaf_value=2.3183987608351316e-06 0.00025143730543236156 -1.6782972480616623e-05 3.0182921161754572e-07 0.00014527897425057836 -5.3703102974804923e-05 -0.00016542903756487946 0.00054572672765003719
leaf_weight=593 38 39 51 67 32 37 43
leaf_count=593 38 39 51 67 32 37 43
internal_value=5.55556e-05 -0.000120968 0.000897436 0.00154762 1.77306e-05 -0.000119048 0.00116667
internal_weight=900 744 156 105 705 630 75
internal_count=900 744 156 105 705 630 75
is_linear=0
shrinkage=0.05


Tree=115
num_leaves=8
num_cat=0
split_feature=0 0 0 1 1 0 0
split_gain=0.0466722 0.109113 0.0543094 0.0671679 0.0390138 0.286115 0.0716667
threshold=0.6601092379141198 0.64804048923045621 0.70912095053751012 0.69136411057803682 0.64429660224203678 0.61995858006168314 0.63275706360062034
decision_type=2 2 2 2 2 2 2
left_child=1 4 3 -2 5 -1 -6
right_child=2 -3 -4 -5 6 -7 -8
leaf_value=2.3989470815074282e-06 0.00023886544016074596 -1.5943823856584397e-05 2.8673775103633881e-07 0.00013801502553805137 -5.1017947826064349e-05 -0.00017445296877583753 0.00051844039126753335
leaf_weight=582 38 39 51 67 32 48 43
leaf_count=582 38 39 51 67 32 48 43
internal_value=0.000111111 -5.37634e-05 0.000897436 0.00154762 8.86525e-05 -3.96825e-05 0.00116667
internal_weight=900 744 156 105 705 630 75
internal_count=900 744 156 105 705 630 75
is_linear=0
shrinkage=0.05


Tree=116
num_leaves=8
num_cat=0
split_feature=0 0 0 1 1 0 0
split_gain=0.0466722 0.109113 0.0543094 0.0671679 0.0390138 0.286115 0.0716667
threshold=0.6601092379141198 0.64804048923045621 0.70912095053751012 0.69136411057803682 0.64429660224203678 0.61995858006168314 0.63275706360062034
decision_type=2 2 2 2 2 2 2
left_child=1 4 3 -2 5 -1 -6
right_child=2 -3 -4 -5 6 -7 -8
leaf_value=2.2789997274304847e-06 0.00022692216815271005 -1.514663266375378e-05 2.724008634869678e-07 0.00013111427426115097 -4.846705043476303e-05 -0.00016573032033704609 0.00049251837170415428
leaf_weight=582 38 39 51 67 32 48 43
leaf_count=582 38 39 51 67 32 48 43
internal_value=0.000111111 -5.37634e-05 0.000897436 0.00154762 8.86525e-05 -3.96825e-05 0.00116667
internal_weight=900 744 156 105 705 630 75
internal_count=900 744 156 105 705 630 75
is_linear=0
shrinkage=0.05


Tree=117
num_leaves=8
num_cat=0
split_feature=0 0 0 1 1 0 0
split_gain=0.0535001 0.10349 0.0543094 0.0671679 0.0326465 0.356655 0.0710612
threshold=0.6601092379141198 0.64804048923045621 0.70912095053751012 0.69136411057803682 0.64515649016284871 0.61995858006168314 0.63349056534676251
decision_type=2 2 2 2 2 2 2
left_child=1 4 3 -2 5 -1 -6
right_child=2 -3 -4 -5 6 -7 -8
leaf_value=2.1650497410615517e-06 0.00021557605974507622 -1.4389301030564973e-05 2.5878082031034689e-07 0.00012455856054809314 -5.2654978136506566e-05 -0.00014591354854558177 0.00048496601671099812
leaf_weight=582 38 39 51 67 31 54 38
leaf_count=582 38 39 51 67 31 54 38
internal_value=5.55556e-05 -0.000120968 0.000897436 0.00154762 1.77306e-05 -9.43396e-05 0.00105072
internal_weight=900 744 156 105 705 636 69
internal_count=900 744 156 105 705 636 69
is_linear=0
shrinkage=0.05


Tree=118
num_leaves=8
num_cat=0
split_feature=0 0 0 1 1 0 0
split_gain=0.0535001 0.10349 0.0543094 0.0671679 0.0326465 0.356655 0.0710612
threshold=0.6601092379141198 0.64804048923045621 0.70912095053751012 0.69136411057803682 0.64515649016284871 0.61995858006168314 0.63349056534676251
decision_type=2 2 2 2 2 2 2
left_child=1 4 3 -2 5 -1 -6
right_child=2 -3 -4 -5 6 -7 -8
leaf_value=2.0567972540093999e-06 0.00020479725675782157 -1.3669835979035329e-05 2.4584177929394482e-07 0.00011833063252069066 -5.0022229229678713e-05 -0.00013861787111830477 0.00046071771587544825
leaf_weight=582 38 39 51 67 31 54 38
leaf_count=582 38 39 51 67 31 54 38
internal_value=5.55556e-05 -0.000120968 0.000897436 0.00154762 1.77306e-05 -9.43396e-05 0.00105072
internal_weight=900 744 156 105 705 636 69
internal_count=900 744 156 105 705 636 69
is_linear=0
shrinkage=0.05


Tree=119
num_leaves=11
num_cat=0
split_feature=1 0 1 0 1 0 1 0 1 0
split_gain=0.0477061 0.178152 0.0954135 0.44 0.0752818 0.150307 0.100168 0.128522 0.0179487 2.77556e-17
threshold=0.59197920020506622 0.57180343183458415 0.57286660157313962 0.54975243375952876 0.72035737538279199 0.72724928590674842 0.69136411057803682 0.59601381411724452 0.57995184959271862 0.68949119216344279
decision_type=2 2 2 2 2 2 2 2 2 2
left_child=1 2 3 -1 6 -6 7 -2 -4 -8
right_child=4 -3 8 -5 5 -7 9 -9 -10 -11
leaf_value=1.8179883263926231e-06 0.00024310098764639685 -1.9827744286969694e-05 0.00048454657281817471 -2.0099668040334055e-05 -0.00012291118526595334 0.0002019962155084097 0.0004683784057983309 -7.3355045974694301e-07 0.00057356455300802559 7.0380207366277375e-05
leaf_weight=238 94 31 35 38 33 36 31 302 30 32
leaf_count=238 94 31 35 38 33 36 31 302 30 32
internal_value=0.000111111 -0.000322581 7.33144e-06 -0.000398551 0.000416667 -0.00112319 0.000648148 0.000353535 0.00173077 0.0025
internal_weight=900 372 341 276 528 69 459 396 65 63
internal_count=900 372 341 276 528 69 459 396 65 63
is_linear=0
shrinkage=0.05


end of trees

feature_importances:
Column_0=457
Column_1=319

parameters:
[boosting: gbdt]
[objective: quantile]
[metric: quantile]
[tree_learner: serial]
[device_type: cpu]
[data_sample_strategy: bagging]
[data: ]
[valid: ]
[num_iterations: 120]
[learning_rate: 0.05]
[num_leaves: 12]
[num_threads: 2]
[seed: 26170]
[deterministic: 0]
[force_col_wise: 0]
[force_row_wise: 0]
[histogram_pool_size: -1]
[max_depth: 4]
[min_data_in_leaf: 30]
[min_sum_hessian_in_leaf: 0.001]
[bagging_fraction: 1]
[pos_bagging_fraction: 1]
[neg_bagging_fraction: 1]
[bagging_freq: 0]
[bagging_seed: 13002]
[bagging_by_query: 0]
[feature_fraction: 1]
[feature_fraction_bynode: 1]
[feature_fraction_seed: 3933]
[extra_trees: 0]
[extra_seed: 13870]
[early_stopping_round: 0]
[early_stopping_min_delta: 0]
[first_metric_only: 0]
[max_delta_step: 0]
[lambda_l1: 0]
[lambda_l2: 0]
[linear_lambda: 0]
[min_gain_to_split: 0]
[drop_rate: 0.1]
[max_drop: 50]
[skip_drop: 0.5]
[xgboost_dart_mode: 0]
[uniform_drop: 0]
[drop_seed: 25549]
[top_rate: 0.2]
[other_rate: 0.1]
[min_data_per_group: 100]
[max_cat_threshold: 32]
[cat_l2: 10]
[cat_smooth: 10]
[max_cat_to_onehot: 4]
[top_k: 20]
[monotone_constraints: ]
[monotone_constraints_method: basic]
[monotone_penalty: 0]
[feature_contri: ]
[forcedsplits_filename: ]
[refit_decay_rate: 0.9]
[cegb_tradeoff: 1]
[cegb_penalty_split: 0]
[cegb_penalty_feature_lazy: ]
[cegb_penalty_feature_coupled: ]
[path_smooth: 0]
[interaction_constraints: ]
[verbosity: -1]
[saved_feature_importance_type: 0]
[use_quantized_grad: 0]
[num_grad_quant_bins: 4]
[quant_train_renew_leaf: 0]
[stochastic_rounding: 1]
[linear_tree: 0]
[max_bin: 255]
[max_bin_by_feature: ]
[min_data_in_bin: 3]
[bin_construct_sample_cnt: 200000]
[data_random_seed: 19962]
[is_enable_sparse: 1]
[enable_bundle: 1]
[use_missing: 1]
[zero_as_missing: 0]
[feature_pre_filter: 1]
[pre_partition: 0]
[two_round: 0]
[header: 0]
[label_column: ]
[weight_column: ]
[group_column: ]
[ignore_column: ]
[categorical_feature: ]
[forcedbins_filename: ]
[precise_float_parser: 0]
[parser_config_file: ]
[objective_seed: 31251]
[num_class: 1]
[is_unbalance: 0]
[scale_pos_weight: 1]
[sigmoid: 1]
[boost_from_average: 1]
[reg_sqrt: 0]
[alpha: 0.05]
[fair_c: 1]
[poisson_max_delta_step: 0.7]
[tweedie_variance_power: 1.5]
[lambdarank_truncation_level: 30]
[lambdarank_norm: 1]
[label_gain: ]
[lambdarank_position_bias_regularization: 0]
[eval_at: ]
[multi_error_top_k: 1]
[auc_mu_weights: ]
[num_machines: 1]
[local_listen_port: 12400]
[time_out: 120]
[machine_list_filename: ]
[machines: ]
[gpu_platform_id: -1]
[gpu_device_id: -1]
[gpu_device_id_list: ]
[gpu_use_dp: 0]
[num_gpu: 1]

end of parameters

pandas_categorical:null
