tree
version=v4
num_class=1
num_tree_per_iteration=1
label_index=0
max_feature_idx=1
objective=quantile
feature_names=Column_0 Column_1
feature_infos=[7.2599266107345759:32.747238396512124] [7.7078608450251185:33.077429305041576]
tree_sizes=1089 1073 1072 1154 1074 1072 1151 1151 1150 1159 1153 1074 1151 1156 1074 1164 1074 1079 1077 1153 1148 1161 1157 1157 1161 1160 1155 1157 1160 1069 1153 1161 1063 1163 1156 994 1152 1155 1064 1156 1160 1076 1156 1163 1075 1077 1082 1163 995 899 908 989 903 904 824 667 836 827 827 918 917 1083 827 916 904 908 913 668 665 921 921 908 1003 744 750 662 920 917 922 663 813 664 667 665 666 669 666 668 656 655 654 833 905 1075 924 663 666 669 665 587 924 924 911 980 583 742 907 978 657 668 575 671 660 584 584 671 670 582 905 919

Tree=0
num_leaves=12
num_cat=0
split_feature=1 0 1 1 0 1 1 0 0 1 1
split_gain=85.698 7.89735 7.19619 6.8232 5.39976 4.68827 2.59796 1.57826 1.50414 0.20967 0.0180952
threshold=10.589529408888778 10.718127261056525 11.342258613979647 10.243574392406222 9.9918889846621628 10.849817050601761 9.2267438929695498 10.222724900736052 9.8757775465016433 11.245630250460133 11.491109842718977
decision_type=2 2 2 2 2 2 2 2 2 2 2
left_child=3 2 5 6 -5 -2 -1 -6 -8 -3 -11
right_child=1 9 -4 4 7 -7 8 -9 -10 10 -12
leaf_value=12.133512234687805 12.228441977500916 12.241313862800599 12.198240232467651 12.244426155090332 12.213944911956787 12.271946001052857 12.186434078216553 12.202495312690735 12.186530756950379 12.269487929344177 12.307080793380738
leaf_weight=92 100 32 31 32 60 62 252 32 32 42 133
leaf_count=92 100 32 31 32 60 62 252 32 32 42 133
internal_value=12.2203 12.2375 12.2303 12.2065 12.2167 12.2345 12.2031 12.2105 12.2055 12.2443 12.245
internal_weight=900 400 193 500 124 162 376 92 284 207 175
internal_count=900 400 193 500 124 162 376 92 284 207 175
is_linear=0
shrinkage=1


Tree=1
num_leaves=11
num_cat=0
split_feature=1 1 0 0 1 1 1 0 1 0
split_gain=83.5584 10.4309 6.57779 4.05393 2.54651 2.31408 1.99465 1.50414 0.537241 0.0474308
threshold=10.733131626921997 10.243574392406222 10.332779448772962 9.9918889846621628 10.849817050601761 9.2267438929695498 10.432913863556029 9.8757775465016433 13.48018396462353 8.6257340900164419
decision_type=2 2 2 2 2 2 2 2 2 2
left_child=1 5 -2 -3 -4 9 -5 -7 -6 -1
right_child=2 3 4 6 8 7 -8 -9 -10 -11
leaf_value=-0.090010653734207136 -0.01825022459030148 0.026465921401977524 0.016142474412918075 -0.01430037021636963 0.053473684787750213 -0.032153334617614784 -0.0027463316917419435 -0.032061489820480384 0.92326462030410772 -0.078165017366409295
leaf_weight=48 33 34 43 38 242 252 104 32 30 44
leaf_count=48 33 34 43 38 242 252 104 32 30 44
internal_value=-0.000222222 -0.0123188 0.0189655 -0.00227273 0.0211905 -0.0170213 -0.00598592 -0.0147887 0.0229779 -0.023913
internal_weight=900 552 348 176 315 376 142 284 272 92
internal_count=900 552 348 176 315 376 142 284 272 92
is_linear=0
shrinkage=0.05


Tree=2
num_leaves=11
num_cat=0
split_feature=1 1 1 0 1 1 1 0 1 0
split_gain=78.6279 9.96695 6.84329 4.20835 3.6059 2.73868 2.05306 1.2931 0.20489 0.0474308
threshold=10.733131626921997 10.105019957927629 13.48018396462353 9.8818490201788105 10.253777687143556 10.859207396625054 9.2267438929695498 9.6191342863258935 11.258540976437489 8.6257340900164419
decision_type=2 2 2 2 2 2 2 2 2 2
left_child=1 6 5 -3 -5 -2 9 -8 -7 -1
right_child=2 3 -4 4 -6 8 7 -9 -10 -11
leaf_value=-0.085510121047496765 0.021413048297166795 0.019787545919418295 0.0095182574987410905 -0.029723585426807465 -0.003873861134052259 0.035025237321853635 -0.033187035799026536 -0.034262065172195481 0.064249764800071676 -0.074256766498088836
leaf_weight=48 54 37 51 33 158 90 174 58 153 44
leaf_count=48 54 37 51 33 158 90 174 58 153 44
internal_value=-0.000222222 -0.0119565 0.0183908 -0.00394737 -0.00693717 0.0212963 -0.0175926 -0.0150862 0.0235597 -0.023913
internal_weight=900 552 348 228 191 297 324 232 243 92
internal_count=900 552 348 228 191 297 324 232 243 92
is_linear=0
shrinkage=0.05


Tree=3
num_leaves=12
num_cat=0
split_feature=1 0 1 1 1 0 1 1 1 0 0
split_gain=71.6942 7.47845 7.30717 6.21826 5.48195 4.07634 3.1303 1.67096 1.24397 1.78349 0.0615985
threshold=10.589529408888778 10.718127261056525 9.8241519212437112 11.342258613979647 10.859207396625054 9.6191342863258935 10.105019957927629 11.258540976437489 9.2267438929695498 9.3528098565115716 11.410444514115992
decision_type=2 2 2 2 2 2 2 2 2 2 2
left_child=2 3 8 4 -2 -4 -7 -3 -1 -10 -9
right_child=1 7 5 -5 -6 6 -8 10 9 -11 -12
leaf_value=-0.074396176365017927 0.0077042818218469485 0.016933452093601177 0.0053418895840644078 -0.023366681045293713 0.047492175304889632 -0.032548961913585743 -0.0072936266511678845 0.048813983970880506 -0.038528821742534719 -0.042156884944439012 0.081062053018808297
leaf_weight=92 106 35 38 31 56 58 172 79 90 50 93
leaf_count=92 106 35 38 31 56 58 172 79 90 50 93
internal_value=-0.000277778 0.0155 -0.0129 0.00841969 0.0123457 -0.00727612 -0.00978261 0.0221014 -0.0193966 -0.0164286 0.0241279
internal_weight=900 400 500 193 162 268 230 207 232 140 172
internal_count=900 400 500 193 162 268 230 207 232 140 172
is_linear=0
shrinkage=0.05


Tree=4
num_leaves=11
num_cat=0
split_feature=1 1 1 0 1 1 1 0 1 0
split_gain=71.3238 9.97697 6.1231 3.54652 4.45498 2.94553 1.24397 1.78349 0.544662 0.0474308
threshold=10.735070391547579 9.8241519212437112 13.48018396462353 9.6191342863258935 10.243574392406222 10.859207396625054 9.2267438929695498 9.3528098565115716 11.258540976437489 8.6257340900164419
decision_type=2 2 2 2 2 2 2 2 2 2
left_child=1 6 5 -3 -5 -2 9 -8 -7 -1
right_child=2 3 -4 4 -6 8 7 -9 -10 -11
leaf_value=-0.077514806176870996 0.02144240761771803 0.0052950700300931075 0.0066016454252600283 -0.023509569457918468 -0.002835646736621822 0.031663334770798683 -0.036602380655407975 -0.040049040697217021 0.057035529271066122 -0.066824119354933487
leaf_weight=48 51 39 51 108 176 90 90 50 153 44
leaf_count=48 51 39 51 108 176 90 90 50 153 44
internal_value=-0.000388889 -0.0114865 0.0174638 -0.00580495 -0.00774648 0.0202381 -0.0193966 -0.0164286 0.0225309 -0.023913
internal_weight=900 555 345 323 284 294 232 140 243 92
internal_count=900 555 345 323 284 294 232 140 243 92
is_linear=0
shrinkage=0.05


Tree=5
num_leaves=11
num_cat=0
split_feature=1 1 1 0 1 1 1 0 1 0
split_gain=67.1971 10.1156 5.68726 3.3929 3.90347 3.1096 1.36552 1.95571 0.523094 0.0474308
threshold=10.735070391547579 9.8241519212437112 13.48018396462353 9.6191342863258935 10.105019957927629 10.859207396625054 9.2267438929695498 9.3528098565115716 11.258540976437489 8.6257340900164419
decision_type=2 2 2 2 2 2 2 2 2 2
left_child=1 6 5 -3 -5 -2 9 -8 -7 -1
right_child=2 3 -4 4 -6 8 7 -9 -10 -11
leaf_value=-0.073639065868027404 0.020370287236832142 0.0050303165285884082 0.0062715631539970399 -0.029746035345010569 -0.0036898603436910093 0.030080168032258704 -0.034772261622637579 -0.038046588662356134 0.054183752807512781 -0.063482913387186812
leaf_weight=48 51 39 51 58 226 90 90 50 153 44
leaf_count=48 51 39 51 58 226 90 90 50 153 44
internal_value=-0.000444444 -0.0112162 0.0168841 -0.00549536 -0.00739437 0.0195578 -0.019181 -0.0160714 0.0219136 -0.023913
internal_weight=900 555 345 323 284 294 232 140 243 92
internal_count=900 555 345 323 284 294 232 140 243 92
is_linear=0
shrinkage=0.05


Tree=6
num_leaves=12
num_cat=0
split_feature=1 1 0 1 1 0 1 1 0 1 0
split_gain=65.522 7.46313 7.1744 7.97279 4.93194 3.78111 3.00084 1.23588 1.82998 0.619048 0.0634921
threshold=10.589529408888778 9.8241519212437112 10.955965392062351 13.48018396462353 10.859207396625054 9.6191342863258935 10.105019957927629 9.1751828003927844 9.3528098565115716 11.663027676565214 8.6257340900164419
decision_type=2 2 2 2 2 2 2 2 2 2 2
left_child=1 7 3 4 -2 -3 -7 10 -9 -4 -1
right_child=2 5 9 -5 -6 6 -8 8 -10 -11 -12
leaf_value=-0.069957112574626029 0.0076453430847703181 0.0045585257769270807 0.03159806247443777 -0.041552915906450806 0.038502136622299205 -0.028258733577760077 -0.006439322519072377 -0.033033648541505659 -0.036144259229238342 0.0723115860411606 -0.065164805811394375
leaf_weight=48 106 38 64 30 96 58 172 98 50 104 36
leaf_count=48 106 38 64 30 96 58 172 98 50 104 36
internal_value=-0.000333333 -0.0124 0.01475 0.00905172 0.0126238 -0.00671642 -0.00913043 -0.0189655 -0.0162162 0.022619 -0.0238095
internal_weight=900 500 400 232 202 268 230 232 148 168 84
internal_count=900 500 400 232 202 268 230 232 148 168 84
is_linear=0
shrinkage=0.05


Tree=7
num_leaves=12
num_cat=0
split_feature=1 1 1 1 0 1 0 1 0 1 1
split_gain=61.9461 9.31535 5.2675 2.95882 2.65682 3.68144 2.19947 0.973911 1.99228 0.209524 0.127309
threshold=10.735070391547579 9.8241519212437112 13.48018396462353 11.258540976437489 9.6191342863258935 10.105019957927629 10.612021542469313 9.1751828003927844 9.3528098565115716 8.8486496582154164 11.663027676565214
decision_type=2 2 2 2 2 2 2 2 2 2 2
left_child=1 7 3 6 -3 -6 -2 9 -9 -1 -5
right_child=2 4 -4 10 5 -7 -8 8 -10 -11 -12
leaf_value=-0.072471577464388398 0.032779570841210685 0.0045508744133126557 0.0034713222913299369 0.036290428838096835 -0.0268457968988721 -0.0034257944929463771 0.014883758839674766 -0.031381966114430337 -0.034337046267776387 -0.054156817290844206 0.062389787638150375
leaf_weight=44 74 39 51 69 58 226 67 98 50 40 84
leaf_count=44 74 39 51 69 58 226 67 98 50 40 84
internal_value=-0.000333333 -0.0106757 0.0163043 0.0188776 -0.00518576 -0.0068662 0.0136525 -0.018319 -0.0158784 -0.022619 0.0236928
internal_weight=900 555 345 294 323 284 141 232 148 84 153
internal_count=900 555 345 294 323 284 141 232 148 84 153
is_linear=0
shrinkage=0.05


Tree=8
num_leaves=12
num_cat=0
split_feature=1 1 0 1 0 1 1 1 0 1 1
split_gain=59.9657 9.31535 5.16315 9.35348 2.12928 3.7977 1.79056 0.973911 1.99228 0.253456 0.209524
threshold=10.735070391547579 9.8241519212437112 11.080972915007267 13.48018396462353 9.6191342863258935 10.105019957927629 10.859207396625054 9.1751828003927844 9.3528098565115716 11.663027676565214 8.8486496582154164
decision_type=2 2 2 2 2 2 2 2 2 2 2
left_child=1 7 3 6 -3 -6 -2 10 -9 -4 -1
right_child=2 4 9 -5 5 -7 -8 8 -10 -11 -12
leaf_value=-0.06884799859116901 0.01733052717869157 0.0043233306926469877 0.029820378731603106 -0.039648836225694817 -0.025503507053928499 -0.0032545047682990716 0.033643974965684185 -0.029812867808708801 -0.032620193954387582 0.064712917579973356 -0.051448976426302022
leaf_weight=44 51 39 38 30 58 226 123 98 50 103 40
leaf_count=44 51 39 38 30 58 226 123 98 50 103 40
internal_value=-0.0005 -0.0106757 0.0158696 0.0107843 -0.00518576 -0.00669014 0.0152299 -0.018319 -0.0158784 0.023227 -0.022619
internal_weight=900 555 345 204 323 284 174 232 148 141 84
internal_count=900 555 345 204 323 284 174 232 148 141 84
is_linear=0
shrinkage=0.05


Tree=9
num_leaves=12
num_cat=0
split_feature=1 1 0 1 1 0 1 1 0 0 1
split_gain=54.7805 7.09923 6.40081 7.24271 4.33929 2.30979 2.65112 1.07398 1.73505 0.501922 0.209524
threshold=10.589529408888778 9.8241519212437112 11.005022475441136 13.48018396462353 10.825978310325615 9.6191342863258935 10.054805566420169 9.1751828003927844 9.3894177754821104 11.823607826274388 8.8486496582154164
decision_type=2 2 2 2 2 2 2 2 2 2 2
left_child=1 7 3 4 -2 -3 -7 10 -9 -4 -1
right_child=2 5 9 -5 -6 6 -8 8 -10 -11 -12
leaf_value=-0.065405598661610581 0.00097522943576935364 0.0038868892327826644 0.032488071824479992 -0.037666394414410088 0.030274065940215603 -0.026916715757323396 -0.0060882385820369761 -0.028322224418273392 -0.030989184256668169 0.11764511265861631 -0.048876527604986911
leaf_weight=44 91 38 108 30 120 35 195 104 44 51 40
leaf_count=44 91 38 108 30 120 35 195 104 44 51 40
internal_value=-0.000666667 -0.0117 0.013125 0.00798755 0.0112559 -0.00615672 -0.00804348 -0.0181034 -0.0155405 0.0209119 -0.022619
internal_weight=900 500 400 241 211 268 230 232 148 159 84
internal_count=900 500 400 241 211 268 230 232 148 159 84
is_linear=0
shrinkage=0.05


Tree=10
num_leaves=12
num_cat=0
split_feature=1 1 0 1 1 0 1 1 0 1 0
split_gain=53.2467 7.04017 6.29527 7.11257 4.6749 2.93043 3.87609 0.610407 2.08567 0.599651 0.538856
threshold=10.589529408888778 9.5954967151092578 11.005022475441136 13.48018396462353 10.825978310325615 9.3991131782868127 10.069832440324111 8.8486496582154164 8.7990376390965999 11.971723008633633 11.385702516727351
decision_type=2 2 2 2 2 2 2 2 2 2 2
left_child=1 7 3 4 -2 -3 -7 -1 -9 10 -4
right_child=2 5 9 -5 -6 6 -8 8 -10 -11 -12
leaf_value=-0.062135318728530023 0.00092646796398092594 0.017050881813016262 0.030697680622439095 -0.035783074693689576 0.028760362643204831 -0.0213500501163566 -0.0054532926267222065 -0.035739302731797727 -0.040272192527804056 0.08901368646603354 0.019176941901254629
leaf_weight=44 91 31 60 30 120 110 191 30 94 66 33
leaf_count=44 91 31 60 30 120 110 191 30 94 66 33
internal_value=-0.000722222 -0.0116 0.012875 0.00778008 0.011019 -0.00737952 -0.00888704 -0.0199405 -0.0181452 0.0205975 0.0180108
internal_weight=900 500 400 241 211 332 301 168 124 159 93
internal_count=900 500 400 241 211 332 301 168 124 159 93
is_linear=0
shrinkage=0.05


Tree=11
num_leaves=11
num_cat=0
split_feature=1 1 1 0 1 1 0 1 0 1
split_gain=51.1237 10.6515 4.8273 2.08909 3.54819 1.45967 2.77292 1.16618 1.43629 0.30012
threshold=10.805774828184962 9.8241519212437112 13.48018396462353 9.6191342863258935 10.105019957927629 11.282623873002796 10.754371307511422 8.8486496582154164 9.3894177754821104 11.971723008633633
decision_type=2 2 2 2 2 2 2 2 2 2
left_child=1 7 5 -3 -5 6 -2 -1 -9 -7
right_child=2 3 -4 4 -6 9 -8 8 -10 -11
leaf_value=-0.059028552792103554 0.027322344511044608 0.0049803222021933104 0.00035999406129478829 -0.022233963537371837 -0.0021872488050081354 0.0309419380757197 0.0033919546219081556 -0.031902434219537049 -0.02837222253801688 0.059296864322256851
leaf_weight=44 88 39 51 58 253 102 32 144 44 45
leaf_count=44 88 39 51 58 253 102 32 144 44 45
internal_value=-0.000555556 -0.00936426 0.015566 -0.00385714 -0.00522508 0.0182584 0.0141667 -0.0176724 -0.0159574 0.0215986
internal_weight=900 582 318 350 311 267 120 232 188 147
internal_count=900 582 318 350 311 267 120 232 188 147
is_linear=0
shrinkage=0.05


Tree=12
num_leaves=12
num_cat=0
split_feature=1 1 0 1 1 0 1 1 0 1 0
split_gain=48.3605 7.40836 5.23252 6.13128 4.10186 2.84639 3.11023 1.35064 1.94521 1.11358 0.366241
threshold=10.589529408888778 9.8241519212437112 10.955965392062351 13.48018396462353 10.825978310325615 9.716151045007555 10.105019957927629 9.157836512008906 9.3991131782868127 11.84520572669719 11.31137607645544
decision_type=2 2 2 2 2 2 2 2 2 2 2
left_child=1 7 3 4 -2 -3 -7 -1 -9 10 -4
right_child=2 5 9 -5 -6 6 -8 8 -10 -11 -12
leaf_value=-0.050949032131445686 0.0009895070060323087 0.0020284619333220456 0.024863967218926142 -0.034011920662069837 0.026444606614935307 -0.022301915645413308 -0.0053998800137636145 -0.02247436092493409 -0.027500686682722455 0.072867517817874997 0.018879679724519607
leaf_weight=80 91 59 57 30 111 41 168 111 41 78 33
leaf_count=80 91 59 57 30 111 41 168 111 41 78 33
internal_value=-0.000333333 -0.0107 0.012625 0.00775862 0.0108911 -0.00503731 -0.00777512 -0.0172414 -0.0144737 0.0193452 0.0155556
internal_weight=900 500 400 232 202 268 209 232 152 168 90
internal_count=900 500 400 232 202 268 209 232 152 168 90
is_linear=0
shrinkage=0.05


Tree=13
num_leaves=12
num_cat=0
split_feature=1 1 0 1 1 0 1 1 1 0 0
split_gain=42.9917 6.47949 5.88561 6.02765 4.09164 2.63284 4.27102 0.955307 0.931452 1.6351 0.909335
threshold=10.543723746613198 9.5954967151092578 11.165085092119712 13.48018396462353 10.86995751660697 9.3991131782868127 9.8241519212437112 11.971723008633633 8.8486496582154164 8.8309550169357482 11.385702516727351
decision_type=2 2 2 2 2 2 2 2 2 2 2
left_child=1 8 3 4 -2 -3 -7 10 -1 -10 -4
right_child=2 5 7 -5 -6 6 -8 -9 9 -11 -12
leaf_value=-0.053529673545926131 0.0032610084028904755 0.018917177479588966 0.027035305572533554 -0.026854438742773913 0.028041080181467316 -0.024003393208571658 -0.0068159836945977936 0.08015139609118567 -0.022138898295473775 -0.036455914218103923 0.015727013916179901
leaf_weight=44 129 31 31 31 131 38 243 65 38 86 33
leaf_count=44 129 31 31 31 131 38 243 65 38 86 33
internal_value=-0.000611111 -0.0108333 0.0110714 0.00713058 0.00961538 -0.00657051 -0.00809609 0.0199612 -0.01875 -0.0165323 0.015625
internal_weight=900 480 420 291 260 312 281 129 168 124 64
internal_count=900 480 420 291 260 312 281 129 168 124 64
is_linear=0
shrinkage=0.05


Tree=14
num_leaves=11
num_cat=0
split_feature=1 1 1 0 1 1 1 0 0 1
split_gain=38.7789 10.0987 4.55873 2.26714 5.93281 1.45246 1.32244 2.08243 1.12581 0.0840278
threshold=10.805774828184962 9.8241519212437112 13.48018396462353 10.413167080081532 10.543723746613198 11.911902706359887 9.1124275589090917 9.3991131782868127 10.612021542469313 8.7981927452269186
decision_type=2 2 2 2 2 2 2 2 2 2
left_child=1 6 5 4 -3 8 9 -8 -2 -1
right_child=2 3 -4 -5 -6 -7 7 -9 -10 -11
leaf_value=-0.050853189868629835 0.027085143005413051 -0.0052511542535965466 -0.0017177281569288995 -0.0087682477498492346 0.020752261997304889 0.048125870065537237 -0.021173889037899407 -0.02492548268815771 0.019265392170227269 -0.048315120313118159
leaf_weight=40 53 247 51 50 53 54 119 41 160 32
leaf_count=40 53 247 51 50 53 54 119 41 160 32
internal_value=-0.000833333 -0.00850515 0.0132075 -0.00314286 -0.0015 0.015824 -0.0165948 -0.0140625 0.0139671 -0.0222222
internal_weight=900 582 318 350 300 267 232 160 213 72
internal_count=900 582 318 350 300 267 232 160 213 72
is_linear=0
shrinkage=0.05


Tree=15
num_leaves=12
num_cat=0
split_feature=1 1 1 1 0 0 1 1 0 1 1
split_gain=38.4829 8.47391 3.97223 2.31838 2.29747 2.19918 2.94386 1.53278 1.83543 0.539216 0.0840278
threshold=10.735070391547579 9.8241519212437112 13.48018396462353 11.342258613979647 10.466060903663616 9.716151045007555 10.243574392406222 9.1124275589090917 9.3991131782868127 12.122840266530824 8.7981927452269186
decision_type=2 2 2 2 2 2 2 2 2 2 2
left_child=1 7 3 4 -2 -3 -7 10 -9 -5 -1
right_child=2 5 -4 9 -6 6 -8 8 -10 -11 -12
leaf_value=-0.04831053037519837 0.078116425957183697 0.0036615428882144311 -0.0016318417490824189 0.026700447970648036 0.0075180773423153546 -0.01765845670956363 -0.0011006118008655365 -0.020115194586004394 -0.023679208553749831 0.050064618278344679 -0.045899364297462247
leaf_weight=40 34 60 51 102 125 88 175 119 41 33 32
leaf_count=40 34 60 51 102 125 88 175 119 41 33 32
internal_value=-0.000722222 -0.00887387 0.0123913 0.0146259 0.0105346 -0.00363777 -0.00560837 -0.0161638 -0.0134375 0.0194444 -0.0222222
internal_weight=900 555 345 294 159 323 263 232 160 135 72
internal_count=900 555 345 294 159 323 263 232 160 135 72
is_linear=0
shrinkage=0.05


Tree=16
num_leaves=11
num_cat=0
split_feature=1 1 1 0 1 1 0 1 0 0
split_gain=35.871 9.19818 4.35182 2.21548 4.35733 1.15674 2.68102 0.860285 1.83363 0.665084
threshold=10.805774828184962 9.5954967151092578 13.48018396462353 9.3991131782868127 9.9928523611543643 11.342258613979647 10.69963882685561 8.8486496582154164 8.8309550169357482 11.212989424333218
decision_type=2 2 2 2 2 2 2 2 2 2
left_child=1 7 5 -3 -5 6 -2 -1 -9 -7
right_child=2 3 -4 4 -6 9 -8 8 -10 -11
leaf_value=-0.045895003856438438 0.025000405877186795 0.020035772786804708 -0.0015502496616282891 -0.018598909791305563 -0.0014014945514891687 0.042594737072668393 0.004076075679236269 -0.01764436417483797 -0.032568664326003471 0.030585989693899231
leaf_weight=44 75 31 51 82 301 32 57 38 86 103
leaf_count=44 75 31 51 82 301 32 57 38 86 103
internal_value=-0.000611111 -0.00798969 0.0128931 -0.00398551 -0.00502611 0.0154494 0.0121212 -0.0178571 -0.0157258 0.0187037
internal_weight=900 582 318 414 383 267 132 168 124 135
internal_count=900 582 318 414 383 267 132 168 124 135
is_linear=0
shrinkage=0.05


Tree=17
num_leaves=11
num_cat=0
split_feature=1 1 1 0 1 1 1 0 0 0
split_gain=33.6943 8.64278 4.05046 2.19851 2.91639 1.37989 1.29683 2.76362 1.26863 0.437075
threshold=10.805774828184962 9.8241519212437112 13.48018396462353 9.6191342863258935 10.054805566420169 8.7981927452269186 11.342258613979647 10.668935133312781 9.3991131782868127 11.212989424333218
decision_type=2 2 2 2 2 2 2 2 2 2
left_child=1 5 6 -3 -5 -1 7 -2 -7 -8
right_child=2 3 -4 4 -6 8 9 -9 -10 -11
leaf_value=-0.043600253663616508 0.022376385738619886 0.0059801082379817849 -0.0014727371785468791 -0.020720229044037808 -0.0025554894066850409 -0.024198693410414765 0.040465000219034944 0.0049244846104233636 -0.02156530263649703 0.029056690209204296
leaf_weight=40 68 39 51 35 276 151 32 64 41 103
leaf_count=40 68 39 51 35 276 151 32 64 41 103
internal_value=-0.000666667 -0.00781787 0.0124214 -0.00285714 -0.00426045 -0.0153017 0.0148876 0.0113636 -0.0135417 0.0183333
internal_weight=900 582 318 350 311 232 267 132 192 135
internal_count=900 582 318 350 311 232 267 132 192 135
is_linear=0
shrinkage=0.05


Tree=18
num_leaves=11
num_cat=0
split_feature=1 1 1 0 1 1 0 1 0 1
split_gain=31.8161 8.89188 3.85557 2.09236 4.69776 1.40552 2.63177 0.884003 1.64168 0.412121
threshold=10.805774828184962 9.5954967151092578 13.48018396462353 9.3991131782868127 9.9928523611543643 11.365733463780318 10.668935133312781 8.7981927452269186 8.7746622879656915 12.176833416863479
decision_type=2 2 2 2 2 2 2 2 2 2
left_child=1 7 5 -3 -5 6 -2 -1 -9 -7
right_child=2 3 -4 4 -6 9 -8 8 -10 -11
leaf_value=-0.041420240980435709 0.02263156629639651 0.020243918817985221 -0.0013991003196195174 -0.016611826009726906 -0.0012036453535804626 0.022383291576960531 0.0046782603799021775 -0.021899942253093309 -0.029270673102390534 0.045576885908559107
leaf_weight=40 69 31 51 82 301 102 66 30 98 30
leaf_count=40 69 31 51 82 301 102 66 30 98 30
internal_value=-0.000611111 -0.00756014 0.0121069 -0.00362319 -0.00463446 0.0145131 0.0109259 -0.0172619 -0.0152344 0.0181818
internal_weight=900 582 318 414 383 267 135 168 128 132
internal_count=900 582 318 414 383 267 135 168 128 132
is_linear=0
shrinkage=0.05


Tree=19
num_leaves=12
num_cat=0
split_feature=1 1 0 1 0 1 0 1 0 0 1
split_gain=29.6867 6.77426 4.23338 5.64688 3.23333 2.817 1.61055 1.25577 2.07999 0.895337 0.307765
threshold=10.589529408888778 9.8241519212437112 11.181689072737642 13.48018396462353 9.6191342863258935 10.86995751660697 10.222724900736052 9.1124275589090917 9.3114256730629226 12.240465536140013 11.911902706359887
decision_type=2 2 2 2 2 2 2 2 2 2 2
left_child=1 7 3 5 -3 -2 -6 -1 -9 10 -4
right_child=2 4 9 -5 6 -7 -8 8 -10 -11 -12
leaf_value=-0.039349228931413904 0.0018286138181128565 0.0062914192013371565 0.016580745340344861 -0.025123133952344823 -0.0046282699452425023 0.020394461083864581 -0.014410370169585462 -0.011474708781983445 -0.022326457035624747 0.84729061953697882 0.03122163990262088
leaf_weight=72 109 38 52 31 198 134 32 98 62 30 44
leaf_count=72 109 38 52 31 198 134 32 98 62 30 44
internal_value=-0.000277778 -0.0084 0.009875 0.00638686 -0.00298507 0.00895062 -0.00521739 -0.0146552 -0.0121875 0.0174603 0.0151042
internal_weight=900 500 400 274 268 243 230 232 160 126 96
internal_count=900 500 400 274 268 243 230 232 160 126 96
is_linear=0
shrinkage=0.05


Tree=20
num_leaves=12
num_cat=0
split_feature=1 1 0 1 0 1 1 0 0 0 1
split_gain=24.827 4.60613 7.78974 4.04808 3.54838 3.96584 2.84146 6.06421 1.81688 1.20471 0.78936
threshold=10.276073524479004 10.805774828184962 10.044518453124704 9.5954967151092578 9.8981949752941336 10.091956692573406 12.5679606106247 11.823607826274388 10.46244296165923 10.533989873667783 8.7981927452269186
decision_type=2 2 2 2 2 2 2 2 2 2 2
left_child=3 2 -2 10 5 -5 9 -8 -4 -3 -1
right_child=1 6 8 4 -6 -7 7 -9 -10 -11 -12
leaf_value=-0.03738176748484321 0.034942154184209963 0.061696698057209037 -0.00066005991376671957 -0.0090730611982014608 -0.024732924101751763 0.0090394537600156262 -0.010612954656460971 0.80492608856012993 -0.0098009777892956521 0.016464613727947698 -0.0254940954023299
leaf_weight=40 30 30 125 150 39 39 33 30 31 225 128
leaf_count=40 30 30 125 150 39 39 33 30 31 225 128
internal_value=-0.00111111 0.00625 0 -0.0104798 -0.00614035 -0.00330688 0.00990566 0.000396825 -0.00448718 0.0122549 -0.016369
internal_weight=900 504 186 396 228 189 318 63 156 255 168
internal_count=900 504 186 396 228 189 318 63 156 255 168
is_linear=0
shrinkage=0.05


Tree=21
num_leaves=12
num_cat=0
split_feature=1 1 0 1 1 0 1 0 1 0 1
split_gain=21.2956 4.45873 3.47826 3.83365 3.30586 5.90839 4.01695 4.26898 1.85404 0.978916 0.793651
threshold=10.355094948706308 9.5954967151092578 9.9364462608543764 10.091956692573406 10.814402054591868 10.194462602001481 12.5679606106247 11.823607826274388 10.617405752493772 10.563283458403037 9.1124275589090917
decision_type=2 2 2 2 2 2 2 2 2 2 2
left_child=1 10 3 -3 5 -2 9 -8 -7 -6 -1
right_child=4 2 -4 -5 6 8 7 -9 -10 -11 -12
leaf_value=-0.035512679110601034 0.02739506064302355 -0.009017794619582898 -0.019746088946677932 0.0067741839063534042 0.058611863154348548 -0.011382085034279843 -0.010082306923637941 0.76467978413212345 -0.00013004669057199437 0.015641383041550317 -0.020434040081256023
leaf_weight=72 50 152 46 54 32 44 33 30 74 217 96
leaf_count=72 50 152 46 54 32 44 33 30 74 217 96
internal_value=-0.000944444 -0.00916667 -0.00496032 -0.00218447 0.00625 0.000595238 0.00929487 -0.00198413 -0.00550847 0.0121486 -0.0154762
internal_weight=900 420 252 206 480 168 312 63 118 249 168
internal_count=900 420 252 206 480 168 312 63 118 249 168
is_linear=0
shrinkage=0.05


Tree=22
num_leaves=12
num_cat=0
split_feature=1 1 0 1 1 1 0 0 0 1 0
split_gain=20.6834 4.20992 3.47826 3.83365 2.73901 4.80388 4.10113 3.24675 1.01383 0.917163 2.9938
threshold=10.355094948706308 9.5954967151092578 9.9364462608543764 10.091956692573406 12.5679606106247 10.86995751660697 10.194462602001481 11.823607826274388 10.668935133312781 9.1124275589090917 8.9575401180745917
decision_type=2 2 2 2 2 2 2 2 2 2 2
left_child=1 9 3 -3 5 6 -2 -6 -7 -1 -11
right_child=4 2 -4 -5 7 8 -8 -9 -10 10 -12
leaf_value=-0.03373704515507097 0.026025307610872385 -0.0085669048886037654 -0.018758784499344074 0.0064354747110357382 -0.0095781915774560758 0.030628302997106838 -0.0034504852597464723 0.72644579492551731 0.01655245809225292 0.00015218527120417492 -0.025104026577151207
leaf_weight=72 50 152 46 54 33 44 139 30 184 31 65
leaf_count=72 50 152 46 54 33 44 139 30 184 31 65
internal_value=-0.000944444 -0.00904762 -0.00496032 -0.00218447 0.00614583 0.00761391 0.00171958 -0.00357143 0.0125 -0.0151786 -0.0119792
internal_weight=900 420 252 206 480 417 189 63 228 168 96
internal_count=900 420 252 206 480 417 189 63 228 168 96
is_linear=0
shrinkage=0.05


Tree=23
num_leaves=12
num_cat=0
split_feature=1 1 0 1 0 1 1 0 1 1 0
split_gain=17.8704 4.47914 5.58013 4.23732 3.24675 2.82908 2.07816 1.84531 4.20007 1.53779 1.30089
threshold=9.9928523611543643 10.814402054591868 9.7548832197563797 12.5679606106247 11.823607826274388 10.130903642931491 9.1124275589090917 9.3114256730629226 9.4487729941745062 9.8172501964341325 10.578736105497979
decision_type=2 2 2 2 2 2 2 2 2 2 2
left_child=6 2 -2 10 -5 -4 -1 8 -8 -9 -3
right_child=1 3 5 4 -6 -7 7 9 -10 -11 -12
leaf_value=-0.032050192897317413 0.021239105949259686 0.046455047087643475 -0.01696997015021795 -0.0090992819985832984 0.69012350517924137 -0.00095167844311330187 -0.019489473767867829 -0.020417159732992476 0.018591058178354426 -0.012298458396470702 0.013991565311569688
leaf_weight=72 30 37 31 33 30 247 68 58 32 50 212
leaf_count=72 30 37 31 33 30 247 68 58 32 50 212
internal_value=-0.000944444 0.00379032 -0.000487013 0.00801282 -0.00357143 -0.00269784 -0.0114286 -0.00889423 -0.004 -0.0134259 0.0109438
internal_weight=900 620 308 312 63 278 280 208 100 108 249
internal_count=900 620 308 312 63 278 280 208 100 108 249
is_linear=0
shrinkage=0.05


Tree=24
num_leaves=12
num_cat=0
split_feature=1 1 0 1 0 1 1 0 1 1 0
split_gain=16.8965 3.99852 5.40269 4.17208 3.24675 2.9805 1.79562 1.86514 1.78556 1.03879 0.301119
threshold=9.9928523611543643 10.86995751660697 9.7548832197563797 12.5679606106247 11.823607826274388 10.130903642931491 9.1124275589090917 8.9575401180745917 9.4279185392176164 11.365733463780318 8.5034827670977879
decision_type=2 2 2 2 2 2 2 2 2 2 2
left_child=6 2 -2 9 -5 -4 10 -8 -9 -3 -1
right_child=1 3 5 4 -6 -7 7 8 -10 -11 -12
leaf_value=-0.023387250818369499 0.020177150651796705 0.0065239639996940383 -0.016121471642707077 -0.0086443178986541202 0.65561732992027943 -0.00056700504284679099 0.001119049696037333 -0.036941507435552627 -0.010039774986897365 0.021484192263931147 -0.037617502130625362
leaf_weight=41 30 108 31 33 30 268 31 31 146 120 31
leaf_count=41 30 108 31 33 30 268 31 31 146 120 31
internal_value=-0.00105556 0.00354839 -0.000227964 0.00781787 -0.00357143 -0.00225753 -0.01125 -0.00889423 -0.0108757 0.0109649 -0.0180556
internal_weight=900 620 329 291 63 299 280 208 177 228 72
internal_count=900 620 329 291 63 299 280 208 177 228 72
is_linear=0
shrinkage=0.05


Tree=25
num_leaves=12
num_cat=0
split_feature=1 1 0 1 1 0 1 0 1 1 0
split_gain=16.9817 3.01898 4.0618 3.92411 3.48636 3.24675 2.13899 1.61809 2.0768 1.05307 0.301119
threshold=10.091956692573406 10.86995751660697 9.8981949752941336 12.5679606106247 10.308853250708365 11.823607826274388 9.1124275589090917 8.9575401180745917 9.4279185392176164 11.365733463780318 8.5034827670977879
decision_type=2 2 2 2 2 2 2 2 2 2 2
left_child=6 2 -2 9 -4 -5 10 -8 -9 -3 -1
right_child=1 3 4 5 -6 -7 7 8 -10 -11 -12
leaf_value=-0.022217888277450994 0.016233390339071185 0.0061977657997093431 -0.020646184526163847 -0.0082121020037214439 0.0002336270711020383 0.62283646342426546 0.0010630972112354975 -0.035094432063775029 -0.0088450039121793275 0.02040998265073455 -0.03573662702409406
leaf_weight=41 48 108 42 33 199 30 31 31 186 120 31
leaf_count=41 48 108 42 33 199 30 31 31 186 120 31
internal_value=-0.00122222 0.00387931 0.000259516 0.00747423 -0.00238589 -0.00357143 -0.0104688 -0.00826613 -0.00979263 0.0105263 -0.0180556
internal_weight=900 580 289 291 241 63 320 248 217 228 72
internal_count=900 580 289 291 241 63 320 248 217 228 72
is_linear=0
shrinkage=0.05


Tree=26
num_leaves=12
num_cat=0
split_feature=1 1 0 1 0 1 1 0 1 0 1
split_gain=15.5646 3.35465 5.50217 3.56309 3.24675 2.47579 1.69165 1.88572 3.9236 1.68848 1.2797
threshold=10.005945156121726 10.814402054591868 9.7668388612942412 12.5679606106247 11.823607826274388 10.13976236607504 9.1124275589090917 9.3114256730629226 9.4487729941745062 10.578736105497979 9.8172501964341325
decision_type=2 2 2 2 2 2 2 2 2 2 2
left_child=6 2 -2 9 -5 -4 -1 8 -8 -3 -9
right_child=1 3 5 4 -6 -7 7 10 -10 -11 -12
leaf_value=-0.028167426297660472 0.019496213546192999 0.044148963631848483 -0.014871454877138791 -0.0078014969035353765 0.59169464025305218 -0.0010404465485641446 -0.016088719592971489 -0.018452062801388981 0.018605744214390495 0.011201480065892166 -0.010739296531693344
leaf_weight=72 30 37 32 33 30 242 68 58 32 212 54
leaf_count=72 30 37 32 33 30 242 68 58 32 212 54
internal_value=-0.00105556 0.00340909 -0.000328947 0.00705128 -0.00357143 -0.00255474 -0.0107394 -0.00849057 -0.0035 0.00973896 -0.0129464
internal_weight=900 616 304 312 63 274 284 212 100 249 112
internal_count=900 616 304 312 63 274 284 212 100 249 112
is_linear=0
shrinkage=0.05


Tree=27
num_leaves=12
num_cat=0
split_feature=1 1 0 1 1 0 0 1 0 1 1
split_gain=14.6094 3.25016 4.57206 3.75223 3.68774 3.31261 1.67161 1.64289 3.03782 1.30178 1.08167
threshold=10.091956692573406 10.969441639968219 9.9364462608543764 10.308853250708365 12.5679606106247 11.476914663669287 10.745456712750522 9.5954967151092578 9.3991131782868127 9.8241519212437112 10.18239625033382
decision_type=2 2 2 2 2 2 2 2 2 2 2
left_child=7 2 10 -4 6 -6 -3 -1 -9 -10 -2
right_child=1 4 3 -5 5 -7 -8 8 9 -11 -12
leaf_value=-0.018054999670005546 0.0028604554317369414 0.056891414960294644 -0.020063261537471757 -0.00049831381683134173 -0.014038433357491886 0.55818639673527259 0.012479372436037917 0.01515429256443781 -0.012393101133260665 -0.0089021664594201248 0.032504194121486842
leaf_weight=168 31 31 32 224 32 31 167 30 38 84 32
leaf_count=168 31 31 32 224 32 31 167 30 38 84 32
internal_value=-0.00111111 0.00362069 0.00023511 -0.00273438 0.00775862 -0.00277778 0.0111111 -0.0096875 -0.00592105 -0.00942623 0.0123016
internal_weight=900 580 319 256 261 63 198 320 152 122 63
internal_count=900 580 319 256 261 63 198 320 152 122 63
is_linear=0
shrinkage=0.05


Tree=28
num_leaves=12
num_cat=0
split_feature=1 1 0 1 1 0 1 0 0 1 1
split_gain=12.8966 2.82972 2.92958 4.44467 2.15066 5.1717 6.97757 3.24675 1.19581 4.28922 0.258065
threshold=10.535138560110344 9.8241519212437112 10.058467803093372 10.26304710771605 12.5679606106247 10.274616938041044 11.050683426668732 11.823607826274388 9.3114256730629226 9.4487729941745062 9.6925670696841504
decision_type=2 2 2 2 2 2 2 2 2 2 2
left_child=1 8 3 -3 5 -2 -7 -6 9 -1 -10
right_child=4 2 -4 -5 7 6 -8 -9 10 -11 -12
leaf_value=-0.01906436605362867 0.048323241843730852 -0.0057801513155745889 -0.0074478656776387105 0.020996105742137686 -0.019963522988750617 -0.0021427322301049933 0.018009615035607808 0.53420058840363593 -0.02562612684338781 0.01168273613579851 -0.0067829280555705479
leaf_weight=140 34 160 53 31 33 147 180 30 31 30 31
leaf_count=140 34 160 53 31 33 147 180 30 31 30 31
internal_value=-0.00138889 -0.00703782 -0.00327869 -0.00039267 0.00495283 0.00644044 0.0045107 -0.00357143 -0.0109914 -0.00882353 -0.0169355
internal_weight=900 476 244 191 424 361 327 63 232 170 62
internal_count=900 476 244 191 424 361 327 63 232 170 62
is_linear=0
shrinkage=0.05


Tree=29
num_leaves=11
num_cat=0
split_feature=1 1 0 1 1 0 1 0 0 1
split_gain=11.3001 3.19003 2.77603 2.3074 2.13391 3.52267 5.909 3.24675 1.66667 2.25617
threshold=10.589529408888778 9.6734312003885297 10.222724900736052 10.355094948706308 12.5679606106247 10.355536436541504 11.050683426668732 11.823607826274388 9.270805013676922 9.4110605529763145
decision_type=2 2 2 2 2 2 2 2 2 2
left_child=1 8 3 -3 5 -2 -7 -6 9 -1
right_child=4 2 -4 -5 7 6 -8 -9 -10 -11
leaf_value=-0.019557513490463752 0.05874978180015758 -0.0037892466877682998 -0.012666892700198674 0.015182480785567788 -0.018965346839313127 -0.0015209307138672745 0.017109134283827432 0.50749055898345419 -0.027600240811032517 0.00053329661961685202
leaf_weight=127 33 228 32 48 33 124 180 30 32 33
leaf_count=127 33 228 32 48 33 124 180 30 32 33
internal_value=-0.00138889 -0.0064 -0.00324675 -0.00163043 0.004875 0.00645401 0.00476974 -0.00357143 -0.0114583 -0.009375
internal_weight=900 500 308 276 400 337 304 63 192 160
internal_count=900 500 308 276 400 337 304 63 192 160
is_linear=0
shrinkage=0.05


Tree=30
num_leaves=12
num_cat=0
split_feature=1 1 0 1 0 0 0 1 0 1 1
split_gain=10.7801 3.1477 5.61656 2.92022 2.82828 2.75334 1.27252 1.25702 1.80889 2.75521 0.974962
threshold=9.9928523611543643 11.025966832818666 9.7548832197563797 12.5679606106247 11.823607826274388 10.520903024347058 10.829802331935772 9.1339494767543368 9.3114256730629226 9.4487729941745062 9.8241519212437112
decision_type=2 2 2 2 2 2 2 2 2 2 2
left_child=7 2 -2 6 -5 -4 -3 -1 9 -9 -10
right_child=1 3 5 4 -6 -7 -8 8 10 -11 -12
leaf_value=-0.022373030708245169 0.019150915544742599 0.059516736195531467 -0.0003405757286885525 -0.018017079497347498 0.48211603103428136 -0.0084917670131886783 0.010193594474319579 -0.012952709905370076 -0.01396539129509824 0.01713717304353941 -0.0092787534819705805
leaf_weight=76 30 32 279 33 30 62 154 64 62 32 46
leaf_count=76 30 32 279 33 30 62 154 64 62 32 46
internal_value=-0.0015 0.00217742 -0.00074124 0.0065261 -0.00277778 -0.00256598 0.00967742 -0.00964286 -0.00759804 -0.00260417 -0.012037
internal_weight=900 620 371 249 63 341 186 280 204 96 108
internal_count=900 620 371 249 63 341 186 280 204 96 108
is_linear=0
shrinkage=0.05


Tree=31
num_leaves=12
num_cat=0
split_feature=1 1 0 1 0 0 0 1 0 1 0
split_gain=10.8413 3.14855 3.41923 3.60423 1.66667 1.54779 2.07844 3.25888 2.01667 1.50533 0.543254
threshold=10.535138560110344 9.6734312003885297 10.058467803093372 10.26304710771605 9.270805013676922 11.181689072737642 10.305630723705255 11.050683426668732 10.143020680763604 9.1339494767543368 11.385702516727351
decision_type=2 2 2 2 2 2 2 2 2 2 2
left_child=1 4 3 -3 9 6 8 -8 -2 -1 -7
right_child=5 2 -4 -5 -6 10 7 -9 -10 -11 -12
leaf_value=-0.021254379172832929 0.0058791272225760423 -0.003986893407790593 -0.0067484635126540127 0.019204205202186932 -0.025521959205725954 0.01026594218590633 -0.0020434323826256317 0.016764389321184937 0.035415077543735234 -0.0064679860077691224 0.018178931789045817
leaf_weight=76 30 200 53 31 32 30 141 97 30 84 96
leaf_count=76 30 200 53 31 32 30 141 97 30 84 96
internal_value=-0.00133333 -0.00651261 -0.00316901 -0.000541126 -0.0114583 0.00448113 0.00251678 0.000420168 0.0108333 -0.009375 0.00912698
internal_weight=900 476 284 231 192 424 298 238 60 160 126
internal_count=900 476 284 231 192 424 298 238 60 160 126
is_linear=0
shrinkage=0.05


Tree=32
num_leaves=11
num_cat=0
split_feature=1 1 0 1 1 0 0 1 0 1
split_gain=9.522 3.24016 2.90684 2.14264 1.8298 3.24675 3.18028 5.01381 1.75104 1.30829
threshold=10.589529408888778 9.6734312003885297 10.222724900736052 10.355094948706308 12.5679606106247 11.823607826274388 10.355536436541504 11.282623873002796 9.270805013676922 9.1339494767543368
decision_type=2 2 2 2 2 2 2 2 2 2
left_child=1 8 3 -3 6 -6 -2 -8 9 -1
right_child=4 2 -4 -5 5 -7 7 -9 -10 -11
leaf_value=-0.0201916602141913 0.055931493115715464 -0.0033083585889718938 -0.011914347659622938 0.014665542022971012 -0.017410181883608902 0.45710128289311514 -0.00047245889124329925 0.014723961261793317 -0.024245861245439662 -0.0061445867073806953
leaf_weight=76 33 228 32 48 33 30 169 135 32 84
leaf_count=76 33 228 32 48 33 30 169 135 32 84
internal_value=-0.0015 -0.0061 -0.00292208 -0.00126812 0.00425 -0.00357143 0.00571217 0.00411184 -0.0111979 -0.0090625
internal_weight=900 500 308 276 400 63 337 304 192 160
internal_count=900 500 308 276 400 63 337 304 192 160
is_linear=0
shrinkage=0.05


Tree=33
num_leaves=12
num_cat=0
split_feature=1 1 0 0 1 1 0 0 1 1 1
split_gain=9.26183 2.65432 3.44652 1.92604 1.70058 1.40605 1.05053 2.35819 4.06283 1.7719 0.592549
threshold=10.598348567382677 9.6734312003885297 10.236124055628354 9.270805013676922 10.355094948706308 9.4110605529763145 11.181689072737642 10.482396985629245 11.050683426668732 10.991898033168477 11.911902706359887
decision_type=2 2 2 2 2 2 2 2 2 2 2
left_child=1 3 4 5 -3 -1 7 9 -9 -2 -8
right_child=6 2 -4 -5 -6 -7 10 8 -10 -11 -12
leaf_value=-0.015388684311177148 0.021210452089909994 -0.0031429406595232749 -0.010225004254302929 -0.023033568183167666 0.013602575087127457 0.00028040177221653199 0.0058253433317589035 -0.0052487428563380515 0.015873123792148069 -0.0014467992161252498 0.033164362596828936
leaf_weight=127 70 228 32 32 52 33 52 80 90 30 74
leaf_count=127 70 228 32 32 52 33 52 80 90 30 74
internal_value=-0.00155556 -0.00605159 -0.00320513 -0.0106771 -0.00142857 -0.0084375 0.00416667 0.00240741 -0.00117647 0.0085 0.00793651
internal_weight=900 504 312 192 280 160 396 270 170 100 126
internal_count=900 504 312 192 280 160 396 270 170 100 126
is_linear=0
shrinkage=0.05


Tree=34
num_leaves=12
num_cat=0
split_feature=1 1 0 1 0 1 0 1 1 0 1
split_gain=8.02415 3.28282 2.70715 2.65351 1.92604 1.40605 1.65311 0.99481 0.931086 3.19279 2.86883
threshold=9.6734312003885297 10.733131626921997 10.254472595839626 10.432913863556029 9.270805013676922 9.4110605529763145 8.900632308775231 10.617405752493772 12.5679606106247 10.466060903663616 22.613422017826036
decision_type=2 2 2 2 2 2 2 2 2 2 2
left_child=4 2 3 -2 5 6 -1 -4 9 -3 -10
right_child=1 8 7 -5 -6 -7 -8 -9 10 -11 -12
leaf_value=-0.0077839538308523528 -0.0028618927211755186 0.053438811996528252 -0.011461446666077003 0.021656236798326581 -0.021881889774009268 0.0002663816836056654 -0.028264036052432218 -0.0040651000832906629 -0.035851247307812799 0.003651890953702175 0.43258800061861785
leaf_weight=94 250 36 30 43 32 33 33 37 33 249 30
leaf_count=94 250 36 30 43 32 33 33 37 33 249 30
internal_value=-0.00161111 0.000847458 -0.0025 -0.000426621 -0.0106771 -0.0084375 -0.0108268 -0.0115672 0.00431034 0.00552632 -0.00119048
internal_weight=900 708 360 293 192 160 127 67 348 285 63
internal_count=900 708 360 293 192 160 127 67 348 285 63
is_linear=0
shrinkage=0.05


Tree=35
num_leaves=10
num_cat=0
split_feature=1 0 0 1 1 1 0 0 1
split_gain=8.02415 2.74588 1.92604 1.73078 2.73509 1.40605 1.65311 0.528671 1.82183
threshold=9.6734312003885297 11.181689072737642 9.270805013676922 13.48018396462353 11.325207889436662 9.4110605529763145 8.900632308775231 11.385702516727351 11.971723008633633
decision_type=2 2 2 2 2 2 2 2 2
left_child=2 3 5 4 -2 6 -1 -3 -9
right_child=1 7 -4 -5 -6 -7 -8 8 -10
leaf_value=-0.0073947561393097327 -0.00047582009910382975 0.0085425852992482738 -0.020787795285308788 -0.02478625274175519 0.02444366645343541 0.00025306259942539102 -0.026850834249810607 -0.0030838405636920644 0.032910919942563857
leaf_weight=94 516 30 32 31 35 33 33 33 63
leaf_count=94 516 30 32 31 35 33 33 33 63
internal_value=-0.00161111 0.000847458 -0.0106771 -0.000601375 4.53721e-05 -0.0084375 -0.0108268 0.00753968 0.00572917
internal_weight=900 708 192 582 551 160 127 126 96
internal_count=900 708 192 582 551 160 127 126 96
is_linear=0
shrinkage=0.05


Tree=36
num_leaves=12
num_cat=0
split_feature=1 1 0 0 1 1 1 0 1 0 0
split_gain=7.47458 2.27973 2.77885 2.01667 1.79623 1.3975 1.3121 1.79107 0.956738 3.52286 2.43867
threshold=9.6734312003885297 10.733131626921997 9.716151045007555 9.270805013676922 10.130903642931491 9.9138511793428439 9.4110605529763145 8.900632308775231 12.5679606106247 10.466060903663616 11.823607826274388
decision_type=2 2 2 2 2 2 2 2 2 2 2
left_child=3 2 5 6 -4 -2 7 -1 9 -3 -10
right_child=1 8 4 -5 -6 -7 -8 -9 10 -11 -12
leaf_value=-0.0070250183323442798 0.00018957477580756611 0.050790662401656972 -0.013044211475163348 -0.019748405521043379 -0.0027044485444426948 0.010423982604670279 0.00024040946945413921 -0.0255082925373201 -0.023546940104667426 0.0030421671410547193 0.40931305459055878
leaf_weight=94 66 36 48 32 212 34 33 33 33 249 30
leaf_count=94 66 36 48 32 212 34 33 33 33 249 30
internal_value=-0.00166667 0.000706215 -0.00208333 -0.0104167 -0.00480769 0.005 -0.008125 -0.0104331 0.00359195 0.00482456 -0.00198413
internal_weight=900 708 360 192 260 100 160 127 348 285 63
internal_count=900 708 360 192 260 100 160 127 348 285 63
is_linear=0
shrinkage=0.05


Tree=37
num_leaves=12
num_cat=0
split_feature=1 1 0 0 0 1 1 0 0 1 0
split_gain=6.67361 2.51895 3.32309 2.78028 1.38322 2.58158 1.15238 2.07792 1.96 0.770562 0.052838
threshold=9.6309447056181963 11.050683426668732 10.612021542469313 9.453477823191184 8.9134852968171625 9.0531652691750857 12.5679606106247 11.823607826274388 10.876066283126571 9.4279185392176164 8.4794977981032229
decision_type=2 2 2 2 2 2 2 2 2 2 2
left_child=4 2 3 -2 5 10 8 -8 -3 -6 -1
right_child=1 6 -4 -5 9 -7 7 -9 -10 -11 -12
leaf_value=-0.013907689788846779 0.016222880351312786 0.054621734774867738 -0.012266806946618348 -0.00065908417170250648 -0.023622574031669875 0.0078061070527372326 -0.022369593099434051 0.38884740186103084 0.0071282389202140806 -0.0073966428422983293 -0.0234495503149613
leaf_weight=38 34 30 32 411 35 31 33 30 150 46 30
leaf_count=38 34 30 32 411 35 31 33 30 150 46 30
internal_value=-0.00166667 0.000486111 -0.00162474 -0.000505618 -0.0102778 -0.00631313 0.00462963 -0.00119048 0.00666667 -0.0151235 -0.0117647
internal_weight=900 720 477 445 180 99 243 63 180 81 68
internal_count=900 720 477 445 180 99 243 63 180 81 68
is_linear=0
shrinkage=0.05


Tree=38
num_leaves=11
num_cat=0
split_feature=1 1 0 0 0 1 0 1 0 0
split_gain=6.41778 2.85952 2.24693 1.77984 1.44 1.40167 1.83451 0.734344 2.1127 1.79448
threshold=9.6309447056181963 10.86995751660697 9.453477823191184 10.466060903663616 9.2284359249358658 9.3814656249451538 8.8618351044227754 12.5679606106247 11.139343371768875 10.668935133312781
decision_type=2 2 2 2 2 2 2 2 2 2
left_child=4 2 -2 -4 5 6 -1 9 -9 -3
right_child=1 7 3 -5 -6 -7 -8 8 -10 -11
leaf_value=-0.0062327921310695094 0.01541173633374715 0.020835850266628198 -0.0020306468641749123 -0.0095759216356587021 -0.018405602774779428 0.00038935351848805593 -0.018560467699471152 -0.022324565611169779 0.3333335405265242 0.0067718269742034209
leaf_weight=87 34 44 348 47 30 30 33 30 33 184
leaf_count=87 34 44 348 47 30 30 33 30 33 184
internal_value=-0.00155556 0.000555556 -0.00203963 -0.00310127 -0.01 -0.008 -0.0104167 0.00438144 -0.000396825 0.00570175
internal_weight=900 720 429 395 180 150 120 291 63 228
internal_count=900 720 429 395 180 150 120 291 63 228
is_linear=0
shrinkage=0.05


Tree=39
num_leaves=12
num_cat=0
split_feature=1 0 1 0 1 0 1 1 0 1 1
split_gain=6.26941 1.36947 1.48447 3.46429 0.975891 1.6539 3.52083 1.37215 0.967407 0.574993 0.380319
threshold=10.016264544142343 11.181689072737642 13.48018396462353 9.7852095956712137 9.1339494767543368 9.3114256730629226 9.4487729941745062 9.806802127193345 8.544459646603654 11.911902706359887 12.492816525174019
decision_type=2 2 2 2 2 2 2 2 2 2 2
left_child=4 2 3 -2 8 6 -6 -7 -1 -3 -11
right_child=1 9 -4 -5 5 7 -8 -9 -10 10 -12
leaf_value=-0.010787180356547311 0.019766370953195625 0.0040772407007498403 -0.020134885163903871 -0.00045540652063076338 -0.0058771959291039179 -0.01209285192626397 0.017209294717075396 -0.006815445497015649 -0.022566242563440576 0.015868673136557467 0.31476117115291491
leaf_weight=43 34 52 31 421 64 54 32 62 33 39 35
leaf_count=43 34 52 31 421 64 54 32 62 33 39 35
internal_value=-0.00155556 0.00130719 0.000102881 0.000824176 -0.00763889 -0.00589623 -0.00104167 -0.00991379 -0.0125 0.00595238 0.00878378
internal_weight=900 612 486 455 288 212 96 116 76 126 74
internal_count=900 612 486 455 288 212 96 116 76 126 74
is_linear=0
shrinkage=0.05


Tree=40
num_leaves=12
num_cat=0
split_feature=1 1 0 1 0 1 1 0 0 1 0
split_gain=6.28616 1.84485 2.37266 3.06434 1.5345 2.84841 1.24878 3.63265 2.13993 0.938826 0.113983
threshold=9.6734312003885297 10.733131626921997 10.274616938041044 10.500635691509851 8.9134852968171625 9.0531652691750857 12.492816525174019 10.466060903663616 11.851798776580701 9.4279185392176164 8.4794977981032229
decision_type=2 2 2 2 2 2 2 2 2 2 2
left_child=4 2 3 -2 5 10 7 -3 -8 -6 -1
right_child=1 6 -4 -5 9 -7 8 -9 -10 -11 -12
leaf_value=-0.012361306675023621 -0.0020064365748206025 0.047265061302859436 -0.0081261960812803128 0.022611653128917376 -0.021219562148657636 0.008021301103109035 -0.020201593072416115 0.001896572672547947 0.31700279481071619 -0.0080602316091852536 -0.020837121064487762
leaf_weight=38 272 36 58 30 35 31 34 246 32 58 30
leaf_count=38 272 36 58 30 35 31 34 246 32 58 30
internal_value=-0.00161111 0.000564972 -0.00194444 -0.000165563 -0.00963542 -0.00530303 0.00316092 0.00460993 -0.0030303 -0.0142473 -0.0110294
internal_weight=900 708 360 302 192 99 348 282 66 93 68
internal_count=900 708 360 302 192 99 348 282 66 93 68
is_linear=0
shrinkage=0.05


Tree=41
num_leaves=11
num_cat=0
split_feature=1 0 1 0 0 1 1 0 0 1
split_gain=5.39331 1.76976 1.73758 3.79885 2.1343 1.0983 1.0346 4.05691 2.13993 0.933689
threshold=9.5954967151092578 8.8309550169357482 10.617405752493772 10.222724900736052 9.3991131782868127 9.3406112561386081 12.492816525174019 10.392239737239377 11.851798776580701 8.7306757513917592
decision_type=2 2 2 2 2 2 2 2 2 2
left_child=1 9 3 4 -2 -3 7 -4 -8 -1
right_child=2 5 6 -5 -6 -7 8 -9 -10 -11
leaf_value=-0.023806887657800771 0.01846889742896991 -0.016140021943103645 0.041124489768428862 -0.0091496662025056363 -0.0023360166789839986 -0.0076572200287259758 -0.019191513418795304 0.0010759076165078874 0.30115265507018041 0.00014886134915714777
leaf_weight=32 31 32 33 38 271 54 34 293 32 50
leaf_count=32 31 32 33 38 271 54 34 293 32 50
internal_value=-0.00144444 -0.00952381 0.000409836 -0.00220588 -0.000331126 -0.0145349 0.00267857 0.00383436 -0.0030303 -0.00426829
internal_weight=900 168 732 340 302 86 392 326 66 82
internal_count=900 168 732 340 302 86 392 326 66 82
is_linear=0
shrinkage=0.05


Tree=42
num_leaves=12
num_cat=0
split_feature=1 1 0 1 0 1 1 0 1 0 0
split_gain=4.91272 1.64302 2.67094 1.8762 1.59721 2.14406 1.3975 1.26721 1.13555 2.54281 2.13993
threshold=9.6734312003885297 10.733131626921997 9.716151045007555 10.130903642931491 9.1707201890308259 9.2992583934684507 9.9138511793428439 8.8163443535885069 12.492816525174019 10.466060903663616 11.851798776580701
decision_type=2 2 2 2 2 2 2 2 2 2 2
left_child=4 2 6 -4 5 7 -2 -1 9 -3 -10
right_child=1 8 3 -5 -6 -7 -8 -9 10 -11 -12
leaf_value=-0.0050893285429659766 0.00020690750524674507 0.043846798303093064 -0.012364164823325653 -0.0023560107095371933 -0.014320496267096328 0.0018573039071319464 0.0099306195525162635 -0.015212271578412118 -0.018231937747855566 0.0017479486580951331 0.28609502231667144
leaf_weight=75 66 36 48 212 51 33 34 33 34 246 32
leaf_count=75 66 36 48 212 51 33 34 33 34 246 32
internal_value=-0.0015 0.000423729 -0.00194444 -0.00461538 -0.00859375 -0.00585106 0.005 -0.00925926 0.00287356 0.00425532 -0.0030303
internal_weight=900 708 360 260 192 141 100 108 348 282 66
internal_count=900 708 360 260 192 141 100 108 348 282 66
is_linear=0
shrinkage=0.05


Tree=43
num_leaves=12
num_cat=0
split_feature=1 1 0 1 1 1 0 0 0 1 0
split_gain=4.63307 1.64302 2.58364 2.60031 1.55844 1.13555 2.54281 2.13993 1.09796 0.55179 1.02647
threshold=9.6734312003885297 10.733131626921997 10.222724900736052 10.432913863556029 10.598348567382677 12.492816525174019 10.466060903663616 11.851798776580701 8.6783877781990579 9.4279185392176164 8.900632308775231
decision_type=2 2 2 2 2 2 2 2 2 2 2
left_child=8 2 3 -2 -4 6 -3 -7 -1 10 -10
right_child=1 5 4 -5 -6 7 -8 -9 9 -11 -12
leaf_value=-0.0024121839434000148 -0.0019176708507440132 0.041654458387938402 -0.0079203157547531166 0.022847525117499726 -0.0028127946176712548 -0.017320340860462746 0.0016605512251903322 0.27179027120083782 -0.0044059922124458865 -0.0065411610124922253 -0.018935187213075546
leaf_weight=58 249 36 35 34 42 34 246 32 38 59 37
leaf_count=58 249 36 35 34 42 34 246 32 38 59 37
internal_value=-0.00144444 0.000423729 -0.00194444 0.000265018 -0.0100649 0.00287356 0.00425532 -0.0030303 -0.00833333 -0.0108209 -0.0136667
internal_weight=900 708 360 283 77 348 282 66 192 134 75
internal_count=900 708 360 283 77 348 282 66 192 134 75
is_linear=0
shrinkage=0.05


Tree=44
num_leaves=11
num_cat=0
split_feature=1 1 0 0 1 0 0 0 1 0
split_gain=3.30995 1.37256 2.43582 1.61876 1.57638 1.78482 1.68459 1.17808 1.95314 1.08281
threshold=9.5954967151092578 10.86995751660697 9.3991131782868127 10.466060903663616 12.492816525174019 11.851798776580701 10.618298742141112 9.1660937671517413 9.2814148077949579 8.8163443535885069
decision_type=2 2 2 2 2 2 2 2 2 2
left_child=7 2 -2 -4 6 -6 -3 8 9 -1
right_child=1 4 3 -5 5 -7 -8 -9 -10 -11
leaf_value=-0.0063394492514779362 0.018588535421500831 0.026918671655959382 -0.00131597850898455 -0.0093934042364613116 -0.016454323817439588 0.25820075764079586 0.0060692777774995045 -0.018093583229037157 0.00082488820975239467 -0.013997295381374642
leaf_weight=74 31 32 363 47 34 32 193 33 31 30
leaf_count=74 31 32 363 47 34 32 193 33 31 30
internal_value=-0.00111111 0.00034153 -0.00141723 -0.00243902 0.00300687 -0.00378788 0.005 -0.00744048 -0.00537037 -0.00865385
internal_weight=900 732 441 410 291 66 225 168 135 104
internal_count=900 732 441 410 291 66 225 168 135 104
is_linear=0
shrinkage=0.05


Tree=45
num_leaves=11
num_cat=0
split_feature=1 0 1 0 1 0 1 1 0 1
split_gain=3.87452 1.48255 1.95094 1.30455 1.21842 2.70976 2.61888 2.27242 2.43611 2.06869
threshold=9.7872305594691991 9.3114256730629226 9.4279185392176164 8.900632308775231 11.442341017405113 9.6191342863258935 10.054805566420169 12.492816525174019 11.31137607645544 22.613422017826036
decision_type=2 2 2 2 2 2 2 2 2 2
left_child=1 2 3 -1 5 -2 -7 8 -6 -9
right_child=4 -3 -4 -5 7 6 -8 9 -10 -11
leaf_value=-0.0032022387727659307 0.0064362552601147094 -0.01182516156154363 0.0044025861130381205 -0.017288563083353026 0.032737508664606008 -0.012794544529327202 -0.00090783539687908652 -0.026116819196918196 0.0069298687592300292 0.26528822113204703
leaf_weight=95 51 52 36 37 32 35 423 36 73 30
leaf_count=95 51 52 36 37 32 35 423 36 73 30
internal_value=-0.00127778 -0.00704545 -0.0047619 -0.00757576 0.000588235 -0.000638507 -0.0018559 0.00423977 0.00880952 -0.0030303
internal_weight=900 220 168 132 680 509 458 171 105 66
internal_count=900 220 168 132 680 509 458 171 105 66
is_linear=0
shrinkage=0.05


Tree=46
num_leaves=11
num_cat=0
split_feature=1 0 1 0 1 0 1 1 0 0
split_gain=3.29441 1.43383 2.80851 1.09091 0.870066 4.37291 2.41751 1.5624 2.48237 1.78482
threshold=9.6734312003885297 9.1707201890308259 9.2992583934684507 8.8163443535885069 11.050683426668732 10.612021542469313 10.749478700461237 12.492816525174019 10.876066283126571 11.851798776580701
decision_type=2 2 2 2 2 2 2 2 2 2
left_child=1 2 3 -1 5 6 -2 8 -6 -9
right_child=4 -3 -4 -5 7 -7 -8 9 -10 -11
leaf_value=-0.0041374781039833055 -0.001753480502826399 -0.01340012534862467 0.0021083719332914085 -0.012198939450643653 0.050997705885797551 -0.011059641404826605 0.0072987256415911533 -0.023767984769367215 0.0043171947075049564 0.23835858853673644
leaf_weight=75 369 51 33 33 30 32 64 34 147 32
leaf_count=75 369 51 33 33 30 32 64 34 147 32
internal_value=-0.00122222 -0.00703125 -0.00443262 -0.00833333 0.000353107 -0.000913978 0.000404157 0.00277778 0.00522599 -0.00378788
internal_weight=900 192 141 108 708 465 433 243 177 66
internal_count=900 192 141 108 708 465 433 243 177 66
is_linear=0
shrinkage=0.05


Tree=47
num_leaves=12
num_cat=0
split_feature=1 0 1 0 0 1 0 1 1 0 0
split_gain=3.06614 1.16085 2.44873 1.43915 1.11008 0.870066 3.64413 2.1046 1.5624 2.48237 1.78482
threshold=9.6734312003885297 9.1707201890308259 9.1339494767543368 8.9936823967505628 8.544459646603654 11.050683426668732 10.596068802892349 10.749478700461237 12.492816525174019 10.876066283126571 11.851798776580701
decision_type=2 2 2 2 2 2 2 2 2 2 2
left_child=1 2 4 -4 -1 6 7 -2 9 -7 -10
right_child=5 -3 3 -5 -6 8 -8 -9 10 -11 -12
leaf_value=-0.0073803776913490722 -0.0013914601331176169 -0.012730119081193437 0.0081025270825111125 -0.0032523339530007079 -0.018043174363758487 0.04844782059150763 -0.0091537656496616833 0.0088703792920155067 -0.022579585530898828 0.0041013349721296779 0.22644065910989963
leaf_weight=43 368 51 31 34 33 30 35 62 34 147 32
leaf_count=43 368 51 31 34 33 30 35 62 34 147 32
internal_value=-0.00116667 -0.00677083 -0.00443262 0.00269231 -0.0105263 0.000353107 -0.000913978 0.000348837 0.00277778 0.00522599 -0.00378788
internal_weight=900 192 141 65 76 708 465 430 243 177 66
internal_count=900 192 141 65 76 708 465 430 243 177 66
is_linear=0
shrinkage=0.05


Tree=48
num_leaves=10
num_cat=0
split_feature=1 1 0 1 1 0 0 0 0
split_gain=1.98959 1.35652 3.57729 3.8673 1.5624 2.48237 1.78482 0.862849 0.703901
threshold=9.1124275589090917 11.050683426668732 10.482396985629245 10.691937045333111 12.492816525174019 10.876066283126571 11.851798776580701 8.5034827670977879 10.612021542469313
decision_type=2 2 2 2 2 2 2 2 2
left_child=7 2 3 -2 5 -3 -6 -1 -4
right_child=1 4 8 -5 6 -7 -8 -9 -10
leaf_value=-0.0070113588067815874 -0.0017539526278978813 0.046025429561932278 -0.0018850473274861558 0.018951473210473413 -0.021450606254353889 0.0038962682235231584 0.21511862615440461 -0.018342634387132239 -0.010048971052102118
leaf_weight=41 459 30 49 45 34 147 32 31 32
leaf_count=41 459 30 49 45 34 147 32 31 32
internal_value=-0.00105556 -0.000362319 -0.00166667 -9.92063e-05 0.00277778 0.00522599 -0.00378788 -0.00902778 -0.0114198
internal_weight=900 828 585 504 243 177 66 72 81
internal_count=900 828 585 504 243 177 66 72 81
is_linear=0
shrinkage=0.05


Tree=49
num_leaves=9
num_cat=0
split_feature=1 0 1 0 1 0 1 0
split_gain=1.90027 2.35433 1.69966 2.12358 1.22265 2.59052 4.04829 1.48
threshold=11.050683426668732 10.612021542469313 10.75726768310196 10.274616938041044 12.492816525174019 10.876066283126571 11.393392300511438 11.851798776580701
decision_type=2 2 2 2 2 2 2 2
left_child=1 2 3 -1 5 -2 -7 -6
right_child=4 -3 -4 -5 7 6 -8 -9
leaf_value=-0.0018228158908625504 0.043724158083835632 -0.0095465224994970132 0.0073774990540564469 -0.0050067509238777234 -0.020378075941636233 -0.0089175495796035339 0.0089761328212616398 0.20436269484668446
leaf_weight=496 30 32 59 70 34 38 109 32
leaf_count=496 30 32 59 70 34 38 109 32
internal_value=-0.001 -0.00239726 -0.00172 -0.00256184 0.00277778 0.0049435 0.00221088 -0.0030303
internal_weight=900 657 625 566 243 177 147 66
internal_count=900 657 625 566 243 177 147 66
is_linear=0
shrinkage=0.05


Tree=50
num_leaves=9
num_cat=0
split_feature=1 0 1 0 1 0 1 0
split_gain=1.80474 1.75694 2.28936 2.88975 1.02133 2.06589 3.82644 1.48
threshold=10.895888439845868 10.497911503814018 10.673592228955352 10.274616938041044 12.492816525174019 10.703965949669227 11.393392300511438 11.851798776580701
decision_type=2 2 2 2 2 2 2 2
left_child=1 2 3 -1 5 -2 -7 -6
right_child=4 -3 -4 -5 7 6 -8 -9
leaf_value=-0.0018884453351238229 0.018605637551255549 -0.0097917141975799819 0.0084887001326523059 -0.0097223812258129712 -0.019359172144554428 -0.0068627168782672502 0.010219334382947309 0.1941445601043503
leaf_weight=491 50 40 49 32 34 61 111 32
leaf_count=491 50 40 49 32 34 61 111 32
internal_value=-0.000833333 -0.00236928 -0.00166084 -0.00262906 0.00243056 0.00405405 0.00145349 -0.0030303
internal_weight=900 612 572 523 288 222 172 66
internal_count=900 612 572 523 288 222 172 66
is_linear=0
shrinkage=0.05


Tree=51
num_leaves=10
num_cat=0
split_feature=1 0 1 0 0 1 0 1 0
split_gain=2.05439 2.35433 1.5545 2.31123 1.58391 1.31081 2.48237 2.83572 1.48
threshold=11.050683426668732 10.612021542469313 10.733131626921997 10.274616938041044 10.440410263625987 12.492816525174019 10.876066283126571 11.393392300511438 11.851798776580701
decision_type=2 2 2 2 2 2 2 2 2
left_child=1 2 3 -1 -4 6 -2 -8 -7
right_child=5 -3 4 -5 -6 8 7 -9 -10
leaf_value=-0.0017017858215308214 0.041244377162819174 -0.0088146257444187814 0.032850377223225723 -0.0062893860750942391 -0.0001447212611219051 -0.018391213537326711 -0.0081285362567100183 0.0080163594610511701 0.18443733209913271
leaf_weight=494 30 32 31 58 42 34 38 109 32
leaf_count=494 30 32 31 58 42 34 38 109 32
internal_value=-0.000944444 -0.00239726 -0.00172 -0.00262681 0.00513699 0.00298354 0.00522599 0.00255102 -0.0030303
internal_weight=900 657 625 552 73 243 177 147 66
internal_count=900 657 625 552 73 243 177 147 66
is_linear=0
shrinkage=0.05


Tree=52
num_leaves=9
num_cat=0
split_feature=1 1 0 1 1 0 1 0
split_gain=1.68348 1.08857 3.14281 3.00554 1.30744 1.53466 1.41869 1.06373
threshold=9.1124275589090917 11.245630250460133 10.69963882685561 10.904773906244204 12.492816525174019 11.065939682454012 22.613422017826036 8.5034827670977879
decision_type=2 2 2 2 2 2 2 2
left_child=7 2 3 -2 5 -3 -6 -1
right_child=1 4 -4 -5 6 -7 -8 -9
leaf_value=-0.0063901385140665568 -0.0009659994929591243 0.02252027612746197 -0.015265656446372233 0.017614612402662377 -0.025213687460583056 0.0040250166575448885 0.18888068703288427 -0.017154850315399716
leaf_weight=41 541 31 37 43 36 110 30 31
leaf_count=41 541 31 37 43 36 110 30 31
internal_value=-0.001 -0.000362319 -0.00140902 -0.000513699 0.00277778 0.00549645 -0.0030303 -0.00833333
internal_weight=900 828 621 584 207 141 66 72
internal_count=900 828 621 584 207 141 66 72
is_linear=0
shrinkage=0.05


Tree=53
num_leaves=9
num_cat=0
split_feature=1 0 1 0 1 0 1 1
split_gain=1.45806 1.93511 2.63211 1.98596 1.39793 1.61787 1.41869 0.921527
threshold=11.325207889436662 10.803161695663514 10.969441639968219 10.408355984752628 12.492816525174019 11.283879121727763 22.613422017826036 11.911902706359887
decision_type=2 2 2 2 2 2 2 2
left_child=1 2 3 -1 5 -2 -6 -7
right_child=4 -3 -4 -5 6 7 -8 -9
leaf_value=-0.00080406763971017101 0.017644490139346925 -0.015347220163574704 0.025542963147709499 -0.0043971871613004863 -0.023953003087553881 -0.0052387406188181274 0.17943665268124001 0.011928651082977826
leaf_weight=538 47 32 37 101 36 40 30 39
leaf_count=538 47 32 37 101 36 40 30 39
internal_value=-0.001 -0.00204802 -0.00147929 -0.00223005 0.00286458 0.00595238 -0.0030303 0.00158228
internal_weight=900 708 676 639 192 126 66 79
internal_count=900 708 676 639 192 126 66 79
is_linear=0
shrinkage=0.05


Tree=54
num_leaves=8
num_cat=0
split_feature=1 0 1 0 1 0 1
split_gain=1.44108 1.6458 2.32278 0.816761 1.75574 1.36018 0.611358
threshold=9.5841985265916545 8.8742593749672771 8.9955915817589034 9.3528098565115716 9.7872305594691991 9.6191342863258935 9.4279185392176164
decision_type=2 2 2 2 2 2 2
left_child=1 2 -1 -2 -5 -6 -3
right_child=3 6 -4 4 5 -7 -8
leaf_value=-0.014531862030036313 0.0078912129705901446 -0.013843399669824931 0.0075656250900165041 -0.0099744685065249264 0.0045812913965033617 -0.00038448980035212801 -0.0068146616482141383
leaf_weight=60 32 40 33 36 48 620 31
leaf_count=60 32 40 33 36 48 620 31
internal_value=-0.000944444 -0.00518293 -0.000806452 0 -0.000355114 0.000224551 -0.0109155
internal_weight=900 164 93 736 704 668 71
internal_count=900 164 93 736 704 668 71
is_linear=0
shrinkage=0.05


Tree=55
num_leaves=6
num_cat=0
split_feature=1 0 1 0 0
split_gain=1.40292 1.03954 2.8147 1.79539 0.802529
threshold=9.1124275589090917 8.9134852968171625 9.4370385922423186 9.3114256730629226 8.5034827670977879
decision_type=2 2 2 2 2
left_child=4 -2 -3 -4 -1
right_child=1 2 3 -5 -6
leaf_value=-0.0053038351048758873 0.0077659728142888797 -0.011730463709698748 0.0080272288638713277 -0.00047493578082558052 -0.015530311316142421
leaf_weight=41 33 37 38 720 31
leaf_count=41 33 37 38 720 31
internal_value=-0.000944444 -0.000362319 -0.00072327 -6.59631e-05 -0.00763889
internal_weight=900 828 795 758 72
internal_count=900 828 795 758 72
is_linear=0
shrinkage=0.05


Tree=56
num_leaves=8
num_cat=0
split_feature=1 0 1 0 1 0 0
split_gain=1.40029 1.67448 1.68339 1.32721 2.7828 2.28055 1.20132
threshold=10.016264544142343 9.5925256069359559 9.7872305594691991 9.7403326179258709 10.130903642931491 9.9364462608543764 9.3528098565115716
decision_type=2 2 2 2 2 2 2
left_child=1 2 6 -2 -5 -6 -1
right_child=3 -3 -4 4 5 -7 -8
leaf_value=-0.001443941237698443 0.013376571792888826 -0.012964850439924859 0.0035616744606587151 -0.0094063142430883765 0.010038779239569707 -0.00035690174988367573 -0.0094615457999641002
leaf_weight=180 36 30 39 30 47 499 39
leaf_count=180 36 30 39 30 47 499 39
internal_value=-0.000944444 -0.00381944 -0.00251938 0.000408497 -0.000173611 0.000641026 -0.00422374
internal_weight=900 288 258 612 576 546 219
internal_count=900 288 258 612 576 546 219
is_linear=0
shrinkage=0.05


Tree=57
num_leaves=8
num_cat=0
split_feature=1 0 1 0 1 0 0
split_gain=1.39354 1.72689 1.6159 1.28105 1.72308 2.28055 1.27126
threshold=10.016264544142343 9.5925256069359559 9.7872305594691991 9.7403326179258709 10.130903642931491 9.9364462608543764 9.3528098565115716
decision_type=2 2 2 2 2 2 2
left_child=1 2 6 -2 -5 -6 -1
right_child=3 -3 -4 4 5 -7 -8
leaf_value=-0.0013717441758135608 0.012707743203244349 -0.012316607917928614 0.0033835907376257527 -0.0089359985309339415 0.0095368402775911857 -0.00033905666238949196 -0.0089884685099659301
leaf_weight=180 36 30 39 30 47 499 39
leaf_count=180 36 30 39 30 47 499 39
internal_value=-0.000777778 -0.00364583 -0.00232558 0.000571895 0 0.000641026 -0.00399543
internal_weight=900 288 258 612 576 546 219
internal_count=900 288 258 612 576 546 219
is_linear=0
shrinkage=0.05


Tree=58
num_leaves=8
num_cat=0
split_feature=1 0 1 0 1 0 0
split_gain=1.39354 1.72689 1.6159 1.28105 1.72308 2.28055 1.27126
threshold=10.016264544142343 9.5925256069359559 9.7872305594691991 9.7403326179258709 10.130903642931491 9.9364462608543764 9.3528098565115716
decision_type=2 2 2 2 2 2 2
left_child=1 2 6 -2 -5 -6 -1
right_child=3 -3 -4 4 5 -7 -8
leaf_value=-0.0013031569670229005 0.012072356043082167 -0.011700777522032225 0.0032144112007444826 -0.0084891986043872606 0.0090599982637116667 -0.00032210382927004848 -0.0085390450844676554
leaf_weight=180 36 30 39 30 47 499 39
leaf_count=180 36 30 39 30 47 499 39
internal_value=-0.000777778 -0.00364583 -0.00232558 0.000571895 0 0.000641026 -0.00399543
internal_weight=900 288 258 612 576 546 219
internal_count=900 288 258 612 576 546 219
is_linear=0
shrinkage=0.05


Tree=59
num_leaves=9
num_cat=0
split_feature=1 0 1 0 0 1 0 0
split_gain=1.52565 3.17117 1.42636 1.34672 1.10777 3.53258 1.96072 0.10947
threshold=10.036088520334436 9.6191342863258935 9.8241519212437112 9.4422663622041405 9.8981949752941336 10.29661818160457 10.274616938041044 9.8075457894478166
decision_type=2 2 2 2 2 2 2 2
left_child=1 2 3 -1 7 -6 -7 -2
right_child=4 -3 -4 -5 5 6 -8 -9
leaf_value=-0.0012479688210895292 0.0092154275856415335 -0.010592027947811201 0.0070981669847068225 -0.0094545466491186229 -0.017477700206589165 0.010275852362004345 -0.00043640815996766059 0.0042124024449305521
leaf_weight=202 48 32 32 30 42 98 376 40
leaf_count=202 48 32 32 30 42 98 376 40
internal_value=-0.000944444 -0.00388514 -0.00208333 -0.00344828 0.000496689 -0.000387597 0.000843882 0.00568182
internal_weight=900 296 264 232 604 516 474 88
internal_count=900 296 264 232 604 516 474 88
is_linear=0
shrinkage=0.05


Tree=60
num_leaves=9
num_cat=0
split_feature=1 0 1 0 1 0 0 0
split_gain=1.15553 1.76723 1.33373 0.802619 1.54295 1.91314 1.04846 0.744394
threshold=9.5841985265916545 9.1209859587677879 9.1124275589090917 9.3528098565115716 11.442341017405113 10.69963882685561 11.283879121727763 8.5034827670977879
decision_type=2 2 2 2 2 2 2 2
left_child=1 2 7 -2 5 -5 -6 -1
right_child=3 -3 -4 4 6 -7 -8 -9
leaf_value=-0.0047703027895509287 0.0075761855550656957 -0.016801229352928538 0.0025418866869483915 -0.00031836324962264406 0.017079448145086263 -0.0053821076669484215 0.0048653012784169117 -0.014485455190254105
leaf_weight=41 32 37 55 470 50 70 114 31
leaf_count=41 32 37 55 470 50 70 114 31
internal_value=-0.000777778 -0.00457317 -0.00177165 6.79348e-05 -0.000284091 -0.00157407 0.00396341 -0.00625
internal_weight=900 164 127 736 704 540 164 72
internal_count=900 164 127 736 704 540 164 72
is_linear=0
shrinkage=0.05


Tree=61
num_leaves=11
num_cat=0
split_feature=1 0 1 0 1 0 0 1 0 1
split_gain=1.15827 1.87815 1.13461 2.41429 0.593748 3.94392 1.63525 1.07475 3.44427 1.41869
threshold=9.6734312003885297 9.2093134596780448 9.3406112561386081 8.8309550169357482 11.156979541616128 10.668935133312781 9.456719402797706 12.492816525174019 10.993060285961972 22.613422017826036
decision_type=2 2 2 2 2 2 2 2 2 2
left_child=1 2 3 -1 5 6 -2 8 -6 -9
right_child=4 -3 -4 -5 7 -7 -8 9 -10 -11
leaf_value=0.0003911861508748782 0.010413210873869261 -0.012154246193282781 0.0035601574881252598 -0.010246163248603991 0.02929335417881376 -0.015365287364706949 -0.00033663010695592636 -0.023387892363152397 0.00033368095580716962 0.17033724978239173
leaf_weight=80 30 43 37 32 33 30 423 36 126 30
leaf_count=80 30 43 37 32 33 30 423 36 126 30
internal_value=-0.000722222 -0.00416667 -0.00151007 -0.00401786 0.000211864 -0.000776398 0.000386313 0.00233333 0.00455975 -0.0030303
internal_weight=900 192 149 112 708 483 453 225 159 66
internal_count=900 192 149 112 708 483 453 225 159 66
is_linear=0
shrinkage=0.05


Tree=62
num_leaves=8
num_cat=0
split_feature=1 0 1 0 0 0 1
split_gain=1.00187 2.88611 3.18182 1.72005 1.52545 1.87315 0.695505
threshold=11.442341017405113 10.928640706406044 11.060728409559269 10.596068802892349 10.843648837222277 11.31137607645544 12.051795894845826
decision_type=2 2 2 2 2 2 2
left_child=1 2 3 -1 -2 -6 -7
right_child=4 -3 -4 -5 5 6 -8
leaf_value=-0.00039261466241167223 -0.027934900983211809 -0.0077915285222811105 0.023185947463865111 -0.0087945932811936082 0.019183434532348411 -0.0043737743762461536 0.022562813326833811
leaf_weight=622 31 36 33 38 32 49 59
leaf_count=622 31 36 33 38 32 49 59
internal_value=-0.000666667 -0.00147462 -0.000757576 -0.00151515 0.00277778 0.005 0.00185185
internal_weight=900 729 693 660 171 140 108
internal_count=900 729 693 660 171 140 108
is_linear=0
shrinkage=0.05


Tree=63
num_leaves=9
num_cat=0
split_feature=1 0 1 0 0 1 0 0
split_gain=0.848838 2.54553 2.25674 1.99002 1.72557 1.97598 1.53074 1.0261
threshold=10.598348567382677 10.194462602001481 10.355094948706308 9.9364462608543764 10.392239737239377 11.124943383049549 10.975672364889133 10.649116237490061
decision_type=2 2 2 2 2 2 2 2
left_child=1 2 3 -1 -2 7 -7 -6
right_child=4 -3 -4 -5 5 6 -8 -9
leaf_value=-0.00045138724934670196 0.019214108566478674 -0.00742425488986882 0.014559326316453892 -0.013234727218736265 -0.0011318483154172832 0.024938879534586178 0.00035025605151686181 -0.0090082974213217433
leaf_weight=374 59 41 43 46 99 43 165 30
leaf_count=374 59 41 43 46 99 43 165 30
internal_value=-0.000722222 -0.00208333 -0.00102592 -0.00214286 0.0010101 -0.00037092 0.00264423 -0.00523256
internal_weight=900 504 463 420 396 337 208 129
internal_count=900 504 463 420 396 337 208 129
is_linear=0
shrinkage=0.05


Tree=64
num_leaves=9
num_cat=0
split_feature=1 0 1 0 0 1 0 0
split_gain=0.972426 1.94459 1.35977 1.5708 1.28105 1.75752 4.46549 1.90507
threshold=10.016264544142343 9.5925256069359559 9.7872305594691991 9.3528098565115716 9.7403326179258709 10.276073524479004 10.044518453124704 9.8981949752941336
decision_type=2 2 2 2 2 2 2 2
left_child=1 2 3 -1 -2 7 -7 -6
right_child=4 -3 -4 -5 5 6 -8 -9
leaf_value=-0.0013853511962214516 0.011082916625062823 -0.010511187485123186 0.0036013677365800412 -0.0084931416592006325 0.00022512076962826201 0.01794887583508924 -0.000177934806899005 -0.017277569409844241
leaf_weight=180 36 30 39 39 50 33 454 39
leaf_count=180 36 30 39 39 50 33 454 39
internal_value=-0.000555556 -0.00295139 -0.00155039 -0.00308219 0.000571895 0 0.0011807 -0.00646067
internal_weight=900 288 258 219 612 576 487 89
internal_count=900 288 258 219 612 576 487 89
is_linear=0
shrinkage=0.05


Tree=65
num_leaves=9
num_cat=0
split_feature=1 0 1 0 1 0 0 0
split_gain=0.904252 3.07477 2.5626 2.28959 4.19381 2.5311 1.66667 1.13942
threshold=10.535138560110344 10.305630723705255 10.691937045333111 10.058467803093372 10.26304710771605 9.8981949752941336 10.143020680763604 10.466060903663616
decision_type=2 2 2 2 2 2 2 2
left_child=3 6 -3 4 5 -1 -2 -4
right_child=1 2 7 -5 -6 -7 -8 -9
leaf_value=-0.00030689929828904284 0.016087257626001251 -0.010299635512432292 0.011380108927195744 -0.0066162436187595652 0.017051432043334813 -0.016413690939352056 0.026347571172179854 -0.00023467871237174977
leaf_weight=357 30 32 35 53 31 35 30 297
leaf_count=357 30 32 35 53 31 35 30 297
internal_value=-0.0005 0.00117925 -0.000549451 -0.0019958 -0.000768322 -0.00216837 0.0116667 0.000753012
internal_weight=900 424 364 476 423 392 60 332
internal_count=900 424 364 476 423 392 60 332
is_linear=0
shrinkage=0.05


Tree=66
num_leaves=9
num_cat=0
split_feature=1 0 1 0 0 1 0 0
split_gain=0.854222 3.11293 1.49525 2.50918 1.48743 1.46811 2.06808 0.946157
threshold=10.589529408888778 10.222724900736052 10.355094948706308 9.9364462608543764 10.355536436541504 11.442341017405113 10.928640706406044 11.283879121727763
decision_type=2 2 2 2 2 2 2 2
left_child=1 2 3 -1 -2 6 -6 -7
right_child=4 -3 -4 -5 5 7 -8 -9
leaf_value=-0.00027161495969600934 0.021967175893113658 -0.0059041988901766375 0.011134451869576579 -0.012053107235075623 -0.00015199695823189254 0.015705484995360664 -0.0073988342227793158 0.00460383771694306
leaf_weight=374 55 32 48 46 160 35 36 114
leaf_count=374 55 32 48 46 160 35 36 114
internal_value=-0.000722222 -0.0021 -0.00106838 -0.00202381 0.001 -0.000217391 -0.00306122 0.00352349
internal_weight=900 500 468 420 400 345 196 149
internal_count=900 500 468 420 400 345 196 149
is_linear=0
shrinkage=0.05


Tree=67
num_leaves=6
num_cat=0
split_feature=1 0 1 0 0
split_gain=0.782609 0.98259 2.37371 1.72893 0.528892
threshold=9.1124275589090917 8.9134852968171625 9.4370385922423186 9.3114256730629226 8.5034827670977879
decision_type=2 2 2 2 2
left_child=4 -2 -3 -4 -1
right_child=1 2 3 -5 -6
leaf_value=-0.004410953589318911 0.0076397544600626871 -0.010349992767751637 0.0084800796616326668 -0.00021211795588262918 -0.013640348369986911
leaf_weight=41 33 37 38 720 31
leaf_count=41 33 37 38 720 31
internal_value=-0.000555556 -0.000120773 -0.000471698 0.000131926 -0.00555556
internal_weight=900 828 795 758 72
internal_count=900 828 795 758 72
is_linear=0
shrinkage=0.05


Tree=68
num_leaves=6
num_cat=0
split_feature=1 0 1 0 0
split_gain=0.800097 0.968604 1.90484 1.72893 0.528892
threshold=9.1124275589090917 8.9134852968171625 9.4370385922423186 9.3114256730629226 8.5034827670977879
decision_type=2 2 2 2 2
left_child=4 -2 -3 -4 -1
right_child=1 2 3 -5 -6
leaf_value=-0.0041904059098529347 0.0072577667370595129 -0.0098324931293640293 0.0080560756785510446 -0.00020151205808849326 -0.01295833095148753
leaf_weight=41 33 37 38 720 31
leaf_count=41 33 37 38 720 31
internal_value=-0.0005 -6.03865e-05 -0.000408805 0.000131926 -0.00555556
internal_weight=900 828 795 758 72
internal_count=900 828 795 758 72
is_linear=0
shrinkage=0.05


Tree=69
num_leaves=9
num_cat=0
split_feature=1 0 1 0 0 1 0 0
split_gain=0.848838 2.05215 2.30164 2.40193 1.61451 1.46811 2.06808 0.946157
threshold=10.598348567382677 10.194462602001481 10.355094948706308 9.9364462608543764 10.355536436541504 11.442341017405113 10.928640706406044 11.283879121727763
decision_type=2 2 2 2 2 2 2 2
left_child=1 2 3 -1 -2 6 -6 -7
right_child=4 -3 -4 -5 5 7 -8 -9
leaf_value=-0.00024926689235162949 0.023242552474765168 -0.0066819334673080995 0.011545303513929817 -0.011429770372623251 -0.0001237156096216996 0.014940892246291249 -0.0070082110109417339 0.0043943273317945232
leaf_weight=374 51 41 43 46 160 35 36 114
leaf_count=374 51 41 43 46 160 35 36 114
internal_value=-0.000722222 -0.00208333 -0.00113391 -0.0022619 0.0010101 -0.000217391 -0.00306122 0.00352349
internal_weight=900 504 463 420 396 345 196 149
internal_count=900 504 463 420 396 345 196 149
is_linear=0
shrinkage=0.05


Tree=70
num_leaves=9
num_cat=0
split_feature=1 0 1 0 0 1 0 0
split_gain=0.90151 2.33425 1.81894 1.31305 1.10777 2.95332 1.87883 0.10947
threshold=10.036088520334436 9.6191342863258935 9.7872305594691991 8.8309550169357482 9.8981949752941336 10.29661818160457 10.305630723705255 9.8075457894478166
decision_type=2 2 2 2 2 2 2 2
left_child=1 2 3 -1 7 -6 -7 -2
right_child=4 -3 -4 -5 5 6 -8 -9
leaf_value=0.0014044845267631612 0.0086655799616985451 -0.0096682545609009466 0.0036151051976609505 -0.0034932251538180473 -0.013367752958256363 0.0070687869189576709 -0.00027506488631847683 0.0041275466058349423
leaf_weight=82 48 32 44 138 42 106 368 40
leaf_count=82 48 32 44 138 42 106 368 40
internal_value=-0.000611111 -0.00287162 -0.00132576 -0.00318182 0.000496689 -0.000387597 0.000738397 0.00568182
internal_weight=900 296 264 220 604 516 474 88
internal_count=900 296 264 220 604 516 474 88
is_linear=0
shrinkage=0.05


Tree=71
num_leaves=9
num_cat=0
split_feature=1 0 1 1 0 1 0 0
split_gain=0.962227 1.7622 1.34338 0.881098 0.760931 1.13269 2.60118 1.19048
threshold=9.5841985265916545 8.8309550169357482 8.8867621520471385 9.3406112561386081 9.3528098565115716 10.016264544142343 9.7668388612942412 9.5925256069359559
decision_type=2 2 2 2 2 2 2 2
left_child=1 2 -1 -3 -2 7 -7 -6
right_child=4 3 -4 -5 5 6 -8 -9
leaf_value=-0.011099078930162865 0.0077295434244280432 -0.0082368079851022468 0.0066587785902192838 -0.0036188559853719496 -0.0012112286843872777 0.013971550135344303 -1.721199084414593e-05 -0.0094401448246065126
leaf_weight=48 32 32 34 50 70 33 571 30
leaf_count=48 32 32 34 50 70 33 571 30
internal_value=-0.0005 -0.00396341 0.00121951 -0.00914634 0.000271739 -7.10227e-05 0.000745033 -0.005
internal_weight=900 164 82 82 736 704 604 100
internal_count=900 164 82 82 736 704 604 100
is_linear=0
shrinkage=0.05


Tree=72
num_leaves=10
num_cat=0
split_feature=1 0 1 0 0 0 1 1 1
split_gain=0.771811 3.01108 1.6744 1.72889 0.931725 0.910072 2.95332 1.78125 0.216327
threshold=10.036088520334436 9.6191342863258935 9.6734312003885297 9.1707201890308259 9.4681051701428398 9.8981949752941336 10.29661818160457 16.335936299087741 10.253777687143556
decision_type=2 2 2 2 2 2 2 2 2
left_child=1 2 3 -1 -4 8 -7 -8 -2
right_child=5 -3 4 -5 -6 6 7 -9 -10
leaf_value=-0.00034955024293070736 0.0049769732718648379 -0.008948407912469581 0.006337450992318772 -0.009502359005946738 9.7990297829753104e-05 -0.012698504710801341 -2.5629139626692778e-05 0.092373832515400128 0.0098098586598134759
leaf_weight=141 58 32 31 51 41 42 440 34 30
leaf_count=141 58 32 31 51 41 42 440 34 30
internal_value=-0.000611111 -0.0027027 -0.00094697 -0.00338542 0.00555556 0.000413907 -0.000387597 0.000738397 0.00511364
internal_weight=900 296 264 192 72 604 516 474 88
internal_count=900 296 264 192 72 604 516 474 88
is_linear=0
shrinkage=0.05


Tree=73
num_leaves=7
num_cat=0
split_feature=1 0 1 1 0 1
split_gain=0.753319 0.868254 0.577222 2.00455 1.33302 1.67576
threshold=9.1339494767543368 8.544459646603654 12.492816525174019 22.613422017826036 8.9936823967505628 9.5841985265916545
decision_type=2 2 2 2 2 2
left_child=1 -1 4 -4 -2 -6
right_child=2 -3 3 -5 5 -7
leaf_value=-0.0034662150374261459 0.0074645594051174768 -0.011513488334937084 -0.028070687612224445 0.15566205996666796 -0.0087244259591856554 0.00011791652628980743
leaf_weight=43 31 33 36 30 57 670
leaf_count=43 31 33 36 30 57 670
internal_value=-0.0005 -0.00526316 -6.06796e-05 -0.00454545 0.000329815 -0.000103164
internal_weight=900 76 824 66 758 727
internal_count=900 76 824 66 758 727
is_linear=0
shrinkage=0.05


Tree=74
num_leaves=7
num_cat=0
split_feature=1 0 1 0 0 0
split_gain=0.641763 0.940931 1.57841 2.10087 0.688445 0.343658
threshold=9.1124275589090917 8.9134852968171625 9.5841985265916545 9.3670777301148043 8.5034827670977879 9.1440845701414304
decision_type=2 2 2 2 2 2
left_child=4 -2 5 -4 -1 -3
right_child=1 2 3 -5 -6 -7
leaf_value=-0.0032929042855548655 0.0070913314348615593 -0.0033216567687619049 0.01303349583747835 -3.9521257284569344e-05 -0.011906406399796144 -0.013488935091320188
leaf_weight=41 33 31 30 701 31 33
leaf_count=41 33 31 30 701 31 33
internal_value=-0.000333333 6.03865e-05 -0.000283019 0.000376197 -0.00486111 -0.0078125
internal_weight=900 828 795 731 72 64
internal_count=900 828 795 731 72 64
is_linear=0
shrinkage=0.05


Tree=75
num_leaves=6
num_cat=0
split_feature=1 0 0 1 0
split_gain=0.753319 0.868254 0.566011 1.39613 1.12129
threshold=9.1339494767543368 8.544459646603654 11.851798776580701 12.62488998720006 9.1209859587677879
decision_type=2 2 2 2 2
left_child=1 -1 3 4 -2
right_child=2 -3 -4 -5 -6
leaf_value=-0.0031282590712771174 0.0055195163269940121 -0.011292380489933241 0.016920484787501345 -0.026665177168748944 -0.00011359085826594395
leaf_weight=43 53 33 48 34 689
leaf_count=43 53 33 48 34 689
internal_value=-0.0005 -0.00526316 -6.06796e-05 -0.000386598 6.73854e-05
internal_weight=900 76 824 776 742
internal_count=900 76 824 776 742
is_linear=0
shrinkage=0.05


Tree=76
num_leaves=9
num_cat=0
split_feature=1 0 1 0 1 0 0 0
split_gain=0.631405 1.68751 2.64327 1.32721 1.67218 1.91501 1.2363 0.410067
threshold=10.016264544142343 9.453477823191184 9.6309447056181963 9.7403326179258709 10.130903642931491 9.9364462608543764 9.1707201890308259 9.5925256069359559
decision_type=2 2 2 2 2 2 2 2
left_child=1 2 6 -2 -5 -6 -1 -3
right_child=3 7 -4 4 5 -7 -8 -9
leaf_value=-0.00036684936360926735 0.0092118959630427717 -0.0028069576657696162 0.018043415398048167 -0.0078410831892870014 0.0080695368965507438 -9.1838182323478185e-05 -0.0073747900367796774 -0.0085189574082895625
leaf_weight=140 36 47 33 30 47 499 38 30
leaf_count=140 36 47 33 30 47 499 38 30
internal_value=-0.0005 -0.00243056 -0.000118483 0.000408497 -0.000173611 0.000457875 -0.00252809 -0.00876623
internal_weight=900 288 211 612 576 546 178 77
internal_count=900 288 211 612 576 546 178 77
is_linear=0
shrinkage=0.05


Tree=77
num_leaves=9
num_cat=0
split_feature=1 0 1 0 0 1 0 0
split_gain=0.690415 3.08172 1.60303 1.49722 1.14342 2.90845 1.77886 0.10947
threshold=10.036088520334436 9.6191342863258935 9.7872305594691991 9.3528098565115716 9.8981949752941336 10.29661818160457 10.274616938041044 9.8075457894478166
decision_type=2 2 2 2 2 2 2 2
left_child=1 2 3 -1 7 -6 -7 -2
right_child=4 -3 -4 -5 5 6 -8 -9
leaf_value=-0.00020222723614282678 0.0080284077853352894 -0.008090226722443505 0.0036699717897458409 -0.0088692125835404308 -0.012261262163653886 0.0076604711448652555 -0.00023922388944139784 0.003271464146127734
leaf_weight=180 48 32 44 40 42 98 376 40
leaf_count=180 48 32 44 40 42 98 376 40
internal_value=-0.000555556 -0.00253378 -0.000757576 -0.0025 0.000413907 -0.000484496 0.000632911 0.00568182
internal_weight=900 296 264 220 604 516 474 88
internal_count=900 296 264 220 604 516 474 88
is_linear=0
shrinkage=0.05


Tree=78
num_leaves=9
num_cat=0
split_feature=1 0 0 1 0 1 0 0
split_gain=0.693362 3.23345 1.72557 1.64519 1.84538 1.47998 1.77041 0.671923
threshold=10.598348567382677 10.194462602001481 10.392239737239377 10.355094948706308 9.8981949752941336 11.050683426668732 10.803161695663514 10.596068802892349
decision_type=2 2 2 2 2 2 2 2
left_child=1 3 -2 4 -1 7 -7 -4
right_child=2 -3 5 -5 -6 6 -8 -9
leaf_value=-0.00013761994420979917 0.016948711128626306 -0.0063136286100520245 -0.00092625833014832188 0.010240069180144929 -0.0093778151993969775 0.035217464279520709 0.0006585750704735994 -0.0085659746071244502
leaf_weight=361 59 41 82 43 59 30 190 35
leaf_count=361 59 41 82 43 59 30 190 35
internal_value=-0.000555556 -0.00178571 0.0010101 -0.000593952 -0.00154762 -0.00037092 0.00204545 -0.00491453
internal_weight=900 504 396 463 420 337 220 117
internal_count=900 504 396 463 420 337 220 117
is_linear=0
shrinkage=0.05


Tree=79
num_leaves=6
num_cat=0
split_feature=1 0 0 1 0
split_gain=0.595386 0.688445 0.66195 1.46844 1.21563
threshold=9.1124275589090917 8.5034827670977879 8.9134852968171625 9.4370385922423186 9.327839182972582
decision_type=2 2 2 2 2
left_child=1 -1 -2 -4 -5
right_child=2 -3 3 4 -6
leaf_value=-0.0029365112905152205 0.0064961238739669191 -0.01071113222811162 -0.0083627628119399052 0.0046431506054990029 -0.00011795428708887279
leaf_weight=41 33 31 37 42 716
leaf_count=41 33 31 37 42 716
internal_value=-0.0005 -0.00486111 -0.000120773 -0.000408805 6.59631e-05
internal_weight=900 72 828 795 758
internal_count=900 72 828 795 758
is_linear=0
shrinkage=0.05


Tree=80
num_leaves=8
num_cat=0
split_feature=1 1 1 0 1 0 1
split_gain=0.505455 2.00455 1.20123 2.10201 2.33766 1.54286 0.904224
threshold=12.492816525174019 22.613422017826036 11.442341017405113 10.928640706406044 11.060728409559269 11.321050100124461 11.911902706359887
decision_type=2 2 2 2 2 2 2
left_child=2 -2 3 4 -1 -4 -7
right_child=1 -3 5 -5 -6 6 -8
leaf_value=-0.0006392016936036083 -0.02635904052735798 0.14702443085624264 0.018817805795925936 -0.006650623315673166 0.019114036603266538 -0.0056415127371321821 0.0081653689763276915
leaf_weight=660 36 30 35 36 33 33 37
leaf_count=660 36 30 35 36 33 33 37
internal_value=-0.000333333 -0.00454545 0 -0.000720165 -0.000108225 0.005 0.000714286
internal_weight=900 66 834 729 693 105 70
internal_count=900 66 834 729 693 105 70
is_linear=0
shrinkage=0.05


Tree=81
num_leaves=6
num_cat=0
split_feature=0 1 1 0 0
split_gain=0.723475 1.64693 1.06309 2.15125 1.65455
threshold=11.781863836125877 13.48018396462353 11.442341017405113 10.928640706406044 11.385702516727351
decision_type=2 2 2 2 2
left_child=1 2 3 -1 -4
right_child=-2 -3 4 -5 -6
leaf_value=8.8856368067879998e-06 0.0075173198079548703 -0.031561885445865377 0.012921580890434825 -0.0063180921498894984 -0.0026938348362582688
leaf_weight=693 54 33 43 36 41
leaf_count=693 54 33 43 36 41
internal_value=-5.55556e-05 -0.000413712 3.07503e-05 -0.00058299 0.00535714
internal_weight=900 846 813 729 84
internal_count=900 846 813 729 84
is_linear=0
shrinkage=0.05


Tree=82
num_leaves=6
num_cat=0
split_feature=0 1 1 0 0
split_gain=0.695106 1.25352 0.828907 3.30437 3.22978
threshold=11.781863836125877 13.48018396462353 11.156979541616128 10.993060285961972 10.668935133312781
decision_type=2 2 2 2 2
left_child=1 2 4 -4 -1
right_child=-2 -3 3 -5 -6
leaf_value=1.7810306452936687e-05 0.0071414538175571529 -0.029983791173572083 0.022800629497270821 -0.00068416955804808668 -0.01315186022484971
leaf_weight=645 54 33 33 105 30
leaf_count=645 54 33 33 105 30
internal_value=5.55556e-05 -0.000295508 9.22509e-05 0.00362319 -0.00062963
internal_weight=900 846 813 138 675
internal_count=900 846 813 138 675
is_linear=0
shrinkage=0.05


Tree=83
num_leaves=6
num_cat=0
split_feature=0 1 1 0 0
split_gain=0.723475 0.861515 0.882937 2.30907 1.86259
threshold=11.781863836125877 13.48018396462353 11.442341017405113 10.69963882685561 11.321050100124461
decision_type=2 2 2 2 2
left_child=1 2 3 -1 -4
right_child=-2 -3 4 -5 -6
leaf_value=6.3773270959366354e-05 0.006784381126679318 -0.028484601614893457 0.017265044939510244 -0.0035064825551256451 -0.0017539589138379165
leaf_weight=659 54 33 35 70 49
leaf_count=659 54 33 35 70 49
internal_value=-5.55556e-05 -0.000413712 -9.22509e-05 -0.000651578 0.0047619
internal_weight=900 846 813 729 84
internal_count=900 846 813 729 84
is_linear=0
shrinkage=0.05


Tree=84
num_leaves=6
num_cat=0
split_feature=0 1 1 0 0
split_gain=0.516438 0.861515 0.679674 2.15125 1.52687
threshold=11.781863836125877 13.48018396462353 11.442341017405113 10.928640706406044 11.321050100124461
decision_type=2 2 2 2 2
left_child=1 2 3 -1 -4
right_child=-2 -3 4 -5 -6
leaf_value=4.3621760958956202e-06 0.006445162070345312 -0.027060371534148777 0.016401792692534747 -0.0057926549367363304 -0.0016662609681460162
leaf_weight=693 54 33 35 36 49
leaf_count=693 54 33 35 36 49
internal_value=-0.000111111 -0.000413712 -9.22509e-05 -0.00058299 0.00416667
internal_weight=900 846 813 729 84
internal_count=900 846 813 729 84
is_linear=0
shrinkage=0.05


Tree=85
num_leaves=6
num_cat=0
split_feature=1 0 1 0 0
split_gain=0.514879 0.594627 1.09826 1.21584 0.481904
threshold=9.1124275589090917 8.9134852968171625 9.4279185392176164 9.327839182972582 8.5034827670977879
decision_type=2 2 2 2 2
left_child=4 -2 -3 -4 -1
right_child=1 2 3 -5 -6
leaf_value=-0.0027624672108249372 0.0061985361954329582 -0.0091363393449197094 0.0020926391253425435 -8.4838057569935909e-05 -0.010148357101541628
leaf_weight=41 33 34 45 716 31
leaf_count=41 33 34 45 716 31
internal_value=-0.000111111 0.000241546 -3.14465e-05 0.000361367 -0.00416667
internal_weight=900 828 795 761 72
internal_count=900 828 795 761 72
is_linear=0
shrinkage=0.05


Tree=86
num_leaves=6
num_cat=0
split_feature=1 0 1 1 0
split_gain=0.654154 0.64138 0.430903 1.24007 1.02668
threshold=9.1339494767543368 8.544459646603654 17.963256614278126 12.260808503831443 9.1209859587677879
decision_type=2 2 2 2 2
left_child=1 -1 3 4 -2
right_child=2 -3 -4 -5 -6
leaf_value=-0.0026243438502836728 0.0049457060816654247 -0.0096409392464645201 0.022754176537219364 -0.031558297817533276 -8.059615469147019e-05
leaf_weight=43 53 33 45 30 696
leaf_count=43 53 33 45 30 696
internal_value=-0.000166667 -0.00460526 0.000242718 -3.20924e-05 0.000367156
internal_weight=900 76 824 779 749
internal_count=900 76 824 779 749
is_linear=0
shrinkage=0.05


Tree=87
num_leaves=6
num_cat=0
split_feature=0 1 1 0 0
split_gain=0.723475 0.861515 0.679674 1.67903 1.52687
threshold=11.781863836125877 13.48018396462353 11.442341017405113 10.928640706406044 11.321050100124461
decision_type=2 2 2 2 2
left_child=1 2 3 -1 -4
right_child=-2 -3 4 -5 -6
leaf_value=-7.9210534426721331e-06 0.0069181182190120706 -0.026840819881423884 0.015589974768521132 -0.0054947504792865589 -0.0015746762091255917
leaf_weight=693 54 33 35 36 49
leaf_count=693 54 33 35 36 49
internal_value=-5.55556e-05 -0.000413712 -9.22509e-05 -0.00058299 0.00416667
internal_weight=900 846 813 729 84
internal_count=900 846 813 729 84
is_linear=0
shrinkage=0.05


Tree=88
num_leaves=6
num_cat=0
split_feature=0 1 1 0 0
split_gain=0.70922 0.874421 0.765978 2.74129 2.41587
threshold=11.781863836125877 13.48018396462353 11.282623873002796 11.121272563301671 10.754371307511422
decision_type=2 2 2 2 2
left_child=1 2 4 -4 -1
right_child=-2 -3 3 -5 -6
leaf_value=2.6434149028808918e-06 0.0065722123080614652 -0.025498778887352726 0.019701897334029897 -0.0015891803561834284 -0.016029181994918939
leaf_weight=670 54 33 33 78 32
leaf_count=670 54 33 33 78 32
internal_value=0 -0.00035461 -3.07503e-05 0.00382883 -0.000641026
internal_weight=900 846 813 111 702
internal_count=900 846 813 111 702
is_linear=0
shrinkage=0.05


Tree=89
num_leaves=6
num_cat=0
split_feature=0 1 1 0 0
split_gain=0.70922 0.874421 0.660186 1.70098 1.52687
threshold=11.781863836125877 13.48018396462353 11.442341017405113 10.928640706406044 11.321050100124461
decision_type=2 2 2 2 2
left_child=1 2 3 -1 -4
right_child=-2 -3 4 -5 -6
leaf_value=1.2679659831160706e-05 0.0062436016926584077 -0.024223839942985048 0.014889935047904325 -0.0053118308388000468 -0.0014164833808600896
leaf_weight=693 54 33 35 36 49
leaf_count=693 54 33 35 36 49
internal_value=0 -0.00035461 -3.07503e-05 -0.000514403 0.00416667
internal_weight=900 846 813 729 84
internal_count=900 846 813 729 84
is_linear=0
shrinkage=0.05


Tree=90
num_leaves=6
num_cat=0
split_feature=0 1 1 0 0
split_gain=0.70922 0.874421 0.660186 1.70098 1.4359
threshold=11.781863836125877 13.48018396462353 11.442341017405113 10.928640706406044 11.31137607645544
decision_type=2 2 2 2 2
left_child=1 2 3 -1 -4
right_child=-2 -3 4 -5 -6
leaf_value=1.2045676839633757e-05 0.0059314216080255111 -0.023012647945835775 0.020576964753331331 -0.0050462392968600783 -0.00084739687435808619
leaf_weight=693 54 33 32 36 52
leaf_count=693 54 33 32 36 52
internal_value=0 -0.00035461 -3.07503e-05 -0.000514403 0.00416667
internal_weight=900 846 813 729 84
internal_count=900 846 813 729 84
is_linear=0
shrinkage=0.05


Tree=91
num_leaves=8
num_cat=0
split_feature=1 0 0 1 0 1 0
split_gain=0.654322 1.74808 1.16922 1.85367 1.669 0.79593 1.51545
threshold=10.016264544142343 9.5925256069359559 9.7403326179258709 10.130903642931491 9.9364462608543764 9.806802127193345 9.3528098565115716
decision_type=2 2 2 2 2 2 2
left_child=1 5 -2 -4 -5 6 -1
right_child=2 -3 3 4 -6 -7 -8
leaf_value=7.9779699134929782e-05 0.01078855823155709 -0.0076412016493169867 -0.0072812634129787671 0.0075497833968528388 5.2198933863767394e-05 0.0022731610845850626 -0.0059791899298964786
leaf_weight=182 36 30 30 47 499 35 41
leaf_count=182 36 30 30 47 499 35 41
internal_value=5.55556e-05 -0.00190972 0.000980392 0.000434028 0.0010989 -0.000581395 -0.00168161
internal_weight=900 288 612 576 546 258 223
internal_count=900 288 612 576 546 258 223
is_linear=0
shrinkage=0.05


Tree=92
num_leaves=9
num_cat=0
split_feature=1 0 1 0 0 1 1 0
split_gain=0.724897 3.29855 1.03712 1.00227 0.905705 2.677 1.61492 0.10947
threshold=10.036088520334436 9.6191342863258935 9.7872305594691991 9.3528098565115716 9.8981949752941336 10.29661818160457 16.335936299087741 9.8075457894478166
decision_type=2 2 2 2 2 2 2 2
left_child=1 2 3 -1 7 -6 -7 -2
right_child=4 -3 -4 -5 5 6 -8 -9
leaf_value=1.7947382890470821e-05 0.0091421428581324182 -0.0072591415668511244 0.0036679707668128003 -0.0080794959054325769 -0.011328942298543776 5.6972204132410556e-05 0.084318333631626441 0.002777698321414768
leaf_weight=180 48 32 44 40 42 440 34 40
leaf_count=180 48 32 44 40 42 440 34 40
internal_value=0 -0.00202703 -0.000189394 -0.00159091 0.000993377 0.000193798 0.00126582 0.00568182
internal_weight=900 296 264 220 604 516 474 88
internal_count=900 296 264 220 604 516 474 88
is_linear=0
shrinkage=0.05


Tree=93
num_leaves=11
num_cat=0
split_feature=1 0 0 1 0 1 0 0 1 0
split_gain=0.62529 2.36456 1.00972 2.38678 2.81643 0.77023 1.3854 1.34858 0.490534 0.227058
threshold=10.091956692573406 9.7343181006708424 9.9364462608543764 10.432913863556029 10.305630723705255 9.6734312003885297 9.4681051701428398 9.2093134596780448 10.29661818160457 9.81774370975638
decision_type=2 2 2 2 2 2 2 2 2 2
left_child=1 5 9 8 -5 7 -7 -1 -4 -2
right_child=2 -3 3 4 -6 6 -8 -9 -10 -11
leaf_value=7.0114739642246349e-05 0.012823048865461395 -0.0067983316555201515 -0.011937561960919397 0.015633691855194167 -0.00016864690688436215 0.0057294274758332266 -0.00012205451093318943 -0.0091643832584473728 -0.0029989189431203658 0.0065432783702996213
leaf_weight=149 37 33 30 65 368 31 64 43 37 43
leaf_count=149 37 33 30 65 368 31 64 43 37 43
internal_value=5.55556e-05 -0.00171875 0.00103448 0.0002 0.00155889 -0.000261324 0.00342105 -0.00208333 -0.00858209 0.00625
internal_weight=900 320 580 500 433 287 95 192 67 80
internal_count=900 320 580 500 433 287 95 192 67 80
is_linear=0
shrinkage=0.05


Tree=94
num_leaves=9
num_cat=0
split_feature=1 0 1 0 0 1 0 0
split_gain=0.698913 2.94221 1.64525 1.68202 1.34632 1.38996 1.62283 1.02434
threshold=10.617405752493772 10.194462602001481 10.355094948706308 9.8981949752941336 10.355536436541504 11.124943383049549 10.993060285961972 10.649116237490061
decision_type=2 2 2 2 2 2 2 2
left_child=1 2 3 -1 -2 7 -7 -6
right_child=4 -3 -4 -5 5 6 -8 -9
leaf_value=4.0290398750020276e-05 0.021386639526987231 -0.0067560018895295396 0.010937738510816742 -0.0077077936179215994 -0.00063743340630706413 0.017203238149501754 0.00053000546655277423 -0.0068483529298211561
leaf_weight=361 48 44 44 59 105 47 162 30
leaf_count=361 48 44 44 59 105 47 162 30
internal_value=-5.55556e-05 -0.00127953 -0.000107759 -0.00107143 0.00153061 0.000436047 0.00299043 -0.00351852
internal_weight=900 508 464 420 392 344 209 135
internal_count=900 508 464 420 392 344 209 135
is_linear=0
shrinkage=0.05


Tree=95
num_leaves=6
num_cat=0
split_feature=0 1 1 0 0
split_gain=0.54093 0.83599 0.7195 1.63556 1.4359
threshold=11.781863836125877 13.48018396462353 11.442341017405113 10.928640706406044 11.31137607645544
decision_type=2 2 2 2 2
left_child=1 2 3 -1 -4
right_child=-2 -3 4 -5 -6
leaf_value=-4.1960632325821483e-05 0.0056113240427409844 -0.026932271738949434 0.019524590030781486 -0.0048174538169003522 -0.0008285535155234669
leaf_weight=693 54 33 32 36 52
leaf_count=693 54 33 32 36 52
internal_value=-0.000222222 -0.000531915 -0.000215252 -0.000720165 0.00416667
internal_weight=900 846 813 729 84
internal_count=900 846 813 729 84
is_linear=0
shrinkage=0.05


Tree=96
num_leaves=6
num_cat=0
split_feature=1 1 1 0 0
split_gain=0.538947 1.0956 0.586847 2.00924 1.5585
threshold=17.963256614278126 12.260808503831443 11.638689495316962 11.590724816102318 11.077028888132398
decision_type=2 2 2 2 2
left_child=1 2 4 -4 -1
right_child=-2 -3 3 -5 -6
leaf_value=-3.9649769081639979e-05 0.021872342432802141 -0.028964863893000504 0.018870803586005638 -0.0057675051880406343 -0.0082606007690458234
leaf_weight=724 45 30 33 30 38
leaf_count=724 45 30 33 30 38
internal_value=-0.000333333 -0.000614035 -0.000272727 0.00436508 -0.000656168
internal_weight=900 855 825 63 762
internal_count=900 855 825 63 762
is_linear=0
shrinkage=0.05


Tree=97
num_leaves=6
num_cat=0
split_feature=0 1 1 0 0
split_gain=0.737872 0.848704 0.905452 1.63556 1.39181
threshold=11.781863836125877 13.48018396462353 11.442341017405113 10.928640706406044 11.385702516727351
decision_type=2 2 2 2 2
left_child=1 2 3 -1 -4
right_child=-2 -3 4 -5 -6
leaf_value=-3.7880112255450632e-05 0.0064753693122986183 -0.024858334524917591 0.0064374816581358914 -0.0045745986376012574 -0.0017679886205093532
leaf_weight=693 54 33 43 36 41
leaf_count=693 54 33 43 36 41
internal_value=-0.000111111 -0.000472813 -0.000153752 -0.000720165 0.0047619
internal_weight=900 846 813 729 84
internal_count=900 846 813 729 84
is_linear=0
shrinkage=0.05


Tree=98
num_leaves=6
num_cat=0
split_feature=0 1 1 0 0
split_gain=0.723475 0.563404 0.699445 1.4359 1.30515
threshold=11.781863836125877 13.48018396462353 11.442341017405113 11.31137607645544 10.69963882685561
decision_type=2 2 2 2 2
left_child=1 2 4 -4 -1
right_child=-2 -3 3 -5 -6
leaf_value=2.0040319017855526e-05 0.0061516008466837137 -0.023615417798671691 0.018433992709788783 -0.0005531605167607978 -0.0021146622361680745
leaf_weight=659 54 33 32 52 70
leaf_count=659 54 33 32 52 70
internal_value=-5.55556e-05 -0.000413712 -0.000153752 0.00416667 -0.000651578
internal_weight=900 846 813 84 729
internal_count=900 846 813 84 729
is_linear=0
shrinkage=0.05


Tree=99
num_leaves=5
num_cat=0
split_feature=0 1 1 0
split_gain=0.752411 0.542799 0.699463 2.00756
threshold=11.781863836125877 13.48018396462353 11.638689495316962 11.121272563301671
decision_type=2 2 2 2
left_child=1 2 3 -1
right_child=-2 -3 -4 -5
leaf_value=-3.6775290965662682e-05 0.0058440208043495367 -0.022434646908738112 0.008799004200123672 -0.0083021260679474029
leaf_weight=732 54 33 51 30
leaf_count=732 54 33 51 30
internal_value=-0.000166667 -0.000531915 -0.000276753 -0.000656168
internal_weight=900 846 813 762
internal_count=900 846 813 762
is_linear=0
shrinkage=0.05


Tree=100
num_leaves=9
num_cat=0
split_feature=1 0 0 1 0 1 0 0
split_gain=0.636906 2.94221 1.77757 1.64525 1.68202 1.19312 1.02434 0.964912
threshold=10.617405752493772 10.194462602001481 10.355536436541504 10.355094948706308 9.8981949752941336 11.124943383049549 10.649116237490061 10.975672364889133
decision_type=2 2 2 2 2 2 2 2
left_child=1 3 -2 4 -1 6 -4 -7
right_child=2 -3 5 -5 -6 7 -8 -9
leaf_value=4.5087153092993053e-05 0.022146102232678367 -0.006411390520772553 -0.00059875046171118393 0.01039766285955639 -0.0073155926627450187 0.018284228248271719 -0.0064457564451698701 0.00018644417175872618
leaf_weight=361 48 44 105 44 59 44 30 165
leaf_count=361 48 44 105 44 59 44 30 165
internal_value=-0.000111111 -0.00127953 0.00140306 -0.000107759 -0.00107143 0.000145349 -0.00351852 0.00251196
internal_weight=900 508 392 464 420 344 135 209
internal_count=900 508 392 464 420 344 135 209
is_linear=0
shrinkage=0.05


Tree=101
num_leaves=9
num_cat=0
split_feature=1 0 1 0 0 1 0 0
split_gain=0.636906 2.94221 1.64525 1.68202 1.46376 0.933092 2.16203 0.857215
threshold=10.617405752493772 10.194462602001481 10.355094948706308 9.8981949752941336 10.34697711027709 11.282623873002796 10.754371307511422 11.080972915007267
decision_type=2 2 2 2 2 2 2 2
left_child=1 2 3 -1 -2 6 -6 -7
right_child=4 -3 -4 -5 5 7 -8 -9
leaf_value=4.2832795438307872e-05 0.02103879712104444 -0.0060908209947339031 0.0098777797165785497 -0.0069498130296077321 4.3545456605542659e-05 0.015864619130004875 -0.013957987319326293 0.00024214636247519295
leaf_weight=361 46 44 44 59 138 36 32 140
leaf_count=361 46 44 44 59 138 36 32 140
internal_value=-0.000111111 -0.00127953 -0.000107759 -0.00107143 0.00140306 0.000289017 -0.00235294 0.00284091
internal_weight=900 508 464 420 392 346 170 176
internal_count=900 508 464 420 392 346 170 176
is_linear=0
shrinkage=0.05


Tree=102
num_leaves=9
num_cat=0
split_feature=1 0 1 0 0 1 0 1
split_gain=0.537971 2.43429 2.57267 1.58818 1.24404 2.70264 3.55601 0.520833
threshold=10.213489422934645 9.8075457894478166 10.016264544142343 9.456719402797706 10.058467803093372 10.481261404051905 10.274616938041044 10.29661818160457
decision_type=2 2 2 2 2 2 2 2
left_child=1 2 3 -1 7 -6 -7 -2
right_child=4 -3 -4 -5 5 6 -8 -9
leaf_value=0.00035455772085857262 0.0029030546552394568 -0.011165363573906718 0.0079215573159391543 -0.0047568451274143005 -0.007475125327046684 0.017956452562015456 -8.5958416187992278e-05 0.012437659622636056
leaf_weight=215 30 49 34 70 37 41 374 50
leaf_count=215 30 49 34 70 37 41 374 50
internal_value=0.000111111 -0.0013587 0.00023511 -0.00131579 0.00112782 0.000110619 0.00126506 0.006875
internal_weight=900 368 319 285 532 452 415 80
internal_count=900 368 319 285 532 452 415 80
is_linear=0
shrinkage=0.05


Tree=103
num_leaves=10
num_cat=0
split_feature=1 0 0 1 1 1 0 0 0
split_gain=0.586746 2.39484 1.59338 2.23559 1.60086 1.39539 1.34858 0.436003 0.211314
threshold=10.091956692573406 9.647180352363451 9.9364462608543764 10.29661818160457 16.335936299087741 9.6734312003885297 9.2093134596780448 9.4681051701428398 9.81774370975638
decision_type=2 2 2 2 2 2 2 2 2
left_child=1 5 8 -4 -5 6 -1 -7 -2
right_child=2 -3 3 4 -6 7 -8 -9 -10
leaf_value=4.9281873533502109e-05 0.011786219313307722 -0.0052980223624668815 -0.01002865490011251 -1.9837425052759984e-05 0.09323910858137463 0.0054256289729149648 -0.0087234912246515247 0.00036083122952419445 0.006164070953541146
leaf_weight=149 37 52 30 437 33 31 43 45 43
leaf_count=149 37 52 30 437 33 31 43 45 43
internal_value=0 -0.00171875 0.000948276 -0.0001 0.000744681 0.000186567 -0.00208333 0.00592105 0.0075
internal_weight=900 320 580 500 470 268 192 76 80
internal_count=900 320 580 500 470 268 192 76 80
is_linear=0
shrinkage=0.05


Tree=104
num_leaves=5
num_cat=0
split_feature=1 0 1 0
split_gain=0.527691 1.09739 1.29207 0.658088
threshold=8.7306757513917592 8.7280760425522761 9.3406112561386081 9.327839182972582
decision_type=2 2 2 2
left_child=-1 -2 -3 -4
right_child=1 2 3 -5
leaf_value=-0.016699414009394609 0.01498341237969969 -0.0041276364273487689 0.0017939439569045314 -3.5869278693478892e-06
leaf_weight=32 32 52 68 716
leaf_count=32 32 52 68 716
internal_value=5.55556e-05 0.000288018 -5.98086e-05 0.000446429
internal_weight=900 868 836 784
internal_count=900 868 836 784
is_linear=0
shrinkage=0.05


Tree=105
num_leaves=7
num_cat=0
split_feature=1 0 1 0 0 1
split_gain=0.543478 0.572988 1.41362 1.99143 0.481904 0.0931985
threshold=9.1124275589090917 8.9134852968171625 9.5841985265916545 9.3670777301148043 8.5034827670977879 9.4279185392176164
decision_type=2 2 2 2 2 2
left_child=4 -2 5 -4 -1 -3
right_child=1 2 3 -5 -6 -7
leaf_value=-0.0016873116560928382 0.0058185502041524732 -0.008749581559182663 0.013017422990506768 7.4356215756132828e-06 -0.0091832220480220893 -0.0037485135545744178
leaf_weight=41 33 34 30 701 31 30
leaf_count=41 33 34 30 701 31 30
internal_value=0 0.000362319 9.43396e-05 0.000718194 -0.00416667 -0.00703125
internal_weight=900 828 795 731 72 64
internal_count=900 828 795 731 72 64
is_linear=0
shrinkage=0.05


Tree=106
num_leaves=9
num_cat=0
split_feature=1 0 1 0 0 1 1 0
split_gain=0.573236 2.72 1.11496 1.31055 0.970801 2.09946 1.71374 0.10947
threshold=10.036088520334436 9.6191342863258935 9.806802127193345 9.3528098565115716 9.8981949752941336 10.29661818160457 16.335936299087741 9.8075457894478166
decision_type=2 2 2 2 2 2 2 2
left_child=1 2 3 -1 7 -6 -7 -2
right_child=4 -3 -4 -5 5 6 -8 -9
leaf_value=0.00014411843012336335 0.0082316394137959218 -0.0062202231376220947 0.0037106839711443132 -0.0058646327567108527 -0.0088674765113825327 7.0185945653999941e-06 0.074565087757897386 0.0022102119843496306
leaf_weight=182 48 32 40 42 42 440 34 40
leaf_count=182 48 32 40 42 42 440 34 40
internal_value=-5.55556e-05 -0.00185811 -0.000189394 -0.0015625 0.000827815 0 0.000949367 0.00568182
internal_weight=900 296 264 224 604 516 474 88
internal_count=900 296 264 224 604 516 474 88
is_linear=0
shrinkage=0.05


Tree=107
num_leaves=10
num_cat=0
split_feature=1 0 0 1 1 1 0 0 0
split_gain=0.586746 2.36456 1.30388 1.825 1.51346 0.77023 1.3854 1.34858 0.336651
threshold=10.091956692573406 9.7343181006708424 9.9364462608543764 16.335936299087741 10.29661818160457 9.6734312003885297 9.4681051701428398 9.2093134596780448 9.81774370975638
decision_type=2 2 2 2 2 2 2 2 2
left_child=1 5 8 4 -4 7 -7 -1 -2
right_child=2 -3 3 -5 -6 6 -8 -9 -10
leaf_value=3.1210886441712664e-05 0.010785133942267234 -0.0056444522191378965 -0.0090840407642231117 0.08484870632972559 -1.9388918213802953e-05 0.0049686208910266318 -8.1476966818261332e-05 -0.008106917560802885 0.0057451643719612202
leaf_weight=149 37 33 30 33 437 31 64 43 43
leaf_count=149 37 33 30 33 437 31 64 43 43
internal_value=0 -0.00171875 0.000948276 0 -0.000802998 -0.000261324 0.00342105 -0.00208333 0.006875
internal_weight=900 320 580 500 467 287 95 192 80
internal_count=900 320 580 500 467 287 95 192 80
is_linear=0
shrinkage=0.05


Tree=108
num_leaves=6
num_cat=0
split_feature=1 0 1 0 0
split_gain=0.543478 0.572988 1.22349 1.84554 0.481904
threshold=9.1124275589090917 8.9134852968171625 9.4370385922423186 9.327839182972582 8.5034827670977879
decision_type=2 2 2 2 2
left_child=4 -2 -3 -4 -1
right_child=1 2 3 -5 -6
leaf_value=-0.00161171253911645 0.0055188562281165872 -0.0071019357583105959 0.0048456552779147623 -9.9084588911502181e-06 -0.0087328274114492292
leaf_weight=41 33 37 42 716 31
leaf_count=41 33 37 42 716 31
internal_value=0 0.000362319 9.43396e-05 0.000527704 -0.00416667
internal_weight=900 828 795 758 72
internal_count=900 828 795 758 72
is_linear=0
shrinkage=0.05


Tree=109
num_leaves=6
num_cat=0
split_feature=0 1 1 0 0
split_gain=0.516438 1.22269 0.660186 1.70098 1.15178
threshold=11.781863836125877 13.48018396462353 11.442341017405113 10.928640706406044 11.385702516727351
decision_type=2 2 2 2 2
left_child=1 2 3 -1 -4
right_child=-2 -3 4 -5 -6
leaf_value=8.0872877608939578e-06 0.0055366015339238578 -0.026284388525774905 0.0043994048357033581 -0.004289073536715815 -0.0021070996038602629
leaf_weight=693 54 33 43 36 41
leaf_count=693 54 33 43 36 41
internal_value=-0.000111111 -0.000413712 -3.07503e-05 -0.000514403 0.00416667
internal_weight=900 846 813 729 84
internal_count=900 846 813 729 84
is_linear=0
shrinkage=0.05


Tree=110
num_leaves=5
num_cat=0
split_feature=1 0 1 0
split_gain=0.482222 1.16806 1.52611 0.530502
threshold=8.7306757513917592 8.7280760425522761 9.3406112561386081 9.327839182972582
decision_type=2 2 2 2
left_child=-1 -2 -3 -4
right_child=1 2 3 -5
leaf_value=-0.015708662929380692 0.014390022140258907 -0.0038254397304156918 0.0015751168986731568 -4.5475761325253221e-05
leaf_weight=32 32 52 68 716
leaf_count=32 32 52 68 716
internal_value=-0.000222222 0 -0.000358852 0.000191327
internal_weight=900 868 836 784
internal_count=900 868 836 784
is_linear=0
shrinkage=0.05


Tree=111
num_leaves=6
num_cat=0
split_feature=1 0 1 0 0
split_gain=0.50087 0.605597 1.0826 0.917866 0.481904
threshold=9.1124275589090917 8.9134852968171625 9.4279185392176164 9.327839182972582 8.5034827670977879
decision_type=2 2 2 2 2
left_child=4 -2 -3 -4 -1
right_child=1 2 3 -5 -6
leaf_value=-0.00074609813007961998 0.0054337810388435772 -0.0077749045370034686 0.0021579062105262282 -4.3201973258977237e-05 -0.0081053184187439339
leaf_weight=41 33 34 45 716 31
leaf_count=41 33 34 45 716 31
internal_value=-0.000166667 0.000181159 -9.43396e-05 0.000295664 -0.00416667
internal_weight=900 828 795 761 72
internal_count=900 828 795 761 72
is_linear=0
shrinkage=0.05


Tree=112
num_leaves=6
num_cat=0
split_feature=1 0 0 1 0
split_gain=0.654154 0.64138 0.380583 0.854967 1.17629
threshold=9.1339494767543368 8.544459646603654 9.0074613850098384 9.5841985265916545 9.453477823191184
decision_type=2 2 2 2 2
left_child=1 -1 -2 -4 -5
right_child=2 -3 3 4 -6
leaf_value=-0.00070879322357564334 0.0046906403349034065 -0.0077000524978067201 -0.0068929647543028777 0.0039250993552716112 -2.9734060541564136e-05
leaf_weight=43 40 33 53 52 679
leaf_count=43 40 33 53 52 679
internal_value=-0.000166667 -0.00460526 0.000242718 0 0.000444596
internal_weight=900 76 824 784 731
internal_count=900 76 824 784 731
is_linear=0
shrinkage=0.05


Tree=113
num_leaves=5
num_cat=0
split_feature=1 0 1 0
split_gain=0.491152 1.15375 1.21234 0.530502
threshold=8.7306757513917592 8.7280760425522761 9.3406112561386081 9.327839182972582
decision_type=2 2 2 2
left_child=-1 -2 -3 -4
right_child=1 2 3 -5
leaf_value=-0.014850485215228915 0.013743265600928735 -0.0041403888125822524 0.0018561793255213567 -6.250334681774383e-05
leaf_weight=32 32 52 68 716
leaf_count=32 32 52 68 716
internal_value=-0.000166667 5.76037e-05 -0.000299043 0.000191327
internal_weight=900 868 836 784
internal_count=900 868 836 784
is_linear=0
shrinkage=0.05


Tree=114
num_leaves=5
num_cat=0
split_feature=1 0 1 0
split_gain=0.422936 1.3703 1.21688 0.75079
threshold=8.9955915817589034 8.8742593749672771 9.4279185392176164 9.327839182972582
decision_type=2 2 2 2
left_child=-1 -2 -3 -4
right_child=1 2 3 -5
leaf_value=-0.0074258170645959964 0.0056493899084966159 -0.0070911222924681999 0.0017633703592452755 -5.937817947683222e-05
leaf_weight=60 36 40 48 716
leaf_count=60 36 40 48 716
internal_value=-0.000111111 0.000178571 -0.000248756 0.000196335
internal_weight=900 840 804 764
internal_count=900 840 804 764
is_linear=0
shrinkage=0.05


Tree=115
num_leaves=6
num_cat=0
split_feature=0 1 1 0 0
split_gain=0.344792 1.24638 0.478367 2.55922 1.21868
threshold=12.011117027323602 13.48018396462353 10.895888439845868 10.703965949669227 10.413167080081532
decision_type=2 2 2 2 2
left_child=1 2 4 -4 -1
right_child=-2 -3 3 -5 -6
leaf_value=9.8719601791241732e-05 0.061666601568245043 -0.025155896104205679 0.013120437912638394 -0.00013660318324997258 -0.0047107470354750269
leaf_weight=536 39 33 50 166 76
leaf_count=536 39 33 50 166 76
internal_value=-0.000111111 -0.000319396 6.03865e-05 0.00208333 -0.000653595
internal_weight=900 861 828 216 612
internal_count=900 861 828 216 612
is_linear=0
shrinkage=0.05


Tree=116
num_leaves=6
num_cat=0
split_feature=0 1 1 0 0
split_gain=0.344792 1.24638 0.470741 3.96141 2.59917
threshold=12.011117027323602 13.48018396462353 10.617405752493772 10.384595970942216 10.194462602001481
decision_type=2 2 2 2 2
left_child=1 2 4 -4 -1
right_child=-2 -3 3 -5 -6
leaf_value=0.00011336866214048947 0.058583271489832806 -0.023898101298995389 0.027339166462709043 -3.7938750146082616e-05 -0.0057733943269001392
leaf_weight=464 39 33 31 289 44
leaf_count=464 39 33 31 289 44
internal_value=-0.000111111 -0.000319396 6.03865e-05 0.0015625 -0.000885827
internal_weight=900 861 828 320 508
internal_count=900 861 828 320 508
is_linear=0
shrinkage=0.05


Tree=117
num_leaves=5
num_cat=0
split_feature=1 0 1 0
split_gain=0.573901 1.9624 1.61277 1.62463
threshold=16.335936299087741 11.590724816102318 11.638689495316962 11.121272563301671
decision_type=2 2 2 2
left_child=1 2 3 -1
right_child=-2 -3 -4 -5
leaf_value=6.4347201907022364e-05 0.012762394642022024 -0.012988740472378524 0.01320437100771903 -0.0078842545144919285
leaf_weight=732 48 55 35 30
leaf_count=732 48 55 35 30
internal_value=-0.000111111 -0.000410798 0.000219573 -0.000262467
internal_weight=900 852 797 762
internal_count=900 852 797 762
is_linear=0
shrinkage=0.05


Tree=118
num_leaves=9
num_cat=0
split_feature=1 0 0 1 0 0 1 1
split_gain=0.484914 1.88473 1.34209 1.70793 1.25191 0.400118 1.04689 0.173554
threshold=10.091956692573406 9.7343181006708424 9.9364462608543764 10.29661818160457 10.194462602001481 8.6783877781990579 9.3406112561386081 10.213489422934645
decision_type=2 2 2 2 2 2 2 2
left_child=1 5 7 -4 -5 -1 -7 -2
right_child=2 -3 3 4 -6 6 -8 -9
leaf_value=0.0060053119340232721 0.0025138529919434662 -0.0053639456568452815 -0.0086315547746761648 0.0047704218274041039 -0.00023261616895795534 -0.003911147835645723 0.00027942743706059757 0.012488317400116068
leaf_weight=58 39 33 30 62 408 56 173 41
leaf_count=58 39 33 30 62 408 56 173 41
internal_value=0 -0.0015625 0.000862069 -0.0001 0.000638298 -0.000261324 -0.00120087 0.006875
internal_weight=900 320 580 500 470 287 229 80
internal_count=900 320 580 500 470 287 229 80
is_linear=0
shrinkage=0.05


Tree=119
num_leaves=9
num_cat=0
split_feature=1 0 0 1 0 1 0 0
split_gain=0.4805 2.35224 1.16143 1.00087 1.29058 0.808741 1.17882 1.11037
threshold=10.589529408888778 10.194462602001481 10.34697711027709 10.355094948706308 9.9491811192641553 11.124943383049549 10.649116237490061 10.975672364889133
decision_type=2 2 2 2 2 2 2 2
left_child=1 3 -2 4 -1 6 -4 -7
right_child=2 -3 5 -5 -6 7 -8 -9
leaf_value=-1.3273564381588444e-05 0.014038595166904068 -0.0054763111622025745 -0.00052858839698837205 0.0074554687777137925 -0.0051458496337353672 0.017007274864401945 -0.0060720714605314811 7.9122512798424091e-05
leaf_weight=381 53 38 108 42 39 44 30 165
leaf_count=381 53 38 108 42 39 44 30 165
internal_value=-0.000166667 -0.0012 0.001125 -0.00021645 -0.000952381 7.20461e-05 -0.00289855 0.00203349
internal_weight=900 500 400 462 420 347 138 209
internal_count=900 500 400 462 420 347 138 209
is_linear=0
shrinkage=0.05


end of trees

feature_importances:
Column_1=517
Column_0=466

parameters:
[boosting: gbdt]
[objective: quantile]
[metric: quantile]
[tree_learner: serial]
[device_type: cpu]
[data_sample_strategy: bagging]
[data: ]
[valid: ]
[num_iterations: 120]
[learning_rate: 0.05]
[num_leaves: 12]
[num_threads: 2]
[seed: 26170]
[deterministic: 0]
[force_col_wise: 0]
[force_row_wise: 0]
[histogram_pool_size: -1]
[max_depth: 4]
[min_data_in_leaf: 30]
[min_sum_hessian_in_leaf: 0.001]
[bagging_fraction: 1]
[pos_bagging_fraction: 1]
[neg_bagging_fraction: 1]
[bagging_freq: 0]
[bagging_seed: 13002]
[bagging_by_query: 0]
[feature_fraction: 1]
[feature_fraction_bynode: 1]
[feature_fraction_seed: 3933]
[extra_trees: 0]
[extra_seed: 13870]
[early_stopping_round: 0]
[early_stopping_min_delta: 0]
[first_metric_only: 0]
[max_delta_step: 0]
[lambda_l1: 0]
[lambda_l2: 0]
[linear_lambda: 0]
[min_gain_to_split: 0]
[drop_rate: 0.1]
[max_drop: 50]
[skip_drop: 0.5]
[xgboost_dart_mode: 0]
[uniform_drop: 0]
[drop_seed: 25549]
[top_rate: 0.2]
[other_rate: 0.1]
[min_data_per_group: 100]
[max_cat_threshold: 32]
[cat_l2: 10]
[cat_smooth: 10]
[max_cat_to_onehot: 4]
[top_k: 20]
[monotone_constraints: ]
[monotone_constraints_method: basic]
[monotone_penalty: 0]
[feature_contri: ]
[forcedsplits_filename: ]
[refit_decay_rate: 0.9]
[cegb_tradeoff: 1]
[cegb_penalty_split: 0]
[cegb_penalty_feature_lazy: ]
[cegb_penalty_feature_coupled: ]
[path_smooth: 0]
[interaction_constraints: ]
[verbosity: -1]
[saved_feature_importance_type: 0]
[use_quantized_grad: 0]
[num_grad_quant_bins: 4]
[quant_train_renew_leaf: 0]
[stochastic_rounding: 1]
[linear_tree: 0]
[max_bin: 255]
[max_bin_by_feature: ]
[min_data_in_bin: 3]
[bin_construct_sample_cnt: 200000]
[data_random_seed: 19962]
[is_enable_sparse: 1]
[enable_bundle: 1]
[use_missing: 1]
[zero_as_missing: 0]
[feature_pre_filter: 1]
[pre_partition: 0]
[two_round: 0]
[header: 0]
[label_column: ]
[weight_column: ]
[group_column: ]
[ignore_column: ]
[categorical_feature: ]
[forcedbins_filename: ]
[precise_float_parser: 0]
[parser_config_file: ]
[objective_seed: 31251]
[num_class: 1]
[is_unbalance: 0]
[scale_pos_weight: 1]
[sigmoid: 1]
[boost_from_average: 1]
[reg_sqrt: 0]
[alpha: 0.5]
[fair_c: 1]
[poisson_max_delta_step: 0.7]
[tweedie_variance_power: 1.5]
[lambdarank_truncation_level: 30]
[lambdarank_norm: 1]
[label_gain: ]
[lambdarank_position_bias_regularization: 0]
[eval_at: ]
[multi_error_top_k: 1]
[auc_mu_weights: ]
[num_machines: 1]
[local_listen_port: 12400]
[time_out: 120]
[machine_list_filename: ]
[machines: ]
[gpu_platform_id: -1]
[gpu_device_id: -1]
[gpu_device_id_list: ]
[gpu_use_dp: 0]
[num_gpu: 1]

end of parameters

pandas_categorical:null
