tree
version=v4
num_class=1
num_tree_per_iteration=1
label_index=0
max_feature_idx=1
objective=quantile
feature_names=Column_0 Column_1
feature_infos=[3.1279060556945266:5.6410386938468182] [3.1676953950515698:5.652041660997658]
tree_sizes=856 902 907 1079 1075 1083 1085 1162 1079 1082 1166 1166 1169 1172 1166 1164 1172 1166 1172 1169 1169 1176 1173 1176 1175 1177 1176 1173 1166 1180 1169 1169 1162 1169 1165 1180 1171 1178 1176 1177 1182 1177 1182 1185 1096 918 1003 997 915 839 831 835 834 919 838 746 666 839 840 839 928 928 833 1016 922 1092 826 1020 845 824 926 841 932 672 756 679 677 848 592 592 759 851 678 590 676 849 591 763 934 681 594 761 746 664 754 756 840 760 675 761 676 667 842 759 676 1106 762 762 761 763 1010 938 762 665 840 758 762 674 676 677

Tree=0
num_leaves=9
num_cat=0
split_feature=0 1 1 0 1 1 0 0
split_gain=152.984 7.63422 6.42887 0.933333 0.909865 0.690158 0.260011 0.167894
threshold=4.0326499284846689 4.0078543100258495 4.0687886719450832 4.0720957996174851 4.0276114911723964 3.9317994468134025 3.9558580649904687 3.6709364567153644
decision_type=2 2 2 2 2 2 2 2
left_child=1 5 -2 -4 -3 7 -7 -1
right_child=2 4 3 -5 -6 6 -8 -9
leaf_value=4.1333019256591799 4.1546187758445736 4.1528972625732425 4.1561569213867191 4.1640074491500858 4.153922438621521 4.1494619965553285 4.1505276322364804 4.1434989452362059
leaf_weight=45 38 33 35 343 47 84 48 227
leaf_count=45 38 33 35 343 47 84 48 227
internal_value=4.15393 4.13482 4.17617 4.17814 4.14893 4.13203 4.13499 4.13059
internal_weight=900 484 416 378 80 404 132 272
internal_count=900 484 416 378 80 404 132 272
is_linear=0
shrinkage=1


Tree=1
num_leaves=9
num_cat=0
split_feature=0 1 0 1 0 1 0 1
split_gain=147.067 7.42367 6.94429 1.38158 1.3034 1.05353 0.14058 0.1281
threshold=4.0326499284846689 4.0212008958226866 4.0720957996174851 3.9641300305704794 3.981128518181698 4.0687886719450832 4.1027519440176565 3.9317994468134025
decision_type=2 2 2 2 2 2 2 2
left_child=1 3 5 7 -5 -2 -4 -1
right_child=2 -3 6 4 -6 -7 -8 -9
leaf_value=-0.010882862806320183 0.00065098822116853587 -8.8948011398315441e-05 0.002789019346237165 -0.0028347569704055609 -0.0026662778854370296 0.0021122264862060368 0.010394726991653426 -0.0047159534692764243
leaf_weight=272 36 56 54 64 36 35 291 56
leaf_count=272 36 56 54 64 36 35 291 56
internal_value=-0.000166667 -0.018905 0.0216346 -0.0211449 -0.016 0.00739437 0.0245652 -0.0227134
internal_weight=900 484 416 428 100 71 345 328
internal_count=900 484 416 428 100 71 345 328
is_linear=0
shrinkage=0.05


Tree=2
num_leaves=9
num_cat=0
split_feature=0 1 1 1 0 0 1 1
split_gain=144.584 7.33435 6.9399 1.59504 1.48028 0.594088 0.1281 0.0452333
threshold=4.0326499284846689 4.0212008958226866 4.0855241124350217 3.9641300305704794 3.981128518181698 4.1027519440176565 3.9317994468134025 4.1093146827445084
decision_type=2 2 2 2 2 2 2 2
left_child=1 3 -2 6 -5 7 -1 -4
right_child=2 -3 5 4 -6 -7 -8 -9
leaf_value=-0.010338719666004172 0.00076035746932032753 -8.4500610828408545e-05 0.0026495683789252936 -0.0026930191218852875 -0.0025329639911651825 0.0098828703761100652 -0.0044801557958126237 0.0033353457450866486
leaf_weight=272 59 56 30 64 36 290 56 37
leaf_count=272 59 56 30 64 36 290 56 37
internal_value=-0.000222222 -0.0188017 0.0213942 -0.021028 -0.0155 0.0240196 -0.0227134 0.0197761
internal_weight=900 484 416 428 100 357 328 67
internal_count=900 484 416 428 100 357 328 67
is_linear=0
shrinkage=0.05


Tree=3
num_leaves=11
num_cat=0
split_feature=0 1 1 1 0 1 0 1 1 1
split_gain=140.412 7.86508 6.92228 0.969066 0.678684 0.673122 0.539621 0.214127 0.1281 0.116091
threshold=4.0326499284846689 4.0078543100258495 4.0917812297446199 3.9641300305704794 4.1206071086832976 4.0276114911723964 3.9558580649904687 4.0627101149760669 3.9317994468134025 4.1239365294167589
decision_type=2 2 2 2 2 2 2 2 2 2
left_child=1 3 7 8 9 -3 -5 -2 -1 -4
right_child=2 5 4 6 -6 -7 -8 -9 -10 -11
leaf_value=-0.0098217836827039669 0.00069016500860454857 -0.00094413881003858619 0.0028557060331106058 -0.0030157551363110715 0.010393196251988403 -1.8597096204775454e-06 -0.002678983960300663 0.00092352029234168411 -0.0042561480060219871 0.003284352925419798
leaf_weight=272 32 33 55 34 261 47 42 34 56 34
leaf_count=272 32 33 55 34 261 47 42 34 56 34
internal_value=-0.000388889 -0.0186983 0.0209135 -0.0215347 0.0237143 -0.004375 -0.0164474 0.00606061 -0.0227134 0.0199438
internal_weight=900 484 416 404 350 80 76 66 328 89
internal_count=900 484 416 404 350 80 76 66 328 89
is_linear=0
shrinkage=0.05


Tree=4
num_leaves=11
num_cat=0
split_feature=0 1 1 0 1 1 0 1 0 1
split_gain=138.713 7.86508 6.70003 1.01384 0.969066 0.673122 0.539621 0.214127 0.132194 0.1281
threshold=4.0326499284846689 4.0078543100258495 4.0917812297446199 4.1206071086832976 3.9641300305704794 4.0276114911723964 3.9558580649904687 4.0627101149760669 4.0866656953761558 3.9317994468134025
decision_type=2 2 2 2 2 2 2 2 2 2
left_child=1 4 7 8 9 -3 -6 -2 -4 -1
right_child=2 5 3 -5 6 -7 -8 -9 -10 -11
leaf_value=-0.0093306944985687597 0.00065565675817431674 -0.0008969318695366546 0.0026269803160428929 0.0098735364393889753 -0.0028649673794955092 -1.7667241394736523e-06 -0.0025450347622856476 0.00087734427772458992 0.0027240624146163575 -0.0040433406057208687
leaf_weight=272 32 33 38 261 34 47 42 34 51 56
leaf_count=272 32 33 38 261 34 47 42 34 51 56
internal_value=-0.0005 -0.0186983 0.0206731 0.0234286 -0.0215347 -0.004375 -0.0164474 0.00606061 0.0188202 -0.0227134
internal_weight=900 484 416 350 404 80 76 66 89 328
internal_count=900 484 416 350 404 80 76 66 89 328
is_linear=0
shrinkage=0.05


Tree=5
num_leaves=11
num_cat=0
split_feature=0 1 1 0 1 1 0 1 1 1
split_gain=136.42 7.63981 6.59026 1.20655 0.877059 0.673122 0.539621 0.214127 0.183675 0.0953915
threshold=4.0326499284846689 4.0078543100258495 4.0917812297446199 4.1206071086832976 3.9641300305704794 4.0276114911723964 3.9558580649904687 4.0627101149760669 3.9064624372610841 4.1239365294167589
decision_type=2 2 2 2 2 2 2 2 2 2
left_child=1 4 7 9 8 -3 -6 -2 -1 -4
right_child=2 5 3 -5 6 -7 -8 -9 -10 -11
leaf_value=-0.0096498085964247249 0.00062287392026560973 -0.00085208527605979973 0.0025815717156529418 0.0093798596174195399 -0.0027217190105207401 -1.6783879325021901e-06 -0.0024177830241713496 0.00083347706383836157 -0.0035947460517119501 0.0029839321584180126
leaf_weight=240 32 33 55 261 34 47 42 34 88 34
leaf_count=240 32 33 55 261 34 47 42 34 88 34
internal_value=-0.000444444 -0.0184917 0.0205529 0.0232857 -0.0212871 -0.004375 -0.0164474 0.00606061 -0.0224085 0.0182584
internal_weight=900 484 416 350 404 80 76 66 328 89
internal_count=900 484 416 350 404 80 76 66 328 89
is_linear=0
shrinkage=0.05


Tree=6
num_leaves=11
num_cat=0
split_feature=0 1 1 1 1 0 1 1 1 0
split_gain=131.425 7.82721 6.53312 1.44203 0.910007 0.802268 0.376488 0.279616 0.192919 0.146261
threshold=4.0258215881804462 4.1111498480862556 4.0078543100258495 4.0687886719450832 3.9064624372610841 4.1027519440176565 4.148741602385484 4.0276114911723964 3.9641300305704794 3.6709364567153644
decision_type=2 2 2 2 2 2 2 2 2 2
left_child=2 3 4 -2 9 -3 -7 -4 -6 -1
right_child=1 5 7 -5 8 6 -8 -9 -10 -11
leaf_value=-0.017098825992454936 0.00040441666758117556 0.0029262102759763488 -0.00084679527971331936 0.0013866028782432594 -0.0034150087491263692 0.0019900066038113008 0.0094694098418097727 -7.9640790404766909e-05 -0.0024257471940382306 -0.0083375678671497432
leaf_weight=45 49 34 32 59 88 37 249 36 76 195
leaf_count=45 49 34 32 59 88 37 249 36 76 195
internal_value=-0.000555556 0.0195093 -0.01875 0.00787037 -0.0211634 0.0234375 0.0243007 -0.00441176 -0.0182927 -0.023125
internal_weight=900 428 472 108 404 320 286 68 164 240
internal_count=900 428 472 108 404 320 286 68 164 240
is_linear=0
shrinkage=0.05


Tree=7
num_leaves=12
num_cat=0
split_feature=1 0 1 0 0 0 1 1 1 1 1
split_gain=128.642 11.7792 2.80045 1.49225 0.794547 0.725339 0.573734 0.509327 0.43259 0.329567 0.38725
threshold=4.0276114911723964 4.1027519440176565 3.9641300305704794 4.0542413340115084 3.9892399059968171 4.0814984810956778 3.9856811651345585 4.148741602385484 4.0666751652860356 3.9047109268875566 3.9407113010499084
decision_type=2 2 2 2 2 2 2 2 2 2 2
left_child=2 3 9 8 6 -5 -4 -3 -2 -1 -11
right_child=1 7 4 5 -6 -7 -8 -9 -10 10 -12
leaf_value=-0.008851547132178483 0.00096441128830369047 0.0013226533382139751 -0.0025549328394224528 0.0017199288091227949 -0.002137910458929504 0.0020543674714415872 -0.0012801970028569977 0.0089959393497192949 -0.00091629551653837904 -0.0030682334101700629 -0.0033220285325364918
leaf_weight=236 57 42 36 47 44 33 32 249 32 56 36
leaf_count=236 57 42 36 47 44 33 32 249 32 56 36
internal_value=-0.000444444 0.0180435 -0.0197727 0.00754438 -0.0129464 0.0125 -0.00955882 0.0241409 0.00308989 -0.0221037 -0.0195652
internal_weight=900 460 440 169 112 80 68 291 89 328 92
internal_count=900 460 440 169 112 80 68 291 89 328 92
is_linear=0
shrinkage=0.05


Tree=8
num_leaves=11
num_cat=0
split_feature=0 1 1 1 0 1 0 1 1 1
split_gain=126.16 9.28619 6.15269 1.14786 0.97925 0.879409 0.802268 0.376488 0.291173 0.279616
threshold=4.0258215881804462 4.1111498480862556 4.0078543100258495 3.9641300305704794 3.9558580649904687 4.0687886719450832 4.1027519440176565 4.148741602385484 3.9047109268875566 4.0276114911723964
decision_type=2 2 2 2 2 2 2 2 2 2
left_child=2 5 3 8 -5 -2 -3 -8 -1 -4
right_child=1 6 9 4 -6 -7 7 -9 -10 -11
leaf_value=-0.0084089697755695535 0.00033597526978694785 0.0026771813886054211 -0.0006975599927811605 -0.0023684674542358234 -0.0020604945554759889 0.0012312762938749612 0.0018243736067100613 0.0085461423822333245 -0.0030761307916701954 -0.00010598600093811861
leaf_weight=236 49 34 32 34 42 59 37 249 92 36
leaf_count=236 49 34 32 34 42 59 37 249 92 36
internal_value=-0.0005 0.0191589 -0.0183263 -0.0206683 -0.0151316 0.00648148 0.0234375 0.0243007 -0.0219512 -0.00441176
internal_weight=900 428 472 404 76 108 320 286 328 68
internal_count=900 428 472 404 76 108 320 286 328 68
is_linear=0
shrinkage=0.05


Tree=9
num_leaves=11
num_cat=0
split_feature=0 1 1 1 0 1 0 1 0 0
split_gain=123.179 8.94706 5.96675 1.28079 1.01939 0.879409 0.36109 0.279616 0.151936 0.130763
threshold=4.0258215881804462 4.1111498480862556 4.0078543100258495 3.8987588080214599 4.1525388897924058 4.0687886719450832 3.9558580649904687 4.0276114911723964 4.1027519440176565 3.8418921595347251
decision_type=2 2 2 2 2 2 2 2 2 2
left_child=2 5 3 9 8 -2 -5 -4 -3 -1
right_child=1 4 7 6 -6 -7 -8 -9 -10 -11
leaf_value=-0.0091096906154806596 0.00031917650629758047 0.0025433223191751344 -0.00066268199314212239 -0.0027868215319600599 0.0093287499474173259 0.0011697124791812286 -0.0021814020648287303 -0.00010068670089120603 0.0020651390385347359 -0.0041180161922628857
leaf_weight=178 49 34 32 124 222 59 48 36 64 54
leaf_count=178 49 34 32 124 222 59 48 36 64 54
internal_value=-0.0005 0.0189252 -0.0181144 -0.0204208 0.023125 0.00648148 -0.0171512 -0.00441176 0.0188776 -0.0228448
internal_weight=900 428 472 404 320 108 172 68 98 232
internal_count=900 428 472 404 320 108 172 68 98 232
is_linear=0
shrinkage=0.05


Tree=10
num_leaves=12
num_cat=0
split_feature=1 0 1 0 0 1 0 0 1 1 1
split_gain=119.046 11.8196 2.83246 1.04375 0.915404 0.859169 0.643064 0.479202 0.434028 0.342942 0.382699
threshold=4.0276114911723964 4.1027519440176565 3.9614102433110179 4.0684120344373769 3.9892399059968171 4.148741602385484 4.0828996999589497 4.020136884423037 3.9856811651345585 3.8987588080214599 3.9407113010499084
decision_type=2 2 2 2 2 2 2 2 2 2 2
left_child=2 3 9 7 8 -3 -5 -2 -4 -1 -11
right_child=1 5 4 6 -6 -7 -8 -9 -10 10 -12
leaf_value=-0.007611315536000563 -0.00047948243634223788 0.0011230157086487447 -0.0022818241872589518 0.0016504800846513402 -0.0018199114543886452 0.0076523977657508187 0.0016150441143265581 0.00089412620835696013 -0.00098708585081008771 -0.0026652482036462425 -0.0029171055471622688
leaf_weight=232 30 42 40 31 44 249 30 78 32 60 32
leaf_count=232 30 42 40 31 44 249 30 78 32 60 32
internal_value=-0.000611111 0.0171739 -0.0192045 0.0066568 -0.0125 0.0232818 0.0118852 0.0037037 -0.00902778 -0.0216049 -0.0190217
internal_weight=900 460 440 169 116 291 61 108 72 324 92
internal_count=900 460 440 169 116 291 61 108 72 324 92
is_linear=0
shrinkage=0.05


Tree=11
num_leaves=12
num_cat=0
split_feature=0 0 1 0 1 1 0 1 0 1 0
split_gain=113.633 8.29363 6.19311 1.42381 1.21729 0.907333 0.566136 0.544444 0.514286 0.281029 0.196898
threshold=4.0258215881804462 4.1027519440176565 3.9894253902336563 4.1554022294009547 4.0687886719450832 3.8987588080214599 4.0806841493209047 4.0276114911723964 4.1282571251693581 3.9614102433110179 3.6709364567153644
decision_type=2 2 2 2 2 2 2 2 2 2 2
left_child=2 4 5 8 -2 10 -6 -4 -3 -7 -1
right_child=1 3 7 -5 6 9 -8 -9 -10 -11 -12
leaf_value=-0.014544808539870724 0.00025851137056482899 0.0017625684845528956 -0.0011334596186466151 0.0086278577877415778 0.0015195751735394671 -0.0026517953031506727 0.0016696879984313463 -0.0001060184601470171 0.00075954354925873442 -0.0020553305387785771 -0.0065126699538264003
leaf_weight=45 49 42 60 219 53 92 35 36 30 52 187
leaf_count=45 49 42 60 219 53 92 35 36 30 52 187
internal_value=-0.000666667 0.0179907 -0.0175847 0.0227663 0.00784672 -0.0204787 0.0113636 -0.00625 0.0166667 -0.0173611 -0.0224138
internal_weight=900 428 472 291 137 376 88 96 72 144 232
internal_count=900 428 472 291 137 376 88 96 72 144 232
is_linear=0
shrinkage=0.05


Tree=12
num_leaves=12
num_cat=0
split_feature=0 0 1 1 1 0 1 1 1 0 0
split_gain=106.508 8.61343 5.85209 2.04822 1.20868 1.00833 0.543078 0.462983 0.442055 0.29586 0.191736
threshold=4.0240730372929656 4.1609562982089798 3.9614102433110179 4.0687886719450832 4.0078543100258495 3.9544509012810147 4.1111498480862556 3.8947923762925067 4.2104495919528899 3.9010732867721472 3.6709364567153644
decision_type=2 2 2 2 2 2 2 2 2 2 2
left_child=2 3 7 -2 5 -4 -5 10 -3 -9 -1
right_child=1 8 4 6 -6 -7 -8 9 -10 -11 -12
leaf_value=-0.013817568112877199 0.00024558580203657424 0.0019308961651391511 -0.0014985420971761034 0.00099054178612734134 -0.00033473931374072841 -0.001925143629419801 0.0015368736673386564 -0.0017379602003984918 0.010149518372780754 -0.0027339921735003883 -0.0063105778112681147
leaf_weight=45 53 31 32 59 64 48 104 33 185 63 183
leaf_count=45 53 31 32 59 64 48 104 33 185 63 183
internal_value=-0.000888889 0.0170139 -0.0174145 0.0099537 -0.00902778 -0.013125 0.0127301 -0.021142 0.0240741 -0.0182292 -0.0223684
internal_weight=900 432 468 216 144 80 163 324 216 96 228
internal_count=900 432 468 216 144 80 163 324 216 96 228
is_linear=0
shrinkage=0.05


Tree=13
num_leaves=12
num_cat=0
split_feature=0 0 1 1 1 0 1 1 1 0 0
split_gain=104.538 8.30745 6.23568 1.89017 1.52482 1.00833 0.648529 0.543078 0.442055 0.222592 0.217401
threshold=4.0258215881804462 4.1609562982089798 3.9614102433110179 4.0687886719450832 4.0078543100258495 3.9544509012810147 3.8740124570042935 4.1111498480862556 4.2104495919528899 3.6709364567153644 3.8916103068515566
decision_type=2 2 2 2 2 2 2 2 2 2 2
left_child=2 3 6 -2 5 -4 9 -5 -3 -1 -8
right_child=1 8 4 7 -6 -7 10 -9 -10 -11 -12
leaf_value=-0.013126689707233342 0.00023330651193473884 0.0018343513568821912 -0.0014236149923173127 0.00094101469682099652 -0.00031800234805370311 -0.00182888644794883 -0.0017771535417629549 0.0014600299839717446 0.0096420424541417311 -0.0065249532862442731 -0.0025019608959715891
leaf_weight=45 49 31 32 59 68 48 46 104 185 159 74
leaf_count=45 49 31 32 59 68 48 46 104 185 159 74
internal_value=-0.000722222 0.0171729 -0.0169492 0.0101415 -0.00844595 -0.013125 -0.0208333 0.0127301 0.0240741 -0.022549 -0.0179167
internal_weight=900 428 472 212 148 80 324 163 216 204 120
internal_count=900 428 472 212 148 80 324 163 216 204 120
is_linear=0
shrinkage=0.05


Tree=14
num_leaves=12
num_cat=0
split_feature=0 0 1 1 1 1 0 0 1 0 0
split_gain=102.47 8.1524 5.7408 2.35223 1.42222 1.02746 1.00833 0.871888 0.583919 0.335432 0.273438
threshold=4.0240730372929656 4.1027519440176565 3.9614102433110179 4.2046283202252681 4.0078543100258495 4.0687886719450832 3.9544509012810147 4.1373939338355106 3.8520298443014949 4.0806841493209047 3.8574158802854948
decision_type=2 2 2 2 2 2 2 2 2 2 2
left_child=2 5 8 7 6 -2 -4 -3 -1 -7 -10
right_child=1 3 4 -5 -6 9 -8 -9 10 -11 -12
leaf_value=-0.0073792399847250056 0.00022164118633800635 0.0013376985536020403 -0.0013524342427014393 0.0085428653650039717 -0.00030210223065103571 0.0013470185907150879 -0.0017374421255514029 0.00069394172815206989 -0.0027571262800436093 0.0014363584159442944 -0.0023571635815887505
leaf_weight=172 53 49 32 194 64 53 48 48 33 35 119
leaf_count=172 53 49 32 194 64 53 48 48 33 35 119
internal_value=-0.000777778 0.0167824 -0.0169872 0.0215636 -0.00868056 0.00691489 -0.013125 0.0152062 -0.020679 0.0102273 -0.0184211
internal_weight=900 432 468 291 144 141 80 97 324 88 152
internal_count=900 432 468 291 144 141 80 97 324 88 152
is_linear=0
shrinkage=0.05


Tree=15
num_leaves=12
num_cat=0
split_feature=1 0 1 0 1 0 1 0 1 1 0
split_gain=95.7102 10.4909 3.4342 2.14122 1.23261 0.975 0.796983 1.00833 0.628105 0.480362 0.338778
threshold=4.0276114911723964 4.1609562982089798 3.9614102433110179 4.0720957996174851 4.0780687556410244 4.2163777738237842 4.0078543100258495 3.9544509012810147 3.8740124570042935 4.1111498480862556 3.8916103068515566
decision_type=2 2 2 2 2 2 2 2 2 2 2
left_child=2 3 8 4 -2 -3 7 -4 -1 -5 -10
right_child=1 5 6 9 -6 -7 -8 -9 10 -11 -12
leaf_value=-0.006464835077356579 0.00068304721559693255 0.0018251194342588928 -0.0012848125305663816 0.00065536791825779881 -0.00085910168923546419 0.010073996938062369 -0.00043413714521101099 -0.0016505700192738226 -0.001560438618133997 0.0013645404951470931 -0.0022590046720935677
leaf_weight=204 80 60 32 30 35 156 36 48 46 99 74
leaf_count=204 80 60 32 30 35 156 36 48 46 99 74
internal_value=-0.00105556 0.0148913 -0.0177273 0.00778689 0.00282609 0.0229167 -0.0103448 -0.013125 -0.0203704 0.0122093 -0.0175
internal_weight=900 460 440 244 115 216 116 80 324 129 120
internal_count=900 460 440 244 115 216 116 80 324 129 120
is_linear=0
shrinkage=0.05


Tree=16
num_leaves=12
num_cat=0
split_feature=0 0 1 1 1 0 0 0 0 1 0
split_gain=92.4103 8.33333 5.35265 1.87276 1.57423 0.991097 0.698603 0.361069 0.309474 0.163286 0.157849
threshold=4.0240730372929656 4.1609562982089798 4.0078543100258495 3.8740124570042935 4.0844636464000574 4.2437233576423736 4.0477153122596219 4.1299530075160282 3.9558580649904687 4.2158061854643929 3.6709364567153644
decision_type=2 2 2 2 2 2 2 2 2 2 2
left_child=2 4 3 10 6 9 -2 -6 -5 -3 -1
right_child=1 5 -4 8 7 -7 -8 -9 -10 -11 -12
leaf_value=-0.011778151468767617 0.00084986772662944967 0.0015074611798310935 -0.00026529026185793117 -0.0018759308507721784 0.0014661989127213284 0.011011930792483728 -0.00043787870281390977 0.00049703636255011847 -0.0014356786647757858 0.0022564292826946276 -0.0055463821445542738
leaf_weight=45 41 37 64 152 115 138 30 30 48 41 159
leaf_count=45 41 37 64 152 115 138 30 30 48 41 159
internal_value=-0.00116667 0.0155093 -0.0165598 -0.0186881 0.00856481 0.0224537 0.00246479 0.0115517 -0.01525 0.0179487 -0.0220588
internal_weight=900 432 468 404 216 216 71 145 200 78 204
internal_count=900 432 468 404 216 216 71 145 200 78 204
is_linear=0
shrinkage=0.05


Tree=17
num_leaves=12
num_cat=0
split_feature=0 0 1 1 1 0 0 0 1 1 0
split_gain=88.6523 7.78704 5.01754 1.84346 1.43608 1.07759 0.321429 0.263309 0.263195 0.0983333 0.0794118
threshold=4.0240730372929656 4.1609562982089798 4.0078543100258495 3.839906603429494 4.0687886719450832 4.2208068560406726 3.8418921595347251 3.6709364567153644 4.1239365294167589 4.2819692828267533 4.0009670040999188
decision_type=2 2 2 2 2 2 2 2 2 2 2
left_child=2 4 3 7 -2 -3 -5 -1 -6 -7 -4
right_child=1 5 10 6 8 9 -8 -9 -10 -11 -12
leaf_value=-0.011189243895329227 0.00013391337990977802 0.0016373682958985781 -0.00079223829340662193 -0.0021099247750546945 0.001129743969678354 0.002494660878683508 -0.0018297499563655339 -0.0063030367311742276 0.00112127160674107 0.012579230332876624 -7.386319020439292e-05
leaf_weight=45 53 66 30 32 86 32 224 103 77 118 34
leaf_count=45 53 66 30 32 86 32 224 103 77 118 34
internal_value=-0.00105556 0.0152778 -0.0161325 -0.0181931 0.00856481 0.0219907 -0.015625 -0.0226351 0.0108896 0.0243333 -0.003125
internal_weight=900 432 468 404 216 216 256 148 163 150 64
internal_count=900 432 468 404 216 216 256 148 163 150 64
is_linear=0
shrinkage=0.05


Tree=18
num_leaves=12
num_cat=0
split_feature=0 0 0 1 1 1 0 0 1 0 1
split_gain=83.6003 8.73766 4.94017 2.61692 2.21353 1.07107 0.989412 0.949777 0.383158 0.263309 0.172389
threshold=4.0240730372929656 4.2208068560406726 3.9314096664125278 4.0078543100258495 4.0844636464000574 3.839906603429494 3.9474798436206497 4.0477153122596219 3.937007846393735 3.6709364567153644 4.181975533742567
decision_type=2 2 2 2 2 2 2 2 2 2 2
left_child=2 4 5 6 7 9 -4 -2 -7 -1 -6
right_child=1 -3 3 -5 10 8 -8 -9 -10 -11 -12
leaf_value=-0.010629781700562769 0.00080067867130249057 0.0089347744696141266 -0.0016355676556945476 5.1365070463194057e-05 0.0012240128264731976 -0.0018168357736970898 -0.0015795756980098608 -0.0004226804366686654 -0.0038098735715270671 -0.0059878848946155029 0.0014478199174536189
leaf_weight=45 41 150 32 56 145 133 68 30 31 103 66
leaf_count=45 41 150 32 56 145 133 68 30 31 103 66
internal_value=-0.00127778 0.0145833 -0.0159188 -0.00865385 0.00939716 -0.0195513 -0.0135 0.00176056 -0.0167683 -0.0226351 0.0119668
internal_weight=900 432 468 156 282 312 100 71 164 148 211
internal_count=900 432 468 156 282 312 100 71 164 148 211
is_linear=0
shrinkage=0.05


Tree=19
num_leaves=12
num_cat=0
split_feature=0 0 0 1 1 1 0 1 0 0 1
split_gain=79.5 9.52971 4.18289 2.59698 1.99836 0.984653 0.535714 0.308013 0.274576 0.263309 0.238776
threshold=4.0062648644632235 4.2273757805939445 3.9138754036517307 4.0687886719450832 4.0078543100258495 3.839906603429494 3.9474798436206497 4.0406739594515786 3.8418921595347251 3.6709364567153644 4.2819692828267533
decision_type=2 2 2 2 2 2 2 2 2 2 2
left_child=2 3 5 7 6 9 -4 -2 -7 -1 -3
right_child=1 10 4 -5 -6 8 -8 -9 -10 -11 -12
leaf_value=-0.010098292615534632 -0.00066254244052577071 0.002079019494569412 -0.0016980520830705227 0.0011511330557112398 0.00026437852417824373 -0.0021589373469060426 -0.0015330358208938801 0.0002994781875278685 -0.0017473245117415549 -0.0056884906498847259 0.011628830976998917
leaf_weight=45 30 30 56 235 32 38 64 48 102 103 117
leaf_count=45 30 30 56 235 32 38 64 48 102 103 117
internal_value=-0.00105556 0.0134783 -0.01625 0.00854633 -0.00953947 -0.0197917 -0.0125 0.000641026 -0.0167857 -0.0226351 0.0239796
internal_weight=900 460 440 313 152 288 120 78 140 148 147
internal_count=900 460 440 313 152 288 120 78 140 148 147
is_linear=0
shrinkage=0.05


Tree=20
num_leaves=12
num_cat=0
split_feature=0 0 0 1 1 0 1 0 1 1 0
split_gain=77.1655 9.50422 4.35784 2.70653 1.89804 0.68706 0.55662 0.531124 0.42449 0.315197 0.295727
threshold=4.0062648644632235 4.2273757805939445 3.8747246627014706 4.0844636464000574 4.0078543100258495 4.0477153122596219 3.839906603429494 3.8418921595347251 4.2819692828267533 4.1239365294167589 3.9474798436206497
decision_type=2 2 2 2 2 2 2 2 2 2 2
left_child=2 3 6 5 10 -2 -1 -8 -3 -5 -4
right_child=1 8 4 9 -6 -7 7 -9 -10 -11 -12
leaf_value=-0.0060768416243637494 8.6502873530047713e-05 0.0019750685198409281 -0.0015213353472303126 0.00124379043039915 2.9028791165952583e-05 -0.00041652032421164443 -0.0020509904795607214 -0.0018785795707941589 0.011047389428148958 0.0011052555323639802 -0.0014563840298491783
leaf_weight=148 67 30 106 69 34 30 38 50 117 147 64
leaf_count=148 67 30 106 69 34 30 38 50 117 147 64
internal_value=-0.00116667 0.0131522 -0.0161364 0.00822684 -0.0107843 0.00128866 -0.0207627 -0.0176136 0.0236395 0.0113426 -0.0129412
internal_weight=900 460 440 313 204 97 236 88 147 216 170
internal_count=900 460 440 313 204 97 236 88 147 216 170
is_linear=0
shrinkage=0.05


Tree=21
num_leaves=12
num_cat=0
split_feature=0 0 0 1 1 0 1 0 0 1 0
split_gain=73.1576 10.3744 4.79652 2.50067 1.72941 1.06652 0.55662 0.531124 0.393662 0.276453 0.263309
threshold=4.0062648644632235 4.2452049307036885 3.8747246627014706 4.0855241124350217 4.0078543100258495 4.0507852836304599 3.839906603429494 3.8418921595347251 3.9010732867721472 4.1239365294167589 3.6709364567153644
decision_type=2 2 2 2 2 2 2 2 2 2 2
left_child=2 3 6 5 8 -2 10 -8 -4 -5 -1
right_child=1 -3 4 9 -6 -7 7 -9 -10 -11 -12
leaf_value=-0.0092895359035397151 0.00010049360608115343 0.0085318098508455186 -0.0012552899131109908 0.0012412929803318651 2.757735160763275e-05 -0.00039569430800106002 -0.0019484409555826643 -0.0017846505922544333 -0.0014168621304877062 0.0011221859014977299 -0.0051002240361722965
leaf_weight=45 71 135 31 65 34 30 38 50 139 159 103
leaf_count=45 71 135 31 65 34 30 38 50 139 159 103
internal_value=-0.00133333 0.0126087 -0.0159091 0.00776923 -0.0102941 0.00123762 -0.0207627 -0.0176136 -0.0123529 0.0107143 -0.0226351
internal_weight=900 460 440 325 204 101 236 88 170 224 148
internal_count=900 460 440 325 204 101 236 88 170 224 148
is_linear=0
shrinkage=0.05


Tree=22
num_leaves=12
num_cat=0
split_feature=0 0 0 1 1 0 1 0 0 1 0
split_gain=67.4922 10.0417 4.91911 2.12584 1.41569 0.773783 0.693827 0.463993 0.332341 0.330748 0.291701
threshold=4.0062648644632235 4.2504222376372311 3.8747246627014706 4.0855241124350217 4.0078543100258495 4.0507852836304599 3.8044709797341265 3.9010732867721472 3.6709364567153644 4.2460207755879464 3.8418921595347251
decision_type=2 2 2 2 2 2 2 2 2 2 2
left_child=2 3 6 5 7 -2 8 -4 -1 -5 -8
right_child=1 -3 4 9 -6 -7 10 -9 -10 -11 -12
leaf_value=-0.0088250591083627317 9.5468925777097982e-05 0.0086300740183374199 -0.0011925254174554479 0.0011344782059502956 2.6198484027251113e-05 -0.00037590959260098701 -0.0027629843748925745 -0.0013460190239633187 -0.0058474530153329153 0.00074602378907329125 -0.0018822345708198853
leaf_weight=45 71 129 31 196 34 30 72 139 67 34 52
leaf_count=45 71 129 31 196 34 30 72 139 67 34 52
internal_value=-0.001 0.0123913 -0.015 0.00777946 -0.00931373 0.00173267 -0.0199153 -0.0111765 -0.0227679 0.0104348 -0.0173387
internal_weight=900 460 440 331 204 101 236 170 112 230 124
internal_count=900 460 440 331 204 101 236 170 112 230 124
is_linear=0
shrinkage=0.05


Tree=23
num_leaves=12
num_cat=0
split_feature=0 0 0 1 1 0 1 0 1 0 0
split_gain=64.269 9.28059 4.95 2.14722 1.34216 0.610022 0.584414 0.478571 0.308013 0.29879 0.291701
threshold=4.0062648644632235 4.276219300501527 3.8747246627014706 4.0687886719450832 4.0078543100258495 3.9032743729563295 3.8044709797341265 3.6709364567153644 4.0406739594515786 4.1609562982089798 3.8418921595347251
decision_type=2 2 2 2 2 2 2 2 2 2 2
left_child=2 3 6 8 5 -4 7 -1 -2 -5 -8
right_child=1 -3 4 9 -6 -7 10 -9 -10 -11 -12
leaf_value=-0.0083838061529446072 -0.0006435385887689105 0.0099055758182140085 -0.0011328991465826554 0.00078264290816081332 2.4888559825875235e-05 -0.0012787180727651393 -0.0026248351561479534 -0.0055550803645662674 0.00030714574863712765 0.0013075020886608613 -0.0017881228422788943
leaf_weight=45 30 111 35 166 34 135 72 67 48 105 52
leaf_count=45 30 111 35 166 34 135 72 67 48 105 52
internal_value=-0.00111111 0.0119565 -0.0147727 0.00795129 -0.00906863 -0.0108824 -0.0197034 -0.0223214 0.000641026 0.0100554 -0.0173387
internal_weight=900 460 440 349 204 170 236 112 78 271 124
internal_count=900 460 440 349 204 170 236 112 78 271 124
is_linear=0
shrinkage=0.05


Tree=24
num_leaves=12
num_cat=0
split_feature=0 0 1 1 0 0 1 1 0 0 0
split_gain=60.1094 10.2667 4.7728 1.94837 1.06652 0.818747 1.3047 0.436883 0.478571 0.379815 0.363088
threshold=4.0062648644632235 4.276219300501527 3.8723429267394551 4.0855241124350217 4.0507852836304599 3.968099916751028 4.0078543100258495 3.8044709797341265 3.6709364567153644 3.8202887639596588 4.1635154313803033
decision_type=2 2 2 2 2 2 2 2 2 2 2
left_child=2 3 7 4 -2 -4 -7 8 -1 -9 -5
right_child=1 -3 5 10 -6 6 -8 9 -10 -11 -12
leaf_value=-0.0079646158452973733 8.5374958654815822e-05 0.0094102970273032948 -0.0013119153549223884 0.00076373231472899323 -0.00037247140040279629 -0.00071947998005756914 0.00040142096483184456 -0.0025405143758201465 -0.005277326346337952 -0.0026135296634452135 0.0013016636231428791
leaf_weight=45 71 111 172 146 30 37 31 35 67 53 102
leaf_count=45 71 111 172 146 30 37 31 35 67 53 102
internal_value=-0.00133333 0.0113043 -0.0145455 0.00709169 0.00123762 -0.00979167 -0.00514706 -0.02025 -0.0223214 -0.0176136 0.00947581
internal_weight=900 460 440 349 101 240 68 200 112 88 248
internal_count=900 460 440 349 101 240 68 200 112 88 248
is_linear=0
shrinkage=0.05


Tree=25
num_leaves=12
num_cat=0
split_feature=0 0 1 1 0 1 0 1 0 0 1
split_gain=57.0698 9.55685 4.73485 2.08964 1.01507 1.37337 0.937112 0.548701 0.478571 0.429869 0.319123
threshold=4.0062648644632235 4.276219300501527 3.8723429267394551 4.0855241124350217 3.968099916751028 4.0045214277598458 4.0507852836304599 3.8044709797341265 3.6709364567153644 4.1635154313803033 3.9083353504977829
decision_type=2 2 2 2 2 2 2 2 2 2 2
left_child=2 3 7 6 10 -6 -2 8 -1 -5 -4
right_child=1 -3 4 9 5 -7 -8 -9 -10 -11 -12
leaf_value=-0.0075663850530325099 8.110621072208169e-05 0.0089397821759381376 -0.00084682126959629851 0.00072554569899254686 -0.00069882234969942392 0.00022570389039642258 -0.0003538478303826587 -0.0024219642364038175 -0.0050134600290210555 0.0012365804419857353 -0.0013857498919687572
leaf_weight=45 71 111 44 146 36 32 30 88 67 102 128
leaf_count=45 71 111 44 146 36 32 30 88 67 102 128
internal_value=-0.00144444 0.0108696 -0.0143182 0.00680516 -0.00958333 -0.00441176 0.000742574 -0.02 -0.0223214 0.00927419 -0.0116279
internal_weight=900 460 440 349 240 68 101 200 112 248 172
internal_count=900 460 440 349 240 68 101 200 112 248 172
is_linear=0
shrinkage=0.05


Tree=26
num_leaves=12
num_cat=0
split_feature=0 0 0 1 1 1 0 1 0 0 0
split_gain=51.8462 8.44511 6.68908 1.34569 1.15818 0.90262 0.888889 0.88042 0.614737 0.478571 0.0916667
threshold=4.0240730372929656 4.3068935480193185 3.8747246627014706 4.0045214277598458 4.0855241124350217 3.8044709797341265 4.0507852836304599 4.2819692828267533 3.9474798436206497 3.6709364567153644 4.3722871164435597
decision_type=2 2 2 2 2 2 2 2 2 2 2
left_child=2 4 5 8 6 9 -2 -6 -4 -1 -3
right_child=1 10 3 -5 7 -7 -8 -9 -10 -11 -12
leaf_value=-0.0071880658003808939 0.00061462070590425635 0.0027858867484766847 -0.0011083053561633971 -3.3631618466545281e-05 0.00092805329586718175 -0.0020311904798714585 -0.00033615543886353908 0.0006729910705049136 -0.0010687381241035966 -0.0047627870275700037 0.015164448245211305
leaf_weight=45 45 30 106 62 230 124 30 31 64 67 66
leaf_count=45 45 30 106 62 230 124 30 31 64 67 66
internal_value=-0.00161111 0.0108796 -0.013141 -0.00711207 0.00714286 -0.0190678 0.00166667 0.00871648 -0.00941176 -0.0223214 0.0239583
internal_weight=900 432 468 232 336 236 75 261 170 112 96
internal_count=900 432 468 232 336 236 75 261 170 112 96
is_linear=0
shrinkage=0.05


Tree=27
num_leaves=12
num_cat=0
split_feature=0 0 1 0 1 1 1 1 0 1 0
split_gain=47.6679 8.50235 7.34306 0.940429 0.93359 1.13967 0.931715 0.673247 0.539208 0.535148 0.478571
threshold=4.0240730372929656 4.3158573719920907 3.8723429267394551 3.968099916751028 4.0844636464000574 4.2856909216141652 4.0045214277598458 3.8044709797341265 4.0477153122596219 3.9083353504977829 3.6709364567153644
decision_type=2 2 2 2 2 2 2 2 2 2 2
left_child=2 4 7 9 8 -6 -5 10 -2 -4 -1
right_child=1 -3 3 6 5 -7 -8 -9 -10 -11 -12
leaf_value=-0.0068286625103618492 0.00077277042516867846 0.010168490561496891 -0.00072356923478866797 -0.0006104443260092963 0.00087666768277059335 -5.9434619891973744e-05 4.3006914532917055e-05 -0.0021993065005900593 -0.00031934766692036658 -0.0012620363103636345 -0.0045246476761914957
leaf_weight=45 41 93 44 38 237 31 58 88 30 128 67
leaf_count=45 41 93 44 38 237 31 58 88 30 128 67
internal_value=-0.00144444 0.0105324 -0.0125 -0.00708955 0.00685841 0.00820896 -0.003125 -0.01975 0.00176056 -0.00930233 -0.0223214
internal_weight=900 432 468 268 339 268 96 200 71 172 112
internal_count=900 432 468 268 339 268 96 200 71 172 112
is_linear=0
shrinkage=0.05


Tree=28
num_leaves=12
num_cat=0
split_feature=0 0 1 1 0 1 0 1 1 0 0
split_gain=42.7528 8.61974 8.15651 1.21014 0.72 0.635853 0.964286 0.597113 0.574318 0.651389 0.306667
threshold=4.0240730372929656 4.3513112372189253 3.8723429267394551 4.0855241124350217 4.0507852836304599 3.9843139112300925 3.9363049917898327 4.2952880899161556 3.8044709797341265 3.6709364567153644 3.9892399059968171
decision_type=2 2 2 2 2 2 2 2 2 2 2
left_child=2 3 8 4 -2 6 -4 -5 9 -1 -7
right_child=1 -3 5 7 -6 10 -8 -9 -10 -11 -12
leaf_value=-0.0064872293848437625 0.00058467184337400728 0.011943448449193551 -0.00088996849003308842 0.00085898025453912119 -0.00030338028357435043 -2.1754976103682822e-05 -0.0012000869953210148 0.00062995368295644123 -0.0020893411755605663 -0.0042984152923819302 -0.00038410180888133195
leaf_weight=45 45 78 112 239 30 46 56 40 88 67 54
leaf_count=45 45 78 112 239 30 46 56 40 88 67 54
internal_value=-0.00138889 0.0099537 -0.011859 0.00663842 0.001 -0.00615672 -0.00803571 0.00815412 -0.0195 -0.021875 -0.003
internal_weight=900 432 468 354 75 268 168 279 200 112 100
internal_count=900 432 468 354 75 268 168 279 200 112 100
is_linear=0
shrinkage=0.05


Tree=29
num_leaves=12
num_cat=0
split_feature=0 0 1 1 1 1 0 0 1 0 1
split_gain=41.2272 8.83778 6.90939 1.6723 0.917244 0.710035 0.51932 0.504269 0.419841 0.964286 0.370513
threshold=4.0062648644632235 4.3513112372189253 3.8723429267394551 4.0687886719450832 4.2952880899161556 3.8165800042652074 3.8349494827569131 3.6709364567153644 3.9843139112300925 3.9363049917898327 4.0406739594515786
decision_type=2 2 2 2 2 2 2 2 2 2 2
left_child=2 3 5 10 -5 7 -7 -1 9 -4 -2
right_child=1 -3 8 4 -6 6 -8 -9 -10 -11 -12
leaf_value=-0.0061628679156015666 -0.00060094939215851186 0.011346276026733861 -0.00084547006553143962 0.00076666979201247545 0.00058609643379075043 -0.0010607515821435376 -0.0023121229863539705 -0.0037795578489282057 -0.00056599349535648715 -0.0011400826455549629 0.00028045492311326028
leaf_weight=45 30 78 112 263 41 41 31 83 72 56 48
leaf_count=45 30 78 112 263 41 41 31 83 72 56 48
internal_value=-0.00144444 0.00902174 -0.0123864 0.00589005 0.00756579 -0.01925 -0.0152778 -0.0214844 -0.00666667 -0.00803571 -0.000641026
internal_weight=900 460 440 382 304 200 72 128 240 168 78
internal_count=900 460 440 382 304 200 72 128 240 168 78
is_linear=0
shrinkage=0.05


Tree=30
num_leaves=12
num_cat=0
split_feature=0 0 1 1 1 0 0 1 1 0 0
split_gain=38.4354 8.25848 7.77782 1.27526 0.853333 0.825034 0.677893 0.735349 0.704193 0.568889 0.539302
threshold=4.0240730372929656 4.36813428881851 3.8723429267394551 4.1093146827445084 3.8146702394456362 4.1086145366992088 3.968099916751028 3.9083353504977829 4.0045214277598458 3.6709364567153644 3.8349494827569131
decision_type=2 2 2 2 2 2 2 2 2 2 2
left_child=2 3 4 -2 9 -5 7 -4 -8 -1 -6
right_child=1 -3 6 5 10 -7 8 -9 -10 -11 -12
leaf_value=-0.005854724519821497 0.00017173668546459632 0.012249218077142788 -0.000600618845271006 0.0016253753153548046 -0.0016752264198759638 0.00070534784543545563 -0.00053769382058868056 -0.0010824427168337537 6.2262184689365616e-05 -0.0037016472515562617 -0.0021965168370362774
leaf_weight=45 109 69 44 46 49 208 38 128 58 75 31
leaf_count=45 109 69 44 46 49 208 38 128 58 75 31
internal_value=-0.00161111 0.00914352 -0.0115385 0.00612948 -0.019 0.00807087 -0.00597015 -0.00784884 -0.00260417 -0.0216667 -0.015
internal_weight=900 432 468 363 200 254 268 172 96 120 80
internal_count=900 432 468 363 200 254 268 172 96 120 80
is_linear=0
shrinkage=0.05


Tree=31
num_leaves=12
num_cat=0
split_feature=0 0 1 1 1 0 0 1 1 0 0
split_gain=35.9936 8.62412 7.40813 1.09565 0.9075 0.677823 0.604828 0.704193 0.660677 0.596373 0.467222
threshold=4.0240730372929656 4.36813428881851 3.8723429267394551 4.0855241124350217 3.8146702394456362 3.8349494827569131 3.968099916751028 4.0045214277598458 3.9083353504977829 4.0420623983636066 3.6709364567153644
decision_type=2 2 2 2 2 2 2 2 2 2 2
left_child=2 3 4 9 10 -6 8 -8 -4 -2 -1
right_child=1 -3 6 -5 5 -7 7 -9 -10 -11 -12
leaf_value=-0.0055619882938304334 0.00072635894707624444 0.011636757173285651 -0.00057058790300743565 0.0006947489482919567 -0.0015914650988821722 -0.0020866909951844591 -0.00051080912955923095 5.9149075454878469e-05 -0.0010283205809920482 -7.3514220932868748e-05 -0.0035165648889784462
leaf_weight=45 31 69 44 288 49 31 38 58 128 44 75
leaf_count=45 31 69 44 288 49 31 38 58 128 44 75
internal_value=-0.00161111 0.0087963 -0.0112179 0.00571625 -0.0185 -0.014375 -0.00578358 -0.00260417 -0.00755814 0.000333333 -0.02125
internal_weight=900 432 468 363 200 80 268 96 172 75 120
internal_count=900 432 468 363 200 80 268 96 172 75 120
is_linear=0
shrinkage=0.05


Tree=32
num_leaves=12
num_cat=0
split_feature=0 0 1 1 0 0 1 0 1 0 0
split_gain=32.9812 9.25697 4.93652 2.77892 1.7316 0.859812 0.475155 0.53125 0.524845 0.467222 0.328205
threshold=3.968099916751028 4.3513112372189253 3.8146702394456362 4.0276114911723964 3.9892399059968171 4.1609562982089798 3.8648207582108625 3.827961421088713 3.9083353504977829 3.6709364567153644 4.4283871272806747
decision_type=2 2 2 2 2 2 2 2 2 2 2
left_child=2 3 9 4 -2 -5 7 -4 -8 -1 -3
right_child=1 10 6 5 -6 -7 8 -9 -10 -11 -12
leaf_value=-0.0052838888791389097 0.00010398224685834734 0.0016639694690358644 -0.0011781356355182737 0.00045709002939924308 -0.0010645803171559054 0.00089481349768136828 -0.00036599402008784536 -0.0030938142386617521 -0.0009769045519424592 -0.0033407366445295187 0.016570995402573008
leaf_weight=45 33 30 36 235 44 138 56 32 128 75 48
leaf_count=45 33 30 36 235 44 138 56 32 128 75 48
internal_value=-0.0015 0.00653409 -0.0129032 0.00377778 -0.00487013 0.005563 -0.00892857 -0.0125 -0.0076087 -0.02125 0.0224359
internal_weight=900 528 372 450 77 373 252 68 184 120 78
internal_count=900 528 372 450 77 373 252 68 184 120 78
is_linear=0
shrinkage=0.05


Tree=33
num_leaves=12
num_cat=0
split_feature=0 0 1 1 1 1 1 1 0 0 0
split_gain=30.8703 9.36755 4.12985 2.22932 0.804255 0.635093 0.529417 0.563612 0.53125 0.328205 0.222222
threshold=3.968099916751028 4.3513112372189253 3.8146702394456362 4.0855241124350217 4.2952880899161556 4.0045214277598458 3.8648207582108625 3.937007846393735 3.827961421088713 4.4283871272806747 3.6709364567153644
decision_type=2 2 2 2 2 2 2 2 2 2 2
left_child=2 3 10 5 -5 -2 8 -8 -4 -3 -1
right_child=1 9 6 4 -6 -7 7 -9 -10 -11 -12
leaf_value=-0.0050196944351819546 -0.00047273086309063128 0.0015807709955840911 -0.0011192288537423601 0.00069468675863253453 0.00014379025162643001 3.8764005151303853e-05 -0.00034769431908344696 -0.0011543097502592305 -0.0029391235267286712 0.015742445632444379 -0.0031736998123030437
leaf_weight=45 38 30 36 240 42 130 96 88 32 48 75
leaf_count=45 38 30 36 240 42 130 96 88 32 48 75
internal_value=-0.00133333 0.00643939 -0.0123656 0.00366667 0.00638298 -0.000892857 -0.00873016 -0.00733696 -0.0125 0.0224359 -0.02
internal_weight=900 528 372 450 282 168 252 184 68 78 120
internal_count=900 528 372 450 282 168 252 184 68 78 120
is_linear=0
shrinkage=0.05


Tree=34
num_leaves=12
num_cat=0
split_feature=0 0 1 1 1 1 1 1 0 0 0
split_gain=30.2516 9.59068 4.12985 2.01731 0.717376 0.635093 0.529417 0.563612 0.53125 0.328205 0.222222
threshold=3.968099916751028 4.3513112372189253 3.8146702394456362 4.0855241124350217 4.2952880899161556 4.0045214277598458 3.8648207582108625 3.937007846393735 3.827961421088713 4.4283871272806747 3.6709364567153644
decision_type=2 2 2 2 2 2 2 2 2 2 2
left_child=2 3 10 5 -5 -2 8 -8 -4 -3 -1
right_child=1 9 6 4 -6 -7 7 -9 -10 -11 -12
leaf_value=-0.004768709713422848 -0.00044909431993611637 0.0015017324458048709 -0.0010632674110552466 0.00065995242070091562 0.00013660073904511182 3.6825804893725333e-05 -0.00033030960312926407 -0.0010965942627462865 -0.0027921673503922273 0.014955323350822169 -0.0030150148216878895
leaf_weight=45 38 30 36 240 42 130 96 88 32 48 75
leaf_count=45 38 30 36 240 42 130 96 88 32 48 75
internal_value=-0.00144444 0.00625 -0.0123656 0.00344444 0.00602837 -0.000892857 -0.00873016 -0.00733696 -0.0125 0.0224359 -0.02
internal_weight=900 528 372 450 282 168 252 184 68 78 120
internal_count=900 528 372 450 282 168 252 184 68 78 120
is_linear=0
shrinkage=0.05


Tree=35
num_leaves=12
num_cat=0
split_feature=0 0 1 1 0 1 1 1 0 0 1
split_gain=27.3936 9.60728 4.10082 1.81282 0.872431 0.629397 0.356356 0.795496 0.552288 0.209715 0.134546
threshold=3.968099916751028 4.36813428881851 3.8146702394456362 4.0855241124350217 3.9892399059968171 4.3460091634750144 3.8648207582108625 3.937007846393735 3.8216435327351062 3.7502216489536226 3.6564178631333504
decision_type=2 2 2 2 2 2 2 2 2 2 2
left_child=2 3 9 4 -2 -5 8 -8 -4 10 -1
right_child=1 -3 6 5 -6 -7 7 -9 -10 -11 -12
leaf_value=-0.0052735739504232056 0.00016228678291736466 0.0086914810953294015 -0.0013516222738437667 0.00062695479966585761 -8.3179245442766003e-05 -7.3462049932082607e-06 -0.00031379412297281032 -0.0010417645496089811 -0.0019494783631166857 -0.0024592750354085926 -0.0030871622844015124
leaf_weight=32 35 69 32 260 133 31 96 88 36 37 51
leaf_count=32 35 69 32 260 133 31 96 88 36 37 51
internal_value=-0.00116667 0.0061553 -0.0115591 0.00354031 -0.000595238 0.00592784 -0.00793651 -0.00679348 -0.0110294 -0.0191667 -0.0177711
internal_weight=900 528 372 459 168 291 252 184 68 120 83
internal_count=900 528 372 459 168 291 252 184 68 120 83
is_linear=0
shrinkage=0.05


Tree=36
num_leaves=12
num_cat=0
split_feature=0 0 1 0 0 0 1 1 0 0 1
split_gain=25.2637 8.78143 4.247 1.76419 1.6609 0.344729 0.335128 0.808595 0.497016 0.209715 0.134546
threshold=3.968099916751028 4.4089046101418274 3.8146702394456362 4.1635154313803033 4.1353188906455705 4.2969935660958924 3.937007846393735 3.8723429267394551 3.9314096664125278 3.7502216489536226 3.6564178631333504
decision_type=2 2 2 2 2 2 2 2 2 2 2
left_child=2 3 9 4 -2 -5 7 -4 -8 10 -1
right_child=1 -3 6 5 -6 -7 8 -9 -10 -11 -12
leaf_value=-0.0050098952529020529 0.0001533465947118007 0.011266130978551205 -0.001291232458367353 0.0008556845095320176 -0.00041494710276774872 0.00043061596513147563 -0.002597141466006603 -0.00030651257077940475 -0.00071216403257006182 -0.0023363112836381596 -0.0029328041701814469
leaf_weight=32 285 57 80 108 30 48 31 84 57 37 51
leaf_count=32 285 57 80 108 30 48 31 84 57 37 51
internal_value=-0.00144444 0.00558712 -0.0114247 0.00334395 0.00119048 0.00769231 -0.0077381 -0.00640244 -0.0102273 -0.0191667 -0.0177711
internal_weight=900 528 372 471 315 156 252 164 88 120 83
internal_count=900 528 372 471 315 156 252 164 88 120 83
is_linear=0
shrinkage=0.05


Tree=37
num_leaves=12
num_cat=0
split_feature=0 0 1 0 0 1 1 0 0 0 1
split_gain=23.1505 8.14182 3.92878 1.85138 1.16324 0.450498 0.659075 0.497016 0.344729 0.336221 0.292353
threshold=3.968099916751028 4.4089046101418274 3.8146702394456362 4.1635154313803033 4.1353188906455705 3.937007846393735 3.8648207582108625 3.9314096664125278 4.2969935660958924 3.7502216489536226 3.6564178631333504
decision_type=2 2 2 2 2 2 2 2 2 2 2
left_child=2 3 9 4 -2 6 -4 -7 -5 10 -1
right_child=1 -3 5 8 -6 7 -8 -9 -10 -11 -12
leaf_value=-0.0047594004902569605 0.00014567926497619511 0.010702824429623626 -0.0013829936905929265 0.00081290028405540677 -0.00039419974762935352 -0.0024672843927062704 -0.0002581607910954853 -0.00067655583094157208 0.00040908516687492296 -0.0022194957194562547 -0.0027861639616723723
leaf_weight=32 285 57 68 108 30 31 96 57 48 37 51
leaf_count=32 285 57 68 108 30 31 96 57 48 37 51
internal_value=-0.00133333 0.00539773 -0.0108871 0.00323779 0.00103175 -0.00734127 -0.00579268 -0.0102273 0.00769231 -0.0183333 -0.0165663
internal_weight=900 528 372 471 315 252 164 88 156 120 83
internal_count=900 528 372 471 315 252 164 88 156 120 83
is_linear=0
shrinkage=0.05


Tree=38
num_leaves=12
num_cat=0
split_feature=0 0 1 0 0 1 1 0 0 1 0
split_gain=21.2376 7.21801 3.92859 2.00011 1.16324 0.462002 0.400641 0.314098 0.200384 0.127604 0.228438
threshold=3.968099916751028 4.4885659528608528 3.8165800042652074 4.1635154313803033 4.1353188906455705 3.937007846393735 3.8648207582108625 3.9314096664125278 4.2013276435693703 3.6564178631333504 3.7502216489536226
decision_type=2 2 2 2 2 2 2 2 2 2 2
left_child=2 3 9 4 -2 6 -4 -7 -5 -1 -11
right_child=1 -3 5 8 -6 7 -8 -9 -10 10 -12
leaf_value=-0.0045214304657441142 0.0001383953017273676 0.017799271190320189 -0.0013138440060632807 0.0010568843267194873 -0.00037448976024789804 -0.0023439201730709684 -0.00024525275154070326 -0.00064272803939449121 0.00064639143076412615 -0.002691159919467956 -0.0020970828021510401
leaf_weight=32 285 42 60 39 30 31 96 57 132 52 44
leaf_count=32 285 42 60 39 30 31 96 57 132 52 44
internal_value=-0.00133333 0.00511364 -0.0104839 0.00339506 0.00103175 -0.0067623 -0.00512821 -0.00965909 0.00774854 -0.0175781 -0.0166667
internal_weight=900 528 372 486 315 244 156 88 171 128 96
internal_count=900 528 372 486 315 244 156 88 171 128 96
is_linear=0
shrinkage=0.05


Tree=39
num_leaves=12
num_cat=0
split_feature=0 0 1 0 0 0 0 1 0 0 1
split_gain=20.9001 6.30224 5.13224 1.19575 1.55323 0.603311 0.9 0.462002 0.200384 0.132831 0.243705
threshold=4.0240730372929656 4.4885659528608528 3.8165800042652074 4.1635154313803033 4.1228702126846803 3.968099916751028 3.9892399059968171 3.937007846393735 4.2013276435693703 3.6709364567153644 3.7723963470686841
decision_type=2 2 2 2 2 2 2 2 2 2 2
left_child=2 3 9 4 -2 7 -7 -4 -5 -1 -11
right_child=1 -3 5 8 -6 6 -8 -9 -10 10 -12
leaf_value=-0.0036268272861916585 0.00050502228729536473 0.016909307630804182 -0.00062454631688386726 0.0010040401103835084 -0.00037276572985684987 0.00012359519107543182 -0.00031005627969973306 -0.00087483457442971702 0.00061407185922592868 -0.0033958770217657587 -0.0014289208914082365
leaf_weight=45 174 42 156 39 45 36 60 88 132 47 36
leaf_count=45 174 42 156 39 45 36 60 88 132 47 36
internal_value=-0.00133333 0.00659722 -0.00865385 0.00461538 0.00216895 -0.00544118 -0.00208333 -0.0067623 0.00774854 -0.0171875 -0.0183735
internal_weight=900 432 468 390 219 340 96 244 171 128 83
internal_count=900 432 468 390 219 340 96 244 171 128 83
is_linear=0
shrinkage=0.05


Tree=40
num_leaves=12
num_cat=0
split_feature=0 0 1 1 0 0 1 1 0 0 1
split_gain=20.0081 7.35615 3.38155 2.01693 0.747352 0.532477 0.462002 0.400641 0.314098 0.234741 0.243705
threshold=3.968099916751028 4.4885659528608528 3.8165800042652074 4.0868491646627332 4.0526544287461599 4.1635154313803033 3.937007846393735 3.8648207582108625 3.9314096664125278 3.6709364567153644 3.7723963470686841
decision_type=2 2 2 2 2 2 2 2 2 2 2
left_child=2 3 9 4 -2 -5 7 -4 -8 -1 -11
right_child=1 -3 6 5 -6 -7 8 -9 -10 10 -12
leaf_value=-0.0034454859218820745 7.7955615450653326e-06 0.016063842249263962 -0.0012169244899159161 0.00030990948492548576 -0.00037674234091351623 0.00066024767453125581 -0.0021829824356959459 -0.00020176279811947586 -0.00056684990870330414 -0.0032260831706774741 -0.0013574748468378251
leaf_weight=45 142 42 60 143 30 171 31 96 57 47 36
leaf_count=45 142 42 60 143 30 171 31 96 57 47 36
internal_value=-0.00133333 0.00492424 -0.0102151 0.0031893 -0.00116279 0.00557325 -0.0067623 -0.00512821 -0.00965909 -0.0167969 -0.0183735
internal_weight=900 528 372 486 172 314 244 156 88 128 83
internal_count=900 528 372 486 172 314 244 156 88 128 83
is_linear=0
shrinkage=0.05


Tree=41
num_leaves=12
num_cat=0
split_feature=0 0 1 1 0 0 1 1 0 1 0
split_gain=18.2326 6.9823 3.00427 1.91468 1.4816 0.769756 0.353395 0.400641 0.292512 0.412088 0.172969
threshold=3.968099916751028 4.4947843648734374 3.8165800042652074 4.0276114911723964 3.9892399059968171 4.1635154313803033 3.937007846393735 3.8648207582108625 3.7502216489536226 3.6564178631333504 3.9314096664125278
decision_type=2 2 2 2 2 2 2 2 2 2 2
left_child=2 3 8 4 -2 -5 7 -4 9 -1 -8
right_child=1 -3 6 5 -6 -7 10 -9 -10 -11 -12
leaf_value=-0.0039417432820532342 0.00010831945881912831 0.016197039106222146 -0.001156078265420113 0.00029249596324343319 -0.00099279447686448927 0.00058993133852336399 -0.0020738333139111555 -0.00019167465821350317 -0.0017308175619329957 -0.0022142450884816366 -0.00053850741326813003
leaf_weight=32 33 39 60 238 44 174 31 96 44 52 57
leaf_count=32 33 39 60 238 44 174 31 96 44 52 57
internal_value=-0.00133333 0.00464015 -0.00981183 0.00301636 -0.00422078 0.00436893 -0.00655738 -0.00512821 -0.0160156 -0.0142857 -0.00909091
internal_weight=900 528 372 489 77 412 244 156 128 84 88
internal_count=900 528 372 489 77 412 244 156 128 84 88
is_linear=0
shrinkage=0.05


Tree=42
num_leaves=12
num_cat=0
split_feature=0 0 1 0 0 0 1 1 0 0 1
split_gain=16.8479 5.79882 4.6349 0.864107 1.46875 0.61229 0.425431 0.388071 0.365922 0.292512 0.412088
threshold=4.0240730372929656 4.5169138319226647 3.8165800042652074 4.1635154313803033 4.1228702126846803 3.8512251725050004 3.9843139112300925 3.8520298443014949 4.2057073670523666 3.7502216489536226 3.6564178631333504
decision_type=2 2 2 2 2 2 2 2 2 2 2
left_child=2 3 9 4 -2 7 -7 -4 -5 10 -1
right_child=1 -3 5 8 -6 6 -8 -9 -10 -11 -12
leaf_value=-0.0037446561179505624 0.0004572037486066716 0.016524098066285787 -0.00094138077029943818 0.00091420472133558757 -0.00038424771577245665 -0.0005672591148385475 -4.5265977424446828e-05 -0.0013192632374963154 0.00033877638471979665 -0.0016442766838363433 -0.0021035328340575643
leaf_weight=32 174 36 39 42 45 177 94 30 135 44 52
leaf_count=32 174 36 39 42 45 177 94 30 135 44 52
internal_value=-0.00133333 0.00578704 -0.00790598 0.0040404 0.00194064 -0.00485294 -0.00378229 -0.00905797 0.00663842 -0.0160156 -0.0142857
internal_weight=900 432 468 396 219 340 271 69 177 128 84
internal_count=900 432 468 396 219 340 271 69 177 128 84
is_linear=0
shrinkage=0.05


Tree=43
num_leaves=12
num_cat=0
split_feature=0 0 1 0 0 0 0 0 0 1 1
split_gain=14.7137 6.22273 3.8361 1.64509 1.01086 0.409972 0.347603 0.602199 0.292512 0.412088 0.235897
threshold=3.968099916751028 4.5408629285696618 3.8165800042652074 4.1635154313803033 4.1353188906455705 4.2057073670523666 3.8512251725050004 3.9363049917898327 3.7502216489536226 3.6564178631333504 3.8520298443014949
decision_type=2 2 2 2 2 2 2 2 2 2 2
left_child=2 3 8 4 -2 -5 10 -8 9 -1 -4
right_child=1 -3 6 5 -6 -7 7 -9 -10 -11 -12
leaf_value=-0.0035574233120530432 0.00010347685418885533 0.020202657243019086 -0.00089431173178446957 0.00086849448526880044 -0.00034803487236245712 0.00037023523595007828 -0.00030930097303061288 -0.00060571025766289479 -0.0015620628496445189 -0.0019983561923546779 -0.0012533000756214997
leaf_weight=32 285 33 39 42 30 138 123 52 44 52 30
leaf_count=32 285 33 39 42 30 138 123 52 44 52 30
internal_value=-0.00138889 0.00397727 -0.00900538 0.00257576 0.000396825 0.00638889 -0.00532787 -0.00414286 -0.0160156 -0.0142857 -0.00833333
internal_weight=900 528 372 495 315 180 244 175 128 84 69
internal_count=900 528 372 495 315 180 244 175 128 84 69
is_linear=0
shrinkage=0.05


Tree=44
num_leaves=11
num_cat=0
split_feature=0 0 0 0 0 1 0 1 0 0
split_gain=13.2514 5.66388 4.88324 0.931653 1.27854 0.784143 0.25521 0.170908 0.138752 0.309524
threshold=4.0240730372929656 4.5408629285696618 3.782070617619699 4.1635154313803033 4.1353188906455705 3.839906603429494 4.2057073670523666 3.9843139112300925 3.7446853734166301 3.6316900394282885
decision_type=2 2 2 2 2 2 2 2 2 2
left_child=2 3 8 4 -2 -4 -5 -7 9 -1
right_child=1 -3 5 6 -6 7 -8 -9 -10 -11
leaf_value=-0.0041543767657435948 0.00033744067213281603 0.019192524380868117 -0.00088727360792741907 0.00082506976100538143 -0.00033063312874432872 -0.00048818234221239545 0.00035172347415257654 -8.565905566939592e-05 -0.0019664087817435451 -0.0020567483192603822
leaf_weight=32 189 33 36 42 30 220 138 96 32 52
leaf_count=32 189 33 36 42 30 220 138 96 32 52
internal_value=-0.00122222 0.00509259 -0.00705128 0.00344612 0.00125571 -0.00411932 0.00611111 -0.00332278 -0.0159483 -0.014881
internal_weight=900 432 468 399 219 352 180 316 116 84
internal_count=900 432 468 399 219 352 180 316 116 84
is_linear=0
shrinkage=0.05


Tree=45
num_leaves=9
num_cat=0
split_feature=1 0 0 1 1 1 1 0
split_gain=12.2094 7.43348 2.66334 0.88125 0.661215 0.319561 0.260417 0.255208
threshold=3.8648207582108625 4.5408629285696618 4.0735405987732785 3.8165800042652074 4.1569010731057867 4.072049693310448 3.6564178631333504 3.7591993672345478
decision_type=2 2 2 2 2 2 2 2
left_child=3 2 5 6 -4 -2 -1 -8
right_child=1 -3 4 -5 -6 -7 7 -9
leaf_value=-0.003171833308163197 -0.00010775981425306115 0.018232898161824718 7.3062485746300251e-05 -0.0010060589202896542 0.00045535300589927274 -0.00034395211990707609 -0.0017956009667739249 -0.0012657981692897225
leaf_weight=32 325 33 99 60 210 45 64 32
leaf_count=32 325 33 99 60 210 45 64 32
internal_value=-0.00116667 0.00182584 0.000699558 -0.0125 0.00412621 -0.00216216 -0.0148438 -0.0135417
internal_weight=900 712 679 188 309 370 128 96
internal_count=900 712 679 188 309 370 128 96
is_linear=0
shrinkage=0.05


Tree=46
num_leaves=10
num_cat=0
split_feature=1 0 0 0 0 1 1 1 0
split_gain=11.2951 6.89207 2.08754 0.960846 0.701902 0.44445 0.341806 0.228571 0.205431
threshold=3.8648207582108625 4.6190744389114418 4.0735405987732785 3.782070617619699 3.827961421088713 4.1569010731057867 4.072049693310448 3.6564178631333504 3.7446853734166301
decision_type=2 2 2 2 2 2 2 2 2
left_child=3 2 6 7 -5 -4 -2 -1 -9
right_child=1 -3 5 4 -6 -7 -8 8 -10
leaf_value=-0.003013241642755027 -0.00010237182354040365 0.019693601562296693 6.9409361459005223e-05 -6.1760933296772796e-05 -0.0019726343046439056 0.00042016614638082931 -0.00032675451391170899 -0.0016727755879467844 -0.0017788763741790614
leaf_weight=32 325 30 99 42 34 213 45 49 31
leaf_count=32 325 30 99 42 34 213 45 49 31
internal_value=-0.00133333 0.00154494 0.000513196 -0.012234 -0.00789474 0.00352564 -0.00202703 -0.0151786 -0.01375
internal_weight=900 712 682 188 76 312 370 112 80
internal_count=900 712 682 188 76 312 370 112 80
is_linear=0
shrinkage=0.05


Tree=47
num_leaves=10
num_cat=0
split_feature=0 0 1 0 1 0 0 0 0
split_gain=9.91619 5.10187 2.05269 1.33797 1.11205 0.79241 0.208333 0.11343 0.0432117
threshold=3.8512251725050004 4.6190744389114418 4.0276114911723964 3.782070617619699 4.4623081335538872 3.9892399059968171 3.827961421088713 3.7325900690182929 3.6626472985431784
decision_type=2 2 2 2 2 2 2 2 2
left_child=3 2 5 7 -4 -2 -5 8 -1
right_child=1 -3 4 6 -6 -7 -8 -9 -10
leaf_value=-0.0027205357316530511 -0.00024733260835847483 0.01870892148418184 0.00041364051184906715 -7.9402203116341058e-05 -0.00039416965855858526 -0.00093127576218638992 -0.0016406943840081901 -0.001525285727339032 -0.0022083873445144066
leaf_weight=44 206 30 392 48 32 44 32 40 32
leaf_count=44 206 30 392 48 32 44 32 40 32
internal_value=-0.00127778 0.00149148 0.000593472 -0.0112245 0.00271226 -0.003 -0.00625 -0.0146552 -0.0157895
internal_weight=900 704 674 196 424 250 80 116 76
internal_count=900 704 674 196 424 250 80 116 76
is_linear=0
shrinkage=0.05


Tree=48
num_leaves=9
num_cat=0
split_feature=1 0 0 1 1 1 0 0
split_gain=9.32447 5.03698 1.59386 0.782695 0.438272 0.394477 0.372608 0.194485
threshold=3.8648207582108625 4.6190744389114418 4.0735405987732785 3.778143011685172 4.072049693310448 4.1569010731057867 3.827961421088713 3.6709364567153644
decision_type=2 2 2 2 2 2 2 2
left_child=3 2 4 7 -2 -4 -5 -1
right_child=1 -3 5 6 -6 -7 -8 -9
leaf_value=-0.0023052384318171804 -0.00011793525795584793 0.017773475409972761 4.5256867793597169e-05 -0.00037907745483068967 -0.00029082799679192028 0.00037847581346932562 -0.0018268019146025494 -0.0021248553059453057
leaf_weight=45 325 30 99 58 45 213 34 51
leaf_count=45 325 30 99 58 45 213 34 51
internal_value=-0.001 0.00161517 0.000733138 -0.0109043 -0.00148649 0.00336538 -0.0076087 -0.0140625
internal_weight=900 712 682 188 370 312 92 96
internal_count=900 712 682 188 370 312 92 96
is_linear=0
shrinkage=0.05


Tree=49
num_leaves=8
num_cat=0
split_feature=1 0 0 1 1 0 0
split_gain=8.73995 3.69889 1.75262 0.57873 0.394686 0.194485 0.190556
threshold=3.839906603429494 4.6190744389114418 4.0258215881804462 4.0868491646627332 3.778143011685172 3.6709364567153644 3.968099916751028
decision_type=2 2 2 2 2 2 2
left_child=4 2 6 -4 5 -1 -2
right_child=1 -3 3 -5 -6 -7 -8
leaf_value=-0.0021899765102263214 -0.00047664003151361991 0.016884801639474124 -8.6427714008685541e-05 0.00032866197075989147 -0.00068077535209696291 -0.0020186125406480349 -3.4135744931340643e-05
leaf_weight=45 224 30 74 324 52 51 100
leaf_count=45 224 30 74 324 52 51 100
internal_value=-0.00105556 0.00113032 0.000415512 0.00263819 -0.0121622 -0.0140625 -0.00231481
internal_weight=900 752 722 398 148 96 324
internal_count=900 752 722 398 148 96 324
is_linear=0
shrinkage=0.05


Tree=50
num_leaves=8
num_cat=0
split_feature=0 0 1 1 0 0 1
split_gain=8.14004 3.82308 1.97806 1.14153 0.723214 0.118704 0.336479
threshold=3.782070617619699 4.6190744389114418 4.0045214277598458 4.4623081335538872 3.9474798436206497 3.6709364567153644 3.75613937431894
decision_type=2 2 2 2 2 2 2
left_child=5 2 4 -4 -2 -1 -7
right_child=1 -3 3 -5 -6 6 -8
leaf_value=-0.0021325803369963816 -0.00044765211878512458 0.016040561557500423 0.00027643748773988899 -0.00041509809335300575 -0.00045449826266432682 -0.0023187716535021385 -0.00092271519479680819
leaf_weight=48 224 30 433 33 64 31 37
leaf_count=48 224 30 433 33 64 31 37
internal_value=-0.001 0.000829082 0.000132626 0.00214592 -0.003125 -0.0133621 -0.0147059
internal_weight=900 784 754 466 288 116 68
internal_count=900 784 754 466 288 116 68
is_linear=0
shrinkage=0.05


Tree=51
num_leaves=8
num_cat=0
split_feature=0 0 0 0 1 0 1
split_gain=7.72418 3.79527 1.71296 0.729293 0.609288 0.207066 0.336479
threshold=3.782070617619699 4.6190744389114418 3.968099916751028 3.9426830167682665 4.4623081335538872 3.6709364567153644 3.75613937431894
decision_type=2 2 2 2 2 2 2
left_child=5 2 3 -2 -4 -1 -7
right_child=1 -3 4 -5 -6 6 -8
leaf_value=-0.0020259513201465683 -0.0004304254239986705 0.015238533479625406 0.00016579288174343177 -0.00053792408258557245 -0.00038906316017444102 -0.0022028330708270261 -0.00087657943505696783
leaf_weight=48 220 30 468 36 30 31 37
leaf_count=48 220 30 468 36 30 31 37
internal_value=-0.000888889 0.000892857 0.000198939 -0.003125 0.00190763 -0.012931 -0.0147059
internal_weight=900 784 754 256 498 116 68
internal_count=900 784 754 256 498 116 68
is_linear=0
shrinkage=0.05


Tree=52
num_leaves=8
num_cat=0
split_feature=0 1 0 1 0 0 1
split_gain=6.97644 3.90711 1.63803 0.643426 0.172696 0.142157 0.477576
threshold=3.782070617619699 4.7502404742959294 4.0240730372929656 4.4467957600705583 3.9892399059968171 3.6709364567153644 3.75613937431894
decision_type=2 2 2 2 2 2 2
left_child=5 2 4 -4 -2 -1 -7
right_child=1 -3 3 -5 -6 6 -8
leaf_value=-0.0019246537541392494 -0.00031502098683875438 0.014476606805644155 0.00030746105057561924 -0.00030085692816732572 -0.0002013687093343819 -0.002092691417285675 -0.00083275046330411051
leaf_weight=48 292 30 370 32 60 31 37
leaf_count=48 292 30 370 32 60 31 37
internal_value=-0.00105556 0.000637755 -6.6313e-05 0.00211443 -0.00255682 -0.0125 -0.0139706
internal_weight=900 784 754 402 352 116 68
internal_count=900 784 754 402 352 116 68
is_linear=0
shrinkage=0.05


Tree=53
num_leaves=9
num_cat=0
split_feature=0 0 0 0 0 1 0 1
split_gain=6.97644 2.78435 1.25618 0.999264 1.30595 0.567522 0.142157 0.477576
threshold=3.782070617619699 4.1635154313803033 4.6190744389114418 4.1228702126846803 4.0918165871039038 4.2582490042498744 3.6709364567153644 3.75613937431894
decision_type=2 2 2 2 2 2 2 2
left_child=6 3 5 4 -2 -3 -1 -8
right_child=1 2 -4 -5 -6 -7 7 -9
leaf_value=-0.0018284210664322954 -0.00012650812039320948 7.5391702199434366e-05 0.01375277646536195 -0.00044242080831145006 0.00064832090240847246 0.00065140541884773924 -0.0019880568464213824 -0.00079111294013891611
leaf_weight=48 478 76 30 45 48 107 31 37
leaf_count=48 478 76 30 45 48 107 31 37
internal_value=-0.00105556 0.000637755 0.00551643 -0.00118214 -0.000570342 0.00396175 -0.0125 -0.0139706
internal_weight=900 784 213 571 526 183 116 68
internal_count=900 784 213 571 526 183 116 68
is_linear=0
shrinkage=0.05


Tree=54
num_leaves=8
num_cat=0
split_feature=0 0 0 1 0 0 1
split_gain=6.37804 2.55172 1.26263 0.873978 0.826015 0.0900298 0.32113
threshold=3.7791429136947654 4.6190744389114418 3.968099916751028 4.4623081335538872 3.9426830167682665 3.6709364567153644 3.75613937431894
decision_type=2 2 2 2 2 2 2
left_child=5 2 4 -4 -2 -1 -7
right_child=1 -3 3 -5 -6 6 -8
leaf_value=-0.0017370000131106901 -0.0003868276974371199 0.013065137642093872 0.00014040490559028563 -0.00040589527938221797 -0.00048895142309466342 -0.0018886540041003208 -0.00097704029543101991
leaf_weight=48 224 30 468 30 36 31 33
leaf_count=48 224 30 468 30 36 31 33
internal_value=-0.000888889 0.00069797 0.000131926 0.00160643 -0.00269231 -0.0120536 -0.0132813
internal_weight=900 788 758 498 260 112 64
internal_count=900 788 758 498 260 112 64
is_linear=0
shrinkage=0.05


Tree=55
num_leaves=7
num_cat=0
split_feature=0 1 1 1 0 1
split_gain=5.75693 2.6201 1.32071 1.33818 0.167411 0.32113
threshold=3.7791429136947654 4.7502404742959294 4.4623081335538872 4.0276114911723964 3.6709364567153644 3.75613937431894
decision_type=2 2 2 2 2 2
left_child=4 2 3 -2 -1 -6
right_child=1 -3 -4 -5 5 -7
leaf_value=-0.0016501500124551538 -0.00033063117834228887 0.012411880759989159 -0.00045056574841493283 0.00029418640873566385 -0.0017942213038953049 -0.00092818828065945882
leaf_weight=48 332 30 33 393 31 33
leaf_count=48 332 30 33 393 31 33
internal_value=-0.001 0.000507614 -6.59631e-05 0.00037931 -0.0116071 -0.0132813
internal_weight=900 788 758 725 112 64
internal_count=900 788 758 725 112 64
is_linear=0
shrinkage=0.05


Tree=56
num_leaves=6
num_cat=0
split_feature=0 1 1 1 0
split_gain=4.82854 2.66619 1.28533 1.20809 0.164835
threshold=3.7791429136947654 4.7502404742959294 4.4623081335538872 4.0868491646627332 3.7076553657838471
decision_type=2 2 2 2 2
left_child=4 2 3 -2 -1
right_child=1 -3 -4 -5 -6
leaf_value=-0.0019368542017684787 -0.00015989787959496128 0.011791286721989681 -0.0004280374609941795 0.00031601944592027923 -0.0011121162815556419
leaf_weight=60 427 30 33 298 52
leaf_count=60 427 30 33 298 52
internal_value=-0.001 0.000380711 -0.000197889 0.000241379 -0.0107143
internal_weight=900 788 758 725 112
internal_count=900 788 758 725 112
is_linear=0
shrinkage=0.05


Tree=57
num_leaves=8
num_cat=0
split_feature=0 0 1 1 0 1 0
split_gain=3.68478 2.12576 1.57542 1.03064 0.405339 0.243056 0.544444
threshold=3.7791429136947654 4.3825733378609755 4.3706919894034266 4.0045214277598458 4.6190744389114418 3.6764169149252113 3.7380996876836474
decision_type=2 2 2 2 2 2 2
left_child=5 2 3 -2 -3 -1 -7
right_child=1 4 -4 -5 -6 6 -8
leaf_value=-0.0016979676627158159 -0.00034022752394252676 0.00026037196274719676 -0.00094768202355601796 0.00017513471853565222 0.01120172238589019 -0.00087223487285512666 -0.0012487171847942792
leaf_weight=40 292 33 30 403 30 40 32
leaf_count=40 292 33 30 403 30 40 32
internal_value=-0.000888889 0.000317259 -0.000448276 3.59712e-05 0.00912698 -0.009375 -0.00763889
internal_weight=900 788 725 695 63 112 72
internal_count=900 788 725 695 63 112 72
is_linear=0
shrinkage=0.05


Tree=58
num_leaves=8
num_cat=0
split_feature=0 0 1 1 0 1 0
split_gain=3.68478 2.12576 1.57542 0.880508 0.405339 0.243056 0.544444
threshold=3.7791429136947654 4.3825733378609755 4.3706919894034266 4.0045214277598458 4.6190744389114418 3.6764169149252113 3.7380996876836474
decision_type=2 2 2 2 2 2 2
left_child=5 2 3 -2 -3 -1 -7
right_child=1 4 -4 -5 -6 6 -8
leaf_value=-0.0016130692795800262 -0.00032321614774540877 0.00024735336460981474 -0.0009002979223782237 0.00016637798260887848 0.010641636266595667 -0.00082862312921236922 -0.0011862813255545724
leaf_weight=40 292 33 30 403 30 40 32
leaf_count=40 292 33 30 403 30 40 32
internal_value=-0.000888889 0.000317259 -0.000448276 3.59712e-05 0.00912698 -0.009375 -0.00763889
internal_weight=900 788 725 695 63 112 72
internal_count=900 788 725 695 63 112 72
is_linear=0
shrinkage=0.05


Tree=59
num_leaves=8
num_cat=0
split_feature=0 0 1 1 0 1 0
split_gain=3.73319 2.09525 1.59485 0.862047 0.405339 0.243056 0.544444
threshold=3.7791429136947654 4.3825733378609755 4.3706919894034266 3.9680260156826521 4.6190744389114418 3.6764169149252113 3.7380996876836474
decision_type=2 2 2 2 2 2 2
left_child=5 2 3 -2 -3 -1 -7
right_child=1 4 -4 -5 -6 6 -8
leaf_value=-0.0015324158156010182 -0.00035116245404930306 0.00023498569637934175 -0.00085528302625932368 0.00010261625083747284 0.01010955445326589 -0.00078719197275174408 -0.0011269672592768454
leaf_weight=40 228 33 30 467 30 40 32
leaf_count=40 228 33 30 467 30 40 32
internal_value=-0.000833333 0.000380711 -0.00037931 0.000107914 0.00912698 -0.009375 -0.00763889
internal_weight=900 788 725 695 63 112 72
internal_count=900 788 725 695 63 112 72
is_linear=0
shrinkage=0.05


Tree=60
num_leaves=9
num_cat=0
split_feature=0 0 0 0 0 1 1 0
split_gain=3.73319 1.83286 1.02543 0.749203 0.681132 0.320854 0.243056 0.544444
threshold=3.7791429136947654 4.1635154313803033 4.1228702126846803 4.6190744389114418 4.0918165871039038 4.2582490042498744 3.6764169149252113 3.7380996876836474
decision_type=2 2 2 2 2 2 2 2
left_child=6 2 4 5 -2 -3 -1 -8
right_child=1 3 -4 -5 -6 -7 7 -9
leaf_value=-0.0014557950248209606 -0.00012989383618211559 1.1885131478095445e-05 -0.00048003675350725142 0.0096040767306026179 0.0004012086361659506 0.00055909816229400284 -0.00074783237411415462 -0.0010706188963130025
leaf_weight=40 482 76 45 30 48 107 40 32
leaf_count=40 482 76 45 30 48 107 40 32
internal_value=-0.000833333 0.000380711 -0.00108696 0.00434272 -0.000471698 0.00314208 -0.009375 -0.00763889
internal_weight=900 788 575 213 530 183 112 72
internal_count=900 788 575 213 530 183 112 72
is_linear=0
shrinkage=0.05


Tree=61
num_leaves=9
num_cat=0
split_feature=0 0 0 0 0 0 0 1
split_gain=2.99352 1.5296 1.02543 0.681132 0.52429 0.342575 0.420006 0.254157
threshold=3.7791429136947654 4.1635154313803033 4.1228702126846803 4.0918165871039038 4.6190744389114418 3.648160553941056 3.7380996876836474 4.2582490042498744
decision_type=2 2 2 2 2 2 2 2
left_child=5 2 3 -2 7 -1 -7 -3
right_child=1 4 -4 -5 -6 6 -8 -9
leaf_value=-0.0022998737218373534 -0.00012339914437300425 1.1290874904190674e-05 -0.00045603491583188219 0.00038114820435763974 0.0091238728940724826 -0.00053151237087968324 -0.0010170879514973419 0.00053114325417928936
leaf_weight=36 482 76 45 48 30 44 32 107
leaf_count=36 482 76 45 48 30 44 32 107
internal_value=-0.000833333 0.000253807 -0.00108696 -0.000471698 0.00387324 -0.00848214 -0.00657895 0.00286885
internal_weight=900 788 575 530 213 112 76 183
internal_count=900 788 575 530 213 112 76 183
is_linear=0
shrinkage=0.05


Tree=62
num_leaves=8
num_cat=0
split_feature=0 0 1 1 0 0 0
split_gain=2.99352 1.36404 1.60472 0.884546 0.342575 0.420006 0.15
threshold=3.7791429136947654 4.3987493374637685 4.374648465639611 3.9680260156826521 3.648160553941056 3.7380996876836474 4.6190744389114418
decision_type=2 2 2 2 2 2 2
left_child=4 2 3 -2 -1 -6 -3
right_child=1 6 -4 -5 5 -7 -8
leaf_value=-0.0021848800357454844 -0.0003209396823190769 0.00017111730986636432 -0.00083823227214803182 0.0001042831437181313 -0.00050493675233570512 -0.00096623355392247987 0.0086676792493688651
leaf_weight=36 228 30 30 470 44 32 30
leaf_count=36 228 30 30 470 44 32 30
internal_value=-0.000833333 0.000253807 -0.000343407 0.000143266 -0.00848214 -0.00657895 0.0075
internal_weight=900 788 728 698 112 76 60
internal_count=900 788 728 698 112 76 60
is_linear=0
shrinkage=0.05


Tree=63
num_leaves=10
num_cat=0
split_feature=0 0 0 0 1 0 0 0 0
split_gain=2.90718 1.25375 1.02543 0.681132 0.356361 1.05267 0.957803 0.342575 0.420006
threshold=3.7791429136947654 4.1635154313803033 4.1228702126846803 4.0918165871039038 4.2582490042498744 4.2057073670523666 4.2969935660958924 3.648160553941056 3.7380996876836474
decision_type=2 2 2 2 2 2 2 2 2
left_child=7 2 3 -2 5 -3 -6 -1 -9
right_child=1 4 -4 -5 6 -7 -8 8 -10
leaf_value=-0.0020756360339582169 -0.00012244334434026173 0.00057663730130790296 -0.00043844732722622128 0.00035687663695380681 0.0020191005784855331 -0.00040304507622135333 0.00035555250081706905 -0.0004796899147189282 -0.00091792187622635746
leaf_weight=36 482 42 45 48 32 34 105 44 32
leaf_count=36 482 42 45 48 32 34 105 44 32
internal_value=-0.000944444 0.000126904 -0.00108696 -0.000471698 0.00340376 0.000657895 0.00492701 -0.00848214 -0.00657895
internal_weight=900 788 575 530 213 76 137 112 76
internal_count=900 788 575 530 213 76 137 112 76
is_linear=0
shrinkage=0.05


Tree=64
num_leaves=9
num_cat=0
split_feature=1 0 1 0 1 0 1 0
split_gain=2.39329 0.824422 1.24848 0.580612 1.08826 0.521609 0.454964 0.12987
threshold=3.8648207582108625 4.3825733378609755 4.3706919894034266 3.827961421088713 3.778143011685172 3.6709364567153644 3.8861923814826351 4.6190744389114418
decision_type=2 2 2 2 2 2 2 2
left_child=3 2 6 4 5 -1 -2 -3
right_child=1 7 -4 -5 -6 -7 -8 -9
leaf_value=-0.00082690373968272732 0.00041310861377075181 0.00014239085020246734 -0.00079096030588685648 -0.0015060107743505192 0.00016483649452005979 -0.0012189653666892176 7.0126373441947722e-06 0.008216517661859558
leaf_weight=45 32 33 30 34 58 51 587 30
leaf_count=45 32 33 30 34 58 51 587 30
internal_value=-0.000833333 0.000491573 -3.85208e-05 -0.00585106 -0.00454545 -0.0078125 0.000444265 0.00595238
internal_weight=900 712 649 188 154 96 619 63
internal_count=900 712 649 188 154 96 619 63
is_linear=0
shrinkage=0.05


Tree=65
num_leaves=11
num_cat=0
split_feature=1 0 1 0 0 0 1 1 0 0
split_gain=2.14631 0.634011 0.961505 0.690359 0.630951 1.13991 0.578928 0.344436 0.851541 0.758779
threshold=3.8648207582108625 3.827961421088713 3.778143011685172 3.6709364567153644 4.1635154313803033 4.1353188906455705 4.1527323754727083 4.2582490042498744 4.2057073670523666 4.2969935660958924
decision_type=2 2 2 2 2 2 2 2 2 2
left_child=1 2 3 -1 5 6 -2 8 -6 -9
right_child=4 -3 -4 -5 7 -7 -8 9 -10 -11
leaf_value=-0.00078555855269859534 3.8253351524408785e-05 -0.0014307102356330037 0.00015659466979405236 -0.0011580170983547468 0.00054745480437525809 -0.00037637109570720639 -0.0010537229145793469 0.0019177949176940158 -0.00038324345427751542 0.0001400572459517413
leaf_weight=45 439 34 58 51 42 30 30 32 34 105
leaf_count=45 439 34 58 51 42 30 30 32 34 105
internal_value=-0.000833333 -0.00558511 -0.00422078 -0.00729167 0.000421348 -0.000551102 5.33049e-05 0.00269953 0 0.00419708
internal_weight=900 188 154 96 712 499 469 213 76 137
internal_count=900 188 154 96 712 499 469 213 76 137
is_linear=0
shrinkage=0.05


Tree=66
num_leaves=8
num_cat=0
split_feature=0 0 1 1 0 1 0
split_gain=2.00127 0.649451 1.58532 0.694611 0.297619 0.178152 0.0666667
threshold=3.7791429136947654 4.3987493374637685 4.374648465639611 3.9680260156826521 3.6709364567153644 3.75613937431894 4.6190744389114418
decision_type=2 2 2 2 2 2 2
left_child=4 2 3 -2 -1 -6 -3
right_child=1 6 -4 -5 5 -7 -8
leaf_value=-0.00093710507251225654 -0.0002789198298701834 0.00013066141452444668 -0.00076309250934476498 7.4761728956129764e-05 -0.0011944679777564861 -0.00046972285995310341 0.0077986889164689994
leaf_weight=48 228 30 30 470 31 33 30
leaf_count=48 228 30 30 470 31 33 30
internal_value=-0.000888889 0 -0.000412088 7.16332e-05 -0.00714286 -0.009375 0.005
internal_weight=900 788 728 698 112 64 60
internal_count=900 788 728 698 112 64 60
is_linear=0
shrinkage=0.05


Tree=67
num_leaves=10
num_cat=0
split_feature=0 0 0 1 1 0 0 0 1
split_gain=1.96587 0.614179 1.04542 0.496866 0.394194 0.843172 0.671716 0.297619 0.178152
threshold=3.7791429136947654 4.1635154313803033 4.1353188906455705 3.9680260156826521 4.2582490042498744 4.2969935660958924 4.2057073670523666 3.6709364567153644 3.75613937431894
decision_type=2 2 2 2 2 2 2 2 2
left_child=7 2 3 -2 6 -6 -3 -1 -9
right_child=1 4 -4 -5 5 -7 -8 8 -10
leaf_value=-0.00089024981888663479 -0.00026497383837669196 0.00051634397770867764 -0.00036129062736964815 4.5539154712415099e-05 0.0018181670853615107 0.00012652131292791857 -0.0003678193680114461 -0.0011347445788686629 -0.00044623671695545044
leaf_weight=48 228 42 30 317 32 105 34 31 33
leaf_count=48 228 42 30 317 32 105 34 31 33
internal_value=-0.000944444 -6.34518e-05 -0.000913043 -0.000412844 0.00223005 0.00383212 -0.000657895 -0.00714286 -0.009375
internal_weight=900 788 575 545 213 137 76 112 64
internal_count=900 788 575 545 213 137 76 112 64
is_linear=0
shrinkage=0.05


Tree=68
num_leaves=8
num_cat=0
split_feature=0 0 1 1 0 1 1
split_gain=1.72575 0.564606 1.20961 0.520978 0.21503 0.295103 0.141665
threshold=3.7791429136947654 4.3337194451407512 4.2952880899161556 3.9680260156826521 3.6709364567153644 3.75613937431894 4.4623081335538872
decision_type=2 2 2 2 2 2 2
left_child=4 2 3 -2 -1 -6 -3
right_child=1 6 -4 -5 5 -7 -8
leaf_value=-0.00084573732794230867 -0.00025172514645785963 0.00098616166441969368 -0.00082214693509139467 5.9210611399596048e-05 -0.0010780073499252253 -0.00042392488110767348 0.00036552890819323562
leaf_weight=48 228 37 38 435 31 33 50
leaf_count=48 228 37 38 435 31 33 50
internal_value=-0.000888889 -6.34518e-05 -0.00053495 -3.77074e-05 -0.00669643 -0.00859375 0.00373563
internal_weight=900 788 701 663 112 64 87
internal_count=900 788 701 663 112 64 87
is_linear=0
shrinkage=0.05


Tree=69
num_leaves=8
num_cat=0
split_feature=0 0 1 1 0 0 0
split_gain=1.47063 0.478898 1.56603 0.527604 0.175 0.290909 0.0166667
threshold=3.7791429136947654 4.3987493374637685 4.374648465639611 3.9680260156826521 3.7380996876836474 3.648160553941056 4.6190744389114418
decision_type=2 2 2 2 2 2 2
left_child=4 2 3 -2 5 -1 -3
right_child=1 6 -4 -5 -6 -7 -8
leaf_value=-0.0017575765066741634 -0.00023913888913495995 8.4010013836510744e-05 -0.00074278031692791573 7.6120117270828136e-05 -0.00070195939078261389 -0.0002223526292828404 0.0073841519595895027
leaf_weight=36 228 30 30 470 32 44 30
leaf_count=36 228 30 30 470 32 44 30
internal_value=-0.000888889 -0.000126904 -0.000480769 0 -0.00625 -0.005 0.00416667
internal_weight=900 788 728 698 112 80 60
internal_count=900 788 728 698 112 80 60
is_linear=0
shrinkage=0.05


Tree=70
num_leaves=9
num_cat=0
split_feature=1 0 1 1 0 1 0 1
split_gain=1.29285 0.553293 0.919615 0.500264 0.582592 0.536376 0.408497 0.0414216
threshold=3.8648207582108625 3.827961421088713 3.778143011685172 3.8861923814826351 3.9126538537403177 3.9680260156826521 3.6709364567153644 3.9187362499168028
decision_type=2 2 2 2 2 2 2 2
left_child=1 2 6 -2 7 -6 -1 -5
right_child=3 -3 -4 4 5 -7 -8 -9
leaf_value=-0.00052474718876289745 0.00044227840069797079 -0.0013074368386593593 0.0002007685747212662 -0.00040523345123988364 -0.00038462628161806123 5.1868639516916561e-05 -0.0009479049341246438 -0.0016868128811473593
leaf_weight=45 32 34 58 34 60 556 51 30
leaf_count=45 32 34 58 34 60 556 51 30
internal_value=-0.000833333 -0.00452128 -0.00324675 0.000140449 -0.000147059 0.000324675 -0.00625 -0.0046875
internal_weight=900 188 154 712 680 616 96 64
internal_count=900 188 154 712 680 616 96 64
is_linear=0
shrinkage=0.05


Tree=71
num_leaves=8
num_cat=0
split_feature=0 0 1 1 0 0 1
split_gain=1.29242 0.406703 1.22958 0.4924 0.228571 0.410227 0.219596
threshold=3.7791429136947654 4.3337194451407512 4.2952880899161556 4.16459116140999 3.7380996876836474 3.648160553941056 4.4623081335538872
decision_type=2 2 2 2 2 2 2
left_child=4 2 3 -2 5 -1 -3
right_child=1 6 -4 -5 -6 -7 -8
leaf_value=-0.0016434603219023236 -6.8400877706098484e-05 0.00097139916506927548 -0.00078743902617621768 0.00032995762165186629 -0.00064818301225839654 -0.00017441869474650319 0.00034045853011592801
leaf_weight=36 545 37 38 118 32 44 50
leaf_count=36 545 37 38 118 32 44 50
internal_value=-0.000777778 -6.34518e-05 -0.000463623 3.77074e-05 -0.00580357 -0.004375 0.00316092
internal_weight=900 788 701 663 112 80 87
internal_count=900 788 701 663 112 80 87
is_linear=0
shrinkage=0.05


Tree=72
num_leaves=9
num_cat=0
split_feature=0 0 0 0 1 0 0 0
split_gain=1.04714 0.343892 1.10059 0.614946 0.22609 0.544976 0.18797 0.330293
threshold=3.7791429136947654 4.1635154313803033 4.1228702126846803 4.0918165871039038 4.2179473963210636 4.2407626016661437 3.648160553941056 3.7380996876836474
decision_type=2 2 2 2 2 2 2 2
left_child=6 2 3 -2 -3 -6 -1 -8
right_child=1 4 -4 -5 5 -7 7 -9
leaf_value=-0.001561287305807202 -7.7684108879449995e-05 -8.3647370661710249e-05 -0.00038967051755016695 0.00032481453695516472 0.00086091479422032444 0.00018167223740030993 -0.0001656977600091869 -0.00061577386164548555
leaf_weight=36 482 37 45 48 35 141 44 32
leaf_count=36 482 37 45 48 35 141 44 32
internal_value=-0.000833333 -0.000190355 -0.000826087 -0.000188679 0.00152582 0.00227273 -0.00535714 -0.00394737
internal_weight=900 788 575 530 213 176 112 76
internal_count=900 788 575 530 213 176 112 76
is_linear=0
shrinkage=0.05


Tree=73
num_leaves=6
num_cat=0
split_feature=1 0 0 1 0
split_gain=0.886642 0.425 0.327325 1.68068 0.367866
threshold=3.778143011685172 3.6709364567153644 4.6190744389114418 4.4623081335538872 4.0258215881804462
decision_type=2 2 2 2 2
left_child=1 -1 3 4 -2
right_child=2 -3 -4 -5 -6
leaf_value=-0.00033827244793926958 -0.00010167411243724445 -0.00083731184372322083 0.0069862443912583677 -0.00055128774929245059 0.00017258862553029
leaf_weight=45 372 51 30 33 369
leaf_count=45 372 51 30 33 369
internal_value=-0.000666667 -0.00520833 -0.000124378 -0.000322997 0.000168691
internal_weight=900 96 804 774 741
internal_count=900 96 804 774 741
is_linear=0
shrinkage=0.05


Tree=74
num_leaves=7
num_cat=0
split_feature=0 1 1 1 0 1
split_gain=0.868935 0.426255 0.652906 0.367301 2.56721 0.510924
threshold=3.648160553941056 3.778143011685172 3.7386124452310141 4.3810893207339312 4.4089046101418274 4.3232824353379451
decision_type=2 2 2 2 2 2
left_child=-1 2 -2 5 -5 -3
right_child=1 3 -4 4 -6 -7
leaf_value=-0.0014663093181198851 1.8054682709767178e-05 -9.6449043542889976e-07 -0.00034392996191746629 -0.00077921173752750763 0.0007366933757155359 0.0011302601841035598
leaf_weight=36 31 684 32 30 57 30
leaf_count=36 31 684 32 30 57 30
internal_value=-0.000722222 -0.000405093 -0.00436508 -9.3633e-05 -0.00316092 0.000280112
internal_weight=900 864 63 801 87 714
internal_count=900 864 63 801 87 714
is_linear=0
shrinkage=0.05


Tree=75
num_leaves=6
num_cat=0
split_feature=1 0 0 1 0
split_gain=0.621088 0.586422 0.327043 1.68092 0.365183
threshold=3.7671127420727615 3.6709364567153644 4.6190744389114418 4.4623081335538872 4.0258215881804462
decision_type=2 2 2 2 2
left_child=1 -1 3 4 -2
right_child=2 -3 -4 -5 -6
leaf_value=-0.00024804335963632965 -9.6542182293646309e-05 -0.00088026527211577672 0.0066000975029096411 -0.00054505063524321604 0.00016400741877551362
leaf_weight=45 380 43 30 33 369
leaf_count=45 380 43 30 33 369
internal_value=-0.000555556 -0.00454545 -0.000123153 -0.000319693 0.000166889
internal_weight=900 88 812 782 749
internal_count=900 88 812 782 749
is_linear=0
shrinkage=0.05


Tree=76
num_leaves=6
num_cat=0
split_feature=1 0 0 1 0
split_gain=0.603912 0.586422 0.334952 1.66151 0.333695
threshold=3.7671127420727615 3.6709364567153644 4.6190744389114418 4.4623081335538872 4.3337194451407512
decision_type=2 2 2 2 2
left_child=1 -1 3 4 -2
right_child=2 -3 -4 -5 -6
leaf_value=-0.00023564119165451203 -7.0761920241135812e-06 -0.00083625200850998569 0.0062700926277641685 -0.00051779810348104858 0.00084040278352532922
leaf_weight=45 712 43 30 33 37
leaf_count=45 712 43 30 33 37
internal_value=-0.000611111 -0.00454545 -0.000184729 -0.000383632 0.000100134
internal_weight=900 88 812 782 749
internal_count=900 88 812 782 749
is_linear=0
shrinkage=0.05


Tree=77
num_leaves=8
num_cat=0
split_feature=0 1 0 1 1 0 0
split_gain=0.591157 0.328984 1.98149 0.905314 0.496751 2.56721 0.604495
threshold=3.648160553941056 3.9680260156826521 3.934190044080816 3.9187362499168028 4.3810893207339312 4.4089046101418274 3.9892399059968171
decision_type=2 2 2 2 2 2 2
left_child=-1 2 3 -2 6 -6 -3
right_child=1 4 -4 -5 5 -7 -8
leaf_value=-0.0013688096246493586 -0.00018232198183079087 0.00022062913088793934 -0.00066854334621910825 0.00053214958782255017 -0.00078363253906490462 0.00064963819681471699 1.6891416464948073e-05
leaf_weight=36 227 64 31 45 30 57 410
leaf_count=36 227 64 31 45 30 57 410
internal_value=-0.000666667 -0.000405093 -0.00173267 -0.000367647 0.000311943 -0.00316092 0.000949367
internal_weight=900 864 303 272 561 87 474
internal_count=900 864 303 272 561 87 474
is_linear=0
shrinkage=0.05


Tree=78
num_leaves=5
num_cat=0
split_feature=0 1 1 1
split_gain=0.591157 0.363191 1.59244 0.484573
threshold=3.648160553941056 4.7502404742959294 4.4623081335538872 3.9680260156826521
decision_type=2 2 2 2
left_child=-1 2 3 -2
right_child=1 -3 -4 -5
leaf_value=-0.0013003691434168908 -0.00017320588273925797 0.0059241060865352418 -0.00053989750351810526 5.7895235332727779e-05
leaf_weight=36 303 30 33 498
leaf_count=36 303 30 33 498
internal_value=-0.000666667 -0.000405093 -0.00059952 -0.000156055
internal_weight=900 864 834 801
internal_count=900 864 834 801
is_linear=0
shrinkage=0.05


Tree=79
num_leaves=5
num_cat=0
split_feature=0 0 1 1
split_gain=0.591157 0.360451 1.50351 0.432892
threshold=3.648160553941056 4.3987493374637685 4.374648465639611 3.9680260156826521
decision_type=2 2 2 2
left_child=-1 2 3 -2
right_child=1 -3 -4 -5
leaf_value=-0.0012353506862460507 -0.00016454558860230507 0.00040575301642864492 -0.00065303664311469058 5.2390651969691509e-05
leaf_weight=36 303 60 30 471
leaf_count=36 303 60 30 471
internal_value=-0.000666667 -0.000405093 -0.00068408 -0.000258398
internal_weight=900 864 804 774
internal_count=900 864 804 774
is_linear=0
shrinkage=0.05


Tree=80
num_leaves=7
num_cat=0
split_feature=0 1 0 1 0 0
split_gain=0.580741 0.413887 1.35772 0.484573 1.98149 0.271107
threshold=3.648160553941056 4.4623081335538872 4.6190744389114418 3.9680260156826521 3.934190044080816 3.9892399059968171
decision_type=2 2 2 2 2 2
left_child=-1 3 -3 4 -2 -5
right_child=1 2 -4 5 -6 -7
leaf_value=-0.0011735831519337438 -3.82662790473054e-05 -0.00050623463082040139 0.0056076131313870462 0.00015313972807819989 -0.00061822860534106467 1.0532551276587476e-05
leaf_weight=36 272 33 30 66 31 432
leaf_count=36 272 33 30 66 31 432
internal_value=-0.000722222 -0.000462963 -0.00436508 -0.000156055 -0.00173267 0.000803213
internal_weight=900 864 63 801 303 498
internal_count=900 864 63 801 303 498
is_linear=0
shrinkage=0.05


Tree=81
num_leaves=8
num_cat=0
split_feature=0 0 0 1 1 0 0
split_gain=0.46833 0.467456 0.385115 0.871953 0.446076 0.320802 0.21247
threshold=3.9604214991964861 3.9426830167682665 3.9892399059968171 4.0276114911723964 4.4937918960592667 3.6316900394282885 3.9126538537403177
decision_type=2 2 2 2 2 2 2
left_child=1 5 -2 -4 -5 -1 -7
right_child=2 -3 3 4 -6 6 -8
leaf_value=-0.0011149039943370465 0.00023797977346511347 -0.00027143279219521421 -0.00083746308536203351 0.00016707191934739463 -0.00041906548736931893 -0.0001764113915819765 0.00028904254108794717
leaf_weight=32 40 32 44 394 54 252 52
leaf_count=32 40 32 44 394 54 252 52
internal_value=-0.000666667 -0.00203804 0.000281955 -0.000101626 0.000558036 -0.0014881 -0.000986842
internal_weight=900 368 532 492 448 336 304
internal_count=900 368 532 492 448 336 304
is_linear=0
shrinkage=0.05


Tree=82
num_leaves=6
num_cat=0
split_feature=1 0 1 0 1
split_gain=0.427606 0.756877 0.332513 0.409985 0.334178
threshold=3.7671127420727615 3.6709364567153644 3.8146702394456362 3.8202887639596588 4.4937918960592667
decision_type=2 2 2 2 2
left_child=1 -1 -2 -4 -5
right_child=2 -3 3 4 -6
leaf_value=3.8867067819614581e-05 7.9126481519553601e-05 -0.00075770185189443233 -0.0010395733861969791 3.4017019272525318e-07 -0.00044940956788912527
leaf_weight=45 32 43 34 689 57
leaf_count=45 32 43 34 689 57
internal_value=-0.000666667 -0.00397727 -0.000307882 -0.000512821 -0.000268097
internal_weight=900 88 812 780 746
internal_count=900 88 812 780 746
is_linear=0
shrinkage=0.05


Tree=83
num_leaves=5
num_cat=0
split_feature=0 0 1 1
split_gain=0.413733 0.30425 2.54493 0.581589
threshold=3.6316900394282885 4.4089046101418274 4.3810893207339312 4.3232824353379451
decision_type=2 2 2 2
left_child=-1 2 3 -2
right_child=1 -3 -4 -5
leaf_value=-0.0010611021480111838 -2.2960669245053469e-05 0.00064651860708462303 -0.0006698298971197004 0.0010470932243200393
leaf_weight=32 751 57 30 30
leaf_count=32 751 57 30 30
internal_value=-0.000666667 -0.000460829 -0.000709001 -0.000160051
internal_weight=900 868 811 781
internal_count=900 868 811 781
is_linear=0
shrinkage=0.05


Tree=84
num_leaves=6
num_cat=0
split_feature=0 1 0 0 1
split_gain=0.422007 0.426502 1.35772 0.591377 0.237311
threshold=3.6316900394282885 4.4623081335538872 4.6190744389114418 4.3337194451407512 3.9680260156826521
decision_type=2 2 2 2 2
left_child=-1 3 -3 4 -2
right_child=1 2 -4 -5 -6
leaf_value=-0.0010080470406106158 -0.00013232082166176885 -0.0004592650198488979 0.0053383302972263907 0.0007660432506581661 2.7975211710007387e-05
leaf_weight=32 306 33 30 37 462
leaf_count=32 306 33 30 37 462
internal_value=-0.000611111 -0.000403226 -0.00436508 -9.31677e-05 -0.000390625
internal_weight=900 868 63 805 768
internal_count=900 868 63 805 768
is_linear=0
shrinkage=0.05


Tree=85
num_leaves=8
num_cat=0
split_feature=1 0 0 0 1 0 0
split_gain=0.381855 1.35772 0.316058 0.39334 0.942156 0.387575 0.203267
threshold=4.4623081335538872 4.6190744389114418 3.968099916751028 3.9892399059968171 4.0276114911723964 3.9426830167682665 3.6316900394282885
decision_type=2 2 2 2 2 2 2
left_child=2 -2 5 -4 -5 6 -1
right_child=1 -3 3 4 -6 -7 -8
leaf_value=-0.0009576446885800838 -0.00043630176885645078 0.0050714137823650862 0.00022581304915898494 -0.00079585766672680698 0.00016841917379117888 -0.00022455690049474344 -9.4313692593739348e-05
leaf_weight=32 33 30 36 44 388 35 302
leaf_count=32 33 30 36 44 388 35 302
internal_value=-0.000611111 -0.00436508 -0.000328554 0.000534188 0.000115741 -0.00142276 -0.000898204
internal_weight=900 63 837 468 432 369 334
internal_count=900 63 837 468 432 369 334
is_linear=0
shrinkage=0.05


Tree=86
num_leaves=5
num_cat=0
split_feature=0 1 1 0
split_gain=0.339906 2.46697 0.62217 0.560294
threshold=4.4089046101418274 4.3810893207339312 4.3232824353379451 4.2471982489429356
decision_type=2 2 2 2
left_child=1 2 3 -1
right_child=-2 -3 -4 -5
leaf_value=-2.50949045203841e-05 0.00065897101616565481 -0.00063731079315731964 0.00096646714285530955 -0.00049465074068888448
leaf_weight=752 57 30 30 31
leaf_count=752 57 30 30 31
internal_value=-0.000666667 -0.000919336 -0.000399754 -0.000670498
internal_weight=900 843 813 783
internal_count=900 843 813 783
is_linear=0
shrinkage=0.05


Tree=87
num_leaves=7
num_cat=0
split_feature=0 1 1 1 0 0
split_gain=0.393825 1.22948 0.314539 0.254105 1.38183 0.660266
threshold=4.3337194451407512 4.2952880899161556 4.4623081335538872 4.0855241124350217 4.1228702126846803 4.0507852836304599
decision_type=2 2 2 2 2 2
left_child=1 3 -2 5 -5 -1
right_child=2 -3 -4 4 -6 -7
leaf_value=-3.4455305885372493e-05 0.00067099677229296448 -0.00080417536156187632 5.9496622354959784e-05 0.00066525181457652858 -0.00011856580803688567 -0.00052035587475622873
leaf_weight=502 37 39 50 95 147 30
leaf_count=502 37 39 50 95 147 30
internal_value=-0.000611111 -0.00095326 0.00258621 -0.000516796 0.000826446 -0.00112782
internal_weight=900 813 87 774 242 532
internal_count=900 813 87 774 242 532
is_linear=0
shrinkage=0.05


Tree=88
num_leaves=9
num_cat=0
split_feature=1 0 0 1 0 0 0 0
split_gain=0.370637 1.35772 0.342342 0.365092 1.17088 0.706395 0.361886 0.205019
threshold=4.4623081335538872 4.6190744389114418 3.9777830555728211 4.2582490042498744 4.1228702126846803 4.2969935660958924 3.9474798436206497 3.6316900394282885
decision_type=2 2 2 2 2 2 2 2
left_child=2 -2 6 4 -4 -5 7 -1
right_child=1 -3 3 5 -6 -7 -8 -9
leaf_value=-0.00090678494363081183 -0.00045041006233965676 0.0047819197113208034 0.00013456841753143323 0.0016294517686136435 -0.00018312543326808319 7.5343233115621194e-05 -0.00018263176028887607 -8.662049744376788e-05
leaf_weight=32 33 30 238 32 120 54 51 310
leaf_count=32 33 30 238 32 120 54 51 310
internal_value=-0.000666667 -0.00436508 -0.000388292 0.000563063 -0.000139665 0.00348837 -0.0014631 -0.000877193
internal_weight=900 63 837 444 358 86 393 342
internal_count=900 63 837 444 358 86 393 342
is_linear=0
shrinkage=0.05


Tree=89
num_leaves=6
num_cat=0
split_feature=1 1 0 0 0
split_gain=0.353103 1.19467 0.280373 0.470838 0.218651
threshold=4.7502404742959294 4.4623081335538872 4.0240730372929656 4.1228702126846803 3.9892399059968171
decision_type=2 2 2 2 2
left_child=1 2 4 -4 -1
right_child=-2 -3 3 -5 -6
leaf_value=-7.66679066646514e-05 0.0045428237257547632 -0.00043844961624448512 0.00019276436672588382 -2.6115941327020665e-05 -0.0001632828894898797
leaf_weight=405 30 33 167 206 59
leaf_count=405 30 33 167 206 59
internal_value=-0.000333333 -0.000517241 -0.000149343 0.000871314 -0.000969828
internal_weight=900 870 837 373 464
internal_count=900 870 837 373 464
is_linear=0
shrinkage=0.05


Tree=90
num_leaves=5
num_cat=0
split_feature=0 1 1 0
split_gain=0.446046 2.57198 0.569199 0.615922
threshold=4.4089046101418274 4.3810893207339312 4.3232824353379451 4.2471982489429356
decision_type=2 2 2 2
left_child=1 2 3 -1
right_child=-2 -3 -4 -5
leaf_value=-3.9165132406981943e-06 0.00066749061816882014 -0.00058112497909781349 0.00091901188585485905 -0.00054415670461698267
leaf_weight=752 57 30 30 31
leaf_count=752 57 30 30 31
internal_value=-0.000333333 -0.000622776 -9.22509e-05 -0.000351213
internal_weight=900 843 813 783
internal_count=900 843 813 783
is_linear=0
shrinkage=0.05


Tree=91
num_leaves=7
num_cat=0
split_feature=1 0 0 0 0 0
split_gain=0.45268 1.35772 0.566999 0.16555 0.671794 0.235536
threshold=4.4623081335538872 4.6190744389114418 4.3337194451407512 4.0240730372929656 4.1228702126846803 3.9892399059968171
decision_type=2 2 2 2 2 2
left_child=2 -2 3 5 -5 -1
right_child=1 -3 -4 4 -6 -7
leaf_value=-7.2638685669379474e-05 -0.00042460208740155995 0.0042823080085585552 0.00058903497479616544 0.00018332197405164231 -0.00010197962324327571 -0.00015492291935332859
leaf_weight=405 33 30 37 167 169 59
leaf_count=405 33 30 37 167 169 59
internal_value=-0.000277778 -0.00436508 2.98686e-05 -0.00025 0.000595238 -0.000862069
internal_weight=900 63 837 800 336 464
internal_count=900 63 837 800 336 464
is_linear=0
shrinkage=0.05


Tree=92
num_leaves=7
num_cat=0
split_feature=1 1 0 1 0 1
split_gain=0.308233 0.215812 0.68189 0.58448 0.277778 0.266667
threshold=4.4937918960592667 4.2582490042498744 4.2057073670523666 4.16459116140999 4.2969935660958924 4.374648465639611
decision_type=2 2 2 2 2 2
left_child=1 2 3 -1 -3 -6
right_child=-2 4 -4 -5 5 -7
leaf_value=-4.5812668113098809e-05 -0.00024464355844679988 0.0011579831205712266 -0.00039515251072381742 0.00069851486233400988 -0.00043428897204516041 0.00027035957190157944
leaf_weight=654 57 36 34 59 30 30
leaf_count=654 57 36 34 59 30 30
internal_value=-0.000388889 -0.00014828 -0.000435074 -0.000105189 0.00208333 0
internal_weight=900 843 747 713 96 60
internal_count=900 843 747 713 96 60
is_linear=0
shrinkage=0.05


Tree=93
num_leaves=6
num_cat=0
split_feature=1 0 1 0 1
split_gain=0.308009 2.56721 0.558888 0.627364 0.603493
threshold=4.3810893207339312 4.4089046101418274 4.3232824353379451 4.2471982489429356 4.2179473963210636
decision_type=2 2 2 2 2
left_child=2 -2 3 4 -1
right_child=1 -3 -4 -5 -6
leaf_value=-1.855871550402455e-05 -0.00053357981662218725 0.0006675783695528015 0.0008649831427768762 -0.00056974904425253212 0.00047618280025720774
leaf_weight=708 30 57 30 31 44
leaf_count=708 30 57 30 31 44
internal_value=-0.000333333 -0.00316092 -3.07503e-05 -0.000287356 0
internal_weight=900 87 813 783 752
internal_count=900 87 813 783 752
is_linear=0
shrinkage=0.05


Tree=94
num_leaves=7
num_cat=0
split_feature=1 0 1 0 1 0
split_gain=0.44594 2.32402 0.585642 0.695149 0.567407 0.378788
threshold=4.3810893207339312 4.4089046101418274 4.2582490042498744 4.2057073670523666 4.16459116140999 4.2969935660958924
decision_type=2 2 2 2 2 2
left_child=2 -2 3 4 -1 -4
right_child=1 -3 5 -5 -6 -7
leaf_value=-4.2594098932235985e-05 -0.00050690082579107898 0.00063419945107514588 0.0012282642461383553 -0.00038683548730644723 0.00066451705499250837 2.12260371867945e-05
leaf_weight=654 30 57 33 34 59 33
leaf_count=654 30 57 33 34 59 33
internal_value=-0.000333333 -0.00373563 3.07503e-05 -0.000368139 -3.50631e-05 0.00454545
internal_weight=900 87 813 747 713 66
internal_count=900 87 813 747 713 66
is_linear=0
shrinkage=0.05


Tree=95
num_leaves=7
num_cat=0
split_feature=1 0 1 0 1 0
split_gain=0.477626 1.35772 0.564086 0.708536 0.367335 0.120777
threshold=4.4623081335538872 4.6190744389114418 4.2582490042498744 4.2057073670523666 4.16459116140999 4.3337194451407512
decision_type=2 2 2 2 2 2
left_child=2 -2 3 4 -1 -4
right_child=1 -3 5 -5 -6 -7
leaf_value=-4.0464393985617525e-05 -0.00033911577298844091 0.0040153358950215439 0.00022197687812890445 -0.00036749371294111379 0.00063129120224290078 0.00050175478846310468
leaf_weight=654 33 30 53 34 59 37
leaf_count=654 33 30 53 34 59 37
internal_value=-0.000166667 -0.00436508 0.000149343 -0.000301205 3.50631e-05 0.00388889
internal_weight=900 63 837 747 713 90
internal_count=900 63 837 747 713 90
is_linear=0
shrinkage=0.05


Tree=96
num_leaves=8
num_cat=0
split_feature=1 0 1 0 1 1 0
split_gain=0.358324 1.89528 0.538754 0.573212 1.46667 1.45953 0.378788
threshold=4.3810893207339312 4.4089046101418274 4.2582490042498744 4.1228702126846803 4.16459116140999 4.1093146827445084 4.2969935660958924
decision_type=2 2 2 2 2 2 2
left_child=2 -2 3 5 -5 -1 -4
right_child=1 -3 6 4 -6 -7 -8
leaf_value=-6.7256823466066434e-05 -0.00046459999585206639 0.00061944526717083725 0.0011557521899249856 -0.00048155270096721385 -1.6638185129536076e-05 0.0010065699927389372 9.0658914210006717e-06
leaf_weight=566 30 57 33 32 88 61 33
leaf_count=566 30 57 33 32 88 61 33
internal_value=-0.000111111 -0.00316092 0.000215252 -0.000167336 -0.00333333 0.000438596 0.00454545
internal_weight=900 87 813 747 120 627 66
internal_count=900 87 813 747 120 627 66
is_linear=0
shrinkage=0.05


Tree=97
num_leaves=7
num_cat=0
split_feature=1 0 0 0 0 0
split_gain=0.324451 1.09221 0.54483 0.186483 0.71867 0.393066
threshold=4.4623081335538872 4.6190744389114418 4.3337194451407512 3.9604214991964861 3.9892399059968171 3.9426830167682665
decision_type=2 2 2 2 2 2
left_child=2 -2 3 5 -5 -1
right_child=1 -3 -4 4 -6 -7
leaf_value=-9.2166952707106739e-05 -0.00029892998454639219 0.0037835968369118959 0.00047621375446893488 0.00023062026954097093 -8.3457779790130363e-06 -0.00021478933511680511
leaf_weight=334 33 30 37 39 395 32
leaf_count=334 33 30 37 39 395 32
internal_value=-0.000111111 -0.00357143 0.000149343 -0.000125 0.000576037 -0.000956284
internal_weight=900 63 837 800 434 366
internal_count=900 63 837 800 434 366
is_linear=0
shrinkage=0.05


Tree=98
num_leaves=6
num_cat=0
split_feature=1 0 1 0 1
split_gain=0.320231 1.89528 0.548671 0.638911 0.852163
threshold=4.3810893207339312 4.4089046101418274 4.3232824353379451 4.2471982489429356 4.2179473963210636
decision_type=2 2 2 2 2
left_child=2 -2 3 4 -1
right_child=1 -3 -4 -5 -6
leaf_value=-3.834662865496164e-05 -0.00042642349683215121 0.00060341950303959284 0.00079939544744211943 -0.00055158669945556407 0.00041094140948310103
leaf_weight=708 30 57 30 31 44
leaf_count=708 30 57 30 31 44
internal_value=-0.000277778 -0.00316092 3.07503e-05 -0.000223499 6.64894e-05
internal_weight=900 87 813 783 752
internal_count=900 87 813 783 752
is_linear=0
shrinkage=0.05


Tree=99
num_leaves=7
num_cat=0
split_feature=0 1 0 1 1 1
split_gain=0.343385 1.11088 0.295325 1.73215 1.20906 0.283062
threshold=4.3068935480193185 4.2952880899161556 4.1228702126846803 4.16459116140999 4.1093146827445084 4.4623081335538872
decision_type=2 2 2 2 2 2
left_child=1 2 4 -4 -1 -2
right_child=5 -3 3 -5 -6 -7
leaf_value=-5.7368303224647482e-05 0.00030653484104099516 -0.00070305906758432184 -0.00045514044558716551 7.2362211883492125e-05 0.00095857611343368458 -3.5117428493602889e-06
leaf_weight=566 46 30 32 115 61 50
leaf_count=566 46 30 32 115 61 50
internal_value=-0.000222222 -0.000559701 -0.000193798 -0.00221088 0.000279107 0.00260417
internal_weight=900 804 774 147 627 96
internal_count=900 804 774 147 627 96
is_linear=0
shrinkage=0.05


Tree=100
num_leaves=6
num_cat=0
split_feature=1 1 0 1 1
split_gain=0.345785 1.20943 0.224056 0.350019 0.113131
threshold=4.7502404742959294 4.4623081335538872 4.2744267216575453 4.2460207755879464 4.3674940814668402
decision_type=2 2 2 2 2
left_child=1 2 3 -1 -4
right_child=-2 -3 4 -5 -6
leaf_value=-2.9353338566462384e-06 0.0035644216070568114 -0.00050003358154917523 2.1282478669659713e-05 -0.00016465087288211058 0.00054231538792315348
leaf_weight=732 30 33 33 42 30
leaf_count=732 30 33 33 42 30
internal_value=-0.000277778 -0.00045977 -8.96057e-05 -0.000322997 0.00277778
internal_weight=900 870 837 774 63
internal_count=900 870 837 774 63
is_linear=0
shrinkage=0.05


Tree=101
num_leaves=6
num_cat=0
split_feature=1 0 1 0 1
split_gain=0.308009 1.89528 0.558888 0.627364 0.603493
threshold=4.3810893207339312 4.4089046101418274 4.3232824353379451 4.2471982489429356 4.2179473963210636
decision_type=2 2 2 2 2
left_child=2 -2 3 4 -1
right_child=1 -3 -4 -5 -6
leaf_value=-3.9462191263206495e-05 -0.00034668575630385505 0.00059842579410753773 0.00076827465680007201 -0.0005274787083841215 0.00038693977502302079
leaf_weight=708 30 57 30 31 44
leaf_count=708 30 57 30 31 44
internal_value=-0.000333333 -0.00316092 -3.07503e-05 -0.000287356 0
internal_weight=900 87 813 783 752
internal_count=900 87 813 783 752
is_linear=0
shrinkage=0.05


Tree=102
num_leaves=8
num_cat=0
split_feature=1 0 1 0 1 1 0
split_gain=0.332691 1.89528 0.569795 0.525762 1.46667 0.930862 0.378788
threshold=4.3810893207339312 4.4089046101418274 4.2582490042498744 4.1228702126846803 4.16459116140999 4.1093146827445084 4.2969935660958924
decision_type=2 2 2 2 2 2 2
left_child=2 -2 3 5 -5 -1 -4
right_child=1 -3 6 4 -6 -7 -8
leaf_value=-5.2380011807406923e-05 -0.00032935146848867003 0.00056850450440215639 0.001057800964166722 -0.00043026354705180128 -3.2104457283743674e-07 0.00091276718401798193 4.6592290155356153e-05
leaf_weight=566 30 57 33 32 88 61 33
leaf_count=566 30 57 33 32 88 61 33
internal_value=-0.000222222 -0.00316092 9.22509e-05 -0.000301205 -0.00333333 0.000279107 0.00454545
internal_weight=900 87 813 747 120 627 66
internal_count=900 87 813 747 120 627 66
is_linear=0
shrinkage=0.05


Tree=103
num_leaves=7
num_cat=0
split_feature=1 0 0 1 0 1
split_gain=0.314117 1.09221 0.353039 0.177117 0.939629 0.281403
threshold=4.4623081335538872 4.6190744389114418 4.3068935480193185 3.7671127420727615 3.6709364567153644 3.8146702394456362
decision_type=2 2 2 2 2 2
left_child=2 -2 3 4 -1 -5
right_child=1 -3 -4 5 -6 -7
leaf_value=0.00012844713485991033 -0.00034032624971627181 0.0033278540117784861 0.00026062158653872292 0.00012748691336563755 -0.00066750000337767457 -4.806232608034478e-06
leaf_weight=45 33 30 46 32 43 671
leaf_count=45 33 30 46 32 43 671
internal_value=-0.000166667 -0.00357143 8.96057e-05 -0.000158028 -0.00227273 0.000106686
internal_weight=900 63 837 791 88 703
internal_count=900 63 837 791 88 703
is_linear=0
shrinkage=0.05


Tree=104
num_leaves=6
num_cat=0
split_feature=1 0 1 0 1
split_gain=0.225526 1.51022 0.538548 0.388509 0.589451
threshold=4.3810893207339312 4.4089046101418274 4.3232824353379451 4.2471982489429356 4.2179473963210636
decision_type=2 2 2 2 2
left_child=2 -2 3 4 -1
right_child=1 -3 -4 -5 -6
leaf_value=-2.1505167256163917e-05 -0.00031089127848478172 0.00055709559166787774 0.00072113592560405513 -0.00050084840910584742 0.0003678323702155151
leaf_weight=708 30 57 30 31 44
leaf_count=708 30 57 30 31 44
internal_value=-0.000166667 -0.00258621 9.22509e-05 -0.000159642 6.64894e-05
internal_weight=900 87 813 783 752
internal_count=900 87 813 783 752
is_linear=0
shrinkage=0.05


Tree=105
num_leaves=11
num_cat=0
split_feature=0 1 1 0 0 1 1 0 1 0
split_gain=0.208675 0.39451 0.628433 0.406684 0.251771 1.1253 0.871953 0.598022 0.0414216 0.015625
threshold=3.9126538537403177 3.8861923814826351 3.8648207582108625 3.8295359724669233 3.9892399059968171 3.9680260156826521 4.0276114911723964 4.0299225432017574 3.9187362499168028 3.968099916751028
decision_type=2 2 2 2 2 2 2 2 2 2
left_child=1 2 3 -1 5 -2 -6 -8 -3 -7
right_child=4 8 -4 -5 6 9 7 -9 -10 -11
leaf_value=-1.5310752685326891e-05 -0.00018432118010121014 -0.00027700180689338438 0.00052813445244759283 -0.0011770847607655123 -0.00072171776030995896 0.00015957912465609515 0.0016301185067216118 6.5267861891094016e-06 -0.0015302258437881466 0.00030383257397985646
leaf_weight=158 60 34 32 30 44 32 31 417 30 32
leaf_count=158 60 34 32 30 44 32 31 417 30 32
internal_value=-0.000111111 -0.00123239 -0.000227273 -0.00132979 0.000405844 0.00241935 -0.000101626 0.000558036 -0.0046875 0.00703125
internal_weight=900 284 220 188 616 124 492 448 64 64
internal_count=900 284 220 188 616 124 492 448 64 64
is_linear=0
shrinkage=0.05


Tree=106
num_leaves=7
num_cat=0
split_feature=0 1 1 0 1 1
split_gain=0.219934 0.670327 0.323436 1.57554 0.168438 0.331169
threshold=4.2504222376372311 4.2460207755879464 4.1985417554070814 4.1353188906455705 4.4623081335538872 4.3310793515046173
decision_type=2 2 2 2 2 2
left_child=1 2 3 -1 5 -2
right_child=4 -3 -4 -5 -6 -7
leaf_value=1.6189704126090554e-05 -1.3626105755815133e-05 -0.00042135130270670729 0.00037819658299493853 -0.00030643957584666206 -0.000133938746875506 0.00061423463595011718
leaf_weight=642 31 41 43 45 51 47
leaf_count=642 31 41 43 45 51 47
internal_value=-0.000166667 -0.000486381 -0.000136986 -0.000400291 0.00174419 0.00320513
internal_weight=900 771 730 687 129 78
internal_count=900 771 730 687 129 78
is_linear=0
shrinkage=0.05


Tree=107
num_leaves=7
num_cat=0
split_feature=1 0 1 0 1 0
split_gain=0.215288 1.51022 0.548671 0.271267 1.74571 0.587733
threshold=4.3810893207339312 4.4089046101418274 4.3232824353379451 4.1228702126846803 4.16459116140999 4.0933985114043807
decision_type=2 2 2 2 2 2
left_child=2 -2 3 5 -5 -1
right_child=1 -3 -4 4 -6 -7
leaf_value=-1.5354700257375065e-05 -0.00030049513720107338 0.00053561141011884141 0.00065404105821691432 -0.00040857062422174908 4.8610617041111583e-05 0.00043277165640325248
leaf_weight=586 30 57 30 32 123 42
leaf_count=586 30 57 30 32 123 42
internal_value=-0.000222222 -0.00258621 3.07503e-05 -0.000223499 -0.00209677 0.000238854
internal_weight=900 87 813 783 155 628
internal_count=900 87 813 783 155 628
is_linear=0
shrinkage=0.05


Tree=108
num_leaves=7
num_cat=0
split_feature=1 0 1 0 1 0
split_gain=0.332691 1.32511 0.538548 0.20151 1.35438 0.587733
threshold=4.3810893207339312 4.4089046101418274 4.3232824353379451 4.1228702126846803 4.16459116140999 4.0933985114043807
decision_type=2 2 2 2 2 2
left_child=2 -2 3 5 -5 -1
right_child=1 -3 -4 4 -6 -7
leaf_value=-1.4586965244500762e-05 -0.00028547038034103521 0.00050883083961288382 0.00062133900530605415 -0.00038814209301065718 4.6180086189062663e-05 0.00041113307358306986
leaf_weight=586 30 57 30 32 123 42
leaf_count=586 30 57 30 32 123 42
internal_value=-0.000222222 -0.00316092 9.22509e-05 -0.000159642 -0.00177419 0.000238854
internal_weight=900 87 813 783 155 628
internal_count=900 87 813 783 155 628
is_linear=0
shrinkage=0.05


Tree=109
num_leaves=7
num_cat=0
split_feature=1 0 1 0 1 1
split_gain=0.320231 0.866351 0.548671 0.19472 1.62803 0.614781
threshold=4.3810893207339312 4.5169138319226647 4.3232824353379451 4.1055934392191356 4.1569010731057867 4.0855241124350217
decision_type=2 2 2 2 2 2
left_child=2 -2 3 5 -5 -1
right_child=1 -3 -4 4 -6 -7
leaf_value=-5.7353072605614844e-05 -0.00017140826095372042 0.0011703132390949555 0.00059027205504074147 -0.00041296452859476143 4.6045489013057943e-05 0.00081641856999796762
leaf_weight=532 51 36 30 46 134 71
leaf_count=532 51 36 30 46 134 71
internal_value=-0.000277778 -0.00316092 3.07503e-05 -0.000223499 -0.00166667 0.000207297
internal_weight=900 87 813 783 180 603
internal_count=900 87 813 783 180 603
is_linear=0
shrinkage=0.05


Tree=110
num_leaves=10
num_cat=0
split_feature=0 1 1 0 1 0 1 1 1
split_gain=0.229866 0.39451 0.628433 0.406684 0.258252 0.981383 0.835598 0.282121 0.0414216
threshold=3.9126538537403177 3.8861923814826351 3.8648207582108625 3.8295359724669233 3.9641300305704794 3.9892399059968171 4.0212008958226866 3.9843139112300925 3.9187362499168028
decision_type=2 2 2 2 2 2 2 2 2
left_child=1 2 3 -1 -2 7 -7 -6 -3
right_child=4 8 -4 -5 5 6 -8 -9 -10
leaf_value=-1.0989963351981658e-05 -0.00017154986939706964 -0.00025959646484965406 0.00050528298152429101 -0.0011146752710281427 2.6961610543474459e-05 -0.00082279366756532468 1.8590867588863527e-05 0.00061657019632279655 -0.0014501592998996671
leaf_weight=158 52 34 32 30 34 32 460 38 30
leaf_count=158 52 34 32 30 34 32 460 38 30
internal_value=-5.55556e-05 -0.00123239 -0.000227273 -0.00132979 0.000487013 0.000797872 0 0.00625 -0.0046875
internal_weight=900 284 220 188 616 564 492 72 64
internal_count=900 284 220 188 616 564 492 72 64
is_linear=0
shrinkage=0.05


Tree=111
num_leaves=9
num_cat=0
split_feature=0 0 0 1 1 1 1 1
split_gain=0.237186 1.10435 0.217312 0.39451 0.343796 0.197201 0.256951 0.257925
threshold=4.1635154313803033 4.1353188906455705 3.9126538537403177 3.8861923814826351 4.1394870167071263 4.2179473963210636 4.4623081335538872 4.3232824353379451
decision_type=2 2 2 2 2 2 2 2
left_child=1 2 3 -1 -4 -2 7 -7
right_child=5 -3 4 -5 -6 6 -8 -9
leaf_value=-1.0440465184391456e-05 -7.3011340565143357e-05 -0.00022599223640007438 5.1027870668240995e-06 -0.00035481514044599649 0.00049358660222118542 4.4648446906148112e-05 -0.00017446370287419466 0.00046731888280215905
leaf_weight=220 37 30 342 64 31 74 52 50
leaf_count=220 37 30 342 64 31 74 52 50
internal_value=-0.000166667 -0.000618632 -0.000190259 -0.00123239 0.000603217 0.00129108 0.00198864 0.00322581
internal_weight=900 687 657 284 373 213 176 124
internal_count=900 687 657 284 373 213 176 124
is_linear=0
shrinkage=0.05


Tree=112
num_leaves=7
num_cat=0
split_feature=1 0 1 0 1 1
split_gain=0.320231 1.32511 0.548671 0.19472 1.62803 0.614781
threshold=4.3810893207339312 4.4089046101418274 4.3232824353379451 4.1055934392191356 4.1569010731057867 4.0855241124350217
decision_type=2 2 2 2 2 2
left_child=2 -2 3 5 -5 -1
right_child=1 -3 -4 4 -6 -7
leaf_value=-3.1563600617268149e-05 -0.00028757862878132646 0.00043266727744173394 0.00053646296476916877 -0.00039350098489778775 4.3141992483497485e-05 0.0007730438557124853
leaf_weight=532 30 57 30 46 134 71
leaf_count=532 30 57 30 46 134 71
internal_value=-0.000277778 -0.00316092 3.07503e-05 -0.000223499 -0.00166667 0.000207297
internal_weight=900 87 813 783 180 603
internal_count=900 87 813 783 180 603
is_linear=0
shrinkage=0.05


Tree=113
num_leaves=6
num_cat=0
split_feature=1 0 1 0 1
split_gain=0.332691 0.866351 0.538548 0.193631 0.386235
threshold=4.3810893207339312 4.5169138319226647 4.3232824353379451 4.2471982489429356 4.2179473963210636
decision_type=2 2 2 2 2
left_child=2 -2 3 4 -1
right_child=1 -3 -4 -5 -6
leaf_value=-2.2762544541898857e-05 -0.00017275440398649701 0.0010979578550323499 0.00050963981653071586 -0.0005074030320707301 0.0003178437082845598
leaf_weight=708 51 36 30 31 44
leaf_count=708 51 36 30 31 44
internal_value=-0.000222222 -0.00316092 9.22509e-05 -0.000159642 0
internal_weight=900 87 813 783 752
internal_count=900 87 813 783 752
is_linear=0
shrinkage=0.05


Tree=114
num_leaves=8
num_cat=0
split_feature=1 0 0 1 1 0 1
split_gain=0.324451 1.09221 0.470211 0.190143 0.166051 0.939629 0.290658
threshold=4.4623081335538872 4.6190744389114418 4.2504222376372311 4.3310793515046173 3.7671127420727615 3.6709364567153644 3.8146702394456362
decision_type=2 2 2 2 2 2 2
left_child=2 -2 4 -4 5 -1 -6
right_child=1 -3 3 -5 6 -7 -8
leaf_value=0.0001312086544978275 -0.00038088569134182572 0.0029605017403397053 6.44761744883482e-08 0.00041363967163987603 0.00016114804056829304 -0.00062494112682787151 -2.1840666590167146e-05
leaf_weight=45 33 30 31 47 32 43 639
leaf_count=45 33 30 31 47 32 43 639
internal_value=-0.000111111 -0.00357143 0.000149343 0.00384615 -0.000230567 -0.00227273 3.72578e-05
internal_weight=900 63 837 78 759 88 671
internal_count=900 63 837 78 759 88 671
is_linear=0
shrinkage=0.05


Tree=115
num_leaves=7
num_cat=0
split_feature=1 0 1 0 1 0
split_gain=0.371498 1.32511 0.523559 0.476342 0.402265 0.378788
threshold=4.3810893207339312 4.4089046101418274 4.2582490042498744 4.2057073670523666 4.1389150263578136 4.2969935660958924
decision_type=2 2 2 2 2 2
left_child=2 -2 3 4 -1 -4
right_child=1 -3 5 -5 -6 -7
leaf_value=-2.6214397499169095e-05 -0.00026538082665039653 0.00037518030538508107 0.0010435546668562613 -0.0004126853428670918 0.00032577730523120074 2.5829815872224773e-05
leaf_weight=621 30 57 33 34 92 33
leaf_count=621 30 57 33 34 92 33
internal_value=-5.55556e-05 -0.00316092 0.000276753 -0.000100402 0.000175316 0.00454545
internal_weight=900 87 813 747 713 66
internal_count=900 87 813 747 713 66
is_linear=0
shrinkage=0.05


Tree=116
num_leaves=7
num_cat=0
split_feature=1 0 1 0 1 1
split_gain=0.332691 0.866351 0.538548 0.290076 1.2607 0.562235
threshold=4.3810893207339312 4.5169138319226647 4.3232824353379451 4.1228702126846803 4.16459116140999 4.1093146827445084
decision_type=2 2 2 2 2 2
left_child=2 -2 3 5 -5 -1
right_child=1 -3 -4 4 -6 -7
leaf_value=-2.1954546229618899e-05 -0.00017152962603663726 0.00095981054578653247 0.00046218435132858729 -0.00032605551498674504 3.2422841015566917e-05 0.00073292832747888785
leaf_weight=566 51 36 30 32 123 62
leaf_count=566 51 36 30 32 123 62
internal_value=-0.000222222 -0.00316092 9.22509e-05 -0.000159642 -0.00209677 0.000318471
internal_weight=900 87 813 783 155 628
internal_count=900 87 813 783 155 628
is_linear=0
shrinkage=0.05


Tree=117
num_leaves=6
num_cat=0
split_feature=1 0 0 1 1
split_gain=0.2008 0.855556 0.343203 0.210247 0.453633
threshold=4.4623081335538872 4.6190744389114418 4.3068935480193185 4.2460207755879464 4.1985417554070814
decision_type=2 2 2 2 2
left_child=2 -2 3 4 -1
right_child=1 -3 -4 -5 -6
leaf_value=-2.3805950312727477e-05 -0.00037202394074218329 0.0027457271107641291 0.00013397347291501659 -5.3737623027849679e-05 0.0003371290215020029
leaf_weight=687 33 30 46 59 45
leaf_count=687 33 30 46 59 45
internal_value=-5.55556e-05 -0.00277778 0.000149343 -9.48167e-05 0.000136612
internal_weight=900 63 837 791 732
internal_count=900 63 837 791 732
is_linear=0
shrinkage=0.05


Tree=118
num_leaves=6
num_cat=0
split_feature=1 1 0 1 0
split_gain=0.31728 0.900964 0.210675 0.233787 0.228668
threshold=4.7502404742959294 4.4623081335538872 4.2504222376372311 4.3310793515046173 4.1373939338355106
decision_type=2 2 2 2 2
left_child=1 2 4 -4 -1
right_child=-2 -3 3 -5 -6
leaf_value=1.1468263206459995e-05 0.0026084407552259049 -0.00036618487249011626 -5.1050741876457199e-05 0.00036185830605210971 -4.9796961316039835e-05
leaf_weight=649 30 33 31 47 110
leaf_count=649 30 33 31 47 110
internal_value=-5.55556e-05 -0.000229885 8.96057e-05 0.0025641 -0.00016469
internal_weight=900 870 837 78 759
internal_count=900 870 837 78 759
is_linear=0
shrinkage=0.05


Tree=119
num_leaves=6
num_cat=0
split_feature=1 0 1 1 1
split_gain=0.345389 1.32511 0.528519 0.242787 0.453633
threshold=4.3810893207339312 4.4089046101418274 4.3232824353379451 4.2460207755879464 4.1985417554070814
decision_type=2 2 2 2 2
left_child=2 -2 3 4 -1
right_child=1 -3 -4 -5 -6
leaf_value=-2.3189065957440747e-05 -0.00023747587815938778 0.00010567040890139268 0.00041897632221239435 -0.00015858533370534112 0.00032276241849271692
leaf_weight=687 30 57 30 51 45
leaf_count=687 30 57 30 51 45
internal_value=-0.000166667 -0.00316092 0.000153752 -9.57854e-05 0.000136612
internal_weight=900 87 813 783 732
internal_count=900 87 813 783 732
is_linear=0
shrinkage=0.05


end of trees

feature_importances:
Column_0=516
Column_1=449

parameters:
[boosting: gbdt]
[objective: quantile]
[metric: quantile]
[tree_learner: serial]
[device_type: cpu]
[data_sample_strategy: bagging]
[data: ]
[valid: ]
[num_iterations: 120]
[learning_rate: 0.05]
[num_leaves: 12]
[num_threads: 2]
[seed: 26170]
[deterministic: 0]
[force_col_wise: 0]
[force_row_wise: 0]
[histogram_pool_size: -1]
[max_depth: 4]
[min_data_in_leaf: 30]
[min_sum_hessian_in_leaf: 0.001]
[bagging_fraction: 1]
[pos_bagging_fraction: 1]
[neg_bagging_fraction: 1]
[bagging_freq: 0]
[bagging_seed: 13002]
[bagging_by_query: 0]
[feature_fraction: 1]
[feature_fraction_bynode: 1]
[feature_fraction_seed: 3933]
[extra_trees: 0]
[extra_seed: 13870]
[early_stopping_round: 0]
[early_stopping_min_delta: 0]
[first_metric_only: 0]
[max_delta_step: 0]
[lambda_l1: 0]
[lambda_l2: 0]
[linear_lambda: 0]
[min_gain_to_split: 0]
[drop_rate: 0.1]
[max_drop: 50]
[skip_drop: 0.5]
[xgboost_dart_mode: 0]
[uniform_drop: 0]
[drop_seed: 25549]
[top_rate: 0.2]
[other_rate: 0.1]
[min_data_per_group: 100]
[max_cat_threshold: 32]
[cat_l2: 10]
[cat_smooth: 10]
[max_cat_to_onehot: 4]
[top_k: 20]
[monotone_constraints: ]
[monotone_constraints_method: basic]
[monotone_penalty: 0]
[feature_contri: ]
[forcedsplits_filename: ]
[refit_decay_rate: 0.9]
[cegb_tradeoff: 1]
[cegb_penalty_split: 0]
[cegb_penalty_feature_lazy: ]
[cegb_penalty_feature_coupled: ]
[path_smooth: 0]
[interaction_constraints: ]
[verbosity: -1]
[saved_feature_importance_type: 0]
[use_quantized_grad: 0]
[num_grad_quant_bins: 4]
[quant_train_renew_leaf: 0]
[stochastic_rounding: 1]
[linear_tree: 0]
[max_bin: 255]
[max_bin_by_feature: ]
[min_data_in_bin: 3]
[bin_construct_sample_cnt: 200000]
[data_random_seed: 19962]
[is_enable_sparse: 1]
[enable_bundle: 1]
[use_missing: 1]
[zero_as_missing: 0]
[feature_pre_filter: 1]
[pre_partition: 0]
[two_round: 0]
[header: 0]
[label_column: ]
[weight_column: ]
[group_column: ]
[ignore_column: ]
[categorical_feature: ]
[forcedbins_filename: ]
[precise_float_parser: 0]
[parser_config_file: ]
[objective_seed: 31251]
[num_class: 1]
[is_unbalance: 0]
[scale_pos_weight: 1]
[sigmoid: 1]
[boost_from_average: 1]
[reg_sqrt: 0]
[alpha: 0.5]
[fair_c: 1]
[poisson_max_delta_step: 0.7]
[tweedie_variance_power: 1.5]
[lambdarank_truncation_level: 30]
[lambdarank_norm: 1]
[label_gain: ]
[lambdarank_position_bias_regularization: 0]
[eval_at: ]
[multi_error_top_k: 1]
[auc_mu_weights: ]
[num_machines: 1]
[local_listen_port: 12400]
[time_out: 120]
[machine_list_filename: ]
[machines: ]
[gpu_platform_id: -1]
[gpu_device_id: -1]
[gpu_device_id_list: ]
[gpu_use_dp: 0]
[num_gpu: 1]

end of parameters

pandas_categorical:null
