tree
version=v4
num_class=1
num_tree_per_iteration=1
label_index=0
max_feature_idx=1
objective=quantile
feature_names=Column_0 Column_1
feature_infos=[11.632316900088441:77.363263006161432] [10.857343076135722:77.947987060118962]
tree_sizes=617 731 737 735 737 736 739 651 653 742 827 826 824 824 828 830 823 829 738 739 740 743 825 745 829 828 740 833 837 911 913 914 1079 915 920 996 1091 1005 1091 1171 1097 1007 1008 999 836 752 745 754 755 754 918 920 747 918 918 741 1003 833 1002 830 1001 913 748 1087 835 1096 1091 1090 837 1091 1015 745 1096 1092 1096 836 1173 837 834 750 1086 754 998 1176 1003 746 919 1176 998 1011 1177 663 836 914 662 582 750 750 750 1094 1086 1189 994 836 918 828 828 834 1003 1088 920 1072 1001 916 827 831 750 1082 928 1005

Tree=0
num_leaves=6
num_cat=0
split_feature=1 1 1 0 0
split_gain=22.0029 1.416 0.406098 0.75 2.22045e-16
threshold=14.328753291639844 15.388938874289666 16.71836407920026 16.689769529919555 25.979484396403318
decision_type=2 2 2 2 2
left_child=-1 -2 3 -3 -4
right_child=1 2 4 -5 -6
leaf_value=9.7439184827203675 9.8599487550321516 10.013384800457359 10.079016972436413 9.850754180509929 10.472804041240522
leaf_weight=40 40 50 707 30 33
leaf_count=40 40 50 707 30 33
internal_value=9.93008 9.93177 9.93221 9.92883 9.93258
internal_weight=900 860 820 80 740
internal_count=900 860 820 80 740
is_linear=0
shrinkage=1


Tree=1
num_leaves=7
num_cat=0
split_feature=1 1 0 1 0 0
split_gain=19.2615 1.21182 0.815351 0.426316 2.22045e-16 2.22045e-16
threshold=14.328753291639844 16.71836407920026 15.733307116918477 15.909207764388182 25.979484396403318 24.82055496505328
decision_type=2 2 2 2 2 2
left_child=-1 2 -2 -4 5 -3
right_child=1 4 3 -5 -6 -7
leaf_value=-0.17685292855249229 0.045203541731449005 0.13820416721247658 -0.1041080510539024 -0.034369034688859212 0.51558835204165521 0.41923348970590307
leaf_weight=40 44 674 36 40 33 33
leaf_count=40 44 674 36 40 33 33
internal_value=0.000166667 0.00174419 -0.00291667 -0.00605263 0.0025 0.0025
internal_weight=900 860 120 76 740 707
internal_count=900 860 120 76 740 707
is_linear=0
shrinkage=0.05


Tree=2
num_leaves=7
num_cat=0
split_feature=1 1 0 1 1 0
split_gain=16.959 0.912694 0.554778 0.206041 0.0236486 4.44089e-16
threshold=14.636036040437912 16.71836407920026 15.733307116918477 15.909207764388182 17.276247795332555 24.477366284631433
decision_type=2 2 2 2 2 2
left_child=-1 2 -2 -4 -3 -6
right_child=1 4 3 -5 5 -7
leaf_value=-0.17813418160830874 0.058302785331975665 0.027397950978999844 -0.053681887077779766 -0.032650582954416231 0.16220823774406493 0.41021311403558436
leaf_weight=48 38 40 34 40 619 81
leaf_count=48 38 40 34 40 619 81
internal_value=0.000166667 0.00179577 -0.00241071 -0.00493243 0.00243243 0.0025
internal_weight=900 852 112 74 740 700
internal_count=900 852 112 74 740 700
is_linear=0
shrinkage=0.05


Tree=3
num_leaves=7
num_cat=0
split_feature=1 1 0 1 1 0
split_gain=14.5704 1.32158 0.663872 0.426316 0.0236486 4.44089e-16
threshold=14.224508858707258 16.71836407920026 15.733307116918477 15.909207764388182 17.276247795332555 24.477366284631433
decision_type=2 2 2 2 2 2
left_child=-1 2 -2 -4 -3 -6
right_child=1 4 3 -5 5 -7
leaf_value=-0.1636130554953768 0.018403009140840788 0.02602805343004988 -0.094662900627954016 -0.031018053806695447 0.15409782585686171 0.38970245833380512
leaf_weight=36 48 40 36 40 619 81
leaf_count=36 48 40 36 40 619 81
internal_value=0.000333333 0.00163194 -0.00314516 -0.00605263 0.00243243 0.0025
internal_weight=900 864 124 76 740 700
internal_count=900 864 124 76 740 700
is_linear=0
shrinkage=0.05


Tree=4
num_leaves=7
num_cat=0
split_feature=1 1 0 1 1 0
split_gain=12.1838 1.32158 0.663872 0.426316 0.0236486 4.44089e-16
threshold=14.224508858707258 16.71836407920026 15.733307116918477 15.909207764388182 17.276247795332555 24.477366284631433
decision_type=2 2 2 2 2 2
left_child=-1 2 -2 -4 -3 -6
right_child=1 4 3 -5 5 -7
leaf_value=-0.15543240272060796 0.017482858683798775 0.024726650758547387 -0.089929755596556318 -0.029467151116360668 0.14639293456401861 0.37021733541711493
leaf_weight=36 48 40 36 40 619 81
leaf_count=36 48 40 36 40 619 81
internal_value=0.000444445 0.00163194 -0.00314516 -0.00605263 0.00243243 0.0025
internal_weight=900 864 124 76 740 700
internal_count=900 864 124 76 740 700
is_linear=0
shrinkage=0.05


Tree=5
num_leaves=7
num_cat=0
split_feature=1 1 0 1 1 0
split_gain=9.13549 1.46423 0.542795 0.426316 0.0236486 4.44089e-16
threshold=14.145162304530222 16.71836407920026 15.733307116918477 15.909207764388182 17.276247795332555 24.477366284631433
decision_type=2 2 2 2 2 2
left_child=-1 2 -2 -4 -3 -6
right_child=1 4 3 -5 5 -7
leaf_value=-0.1521702650355021 0.003058135381046964 0.023490318220620046 -0.085433267816728539 -0.027993793560542636 0.13907328783581771 0.35170646864625921
leaf_weight=32 52 40 36 40 619 81
leaf_count=32 52 40 36 40 619 81
internal_value=0.000611111 0.00157834 -0.00335937 -0.00605263 0.00243243 0.0025
internal_weight=900 868 128 76 740 700
internal_count=900 868 128 76 740 700
is_linear=0
shrinkage=0.05


Tree=6
num_leaves=7
num_cat=0
split_feature=1 1 0 1 1 1
split_gain=9.17422 1.0665 0.379687 0.640152 0.0210232 0.00690476
threshold=14.145162304530222 16.71836407920026 16.689769529919555 15.1483668911055 17.276247795332555 18.690978876654583
decision_type=2 2 2 2 2 2
left_child=-1 2 3 -2 -3 -6
right_child=1 4 -4 -5 5 -7
leaf_value=-0.14456175178372696 -0.095348630333390166 0.022315802309589031 -0.064947204994147592 0.053989795829925052 0.080625591681160291 0.1847569515176245
leaf_weight=32 32 40 30 66 120 580
leaf_count=32 32 40 30 66 120 580
internal_value=0.000666667 0.00163594 -0.00257812 -0.00107143 0.00236486 0.00242857
internal_weight=900 868 128 98 740 700
internal_count=900 868 128 98 740 700
is_linear=0
shrinkage=0.05


Tree=7
num_leaves=6
num_cat=0
split_feature=1 1 1 0 1
split_gain=9.21303 0.975749 0.30385 0.473485 0.0210232
threshold=14.145162304530222 15.1483668911055 16.71836407920026 16.689769529919555 17.276247795332555
decision_type=2 2 2 2 2
left_child=-1 -2 3 -3 -4
right_child=1 2 4 -5 -6
leaf_value=-0.13733366419454063 -0.090581198816720651 0.051290306038428837 0.021200012194109608 -0.061699844744440194 0.13733122022002384
leaf_weight=32 32 66 40 30 700
leaf_count=32 32 66 40 30 700
internal_value=0.000722222 0.00169355 0.00202153 -0.000625 0.00236486
internal_weight=900 868 836 96 740
internal_count=900 868 836 96 740
is_linear=0
shrinkage=0.05


Tree=8
num_leaves=6
num_cat=0
split_feature=1 1 1 0 1
split_gain=9.13549 1.11645 0.246613 0.520833 0.0319555
threshold=14.145162304530222 15.388938874289666 16.71836407920026 16.689769529919555 19.243953086078296
decision_type=2 2 2 2 2
left_child=-1 -2 3 -3 -4
right_child=1 2 4 -5 -6
leaf_value=-0.13046698098481357 -0.069143998379960089 0.089139722779757832 0.052502879330624912 -0.058614852507218165 0.20545202375612065
leaf_weight=32 48 50 204 30 536
leaf_count=32 48 50 204 30 536
internal_value=0.000611111 0.00157834 0.0020122 -0.000625 0.0022973
internal_weight=900 868 820 80 740
internal_count=900 868 820 80 740
is_linear=0
shrinkage=0.05


Tree=9
num_leaves=7
num_cat=0
split_feature=1 1 0 0 1 0
split_gain=8.28784 0.347941 0.430912 0.0777502 0.0319555 0.0949628
threshold=14.709172439466368 16.71836407920026 16.689769529919555 16.00165953938173 19.243953086078296 19.359580253642761
decision_type=2 2 2 2 2 2
left_child=-1 2 3 -2 5 -3
right_child=1 4 -4 -5 -6 -7
leaf_value=-0.12394363159959028 0.058550730037076448 0.052155437656064618 -0.055684109881857215 -0.010289585470861201 0.19517942256831466 0.019859196345768351
leaf_weight=52 47 174 30 31 536 30
leaf_count=52 47 174 30 31 536 30
internal_value=0.000722222 0.00191038 -0.000740741 0.00121795 0.0022973 0.00176471
internal_weight=900 848 108 78 740 204
internal_count=900 848 108 78 740 204
is_linear=0
shrinkage=0.05


Tree=10
num_leaves=8
num_cat=0
split_feature=1 1 0 0 1 0 0
split_gain=7.48568 0.332637 0.430912 0.0777502 0.0372019 0.235648 2.22045e-16
threshold=14.709172439466368 16.71836407920026 16.689769529919555 16.00165953938173 19.958558071907408 19.833040194798617 25.979484396403318
decision_type=2 2 2 2 2 2 2
left_child=-1 2 3 -2 5 -3 -6
right_child=1 4 -4 -5 6 -7 -8
leaf_value=-0.11774645001961073 0.055623193535222631 0.060025629319570561 -0.052899904387764332 -0.0097751061973181345 0.19978169047142658 -0.0079530526370421659 0.37758098471483015
leaf_weight=52 47 241 30 31 435 31 33
leaf_count=52 47 241 30 31 435 31 33
internal_value=0.000722222 0.00185142 -0.000740741 0.00121795 0.00222973 0.00176471 0.0025
internal_weight=900 848 108 78 740 272 468
internal_count=900 848 108 78 740 272 468
is_linear=0
shrinkage=0.05


Tree=11
num_leaves=8
num_cat=0
split_feature=1 1 0 0 1 0 0
split_gain=7.44058 0.317676 0.430912 0.0777502 0.0285604 0.0814911 1.11022e-16
threshold=14.709172439466368 16.71836407920026 16.689769529919555 16.00165953938173 21.334958896895106 20.089796881558232 26.084107651219067
decision_type=2 2 2 2 2 2 2
left_child=-1 2 3 -2 5 -3 -6
right_child=1 4 -4 -5 6 -7 -8
leaf_value=-0.11185912751863017 0.052842033858461514 0.063110166827276132 -0.050254909168376098 -0.0092863508874521938 0.25811882347535337 0.078568603861450106 0.407135822780057
leaf_weight=52 47 287 30 31 309 114 30
leaf_count=52 47 287 30 31 309 114 30
internal_value=0.000666667 0.00179245 -0.000740741 0.00121795 0.00216216 0.00187656 0.0025
internal_weight=900 848 108 78 740 401 339
internal_count=900 848 108 78 740 401 339
is_linear=0
shrinkage=0.05


Tree=12
num_leaves=8
num_cat=0
split_feature=1 1 0 0 1 0 0
split_gain=6.62207 0.30227 0.444614 0.0802518 0.0285604 0.0814911 1.11022e-16
threshold=14.636036040437912 16.71836407920026 16.689769529919555 16.00165953938173 21.334958896895106 20.089796881558232 26.084107651219067
decision_type=2 2 2 2 2 2 2
left_child=-1 2 3 -2 5 -3 -6
right_child=1 4 -4 -5 6 -7 -8
leaf_value=-0.11077565359362325 0.044840388384371682 0.059954658485912353 -0.047742163709957257 -0.0088220333430795994 0.24521288230158569 0.074640173668377593 0.38677903164105409
leaf_weight=48 51 287 30 31 309 114 30
leaf_count=48 51 287 30 31 309 114 30
internal_value=0.000777778 0.00179577 -0.000625 0.00128049 0.00216216 0.00187656 0.0025
internal_weight=900 852 112 82 740 401 339
internal_count=900 852 112 82 740 401 339
is_linear=0
shrinkage=0.05


Tree=13
num_leaves=8
num_cat=0
split_feature=1 1 0 0 1 0 0
split_gain=6.62207 0.30227 0.444614 0.0802518 0.0285604 0.0814911 1.11022e-16
threshold=14.636036040437912 16.71836407920026 16.689769529919555 16.00165953938173 21.334958896895106 20.089796881558232 26.084107651219067
decision_type=2 2 2 2 2 2 2
left_child=-1 2 3 -2 5 -3 -6
right_child=1 4 -4 -5 6 -7 -8
leaf_value=-0.10523687091394206 0.042598368965153059 0.056956925561616738 -0.045355055524459398 -0.0083809316759256135 0.23295223818650646 0.070908164984958694 0.36744008005900136
leaf_weight=48 51 287 30 31 309 114 30
leaf_count=48 51 287 30 31 309 114 30
internal_value=0.000777778 0.00179577 -0.000625 0.00128049 0.00216216 0.00187656 0.0025
internal_weight=900 852 112 82 740 401 339
internal_count=900 852 112 82 740 401 339
is_linear=0
shrinkage=0.05


Tree=14
num_leaves=8
num_cat=0
split_feature=1 1 0 1 1 0 0
split_gain=5.41993 0.684165 0.389708 0.201056 0.0285604 0.0814911 1.11022e-16
threshold=14.145162304530222 16.71836407920026 15.733307116918477 15.809964999614724 21.334958896895106 20.089796881558232 26.084107651219067
decision_type=2 2 2 2 2 2 2
left_child=-1 2 -2 -4 5 -3 -6
right_child=1 4 3 -5 6 -7 -8
leaf_value=-0.095465545253303002 0.044044897787934537 0.054109079283535921 -0.056420338594015795 -0.0029966316421311313 0.22130462627718114 0.06736275673571078 0.34906807605605128
leaf_weight=32 52 287 31 45 309 114 30
leaf_count=32 52 287 31 45 309 114 30
internal_value=0.000833333 0.00157834 -0.00179687 -0.00407895 0.00216216 0.00187656 0.0025
internal_weight=900 868 128 76 740 401 339
internal_count=900 868 128 76 740 401 339
is_linear=0
shrinkage=0.05


Tree=15
num_leaves=8
num_cat=0
split_feature=1 1 0 1 1 0 0
split_gain=5.41993 0.628928 0.443922 0.325463 0.0294602 0.0803219 1.11022e-16
threshold=14.145162304530222 16.890240333826885 16.764673210470828 15.365466916333977 21.334958896895106 20.089796881558232 26.084107651219067
decision_type=2 2 2 2 2 2 2
left_child=-1 2 3 -2 5 -3 -6
right_child=1 4 -4 -5 6 -7 -8
leaf_value=-0.090692267990637856 -0.049330637663083668 0.055384743987838637 -0.038732388409495534 0.086623878727920975 0.21023939496332208 0.063994618898925201 0.3316146722532487
leaf_weight=32 44 279 33 59 309 114 30
leaf_count=32 44 279 33 59 309 114 30
internal_value=0.000833333 0.00157834 -0.00154412 7.28156e-05 0.00215847 0.00186387 0.0025
internal_weight=900 868 136 103 732 393 339
internal_count=900 868 136 103 732 393 339
is_linear=0
shrinkage=0.05


Tree=16
num_leaves=8
num_cat=0
split_feature=1 1 0 1 1 0 0
split_gain=3.47169 0.275453 0.560749 0.141165 0.0242385 0.0923028 1.11022e-16
threshold=14.636036040437912 17.700283091000156 17.448229738532238 15.673612230440016 21.334958896895106 20.089796881558232 26.084107651219067
decision_type=2 2 2 2 2 2 2
left_child=-1 2 3 -2 5 -3 -6
right_child=1 4 -4 -5 6 -7 -8
leaf_value=-0.090667136706047924 -0.012136198628543447 0.087510714474761303 -0.030100623659341727 0.094095105555892677 0.19972742521515596 0.060794887953978895 0.31503393864058626
leaf_weight=48 44 219 38 98 309 114 30
leaf_count=48 44 219 38 98 309 114 30
internal_value=0.001 0.00173709 6.51926e-11 0.00144366 0.00220238 0.0018994 0.0025
internal_weight=900 852 180 142 672 333 339
internal_count=900 852 180 142 672 333 339
is_linear=0
shrinkage=0.05


Tree=17
num_leaves=8
num_cat=0
split_feature=1 1 0 1 1 0 0
split_gain=3.53091 0.203207 0.295724 0.0883028 0.0214642 0.0960295 1.11022e-16
threshold=14.636036040437912 17.276247795332555 17.038763340090551 15.388938874289666 21.334958896895106 20.089796881558232 26.084107651219067
decision_type=2 2 2 2 2 2 2
left_child=-1 2 3 -2 5 -3 -6
right_child=1 4 -4 -5 6 -7 -8
leaf_value=-0.086133779870745511 -0.0046002466173227152 0.066277515051382865 -0.031598941956090358 0.078068673355118801 0.18974105395439814 0.057755143556279975 0.299282241708557
leaf_weight=48 32 247 43 77 309 114 30
leaf_count=48 32 247 43 77 309 114 30
internal_value=0.00111111 0.00185446 0.000197368 0.00158257 0.00221429 0.00194598 0.0025
internal_weight=900 852 152 109 700 361 339
internal_count=900 852 152 109 700 361 339
is_linear=0
shrinkage=0.05


Tree=18
num_leaves=7
num_cat=0
split_feature=1 1 0 1 1 1
split_gain=3.47169 0.166284 0.303188 0.116357 0.0207827 0.0249141
threshold=14.636036040437912 17.883254262255445 17.803146345219247 15.673612230440016 28.08997033836792 21.334958896895106
decision_type=2 2 2 2 2 2
left_child=-1 2 3 -2 5 -3
right_child=1 4 -4 -5 -6 -7
leaf_value=-0.081827090877208256 -0.0112993763662502 0.076099426885591903 -0.015957490171409152 0.048222708439083002 0.17191503448409656 0.18314319450848979
leaf_weight=48 44 317 30 122 30 309
leaf_count=48 44 317 30 122 30 309
internal_value=0.001 0.00173709 0.000459184 0.00129518 0.0021189 0.00218051
internal_weight=900 852 196 166 656 626
internal_count=900 852 196 166 656 626
is_linear=0
shrinkage=0.05


Tree=19
num_leaves=7
num_cat=0
split_feature=1 1 0 1 1 1
split_gain=3.44227 0.221328 0.429343 0.144545 0.0207827 0.0249141
threshold=14.636036040437912 17.883254262255445 17.448229738532238 15.673612230440016 28.08997033836792 21.334958896895106
decision_type=2 2 2 2 2 2
left_child=-1 2 3 -2 5 -3
right_child=1 4 -4 -5 -6 -7
leaf_value=-0.077735736333347835 -0.010734407547937728 0.07229445554131235 -0.019807386459814978 0.09124641235253747 0.16331928275989177 0.17398603478306526
leaf_weight=48 44 317 46 106 30 309
leaf_count=48 44 317 46 106 30 309
internal_value=0.000944444 0.0016784 0.000204082 0.0015 0.0021189 0.00218051
internal_weight=900 852 196 150 656 626
internal_count=900 852 196 150 656 626
is_linear=0
shrinkage=0.05


Tree=20
num_leaves=7
num_cat=0
split_feature=1 1 0 1 1 1
split_gain=3.47169 0.166284 0.303188 0.116357 0.0207827 0.0249141
threshold=14.636036040437912 17.883254262255445 17.803146345219247 15.673612230440016 28.08997033836792 21.334958896895106
decision_type=2 2 2 2 2 2
left_child=-1 2 3 -2 5 -3
right_child=1 4 -4 -5 -6 -7
leaf_value=-0.073848949516680445 -0.010197687170540835 0.068679732764246729 -0.014169246339847908 0.046801942340119647 0.15515331862189718 0.16528673304391203
leaf_weight=48 44 317 30 122 30 309
leaf_count=48 44 317 30 122 30 309
internal_value=0.001 0.00173709 0.000459184 0.00129518 0.0021189 0.00218051
internal_weight=900 852 196 166 656 626
internal_count=900 852 196 166 656 626
is_linear=0
shrinkage=0.05


Tree=21
num_leaves=7
num_cat=0
split_feature=1 1 0 1 0 1
split_gain=2.50391 0.213305 0.296703 0.0323247 0.217101 0.0270694
threshold=14.636036040437912 16.609121661033075 16.00165953938173 19.958558071907408 19.833040194798617 28.08997033836792
decision_type=2 2 2 2 2 2
left_child=-1 2 -2 4 -3 -5
right_child=1 3 -4 5 -6 -7
leaf_value=-0.070156502040846433 0.045161201241864984 0.034310996486549492 -0.02635961845943079 0.13854248531529884 -0.042110298247731819 0.14739565269080232
leaf_weight=48 48 249 56 438 31 30
leaf_count=48 48 249 56 438 31 30
internal_value=0.00111111 0.00173709 -0.000384615 0.00203209 0.00160714 0.00228632
internal_weight=900 852 104 748 280 468
internal_count=900 852 104 748 280 468
is_linear=0
shrinkage=0.05


Tree=22
num_leaves=8
num_cat=0
split_feature=1 1 0 1 1 0 0
split_gain=2.03381 0.204059 0.429343 0.144545 0.0296027 0.395117 0.0267398
threshold=14.636036040437912 17.883254262255445 17.448229738532238 15.673612230440016 20.227615129122988 20.089796881558232 20.089796881558232
decision_type=2 2 2 2 2 2 2
left_child=-1 2 3 -2 5 -3 -6
right_child=1 4 -4 -5 6 -7 -8
leaf_value=-0.066648676938804122 -0.0086787481276460795 0.07208134897320477 -0.017548956685392123 0.085661975540876151 0.38640687994779643 -0.03927327256792823 0.13342007072640003
leaf_weight=48 44 178 46 106 30 34 414
leaf_count=48 44 178 46 106 30 34 414
internal_value=0.00105556 0.00161972 0.000204082 0.0015 0.00204268 0.0015566 0.00227477
internal_weight=900 852 196 150 656 212 444
internal_count=900 852 196 150 656 212 444
is_linear=0
shrinkage=0.05


Tree=23
num_leaves=7
num_cat=0
split_feature=1 1 0 1 1 0
split_gain=2.05644 0.151362 0.303188 0.116357 0.0183914 0.0191656
threshold=14.636036040437912 17.883254262255445 17.803146345219247 15.673612230440016 28.08997033836792 20.089796881558232
decision_type=2 2 2 2 2 2
left_child=-1 2 3 -2 5 -3
right_child=1 4 -4 -5 -6 -7
leaf_value=-0.0633162430918639 -0.0082448107212637466 0.073621275180285758 -0.012630444167443529 0.043623743233055796 0.13335486651994222 0.098429865050971052
leaf_weight=48 44 203 30 122 30 423
leaf_count=48 44 203 30 122 30 423
internal_value=0.00111111 0.0016784 0.000459184 0.00129518 0.00204268 0.00210064
internal_weight=900 852 196 166 656 626
internal_count=900 852 196 166 656 626
is_linear=0
shrinkage=0.05


Tree=24
num_leaves=8
num_cat=0
split_feature=1 1 0 1 0 0 0
split_gain=1.98892 0.265642 0.422768 0.0477646 0.342737 0.0227249 0.0174603
threshold=14.636036040437912 16.609121661033075 16.287315303947043 20.227615129122988 20.089796881558232 20.089796881558232 15.637728086273791
decision_type=2 2 2 2 2 2 2
left_child=-1 2 6 4 -3 -5 -2
right_child=1 3 -4 5 -6 -7 -8
leaf_value=-0.060150430937270731 0.067761021869444701 0.035962661169251474 -0.031519507937750747 0.36041879262440957 -0.04223110219208033 0.12182757393753151 0.0059565991300605673
leaf_weight=48 33 270 41 30 34 414 30
leaf_count=48 33 270 41 30 34 414 30
internal_value=0.000944444 0.00150235 -0.000865385 0.00183155 0.00134868 0.00216216 0.00170635
internal_weight=900 852 104 748 304 444 63
internal_count=900 852 104 748 304 444 63
is_linear=0
shrinkage=0.05


Tree=25
num_leaves=8
num_cat=0
split_feature=1 1 0 1 1 0 0
split_gain=1.98892 0.171624 0.429343 0.144545 0.0207093 0.279944 0.0241437
threshold=14.636036040437912 17.883254262255445 17.448229738532238 15.673612230440016 21.587309817641582 21.355355671530045 21.126765906700978
decision_type=2 2 2 2 2 2 2
left_child=-1 2 3 -2 5 -3 -6
right_child=1 4 -4 -5 6 -7 -8
leaf_value=-0.057142909390407184 -0.0081304001417035806 0.067308390666296944 -0.01530753847282617 0.080773664999067032 0.1205957444970685 -0.0010495946709287542 0.15263459366448845
leaf_weight=48 44 298 46 106 30 43 285
leaf_count=48 44 298 46 106 30 43 285
internal_value=0.000944444 0.00150235 0.000204082 0.0015 0.00189024 0.00162023 0.00218254
internal_weight=900 852 196 150 656 341 315
internal_count=900 852 196 150 656 341 315
is_linear=0
shrinkage=0.05


Tree=26
num_leaves=7
num_cat=0
split_feature=1 1 0 1 0 0
split_gain=1.98892 0.181702 0.319245 0.0371488 0.25019 0.0241437
threshold=14.636036040437912 16.570487098703087 16.00165953938173 21.587309817641582 21.355355671530045 21.126765906700978
decision_type=2 2 2 2 2 2
left_child=-1 2 -2 4 -3 -5
right_child=1 3 -4 5 -6 -7
leaf_value=-0.054285763920886826 0.042753755123220188 0.039766362647995164 -0.023064784413105818 0.11456595727221508 -0.00099711493738228107 0.145002863981264
leaf_weight=48 47 394 53 30 43 285
leaf_count=48 47 394 53 30 43 285
internal_value=0.000944444 0.00150235 -0.0005 0.00176862 0.00147025 0.00218254
internal_weight=900 852 100 752 437 315
internal_count=900 852 100 752 437 315
is_linear=0
shrinkage=0.05


Tree=27
num_leaves=8
num_cat=0
split_feature=1 1 0 1 1 0 0
split_gain=1.90066 0.265104 0.547668 0.186949 0.0313653 0.40305 0.0287671
threshold=14.636036040437912 18.149599303015631 17.448229738532238 15.909207764388182 22.696282153746981 22.720870720165323 22.220035591497638
decision_type=2 2 2 2 2 2 2
left_child=-1 2 3 -2 5 -3 -6
right_child=1 4 -4 -5 6 -7 -8
leaf_value=-0.05157147572484249 -0.0043047662558700272 0.062933730949685268 -0.0059605163611345813 0.090441107928389872 0.10883765940860429 -0.016389949648635226 0.15941842689368871
leaf_weight=48 56 382 58 106 30 31 189
leaf_count=48 56 382 58 106 30 31 189
internal_value=0.000722222 0.00126761 -0.000227273 0.00126543 0.00178797 0.00153148 0.00227169
internal_weight=900 852 220 162 632 413 219
internal_count=900 852 220 162 632 413 219
is_linear=0
shrinkage=0.05


Tree=28
num_leaves=8
num_cat=0
split_feature=1 1 0 1 1 0 0
split_gain=1.55282 0.244582 0.461028 0.23329 0.0251632 0.377565 0.0262239
threshold=14.636036040437912 18.3046183134228 18.327555332996827 16.609121661033075 20.227615129122988 20.089796881558232 23.103848244893779
decision_type=2 2 2 2 2 2 2
left_child=-1 2 3 -2 5 -3 -6
right_child=1 4 -4 -5 6 -7 -8
leaf_value=-0.048992901938600356 -0.0023721678400164432 0.074899549051203579 -0.0032331773933446995 0.027470133460353253 0.11071503960623584 -0.045073523616542599 0.11030845936460212
leaf_weight=48 104 138 30 102 291 34 153
leaf_count=48 104 138 30 102 291 34 153
internal_value=0.000833333 0.00132629 -4.23728e-05 0.000800971 0.00185065 0.00133721 0.00204955
internal_weight=900 852 236 206 616 172 444
internal_count=900 852 236 206 616 172 444
is_linear=0
shrinkage=0.05


Tree=29
num_leaves=9
num_cat=0
split_feature=1 1 0 1 0 1 0 0
split_gain=1.1878 0.27952 0.506459 0.188153 0.0892857 0.0342818 0.398636 0.0287671
threshold=14.636036040437912 18.3046183134228 17.448229738532238 15.909207764388182 18.327555332996827 22.696282153746981 22.720870720165323 22.220035591497638
decision_type=2 2 2 2 2 2 2 2
left_child=-1 2 3 -2 -4 6 -3 -7
right_child=1 5 4 -5 -6 7 -8 -9
leaf_value=-0.046543256841670336 -0.0039709195510756563 0.060693980706061794 -0.001232999857590737 0.087549272368349265 -0.0030715185236774856 0.097860024457862335 -0.02108587513443352 0.1459320825807742
leaf_weight=48 56 366 42 108 30 30 31 189
leaf_count=48 56 366 42 108 30 30 31 189
internal_value=0.000777778 0.00120892 -0.000254237 0.00128049 -0.00375 0.00176948 0.00149244 0.00227169
internal_weight=900 852 236 164 72 616 397 219
internal_count=900 852 236 164 72 616 397 219
is_linear=0
shrinkage=0.05


Tree=30
num_leaves=9
num_cat=0
split_feature=1 1 0 1 0 1 0 0
split_gain=1.17061 0.257547 0.506459 0.188153 0.0892857 0.0462588 0.554454 0.0287671
threshold=14.636036040437912 18.3046183134228 17.448229738532238 15.909207764388182 18.327555332996827 22.696282153746981 22.567639085016875 22.220035591497638
decision_type=2 2 2 2 2 2 2 2
left_child=-1 2 3 -2 -4 6 -3 -7
right_child=1 5 4 -5 -6 7 -8 -9
leaf_value=-0.044216093999586814 -0.003772373573521857 0.063629048044982248 -0.0011713498647112168 0.083171808749931797 -0.0029179425974936056 0.09296702323496922 -0.015590024380985491 0.13863547845173549
leaf_weight=48 56 362 42 108 30 30 35 189
leaf_count=48 56 362 42 108 30 30 35 189
internal_value=0.000722222 0.00115023 -0.000254237 0.00128049 -0.00375 0.00168831 0.0013665 0.00227169
internal_weight=900 852 236 164 72 616 397 219
internal_count=900 852 236 164 72 616 397 219
is_linear=0
shrinkage=0.05


Tree=31
num_leaves=9
num_cat=0
split_feature=1 1 0 1 0 1 0 0
split_gain=0.886448 0.257547 0.506459 0.188153 0.0892857 0.0462588 0.554454 0.0287671
threshold=14.636036040437912 18.3046183134228 17.448229738532238 15.909207764388182 18.327555332996827 22.696282153746981 22.567639085016875 22.220035591497638
decision_type=2 2 2 2 2 2 2 2
left_child=-1 2 3 -2 -4 6 -3 -7
right_child=1 5 4 -5 -6 7 -8 -9
leaf_value=-0.042005289299607451 -0.0035837548948457567 0.060447595642733144 -0.0011127823714756774 0.079013218312435241 -0.002772045467618933 0.08831867207322075 -0.014810523161936207 0.13170370452914867
leaf_weight=48 56 362 42 108 30 30 35 189
leaf_count=48 56 362 42 108 30 30 35 189
internal_value=0.000777778 0.00115023 -0.000254237 0.00128049 -0.00375 0.00168831 0.0013665 0.00227169
internal_weight=900 852 236 164 72 616 397 219
internal_count=900 852 236 164 72 616 397 219
is_linear=0
shrinkage=0.05


Tree=32
num_leaves=11
num_cat=0
split_feature=1 0 1 1 0 1 0 0 0 0
split_gain=0.754731 0.383671 0.418861 0.0928189 0.584416 0.0462588 0.554454 0.0287671 0.0172043 2.77556e-17
threshold=16.609121661033075 16.650117662919527 15.017345825006617 18.3046183134228 18.078818239821945 22.696282153746981 22.567639085016875 22.220035591497638 15.875020224202109 17.373472005261267
decision_type=2 2 2 2 2 2 2 2 2 2
left_child=1 2 -1 4 9 6 -5 -7 -4 -2
right_child=3 -3 8 5 -6 7 -8 -9 -10 -11
leaf_value=-0.026376577481853403 0.38410316103395414 -0.02840949407174051 0.21444472387276564 0.057425215860596485 -0.0021184876669897638 0.083902738469559701 -0.014069997003839419 0.1251185193026913 0.0082598918214593486 0.0038847486284867144
leaf_weight=60 57 30 32 362 42 30 35 189 30 33
leaf_count=60 57 30 32 362 42 30 35 189 30 33
internal_value=0.000777778 -0.00243421 -0.00118852 0.00143048 0.000227273 0.00168831 0.0013665 0.00227169 0.00169355 0.0025
internal_weight=900 152 122 748 132 616 397 219 62 90
internal_count=900 152 122 748 132 616 397 219 62 90
is_linear=0
shrinkage=0.05


Tree=33
num_leaves=9
num_cat=0
split_feature=1 1 0 1 1 1 0 0
split_gain=0.671746 0.188001 0.335043 0.213333 0.133333 0.0299555 0.407668 0.0287671
threshold=15.017345825006617 18.690978876654583 17.877461937947938 17.9081248240898 16.241541352544903 22.696282153746981 22.720870720165323 22.220035591497638
decision_type=2 2 2 2 2 2 2 2
left_child=-1 2 4 -4 -2 6 -3 -7
right_child=1 5 3 -5 -6 7 -8 -9
leaf_value=-0.025057748607760735 0.00028951275869504143 0.056630913803873931 -0.0098775911789444962 -9.4918663169039975e-06 0.070416555490005875 0.079707601546081724 -0.017808054150373832 0.11886259333755669
leaf_weight=60 72 330 30 50 108 30 31 189
leaf_count=60 72 330 30 50 108 30 31 189
internal_value=0.000944444 0.00130952 0.000192308 -0.0025 0.00138889 0.00181034 0.00153047 0.00227169
internal_weight=900 840 260 80 180 580 361 219
internal_count=900 840 260 80 180 580 361 219
is_linear=0
shrinkage=0.05


Tree=34
num_leaves=9
num_cat=0
split_feature=1 1 0 1 1 1 0 0
split_gain=0.629112 0.216946 0.310961 0.278179 0.188745 0.0565291 0.750855 0.0287671
threshold=14.636036040437912 18.690978876654583 17.448229738532238 17.883254262255445 15.909207764388182 22.696282153746981 22.494866048268353 22.220035591497638
decision_type=2 2 2 2 2 2 2 2
left_child=-1 2 4 -4 -2 6 -3 -7
right_child=1 5 3 -5 -6 7 -8 -9
leaf_value=-0.037333308530146339 -0.0017071388225130613 0.060574708349320772 -0.012080148252327708 1.23369062615869e-05 0.074721739618621955 0.075722221468777662 -0.0091449266985840442 0.11291946367067884
leaf_weight=48 56 323 46 61 109 30 38 189
leaf_count=48 56 323 46 61 109 30 38 189
internal_value=0.000777778 0.00109155 -7.35293e-05 -0.0021729 0.00128788 0.00163793 0.00125346 0.00227169
internal_weight=900 852 272 107 165 580 361 219
internal_count=900 852 272 107 165 580 361 219
is_linear=0
shrinkage=0.05


Tree=35
num_leaves=10
num_cat=0
split_feature=1 0 1 0 1 0 1 0 0
split_gain=0.754731 0.67766 0.35666 0.18125 0.087651 0.687007 0.101478 0.0287671 5.55112e-17
threshold=16.609121661033075 16.650117662919527 14.145162304530222 15.875020224202109 22.696282153746981 22.494866048268353 20.227615129122988 22.220035591497638 25.877190616406303
decision_type=2 2 2 2 2 2 2 2 2
left_child=1 2 -1 -4 5 6 -2 -6 -9
right_child=4 -3 3 -5 7 -7 -8 8 -10
leaf_value=-0.030957160988697077 0.0096999776763859666 -0.02645598549200472 0.038817623652738824 -0.015438138161838234 0.071936110395338745 -0.0086876803636548594 0.10997577351724841 0.10090366726526967 0.12021256547110699
leaf_weight=32 304 30 58 32 30 38 187 153 36
leaf_count=32 304 30 58 32 30 38 187 153 36
internal_value=0.000777778 -0.00243421 -0.000778688 0.000833333 0.00143048 0.00108223 0.0015835 0.00227169 0.0025
internal_weight=900 152 122 90 748 529 491 219 189
internal_count=900 152 122 90 748 529 491 219 189
is_linear=0
shrinkage=0.05


Tree=36
num_leaves=11
num_cat=0
split_feature=1 0 1 1 0 1 0 0 0 0
split_gain=0.60806 0.435116 0.317515 0.134244 0.588379 0.0421964 0.508473 0.0295793 0.0287671 0.0237111
threshold=16.609121661033075 16.650117662919527 15.365466916333977 18.690978876654583 18.403619161102679 22.696282153746981 22.494866048268353 15.064139780940069 22.220035591497638 17.803146345219247
decision_type=2 2 2 2 2 2 2 2 2 2
left_child=1 2 7 4 9 6 -5 -1 -7 -2
right_child=3 -3 -4 5 -6 8 -8 -9 -10 -11
leaf_value=-0.017858277123907796 0.073546967302577038 -0.025133186217404482 0.061605964987967513 0.056786744979149366 -0.0018728679444183468 0.068339304875571827 -0.0082532963454720939 -0.015792372099979756 0.10184212902453396 0.0026328367895360511
leaf_weight=45 86 30 46 323 51 30 38 31 189 31
leaf_count=45 86 30 46 323 51 30 38 31 189 31
internal_value=0.000777778 -0.00210526 -0.000778688 0.00136364 0.000119048 0.00172414 0.00139197 -0.00276316 0.00227169 0.00207265
internal_weight=900 152 122 748 168 580 361 76 219 117
internal_count=900 152 122 748 168 580 361 76 219 117
is_linear=0
shrinkage=0.05


Tree=37
num_leaves=10
num_cat=0
split_feature=1 0 1 0 1 0 1 0 0
split_gain=0.489234 0.359195 0.319065 0.130628 0.0299555 0.349016 0.0385691 0.0287671 5.55112e-17
threshold=18.690978876654583 18.864501229537193 15.017345825006617 17.877461937947938 22.696282153746981 22.567639085016875 20.227615129122988 22.220035591497638 25.877190616406303
decision_type=2 2 2 2 2 2 2 2 2
left_child=1 2 -1 -4 5 6 -2 -6 -9
right_child=4 -3 3 -5 7 -7 -8 8 -10
leaf_value=-0.019497423845235097 0.02169366100159803 -0.0011677941659541963 0.018409174301787512 -0.0014222798355727779 0.064922339631793238 -0.011171799275743233 0.086332519813622888 0.090766377450779478 0.10910983074632502
leaf_weight=60 136 30 180 50 30 35 190 153 36
leaf_count=60 136 30 180 50 30 35 190 153 36
internal_value=0.000944444 -0.000625 -8.62068e-05 0.00076087 0.00181034 0.00153047 0.00203988 0.00227169 0.0025
internal_weight=900 320 290 230 580 361 326 219 189
internal_count=900 320 290 230 580 361 326 219 189
is_linear=0
shrinkage=0.05


Tree=38
num_leaves=11
num_cat=0
split_feature=1 0 1 1 0 1 0 0 0 0
split_gain=0.60806 0.435116 0.317515 0.134244 0.588379 0.0421964 0.508473 0.0295793 0.0287671 0.0237111
threshold=16.609121661033075 16.650117662919527 15.365466916333977 18.690978876654583 18.403619161102679 22.696282153746981 22.494866048268353 15.064139780940069 22.220035591497638 17.803146345219247
decision_type=2 2 2 2 2 2 2 2 2 2
left_child=1 2 7 4 9 6 -5 -1 -7 -2
right_child=3 -3 -4 5 -6 8 -8 -9 -10 -11
leaf_value=-0.015990492075450648 0.068949160222358863 -0.024350777882108418 0.057605208023479793 0.052539529610680695 -0.0017144726976332054 0.06167622265020354 -0.0074626423527862588 -0.014975547214030605 0.091844834506388168 0.0025723089418379294
leaf_weight=45 86 30 46 323 51 30 38 31 189 31
leaf_count=45 86 30 46 323 51 30 38 31 189 31
internal_value=0.000777778 -0.00210526 -0.000778688 0.00136364 0.000119048 0.00172414 0.00139197 -0.00276316 0.00227169 0.00207265
internal_weight=900 152 122 748 168 580 361 76 219 117
internal_count=900 152 122 748 168 580 361 76 219 117
is_linear=0
shrinkage=0.05


Tree=39
num_leaves=12
num_cat=0
split_feature=1 0 1 0 0 1 0 1 0 1 0
split_gain=0.342155 0.403592 0.239156 0.200494 0.0710145 0.0421964 0.302319 0.260554 0.0287671 0.0188513 5.55112e-17
threshold=18.690978876654583 18.864501229537193 15.673612230440016 17.877461937947938 15.362763664702124 22.696282153746981 21.355355671530045 21.42495649223914 22.220035591497638 19.243953086078296 25.877190616406303
decision_type=2 2 2 2 2 2 2 2 2 2 2
left_child=1 2 4 -4 -1 6 9 -8 -7 -2 -10
right_child=5 -3 3 -5 -6 8 7 -9 10 -11 -12
leaf_value=-0.0099233771088373512 0.0066832009838464455 -0.0010236808227747658 0.029134515989426391 -0.0013618948036256077 -0.029557642507126981 0.058592411517693323 -0.034390737866515739 0.060688582354496048 0.081635816852921039 0.086278343909388253 0.099062097483689382
leaf_weight=60 44 30 148 50 32 30 37 66 153 214 36
leaf_count=60 44 30 148 50 32 30 37 66 153 214 36
internal_value=0.001 -0.0003125 0.000258621 0.00123737 -0.00184783 0.00172414 0.00139197 -0.000898058 0.00227169 0.0023062 0.0025
internal_weight=900 320 290 198 92 580 361 103 219 258 189
internal_count=900 320 290 198 92 580 361 103 219 258 189
is_linear=0
shrinkage=0.05


Tree=40
num_leaves=11
num_cat=0
split_feature=1 0 1 0 0 1 0 1 0 0
split_gain=0.51778 0.337967 0.294301 0.489797 0.165552 0.0421964 0.508473 0.0383127 0.0287671 5.55112e-17
threshold=18.690978876654583 18.864501229537193 16.609121661033075 16.650117662919527 18.078818239821945 22.696282153746981 22.494866048268353 20.227615129122988 22.220035591497638 25.877190616406303
decision_type=2 2 2 2 2 2 2 2 2 2
left_child=1 2 3 -1 -4 6 7 -2 -7 -10
right_child=5 -3 4 -5 -6 8 -8 -9 9 -11
leaf_value=-0.00040308592371150894 0.017647841421791797 -0.00097249678163605817 0.026275639416053764 -0.022289761216436211 -0.0006156803262106084 0.055662790941808642 -0.0099433385644967856 0.090763974526379854 0.077554026010275057 0.094108992609504949
leaf_weight=122 136 30 99 30 39 30 38 187 153 36
leaf_count=122 136 30 99 30 39 30 38 187 153 36
internal_value=0.000833333 -0.00078125 -0.000258621 -0.00177632 0.00141304 0.00172414 0.00139197 0.0020356 0.00227169 0.0025
internal_weight=900 320 290 152 138 580 361 323 219 189
internal_count=900 320 290 152 138 580 361 323 219 189
is_linear=0
shrinkage=0.05


Tree=41
num_leaves=10
num_cat=0
split_feature=1 0 0 0 1 0 0 0 0
split_gain=0.366094 0.38107 0.211735 0.127867 0.0565291 0.483054 0.0928019 0.0287671 5.55112e-17
threshold=18.690978876654583 18.864501229537193 14.392157224793731 15.922031250085167 22.696282153746981 22.494866048268353 21.355355671530045 22.220035591497638 25.877190616406303
decision_type=2 2 2 2 2 2 2 2 2
left_child=1 2 -1 -4 5 6 -2 -6 -9
right_child=4 -3 3 -5 7 -7 -8 8 -10
leaf_value=-0.02622567013540511 0.046397398041737994 -0.00092387194255429031 0.0084255596411602577 -5.1332001314927079e-05 0.052879651394718244 -0.0094461716362719272 0.021881352360721085 0.073676324709761251 0.089403542979029638
leaf_weight=32 258 30 64 194 30 38 65 153 36
leaf_count=32 258 30 64 194 30 38 65 153 36
internal_value=0.000888889 -0.00046875 8.6207e-05 0.000562016 0.00163793 0.00125346 0.0018808 0.00227169 0.0025
internal_weight=900 320 290 258 580 361 323 219 189
internal_count=900 320 290 258 580 361 323 219 189
is_linear=0
shrinkage=0.05


Tree=42
num_leaves=10
num_cat=0
split_feature=1 0 0 1 0 1 1 1 1
split_gain=0.34679 0.595664 0.2142 0.127062 0.0856643 0.576176 0.0608212 0.0224553 0.0207265
threshold=18.768133423670587 18.864501229537193 14.392157224793731 17.700283091000156 21.355355671530045 21.612380156479841 23.641132457809693 21.814681546245449 19.243953086078296
decision_type=2 2 2 2 2 2 2 2 2
left_child=1 2 -1 -4 7 -6 -7 8 -2
right_child=4 -3 3 -5 5 6 -8 -9 -10
leaf_value=-0.024914386628634856 0.012723013847512666 -0.0011681674753940688 -9.1392734867630332e-06 0.074659101330394245 -0.02491818155925421 0.059354385748650221 0.10054232266598431 0.050235668824982316 0.065058142199775584
leaf_weight=32 40 31 196 65 43 133 136 30 194
leaf_count=32 40 31 196 65 43 133 136 30 194
internal_value=0.000722222 -0.00058642 0.000110922 0.000584291 0.00145833 0.000897436 0.00175651 0.00212121 0.00228632
internal_weight=900 324 293 261 576 312 269 264 234
internal_count=900 324 293 261 576 312 269 264 234
is_linear=0
shrinkage=0.05


Tree=43
num_leaves=10
num_cat=0
split_feature=1 0 0 1 0 1 0 1 0
split_gain=0.37686 0.595664 0.2142 0.127062 0.0432693 0.446157 0.0947174 0.025436 5.55112e-17
threshold=18.768133423670587 18.864501229537193 14.392157224793731 17.700283091000156 20.593494197312552 20.635133910363756 23.103848244893779 20.804536174450153 19.790198827139893
decision_type=2 2 2 2 2 2 2 2 2
left_child=1 2 -1 -4 7 -6 -7 8 -2
right_child=4 -3 3 -5 5 6 -8 -9 -10
leaf_value=-0.023668667297203117 0.082284453564310578 -0.0011097591016243993 -8.682309812396272e-06 0.07092614626387457 -0.02781074645586781 0.084603463265527701 0.031431807719191317 0.27380531179945555 0.014523178219987602
leaf_weight=32 97 31 196 65 40 211 153 32 43
leaf_count=32 97 31 196 65 40 211 153 32 43
internal_value=0.000777778 -0.00058642 0.000110922 0.000584291 0.00154514 0.00126238 0.00181319 0.0022093 0.0025
internal_weight=900 324 293 261 576 404 364 172 140
internal_count=900 324 293 261 576 404 364 172 140
is_linear=0
shrinkage=0.05


Tree=44
num_leaves=8
num_cat=0
split_feature=0 1 0 1 0 1 0
split_gain=0.252422 0.172698 0.654941 0.208269 0.044709 0.397611 0.0277778
threshold=14.392157224793731 21.587309817641582 21.546190126945625 19.958558071907408 23.315689373716236 23.785200360201681 21.126765906700978
decision_type=2 2 2 2 2 2 2
left_child=-1 2 3 -2 6 -6 -3
right_child=1 4 -4 -5 5 -7 -8
leaf_value=-0.022485233932342964 8.74950340205436e-05 0.043493712220456796 -0.012273895590148465 0.058950932572129217 -0.0091749395112305666 0.084239025003568113 0.1037859811958005
leaf_weight=32 400 30 33 120 31 104 150
leaf_count=32 400 30 33 120 31 104 150
internal_value=0.000611111 0.000771889 0.000239602 0.000673077 0.00170635 0.00101852 0.00222222
internal_weight=900 868 553 520 315 135 180
internal_count=900 868 553 520 315 135 180
is_linear=0
shrinkage=0.05


Tree=45
num_leaves=7
num_cat=0
split_feature=0 1 0 1 1 0
split_gain=0.252422 0.148914 0.594382 0.164714 0.0571653 0.111499
threshold=14.392157224793731 19.243953086078296 19.218379121725089 17.883254262255445 28.08997033836792 21.355355671530045
decision_type=2 2 2 2 2 2
left_child=-1 2 3 -2 5 -3
right_child=1 4 -4 -5 -6 -7
leaf_value=-0.021360972235725795 -9.187519564293379e-05 0.075347484655607408 -0.024929342934412554 0.066003668641411467 0.041319026609433963 0.02589965386112171
leaf_weight=32 212 217 34 86 30 289
leaf_count=32 212 217 34 86 30 289
internal_value=0.000611111 0.000771889 -6.02409e-05 0.000654362 0.00128731 0.00141304
internal_weight=900 868 332 298 536 506
internal_count=900 868 332 298 536 506
is_linear=0
shrinkage=0.05


Tree=46
num_leaves=7
num_cat=0
split_feature=1 0 0 1 0 0
split_gain=0.282577 0.0710145 0.0689632 0.304193 0.0787172 2.77556e-17
threshold=15.673612230440016 15.362763664702124 16.903367155375754 17.276247795332555 18.653737713436659 16.500845735992268
decision_type=2 2 2 2 2 2
left_child=1 -1 5 -4 -5 -2
right_child=2 -3 3 4 -6 -7
leaf_value=-0.0034743074457443072 0.11938018273716011 -0.027563479229462506 -0.0076313077705324863 0.066142252957301473 0.015886777588811917 0.043983684149521897
leaf_weight=60 46 32 45 98 588 31
leaf_count=60 46 32 45 98 588 31
internal_value=0.000777778 -0.00184783 0.00107673 0.000926813 0.00118805 0.0025
internal_weight=900 92 808 731 686 77
internal_count=900 92 808 731 686 77
is_linear=0
shrinkage=0.05


Tree=47
num_leaves=7
num_cat=0
split_feature=0 1 0 1 0 0
split_gain=0.265448 0.0862859 0.707991 0.147692 0.075188 0.0623782
threshold=14.392157224793731 21.587309817641582 21.546190126945625 19.958558071907408 21.126765906700978 23.315689373716236
decision_type=2 2 2 2 2 2
left_child=-1 2 3 -2 -3 -6
right_child=1 4 -4 -5 5 -7
leaf_value=-0.020119208251652278 0.00047257786696573592 0.038458736399521687 -0.013749522383137737 0.051441672831301848 0.096507360563513805 0.02763688029328203
leaf_weight=32 400 30 33 120 150 135
leaf_count=32 400 30 33 120 150 135
internal_value=0.000722222 0.000887097 0.00051085 0.000961539 0.00154762 0.00179825
internal_weight=900 868 553 520 315 285
internal_count=900 868 553 520 315 285
is_linear=0
shrinkage=0.05


Tree=48
num_leaves=7
num_cat=0
split_feature=0 1 0 1 0 0
split_gain=0.265448 0.0862859 0.707991 0.147692 0.075188 0.0623782
threshold=14.392157224793731 21.587309817641582 21.546190126945625 19.958558071907408 21.126765906700978 23.315689373716236
decision_type=2 2 2 2 2 2
left_child=-1 2 3 -2 -3 -6
right_child=1 4 -4 -5 5 -7
leaf_value=-0.019113247839069647 0.00044894897361747615 0.036535799579545628 -0.013062046263980821 0.048869589189736738 0.091681992535338097 0.026255036278617885
leaf_weight=32 400 30 33 120 150 135
leaf_count=32 400 30 33 120 150 135
internal_value=0.000722222 0.000887097 0.00051085 0.000961539 0.00154762 0.00179825
internal_weight=900 868 553 520 315 285
internal_count=900 868 553 520 315 285
is_linear=0
shrinkage=0.05


Tree=49
num_leaves=7
num_cat=0
split_feature=0 1 0 1 0 0
split_gain=0.258894 0.101992 0.878491 0.161052 0.075188 0.0623782
threshold=14.392157224793731 21.587309817641582 21.306266827528386 19.694852814405934 21.126765906700978 23.315689373716236
decision_type=2 2 2 2 2 2
left_child=-1 2 3 -2 -3 -6
right_child=1 4 -4 -5 5 -7
leaf_value=-0.018157585447116188 0.00042631275837378232 0.034709009600568309 -0.019573820463062348 0.078114488636718771 0.087097892908571173 0.024942284464687062
leaf_weight=32 372 30 46 135 150 135
leaf_count=32 372 30 46 135 150 135
internal_value=0.000666667 0.000829493 0.000420434 0.00102071 0.00154762 0.00179825
internal_weight=900 868 553 507 315 285
internal_count=900 868 553 507 315 285
is_linear=0
shrinkage=0.05


Tree=50
num_leaves=9
num_cat=0
split_feature=0 1 0 1 1 0 1 1
split_gain=0.272084 0.0791831 0.320768 0.225922 0.130952 0.083853 0.382507 0.025436
threshold=14.392157224793731 18.768133423670587 17.877461937947938 17.9081248240898 16.241541352544903 20.593494197312552 20.635133910363756 20.804536174450153
decision_type=2 2 2 2 2 2 2 2
left_child=-1 2 4 -4 -2 7 -7 -3
right_child=1 5 3 -5 -6 6 -8 -9
leaf_value=-0.017249706174760383 2.3332679215515093e-06 0.041800974179962959 -0.0062741669162963507 0.0001353044832634281 0.05936975662801134 -0.025676802627582471 0.050792181996712697 0.24588426598257571
leaf_weight=32 100 140 30 52 110 40 364 32
leaf_count=32 100 140 30 52 110 40 364 32
internal_value=0.000777778 0.000944701 0.000273973 -0.00237805 0.00130952 0.00128472 0.000891089 0.0022093
internal_weight=900 868 292 82 210 576 404 172
internal_count=900 868 292 82 210 576 404 172
is_linear=0
shrinkage=0.05


Tree=51
num_leaves=9
num_cat=0
split_feature=1 0 0 1 1 0 0 0
split_gain=0.155114 0.380357 0.15716 0.379701 0.141929 0.116083 0.0282828 0.0187446
threshold=16.609121661033075 16.650117662919527 18.403619161102679 19.037702191206687 14.636036040437912 22.494866048268353 18.954412717524388 15.875020224202109
decision_type=2 2 2 2 2 2 2 2
left_child=1 4 -2 6 -1 -5 -4 -6
right_child=2 -3 3 5 7 -7 -8 -9
leaf_value=-0.020896702980964313 0.021984426334373749 -0.020168183768607045 -0.0018974256145436093 0.038880476697382572 0.057257699062374413 0.017966770630891672 -0.0012962317632918491 0.0041962763696101113
leaf_weight=48 136 30 33 339 43 210 30 31
leaf_count=48 136 30 33 339 43 210 30 31
internal_value=0.000666667 -0.000789474 0.000962567 0.000620915 0.00045082 0.00104281 -0.00305556 0.00182432
internal_weight=900 152 748 612 122 549 63 74
internal_count=900 152 748 612 122 549 63 74
is_linear=0
shrinkage=0.05


Tree=52
num_leaves=7
num_cat=0
split_feature=1 0 1 0 1 0
split_gain=0.105227 0.119293 0.450542 0.118271 0.0236742 5.55112e-17
threshold=14.636036040437912 17.038763340090551 17.276247795332555 18.653737713436659 15.388938874289666 16.287315303947043
decision_type=2 2 2 2 2 2
left_child=-1 4 -3 -4 -2 -6
right_child=1 2 3 -5 5 -7
leaf_value=-0.019851867831916083 0.0039853619420782459 -0.026391745350592296 0.057629975657805678 0.010679288788350932 0.099984887952463949 0.051365047195065738
leaf_weight=48 32 43 89 588 42 58
leaf_count=48 32 43 89 588 42 58
internal_value=0.000611111 0.000739437 0.000486111 0.000801329 0.00212121 0.0025
internal_weight=900 852 720 677 132 100
internal_count=900 852 720 677 132 100
is_linear=0
shrinkage=0.05


Tree=53
num_leaves=9
num_cat=0
split_feature=1 0 0 1 0 1 0 0
split_gain=0.166207 0.608865 0.216578 0.684702 0.187013 0.141929 0.132079 0.0187446
threshold=16.609121661033075 16.650117662919527 18.403619161102679 19.037702191206687 18.954412717524388 14.636036040437912 20.593494197312552 15.875020224202109
decision_type=2 2 2 2 2 2 2 2
left_child=1 5 -2 4 -4 -1 -5 -7
right_child=2 -3 3 6 -6 7 -8 -9
leaf_value=-0.018859274440320296 0.022204792285184669 -0.017840187312647065 -0.0023365187732339605 0.0525082055140123 -0.0017653846145448454 0.054195546012151798 0.021089543351605872 0.0037871944540256923
leaf_weight=48 136 30 33 145 30 43 404 31
leaf_count=48 136 30 33 145 30 43 404 31
internal_value=0.000388889 -0.00111842 0.000695187 0.000294118 -0.00464286 0.00045082 0.000860656 0.00182432
internal_weight=900 152 748 612 63 122 549 74
internal_count=900 152 748 612 63 122 549 74
is_linear=0
shrinkage=0.05


Tree=54
num_leaves=9
num_cat=0
split_feature=1 0 1 0 1 0 0 0
split_gain=0.123979 0.39419 0.186544 0.162573 0.399438 0.130043 0.108998 5.55112e-17
threshold=16.570487098703087 16.287315303947043 14.636036040437912 18.078818239821945 18.768133423670587 18.864501229537193 20.593494197312552 17.169545254836834
decision_type=2 2 2 2 2 2 2 2
left_child=1 2 -1 7 5 -5 -6 -2
right_child=3 -3 -4 4 6 -7 -8 -9
leaf_value=-0.017916310718304285 0.33433282416258758 -0.024424361794415192 0.041679800907912921 -0.00079827976522938186 0.041308011101957247 -0.0014929501531922888 0.020035066184025601 0.0026102535698833856
leaf_weight=48 55 39 61 40 169 31 404 53
leaf_count=48 55 39 61 40 169 31 404 53
internal_value=0.000444445 -0.000878378 0.000665138 0.000704787 0.000403727 -0.0031338 0.000842059 0.0025
internal_weight=900 148 109 752 644 71 573 108
internal_count=900 148 109 752 644 71 573 108
is_linear=0
shrinkage=0.05


Tree=55
num_leaves=7
num_cat=0
split_feature=1 0 1 0 0 0
split_gain=0.13345 0.188691 0.38223 0.138627 0.117391 5.55112e-17
threshold=15.673612230440016 17.448229738532238 17.883254262255445 19.425998841442013 15.362763664702124 17.07735066105452
decision_type=2 2 2 2 2 2
left_child=4 5 -3 -4 -1 -2
right_child=1 2 3 -5 -6 -7
leaf_value=0.0043076031107480263 0.062483658500433227 -0.0039637570385365889 0.061667889180391837 0.0077740606272036182 -0.023911736191147101 0.066332073943450628
leaf_weight=60 92 46 134 504 32 32
leaf_count=60 92 46 134 504 32 32
internal_value=0.0005 0.000705446 0.000380117 0.000697492 -0.00130435 0.0025
internal_weight=900 808 684 638 92 124
internal_count=900 808 684 638 92 124
is_linear=0
shrinkage=0.05


Tree=56
num_leaves=10
num_cat=0
split_feature=1 0 1 0 0 1 0 1 1
split_gain=0.175824 0.991889 0.353937 0.793324 0.0857143 0.65641 0.111111 0.0192857 2.77556e-17
threshold=21.587309817641582 21.306266827528386 19.243953086078296 19.218379121725089 23.315689373716236 24.192837403250774 21.126765906700978 19.694852814405934 25.951477019974433
decision_type=2 2 2 2 2 2 2 2 2
left_child=1 2 3 -1 6 -6 -2 -4 -7
right_child=4 -3 7 -5 5 8 -8 -9 -10
leaf_value=0.0010194841991021219 0.025511028238275914 -0.022928652166062879 0.048196446022462959 -0.027250553000718727 -0.020358416858209848 0.055251322862886046 0.075751025883460082 0.070569682553833585 0.19290088396157531
leaf_weight=330 30 46 40 34 39 53 150 135 43
leaf_count=330 30 46 40 34 39 53 150 135 43
internal_value=0.000277778 -0.000235043 0.000366419 -0.000521978 0.00123016 0.000277778 0.00194444 0.00221429 0.0025
internal_weight=900 585 539 364 315 135 180 175 96
internal_count=900 585 539 364 315 135 180 175 96
is_linear=0
shrinkage=0.05


Tree=57
num_leaves=8
num_cat=0
split_feature=1 0 0 0 1 0 0
split_gain=0.195393 0.423116 0.183424 0.150753 0.408555 0.104918 5.55112e-17
threshold=16.570487098703087 15.922031250085167 14.392157224793731 18.078818239821945 18.149599303015631 19.644961507556999 17.169545254836834
decision_type=2 2 2 2 2 2 2
left_child=1 2 -1 6 -5 -6 -2
right_child=3 -3 -4 4 5 -7 -8
leaf_value=-0.012777367432939668 0.31444102581948147 -0.022362213569118022 0.0081060601778689748 -0.0020013882370390353 0.04131835707253817 0.0067620258212927695 0.0026269545333609751
leaf_weight=32 55 56 60 34 122 488 53
leaf_count=32 55 56 60 34 122 488 53
internal_value=0.000444445 -0.00121622 0.000869565 0.000771277 0.000481367 0.000778689 0.0025
internal_weight=900 148 92 752 644 610 108
internal_count=900 148 92 752 644 610 108
is_linear=0
shrinkage=0.05


Tree=58
num_leaves=10
num_cat=0
split_feature=1 0 1 0 0 1 0 1 1
split_gain=0.15591 1.01609 0.319294 0.823577 0.0857143 0.65641 0.111111 0.0192857 2.77556e-17
threshold=21.587309817641582 21.306266827528386 19.243953086078296 19.218379121725089 23.315689373716236 24.192837403250774 21.126765906700978 19.694852814405934 25.951477019974433
decision_type=2 2 2 2 2 2 2 2 2
left_child=1 2 3 -1 6 -6 -2 -4 -7
right_child=4 -3 7 -5 5 8 -8 -9 -10
leaf_value=0.00083716226247903527 0.023897375535297451 -0.022120320848824291 0.045448522430275244 -0.026226126641747352 -0.019678597306364023 0.052150655428677112 0.071625373298222522 0.066703097135077341 0.18291773847243201
leaf_weight=330 30 46 40 34 39 53 150 135 43
leaf_count=330 30 46 40 34 39 53 150 135 43
internal_value=0.000333333 -0.000149573 0.000459184 -0.000384615 0.00123016 0.000277778 0.00194444 0.00221429 0.0025
internal_weight=900 585 539 364 315 135 180 175 96
internal_count=900 585 539 364 315 135 180 175 96
is_linear=0
shrinkage=0.05


Tree=59
num_leaves=8
num_cat=0
split_feature=1 0 1 0 1 0 0
split_gain=0.134612 0.39419 0.186544 0.150753 0.408555 0.101038 5.55112e-17
threshold=16.570487098703087 16.287315303947043 14.636036040437912 18.078818239821945 18.149599303015631 20.047746430386628 17.169545254836834
decision_type=2 2 2 2 2 2 2
left_child=1 2 -1 6 -5 -6 -2
right_child=3 -3 -4 4 5 -7 -8
leaf_value=-0.016689839289358546 0.29867711641538336 -0.020982278539760299 0.040293262408204009 -0.0019027724464110865 0.036310011387783593 0.0077169296721372408 0.0024537486935689852
leaf_weight=48 55 39 61 34 158 452 53
leaf_count=48 55 39 61 34 158 452 53
internal_value=0.0005 -0.000878378 0.000665138 0.000771277 0.000481367 0.000778689 0.0025
internal_weight=900 148 109 752 644 610 108
internal_count=900 148 109 752 644 610 108
is_linear=0
shrinkage=0.05


Tree=60
num_leaves=10
num_cat=0
split_feature=1 0 1 0 0 1 0 0 1
split_gain=0.175824 0.709523 0.283882 0.793324 0.0857143 0.65641 0.111111 0.072381 2.77556e-17
threshold=21.587309817641582 21.306266827528386 19.243953086078296 19.218379121725089 23.315689373716236 24.192837403250774 21.126765906700978 20.706519577992562 25.951477019974433
decision_type=2 2 2 2 2 2 2 2 2
left_child=1 2 3 -1 6 -6 -2 -4 -7
right_child=4 -3 7 -5 5 8 -8 -9 -10
leaf_value=0.0004134461690495383 0.022316660274925584 -0.021400151289989931 0.082643473465361578 -0.025300666793266837 -0.019080513924652778 0.049157276173636383 0.067658258149704498 0.01094589299863696 0.17338600506520341
leaf_weight=330 30 46 133 34 39 53 150 42 43
leaf_count=330 30 46 133 34 39 53 150 42 43
internal_value=0.000277778 -0.000235043 0.000273655 -0.000521978 0.00123016 0.000277778 0.00194444 0.00192857 0.0025
internal_weight=900 585 539 364 315 135 180 175 96
internal_count=900 585 539 364 315 135 180 175 96
is_linear=0
shrinkage=0.05


Tree=61
num_leaves=9
num_cat=0
split_feature=1 0 0 0 1 0 0 0
split_gain=0.170121 0.423116 0.183424 0.174838 0.25971 0.15 0.0539576 5.55112e-17
threshold=16.570487098703087 15.922031250085167 14.392157224793731 18.078818239821945 18.690978876654583 20.593494197312552 18.864501229537193 17.169545254836834
decision_type=2 2 2 2 2 2 2 2
left_child=1 2 -1 7 6 -6 -5 -2
right_child=3 -3 -4 4 5 -7 -8 -9
leaf_value=-0.011366537518401155 0.2837225882861617 -0.020257519385250639 0.0084123759419821153 -0.00058423605404617153 0.032974697791544806 0.010399366036455639 -0.0011660768612446009 0.0023103889504380521
leaf_weight=32 55 56 60 39 171 404 30 53
leaf_count=32 55 56 60 39 171 404 30 53
internal_value=0.000333333 -0.00121622 0.000869565 0.000638298 0.000326087 0.000673913 -0.00257246 0.0025
internal_weight=900 148 92 752 644 575 69 108
internal_count=900 148 92 752 644 575 69 108
is_linear=0
shrinkage=0.05


Tree=62
num_leaves=7
num_cat=0
split_feature=1 0 1 0 0 0
split_gain=0.117521 0.215614 0.357262 0.170696 0.117391 5.55112e-17
threshold=15.673612230440016 17.448229738532238 17.883254262255445 19.425998841442013 15.362763664702124 17.07735066105452
decision_type=2 2 2 2 2 2
left_child=4 5 -3 -4 -1 -2
right_child=1 2 3 -5 -6 -7
leaf_value=0.0060204055357140802 0.062426071518586396 -0.0021977520775170491 0.058616195546014174 0.0042685760627823944 -0.019649553438414919 0.064129755756501122
leaf_weight=60 92 46 134 504 32 32
leaf_count=60 92 46 134 504 32 32
internal_value=0.000388889 0.000581683 0.000233918 0.000540752 -0.00130435 0.0025
internal_weight=900 808 684 638 92 124
internal_count=900 808 684 638 92 124
is_linear=0
shrinkage=0.05


Tree=63
num_leaves=11
num_cat=0
split_feature=1 0 1 0 0 1 0 0 0 1
split_gain=0.1221 0.730016 0.252948 0.823577 0.128571 0.818433 0.0960317 0.072381 0.0277778 2.77556e-17
threshold=21.587309817641582 21.306266827528386 19.243953086078296 19.218379121725089 24.047755900067461 24.705312606202416 21.126765906700978 20.706519577992562 23.315689373716236 26.575488596511224
decision_type=2 2 2 2 2 2 2 2 2 2
left_child=1 2 3 -1 6 -6 -2 -4 -8 -7
right_child=4 -3 7 -5 5 9 8 -9 -10 -11
leaf_value=0.00064251297936711912 0.020467430156217506 -0.021063540830452365 0.076649136099377083 -0.025300333631866869 -0.018135953991909304 0.057485172315670831 0.063541948137257359 0.009665201243743201 0.10611545795384938 0.18901664914865515
leaf_weight=330 30 46 133 34 31 43 150 42 30 31
leaf_count=330 30 46 133 34 31 43 150 42 30 31
internal_value=0.000277778 -0.000149573 0.000366419 -0.000384615 0.00107143 -0.000357143 0.00178571 0.00192857 0.00222222 0.0025
internal_weight=900 585 539 364 315 105 210 175 180 74
internal_count=900 585 539 364 315 105 210 175 180 74
is_linear=0
shrinkage=0.05


Tree=64
num_leaves=8
num_cat=0
split_feature=1 0 1 0 1 0 0
split_gain=0.123979 0.39419 0.186544 0.162573 0.396749 0.118443 5.55112e-17
threshold=16.570487098703087 16.287315303947043 14.636036040437912 18.078818239821945 18.149599303015631 19.644961507556999 17.169545254836834
decision_type=2 2 2 2 2 2 2
left_child=1 2 -1 6 -5 -6 -2
right_child=3 -3 -4 4 5 -7 -8
leaf_value=-0.015640838683177095 0.26638302964695593 -0.017990608929009885 0.038787660269276845 -0.0017024225479840293 0.040790499773069838 0.0058791052926054493 0.0022726314578237088
leaf_weight=48 55 39 61 34 122 488 53
leaf_count=48 55 39 61 34 122 488 53
internal_value=0.000444445 -0.000878378 0.000665138 0.000704787 0.000403727 0.000696721 0.0025
internal_weight=900 148 109 752 644 610 108
internal_count=900 148 109 752 644 610 108
is_linear=0
shrinkage=0.05


Tree=65
num_leaves=11
num_cat=0
split_feature=1 0 1 0 0 0 1 0 1 0
split_gain=0.215724 0.903257 0.245932 0.381615 0.186949 0.185689 0.758307 0.148709 0.0248397 5.55112e-17
threshold=19.037702191206687 18.954412717524388 16.570487098703087 15.733307116918477 18.078818239821945 20.593494197312552 20.387282223462524 22.494866048268353 20.804536174450153 19.833040194798617
decision_type=2 2 2 2 2 2 2 2 2 2
left_child=1 2 3 -1 -4 8 -7 -8 9 -2
right_child=5 -3 4 -5 -6 6 7 -9 -10 -11
leaf_value=0.0073419531663104836 0.097318708576416765 -0.0020017603307486936 0.019553987485859275 -0.01388721191881357 -0.00044844603525942111 -0.046330597095478598 0.063167337076178345 0.0027538447482630124 0.18359970408861759 0.0091821927084653233
leaf_weight=83 86 30 106 65 56 30 164 210 32 38
leaf_count=83 86 30 106 65 56 30 164 210 32 38
internal_value=0.000111111 -0.000882353 -8.06451e-05 -0.00155405 0.00126543 0.000714286 0.000148515 0.000762032 0.00217949 0.0025
internal_weight=900 340 310 148 162 560 404 374 156 124
internal_count=900 340 310 148 162 560 404 374 156 124
is_linear=0
shrinkage=0.05


Tree=66
num_leaves=11
num_cat=0
split_feature=1 0 1 0 0 1 0 0 1 0
split_gain=0.331767 0.840259 0.282708 0.568486 0.163748 0.447479 0.586039 0.160951 0.0248397 5.55112e-17
threshold=19.037702191206687 18.954412717524388 17.883254262255445 17.448229738532238 20.593494197312552 21.587309817641582 21.546190126945625 23.315689373716236 20.804536174450153 19.833040194798617
decision_type=2 2 2 2 2 2 2 2 2 2
left_child=1 2 3 -1 8 6 -6 -7 9 -2
right_child=4 -3 -4 -5 5 7 -8 -9 -10 -11
leaf_value=0.0025708001618216202 0.092452773147595924 -0.001901672314211224 0.056631179318771901 -0.0020124466934473596 0.00023955088940670992 0.059076125102516822 -0.013267663348187804 0.014732458726432668 0.17441971888418673 0.0087230830730420632
leaf_weight=198 86 30 66 46 63 173 33 135 32 38
leaf_count=198 86 30 66 46 63 173 33 135 32 38
internal_value=5.55556e-05 -0.00117647 -0.000403226 -0.00118852 0.000803571 0.000272277 -0.00270833 0.0012013 0.00217949 0.0025
internal_weight=900 340 310 244 560 404 96 308 156 124
internal_count=900 340 310 244 560 404 96 308 156 124
is_linear=0
shrinkage=0.05


Tree=67
num_leaves=11
num_cat=0
split_feature=1 0 1 0 0 1 0 0 1 0
split_gain=0.331767 0.840259 0.282708 0.568486 0.163748 0.447479 0.586039 0.160951 0.0248397 5.55112e-17
threshold=19.037702191206687 18.954412717524388 17.883254262255445 17.448229738532238 20.593494197312552 21.587309817641582 21.546190126945625 23.315689373716236 20.804536174450153 19.833040194798617
decision_type=2 2 2 2 2 2 2 2 2 2
left_child=1 2 3 -1 8 6 -6 -7 9 -2
right_child=4 -3 -4 -5 5 7 -8 -9 -10 -11
leaf_value=0.0024422601537305373 0.08783013449021615 -0.0018065886985006456 0.053799620352833269 -0.0019118243587749975 0.00022757334493633368 0.056122318847390933 -0.01260428018077841 0.013995835790111094 0.16569873293997731 0.0082869289193899832
leaf_weight=198 86 30 66 46 63 173 33 135 32 38
leaf_count=198 86 30 66 46 63 173 33 135 32 38
internal_value=5.55556e-05 -0.00117647 -0.000403226 -0.00118852 0.000803571 0.000272277 -0.00270833 0.0012013 0.00217949 0.0025
internal_weight=900 340 310 244 560 404 96 308 156 124
internal_count=900 340 310 244 560 404 96 308 156 124
is_linear=0
shrinkage=0.05


Tree=68
num_leaves=8
num_cat=0
split_feature=1 0 1 0 1 0 0
split_gain=0.218022 0.520673 0.267814 0.254372 0.874604 0.131705 0.0713922
threshold=16.71836407920026 16.689769529919555 15.365466916333977 18.403619161102679 18.768133423670587 20.593494197312552 15.064139780940069
decision_type=2 2 2 2 2 2 2
left_child=1 2 6 -2 -5 -6 -1
right_child=3 -3 -4 4 5 -7 -8
leaf_value=0.00058396050718498846 0.022066876108263786 -0.010805243507914066 0.057756033673858856 -0.0017239617627049946 0.028302995567843638 0.0030050712605811424 -0.0088397916996399584
leaf_weight=45 128 30 54 52 156 404 31
leaf_count=45 128 30 54 52 156 404 31
internal_value=0.000111111 -0.0015625 -0.000192308 0.000472973 4.90197e-05 0.000625 -0.00210526
internal_weight=900 160 130 740 612 560 76
internal_count=900 160 130 740 612 560 76
is_linear=0
shrinkage=0.05


Tree=69
num_leaves=11
num_cat=0
split_feature=1 0 1 0 0 1 0 0 1 0
split_gain=0.302521 0.840259 0.282708 0.568486 0.185689 0.577501 0.304812 0.132801 0.0248397 5.55112e-17
threshold=19.037702191206687 18.954412717524388 17.883254262255445 17.448229738532238 20.593494197312552 21.42495649223914 21.355355671530045 23.315689373716236 20.804536174450153 19.833040194798617
decision_type=2 2 2 2 2 2 2 2 2 2
left_child=1 2 3 -1 8 6 -6 -7 9 -2
right_child=4 -3 -4 -5 5 7 -8 -9 -10 -11
leaf_value=0.0028456684473017711 0.082023477987313159 -0.0024558024695913259 0.05119583742332684 -0.0017595926196761727 0.00028369798842813878 0.051557364425995636 -0.029386782119050339 0.013145790437576417 0.15631045248756539 0.0064574326950283456
leaf_weight=198 86 30 66 46 45 187 37 135 32 38
leaf_count=198 86 30 66 46 45 187 37 135 32 38
internal_value=6.51926e-11 -0.00117647 -0.000403226 -0.00118852 0.000714286 0.000148515 -0.00359756 0.00110248 0.00217949 0.0025
internal_weight=900 340 310 244 560 404 82 322 156 124
internal_count=900 340 310 244 560 404 82 322 156 124
is_linear=0
shrinkage=0.05


Tree=70
num_leaves=10
num_cat=0
split_feature=1 0 1 0 0 1 0 1 0
split_gain=0.215724 0.576376 0.252168 0.580994 0.185689 0.470721 0.227922 0.0248397 5.55112e-17
threshold=19.037702191206687 18.954412717524388 17.883254262255445 17.803146345219247 20.593494197312552 20.635133910363756 22.494866048268353 20.804536174450153 19.833040194798617
decision_type=2 2 2 2 2 2 2 2 2
left_child=1 2 3 -1 7 -6 -7 8 -2
right_child=4 -3 -4 -5 5 6 -8 -9 -10
leaf_value=-4.6400451924189134e-05 0.077922304087947494 -0.0023330123461117935 0.048636045552160494 -0.0014864752581569851 -0.021828186223124428 0.073854475467551348 -0.0014752739664790123 0.14849492986318705 0.0061345610602769685
leaf_weight=214 86 30 66 30 40 154 210 32 38
leaf_count=214 86 30 66 30 40 154 210 32 38
internal_value=0.000111111 -0.000882353 -0.000241935 -0.000983606 0.000714286 0.000148515 0.000714286 0.00217949 0.0025
internal_weight=900 340 310 244 560 404 364 156 124
internal_count=900 340 310 244 560 404 364 156 124
is_linear=0
shrinkage=0.05


Tree=71
num_leaves=7
num_cat=0
split_feature=1 0 0 1 0 0
split_gain=0.220764 0.426603 0.217014 0.57728 0.16875 0.138381
threshold=16.241541352544903 15.733307116918477 17.970195271914818 18.3046183134228 14.392157224793731 22.326109831368573
decision_type=2 2 2 2 2 2
left_child=1 4 -2 -4 -1 -5
right_child=2 -3 3 5 -6 -7
leaf_value=-0.01113622673329755 0.01928449356705593 -0.017009714511515735 -0.00089468138307810703 0.014204677317214962 0.02693932505039115 -0.0017550260159132924
leaf_weight=32 120 52 45 378 48 225
leaf_count=32 120 52 45 378 48 225
internal_value=0.000222222 -0.00166667 0.000546875 0.000185185 0.000625 0.000592869
internal_weight=900 132 768 648 80 603
internal_count=900 132 768 648 80 603
is_linear=0
shrinkage=0.05


Tree=72
num_leaves=11
num_cat=0
split_feature=1 0 1 0 0 1 0 0 1 0
split_gain=0.215724 0.576376 0.252168 0.615969 0.185689 0.411089 0.586039 0.124205 0.0248397 5.55112e-17
threshold=19.037702191206687 18.954412717524388 17.883254262255445 17.448229738532238 20.593494197312552 21.587309817641582 21.546190126945625 24.047755900067461 20.804536174450153 19.833040194798617
decision_type=2 2 2 2 2 2 2 2 2 2
left_child=1 2 3 -1 8 6 -6 -7 9 -2
right_child=4 -3 -4 -5 5 7 -8 -9 -10 -11
leaf_value=0.0035561907731086768 0.073315955017689394 -0.0029265955946669565 0.046248977343706359 -0.0015698531107352306 0.00043293166053455897 0.053113705701603967 -0.012483214524003064 0.0017979397143015692 0.14010595869167489 0.0051175991414023764
leaf_weight=198 86 30 66 46 63 203 33 105 32 38
leaf_count=198 86 30 66 46 63 203 33 105 32 38
internal_value=0.000111111 -0.000882353 -0.000241935 -0.000983606 0.000714286 0.000148515 -0.00270833 0.00103896 0.00217949 0.0025
internal_weight=900 340 310 244 560 404 96 308 156 124
internal_count=900 340 310 244 560 404 96 308 156 124
is_linear=0
shrinkage=0.05


Tree=73
num_leaves=11
num_cat=0
split_feature=1 0 1 0 0 1 0 0 1 0
split_gain=0.240525 0.576376 0.252168 0.615969 0.163748 0.304757 0.390016 0.124205 0.0248397 5.55112e-17
threshold=19.037702191206687 18.954412717524388 17.883254262255445 17.448229738532238 20.593494197312552 21.587309817641582 21.546190126945625 24.047755900067461 20.804536174450153 19.833040194798617
decision_type=2 2 2 2 2 2 2 2 2 2
left_child=1 2 3 -1 8 6 -6 -7 9 -2
right_child=4 -3 -4 -5 5 7 -8 -9 -10 -11
leaf_value=0.0033783812344532274 0.069650157266804943 -0.002780265814933589 0.04393652847652102 -0.0014913604551984425 0.00041128507750779028 0.050458020416523697 -0.011859053797802891 0.0017080427285865259 0.1331006607570912 0.0048617191843322938
leaf_weight=198 86 30 66 46 63 203 33 105 32 38
leaf_count=198 86 30 66 46 63 203 33 105 32 38
internal_value=0.000166667 -0.000882353 -0.000241935 -0.000983606 0.000803571 0.000272277 -0.0021875 0.00103896 0.00217949 0.0025
internal_weight=900 340 310 244 560 404 96 308 156 124
internal_count=900 340 310 244 560 404 96 308 156 124
is_linear=0
shrinkage=0.05


Tree=74
num_leaves=11
num_cat=0
split_feature=1 0 1 0 0 1 0 0 1 0
split_gain=0.215724 0.576376 0.252168 0.615969 0.185689 0.332584 0.711025 0.143571 0.0248397 5.55112e-17
threshold=19.037702191206687 18.954412717524388 17.883254262255445 17.448229738532238 20.593494197312552 21.834862340161695 21.778864824046828 23.315689373716236 20.804536174450153 19.833040194798617
decision_type=2 2 2 2 2 2 2 2 2 2
left_child=1 2 3 -1 8 6 -6 -7 9 -2
right_child=4 -3 -4 -5 5 7 -8 -9 -10 -11
leaf_value=0.0032094621727305553 0.066167649403464687 -0.0026412525241868855 0.041739702052694942 -0.0014167924324385514 0.0010439915747287307 0.059892000456903162 -0.0068617758511383678 0.01247471679267291 0.12644562771923668 0.0046186332251157113
leaf_weight=198 86 30 66 46 89 148 32 135 32 38
leaf_count=198 86 30 66 46 89 148 32 135 32 38
internal_value=0.000111111 -0.000882353 -0.000241935 -0.000983606 0.000714286 0.000148515 -0.00204545 0.00108657 0.00217949 0.0025
internal_weight=900 340 310 244 560 404 121 283 156 124
internal_count=900 340 310 244 560 404 121 283 156 124
is_linear=0
shrinkage=0.05


Tree=75
num_leaves=8
num_cat=0
split_feature=1 0 1 0 1 0 0
split_gain=0.222936 0.799342 0.236842 0.183946 0.483378 0.137246 0.0166384
threshold=17.276247795332555 16.881469880340248 15.365466916333977 18.653737713436659 19.037702191206687 20.593494197312552 15.064139780940069
decision_type=2 2 2 2 2 2 2
left_child=1 2 6 -2 -5 -6 -1
right_child=3 -3 -4 4 5 -7 -8
leaf_value=0.00046440870970712036 0.052453973381430388 -0.011768076479918163 0.063139373017533168 -0.0014811022647745935 0.0193686383998951 0.0012153014190232198 -0.0081944814978657295
leaf_weight=45 112 48 76 51 133 404 31
leaf_count=45 112 48 76 51 133 404 31
internal_value=0.000222222 -0.00125 0.000526316 0.000642857 0.000289116 0.000730913 -0.00144737
internal_weight=900 200 152 700 588 537 76
internal_count=900 200 152 700 588 537 76
is_linear=0
shrinkage=0.05


Tree=76
num_leaves=12
num_cat=0
split_feature=1 0 1 0 0 1 0 0 1 0 0
split_gain=0.226895 1.31738 0.282713 0.665356 0.158494 0.417391 0.375028 0.138171 0.0175657 0.0260081 2.77556e-17
threshold=19.243953086078296 19.359580253642761 17.883254262255445 17.448229738532238 21.109148717367781 21.797136862987532 21.778864824046828 23.315689373716236 21.567130491097352 20.643410843398083 18.723857551683881
decision_type=2 2 2 2 2 2 2 2 2 2 2
left_child=1 2 3 -1 8 6 -6 -7 9 -2 -4
right_child=4 -3 10 -5 5 7 -8 -9 -10 -11 -12
leaf_value=0.0036105909519504997 0.074947759274547734 -0.037239564469563093 0.1219579607425325 -0.001225042176498129 -0.0017773113222640986 0.053238528869603896 -0.0066279790403509968 0.011790215882088036 0.049416887101003615 0.031201933458329046 0.010895542284001445
leaf_weight=198 129 30 58 46 39 141 30 135 31 31 32
leaf_count=198 129 30 58 46 39 141 30 135 31 31 32
internal_value=0.000166667 -0.000796703 0.00010479 -0.000778688 0.000820896 0.000181159 -0.0032971 0.00105072 0.00197644 0.0021875 0.0025
internal_weight=900 364 334 244 536 345 69 276 191 160 90
internal_count=900 364 334 244 536 345 69 276 191 160 90
is_linear=0
shrinkage=0.05


Tree=77
num_leaves=8
num_cat=0
split_feature=1 0 1 0 1 0 0
split_gain=0.209069 0.576923 0.196761 0.191062 0.260373 0.151741 0.0166384
threshold=16.71836407920026 16.689769529919555 15.365466916333977 18.403619161102679 18.33264865570527 20.047746430386628 15.064139780940069
decision_type=2 2 2 2 2 2 2
left_child=1 2 6 -2 -5 -6 -1
right_child=3 -3 -4 4 5 -7 -8
leaf_value=0.00026065872662424107 0.021341500483836824 -0.0096537864393277627 0.05173405440848397 -0.00095500628813826422 0.019709290031638026 0.0012138521952580481 -0.0079652869705699996
leaf_weight=45 128 30 54 30 130 452 31
leaf_count=45 128 30 54 30 130 452 31
internal_value=0.000388889 -0.00125 0.000192308 0.000743243 0.000375817 0.000609966 -0.00144737
internal_weight=900 160 130 740 612 582 76
internal_count=900 160 130 740 612 582 76
is_linear=0
shrinkage=0.05


Tree=78
num_leaves=8
num_cat=0
split_feature=0 0 1 1 1 0 1
split_gain=0.0958583 0.118587 1.06684 0.186519 0.104122 0.501089 0.111475
threshold=14.392157224793731 22.326109831368573 22.338766328175009 24.296506016311408 20.635133910363756 20.047746430386628 22.815826431245352
decision_type=2 2 2 2 2 2 2
left_child=-1 4 -3 -4 5 -2 -6
right_child=1 2 3 -5 6 -7 -8
leaf_value=-0.011303400025061406 0.0010238290198581401 -0.022212206094728307 -0.0046731586289150895 0.064491581985723176 0.091836873152874088 -0.032933965468928399 -0.0077698486001185679
leaf_weight=32 406 30 97 98 153 54 30
leaf_count=32 406 30 97 98 153 54 30
internal_value=0.0005 0.000599078 -0.000388889 0.000961539 0.00094479 0.000543478 0.00195355
internal_weight=900 868 225 195 643 460 183
internal_count=900 868 225 195 643 460 183
is_linear=0
shrinkage=0.05


Tree=79
num_leaves=7
num_cat=0
split_feature=1 0 1 0 0 0
split_gain=0.150392 0.163562 0.408042 0.183744 0.117391 5.55112e-17
threshold=15.673612230440016 17.448229738532238 17.883254262255445 22.494866048268353 15.362763664702124 17.07735066105452
decision_type=2 2 2 2 2 2
left_child=4 5 -3 -4 -1 -2
right_child=1 2 3 -5 -6 -7
leaf_value=0.0050217528080408677 0.046443453809428825 -0.0013469079483273963 0.0081689464163837433 -0.0014516952717034304 -0.015971765979760671 0.058769398972077461
leaf_weight=60 92 46 428 210 32 32
leaf_count=60 92 46 428 210 32 32
internal_value=0.000611111 0.000829208 0.000526316 0.000854232 -0.00130435 0.0025
internal_weight=900 808 684 638 92 124
internal_count=900 808 684 638 92 124
is_linear=0
shrinkage=0.05


Tree=80
num_leaves=11
num_cat=0
split_feature=1 0 0 1 1 0 1 1 1 0
split_gain=0.146273 0.712174 0.223222 0.770048 0.20389 0.408559 0.107456 0.0870516 0.0674207 2.77556e-17
threshold=19.243953086078296 19.117719407369744 22.494866048268353 23.354672370051123 17.883254262255445 17.803146345219247 24.296506016311408 22.929573697442624 20.227615129122988 18.560092391824309
decision_type=2 2 2 2 2 2 2 2 2 2
left_child=1 4 7 -4 5 -1 -5 8 -2 -6
right_child=2 -3 3 6 9 -7 -8 -9 -10 -11
leaf_value=0.0012287805847032351 0.01102475172558666 -0.013116014383259118 -0.023322480641176618 0.026665866988429088 0.33490815051332673 -0.00121452013878568 0.061339587650022204 -0.007789803490931735 0.055666774595457783 0.035815001123352057
leaf_weight=214 92 37 58 54 52 30 98 30 204 31
leaf_count=214 92 37 58 54 52 30 98 30 204 31
internal_value=0.000388889 -0.000384615 0.000914179 -0.000357143 0.000359327 -0.000368852 0.00151316 0.00173313 0.00199324 0.0025
internal_weight=900 364 536 210 327 244 152 326 296 83
internal_count=900 364 536 210 327 244 152 326 296 83
is_linear=0
shrinkage=0.05


Tree=81
num_leaves=7
num_cat=0
split_feature=1 0 0 1 1 0
split_gain=0.104244 0.327614 0.202787 0.758148 0.173333 0.149577
threshold=16.241541352544903 16.133378374984002 17.970195271914818 18.046436914459807 14.636036040437912 22.326109831368573
decision_type=2 2 2 2 2 2
left_child=1 4 -2 -4 -1 -5
right_child=2 -3 3 5 -6 -7
leaf_value=-0.015560238808387439 0.018081465014438924 -0.015234616710007859 -0.0065715847580805516 0.0081332611661142206 0.022600360516275057 -0.00024930913870694602
leaf_weight=48 120 32 30 393 52 225
leaf_count=48 120 32 30 393 52 225
internal_value=0.000388889 -0.000909091 0.000611979 0.000262346 0.0005 0.000639159
internal_weight=900 132 768 648 100 618
internal_count=900 132 768 648 100 618
is_linear=0
shrinkage=0.05


Tree=82
num_leaves=10
num_cat=0
split_feature=1 0 1 0 1 0 0 0 0
split_gain=0.266984 1.04018 0.236842 0.173571 0.325952 0.224903 0.183492 0.0166384 5.55112e-17
threshold=17.276247795332555 16.881469880340248 15.365466916333977 18.511649929692137 19.243953086078296 19.117719407369744 22.326109831368573 15.064139780940069 17.970195271914818
decision_type=2 2 2 2 2 2 2 2 2
left_child=1 2 7 8 5 -5 -6 -1 -2
right_child=3 -3 -4 4 6 -7 -8 -9 -10
leaf_value=0.0012782810623282793 0.23885374822608951 -0.010518835139575152 0.056322289836414269 -8.4229192283489542e-05 0.033774777699867725 -0.012866876722401839 -0.00023684368177156166 -0.0070652084407222026 0.038587835471095212
leaf_weight=45 58 48 76 38 300 37 225 31 42
leaf_count=45 58 48 76 38 300 37 225 31 42
internal_value=0.000111111 -0.0015 0.000526316 0.000571429 0.00025 -0.00283333 0.000690476 -0.00144737 0.0025
internal_weight=900 200 152 700 600 75 525 76 100
internal_count=900 200 152 700 600 75 525 76 100
is_linear=0
shrinkage=0.05


Tree=83
num_leaves=12
num_cat=0
split_feature=1 0 1 0 1 0 0 0 1 0 0
split_gain=0.167937 0.590175 0.236842 0.218691 0.891425 0.237281 0.136581 0.0541287 0.191538 0.0166384 5.55112e-17
threshold=17.276247795332555 16.881469880340248 15.365466916333977 21.109148717367781 21.834862340161695 21.778864824046828 23.315689373716236 18.511649929692137 18.690978876654583 15.064139780940069 17.970195271914818
decision_type=2 2 2 2 2 2 2 2 2 2 2
left_child=1 2 9 7 5 -5 -6 10 -9 -1 -2
right_child=3 -3 -4 4 6 -7 -8 8 -10 -11 -12
leaf_value=0.0012143670092118698 0.22691106081478504 -0.0099928933825964208 0.053506175344593558 -0.0032066058468125064 0.054020396908718862 -0.0040988511584854927 0.0065029228018361239 -0.00068275895653137635 0.014385281183670197 -0.0067119480186861305 0.036658443697540476
leaf_weight=45 58 48 76 39 139 32 135 47 208 31 42
leaf_count=45 58 48 76 39 139 32 135 47 208 31 42
internal_value=0.000277778 -0.001 0.000526316 0.000642857 -0.000253623 -0.00524648 0.00104015 0.00151408 0.00112745 -0.00144737 0.0025
internal_weight=900 200 152 700 345 71 274 355 255 76 100
internal_count=900 200 152 700 345 71 274 355 255 76 100
is_linear=0
shrinkage=0.05


Tree=84
num_leaves=10
num_cat=0
split_feature=1 0 0 1 1 0 0 1 0
split_gain=0.122855 0.327614 0.262151 1.02051 0.173333 0.147307 0.0512821 0.205372 5.55112e-17
threshold=16.241541352544903 16.133378374984002 20.006069434851138 20.227615129122988 14.636036040437912 22.326109831368573 18.403619161102679 18.33264865570527 17.940540426184018
decision_type=2 2 2 2 2 2 2 2 2
left_child=1 4 6 -4 -1 -5 8 -8 -2
right_child=2 -3 3 5 -6 -7 7 -9 -10
leaf_value=-0.014906859271545071 0.040504304020082212 -0.013632500187902276 -0.061046540411448427 0.052183355149685196 0.022159200313431708 -2.0058939758773915e-05 -0.0062046561127357524 0.033838488380539454 0.00041885954241627113
leaf_weight=48 116 32 39 192 52 225 30 126 40
leaf_count=48 116 32 39 192 52 225 30 126 40
internal_value=0.0005 -0.000909091 0.000742188 -2.19298e-05 0.0005 0.000701439 0.00185897 0.00121795 0.0025
internal_weight=900 132 768 456 100 417 312 156 156
internal_count=900 132 768 456 100 417 312 156 156
is_linear=0
shrinkage=0.05


Tree=85
num_leaves=7
num_cat=0
split_feature=1 0 0 1 0 0
split_gain=0.141795 0.315308 0.175902 0.188186 0.133625 5.55112e-17
threshold=15.673612230440016 15.362763664702124 17.448229738532238 17.962714159978724 19.425998841442013 17.07735066105452
decision_type=2 2 2 2 2 2
left_child=1 -1 5 -4 -5 -2
right_child=2 -3 3 4 -6 -7
leaf_value=0.0068807643898030893 0.039244853903883742 -0.012950875178507126 -0.0062901704372127767 0.04029589571751073 0.0027039820475606626 0.053865787968620904
leaf_weight=60 92 32 50 130 504 32
leaf_count=60 92 32 50 130 504 32
internal_value=0.000555556 -0.00130435 0.000767327 0.000453216 0.00068612 0.0025
internal_weight=900 92 808 684 634 124
internal_count=900 92 808 684 634 124
is_linear=0
shrinkage=0.05


Tree=86
num_leaves=9
num_cat=0
split_feature=1 0 0 1 0 0 1 0
split_gain=0.0955114 0.545455 0.208718 0.644086 0.209009 0.0795455 0.0248397 5.55112e-17
threshold=16.241541352544903 15.922031250085167 18.403619161102679 18.768133423670587 20.593494197312552 14.392157224793731 16.796248879298581 18.078818239821945
decision_type=2 2 2 2 2 2 2 2
left_child=1 5 6 -4 -5 -1 -2 -8
right_child=2 -3 3 4 -6 -7 7 -9
leaf_value=-0.0099960724125160109 0.00066503452285787364 -0.012833909013735512 -0.0054482476071569886 0.012511910420391259 0.0016463372534025683 0.010106257096895091 0.036202942708890955 0.018289942992946246
leaf_weight=32 32 44 52 156 404 56 92 32
leaf_count=32 32 44 52 156 404 56 92 32
internal_value=0.000333333 -0.000909091 0.000546875 0.000130719 0.000625 0.00136364 0.00217949 0.0025
internal_weight=900 132 768 612 560 88 156 124
internal_count=900 132 768 612 560 88 156 124
is_linear=0
shrinkage=0.05


Tree=87
num_leaves=12
num_cat=0
split_feature=1 0 0 1 0 1 1 0 1 0 0
split_gain=0.132415 0.62769 0.230288 0.448363 0.219844 0.206727 0.202282 0.431586 0.025436 5.55112e-17 2.77556e-17
threshold=18.768133423670587 17.940540426184018 20.593494197312552 20.635133910363756 22.326109831368573 18.210835875934226 16.609121661033075 16.650117662919527 20.804536174450153 19.790198827139893 17.096887635826281
decision_type=2 2 2 2 2 2 2 2 2 2 2
left_child=1 6 8 -4 -5 -3 7 -1 9 -2 -8
right_child=2 5 3 4 -6 -7 10 -9 -10 -11 -12
leaf_value=0.00082230646080329393 0.037973163606746824 -0.0012776024056875006 -0.01879090246021933 0.063550762072813516 -0.00023657195781897873 -0.0012476140844064751 0.22606644317375735 -0.0073646707114498264 0.081687580254761805 0.0049660670576440417 0.023228641638618423
leaf_weight=122 97 43 40 139 225 36 46 30 32 43 47
leaf_count=122 97 43 40 139 225 36 46 30 32 43 47
internal_value=0.000222222 -0.00058642 0.000677083 2.47525e-05 0.000576923 -0.00446203 0.000663265 -0.000460526 0.0022093 0.0025 0.0025
internal_weight=900 324 576 404 364 79 245 152 172 140 93
internal_count=900 324 576 404 364 79 245 152 172 140 93
is_linear=0
shrinkage=0.05


Tree=88
num_leaves=10
num_cat=0
split_feature=1 0 0 1 1 0 0 0 0
split_gain=0.153651 0.871974 0.181343 0.430624 0.164474 0.158363 0.0502641 0.0157828 5.55112e-17
threshold=17.276247795332555 16.881469880340248 18.899298529756685 19.015994771861653 15.365466916333977 20.593494197312552 15.064139780940069 18.511649929692137 17.970195271914818
decision_type=2 2 2 2 2 2 2 2 2
left_child=1 4 7 -4 6 -5 -1 8 -2
right_child=2 -3 3 5 -6 -7 -8 -9 -10
leaf_value=0.0020136417004240404 0.19846458058371497 -0.0082035497698892297 -0.001351056291695546 0.0087257499301776516 0.050803275486908217 0.0017150067459460493 -0.0055622029603183479 0.0059556301433285443 0.034268470028040364
leaf_weight=45 58 48 31 121 76 404 31 44 42
leaf_count=45 58 48 31 121 76 404 31 44 42
internal_value=0.000222222 -0.001 0.000571429 0.000161871 0.000855263 0.0005 -0.000789474 0.00215278 0.0025
internal_weight=900 200 700 556 152 525 76 144 100
internal_count=900 200 700 556 152 525 76 144 100
is_linear=0
shrinkage=0.05


Tree=89
num_leaves=10
num_cat=0
split_feature=1 0 0 1 1 0 0 1 0
split_gain=0.102045 0.561425 0.230288 0.448363 0.227369 0.76399 0.219844 0.025436 5.55112e-17
threshold=18.768133423670587 18.403619161102679 20.593494197312552 20.635133910363756 17.036732386381512 16.881469880340248 22.326109831368573 20.804536174450153 19.790198827139893
decision_type=2 2 2 2 2 2 2 2 2
left_child=1 4 7 -4 5 -1 -5 8 -2
right_child=2 -3 3 6 -6 -7 -8 -9 -10
leaf_value=0.0018649259764679149 0.035706185841792401 -0.0052096274017282285 -0.017937107674505692 0.060287473631875525 0.029866557650086459 -0.0028827197019954892 -0.00031049369722536946 0.067679972212838002 0.0042814762082528995
leaf_weight=143 97 52 40 139 92 37 225 32 43
leaf_count=143 97 52 40 139 92 37 225 32 43
internal_value=0.000277778 -0.000432099 0.000677083 2.47525e-05 0.000477941 -0.000555555 0.000576923 0.0022093 0.0025
internal_weight=900 324 576 404 272 180 364 172 140
internal_count=900 324 576 404 272 180 364 172 140
is_linear=0
shrinkage=0.05


Tree=90
num_leaves=12
num_cat=0
split_feature=1 0 1 1 0 0 1 0 1 0 0
split_gain=0.114846 0.62769 0.206727 0.202282 0.431586 0.173077 0.448363 0.219844 0.101744 5.55112e-17 2.77556e-17
threshold=18.768133423670587 17.940540426184018 18.210835875934226 16.609121661033075 16.650117662919527 20.593494197312552 20.635133910363756 22.326109831368573 20.804536174450153 19.790198827139893 17.096887635826281
decision_type=2 2 2 2 2 2 2 2 2 2 2
left_child=1 3 -3 4 -1 8 -7 -8 9 -2 -5
right_child=5 2 -4 10 -6 6 7 -9 -10 -11 -12
leaf_value=0.0006485471914205931 0.033920876549702758 -0.0012245843276213315 -0.00085719919551498669 0.20680534487270955 -0.0064421237022830634 -0.017040252290780412 0.057273099950281736 -0.00029496901236406833 0.064295973602196174 0.0040674023978402923 0.022621523030281736
leaf_weight=122 97 43 36 46 30 40 139 225 32 43 47
leaf_count=122 97 43 36 46 30 40 139 225 32 43 47
internal_value=0.000166667 -0.00058642 -0.00446203 0.000663265 -0.000460526 0.000590278 2.47525e-05 0.000576923 0.0019186 0.0025 0.0025
internal_weight=900 324 79 245 152 576 404 364 172 140 93
internal_count=900 324 79 245 152 576 404 364 172 140 93
is_linear=0
shrinkage=0.05


Tree=91
num_leaves=6
num_cat=0
split_feature=1 1 0 1 0
split_gain=0.0996552 0.146708 0.678599 0.254343 2.77556e-17
threshold=28.08997033836792 24.296506016311408 23.315689373716236 21.834862340161695 25.267357778252208
decision_type=2 2 2 2 2
left_child=1 2 3 -1 -3
right_child=-2 4 -4 -5 -6
leaf_value=9.6923301479350484e-05 -0.038396293874523868 0.45877508138568363 -0.022318782640070253 0.073361846629789493 0.035928623307771801
leaf_weight=612 30 46 41 139 32
leaf_count=612 30 46 41 139 32
internal_value=0.000333333 0.000431035 0.000227273 0.000569241 0.0025
internal_weight=900 870 792 751 78
internal_count=900 870 792 751 78
is_linear=0
shrinkage=0.05


Tree=92
num_leaves=8
num_cat=0
split_feature=1 0 1 1 0 0 0
split_gain=0.0957854 0.178023 1.38295 0.279715 0.464177 0.21289 5.55112e-17
threshold=28.08997033836792 22.326109831368573 22.338766328175009 20.635133910363756 20.593494197312552 24.047755900067461 21.835335412159278
decision_type=2 2 2 2 2 2 2
left_child=1 3 -3 4 -1 -4 -5
right_child=-2 2 5 6 -6 -7 -8
leaf_value=0.00048384606044194817 -0.036476479180797688 -0.019573761465740025 0.093619623798264939 0.081940647062513194 -0.016193085841315357 -0.0049764311113788531 0.064695231710469744
leaf_weight=452 30 30 89 134 40 86 39
leaf_count=452 30 30 89 134 40 86 39
internal_value=0.000277778 0.000373563 -0.000914634 0.000770677 0.000162602 0.000785714 0.0025
internal_weight=900 870 205 665 492 175 173
internal_count=900 870 205 665 492 175 173
is_linear=0
shrinkage=0.05


Tree=93
num_leaves=9
num_cat=0
split_feature=0 1 1 1 0 0 0 0
split_gain=0.103402 0.650993 0.155998 0.111733 0.36619 0.148801 0.0761775 5.55112e-17
threshold=17.448229738532238 17.466345233680826 15.673612230440016 18.768133423670587 18.864501229537193 20.593494197312552 15.362763664702124 17.07735066105452
decision_type=2 2 2 2 2 2 2 2
left_child=2 -2 6 4 -3 -5 -1 -4
right_child=1 3 7 5 -6 -7 -8 -9
leaf_value=0.0061450121985428784 -0.01056754786821346 0.025997466764629398 0.037361698975953775 0.015031443373269683 -0.0010000159866314004 0.0013673321702870049 -0.011069353884121211 0.049782589237090932
leaf_weight=60 32 47 92 170 31 404 32 32
leaf_count=60 32 47 92 170 31 404 32 32
internal_value=0.000388889 8.77194e-05 0.00134259 0.000429448 -0.00134615 0.000670732 -0.000217391 0.0025
internal_weight=900 684 216 652 78 574 92 124
internal_count=900 684 216 652 78 574 92 124
is_linear=0
shrinkage=0.05


Tree=94
num_leaves=6
num_cat=0
split_feature=1 1 0 1 0
split_gain=0.0996552 0.146708 0.678599 0.21508 2.77556e-17
threshold=28.08997033836792 24.296506016311408 23.315689373716236 22.034947310602124 25.267357778252208
decision_type=2 2 2 2 2
left_child=1 2 3 -1 -3
right_child=-2 4 -4 -5 -6
leaf_value=0.00017204635372785313 -0.035530895122285529 0.43601678226345408 -0.021022388561012014 0.077263167787593401 0.034312647089437931
leaf_weight=630 30 46 41 121 32
leaf_count=630 30 46 41 121 32
internal_value=0.000333333 0.000431035 0.000227273 0.000569241 0.0025
internal_weight=900 870 792 751 78
internal_count=900 870 792 751 78
is_linear=0
shrinkage=0.05


Tree=95
num_leaves=5
num_cat=0
split_feature=1 1 0 1
split_gain=0.0919923 0.156582 1.02215 0.253153
threshold=28.08997033836792 24.445188608140956 23.817245153540252 22.138762657076153
decision_type=2 2 2 2
left_child=1 2 3 -1
right_child=-2 -3 -4 -5
leaf_value=6.531794237877877e-05 -0.033754350366171269 0.061495225291439262 -0.019244078611016228 0.077549402056824354
leaf_weight=636 30 75 31 128
leaf_count=636 30 75 31 128
internal_value=0.000222222 0.000316092 0.000110063 0.000471204
internal_weight=900 870 795 764
internal_count=900 870 795 764
is_linear=0
shrinkage=0.05


Tree=96
num_leaves=7
num_cat=0
split_feature=0 0 1 1 0 1
split_gain=0.0870241 0.282787 0.802867 0.166352 0.847396 0.108176
threshold=25.511679669468514 24.047755900067461 24.705312606202416 22.138762657076153 21.835335412159278 24.129792689924553
decision_type=2 2 2 2 2 2
left_child=1 3 -3 4 -1 -5
right_child=-2 2 -4 5 -6 -7
leaf_value=0.00064644279787397284 0.036591760364485651 -0.018281874680465385 0.30292372574818599 0.073702876042860563 -0.011397537171770743 -0.032066632847862771
leaf_weight=601 42 31 32 129 35 30
leaf_count=601 42 31 32 129 35 30
internal_value=0.000277778 0.000168998 -0.00305556 0.000424528 6.28931e-05 0.00187107
internal_weight=900 858 63 795 636 159
internal_count=900 858 63 795 636 159
is_linear=0
shrinkage=0.05


Tree=97
num_leaves=7
num_cat=0
split_feature=0 0 1 1 0 1
split_gain=0.0870241 0.282787 0.802867 0.166352 0.847396 0.108176
threshold=25.511679669468514 24.047755900067461 24.705312606202416 22.138762657076153 21.835335412159278 24.129792689924553
decision_type=2 2 2 2 2 2
left_child=1 3 -3 4 -1 -5
right_child=-2 2 -4 5 -6 -7
leaf_value=0.00061412065798024723 0.034762172346261278 -0.017367780946442139 0.28777753946077661 0.070017732240717445 -0.010827660313182207 -0.030463301205469692
leaf_weight=601 42 31 32 129 35 30
leaf_count=601 42 31 32 129 35 30
internal_value=0.000277778 0.000168998 -0.00305556 0.000424528 6.28931e-05 0.00187107
internal_weight=900 858 63 795 636 159
internal_count=900 858 63 795 636 159
is_linear=0
shrinkage=0.05


Tree=98
num_leaves=7
num_cat=0
split_feature=0 0 1 1 0 1
split_gain=0.0914297 0.272658 0.802867 0.181132 0.829871 0.108176
threshold=25.511679669468514 24.047755900067461 24.705312606202416 22.138762657076153 21.835335412159278 24.129792689924553
decision_type=2 2 2 2 2 2
left_child=1 3 -3 4 -1 -5
right_child=-2 2 -4 5 -6 -7
leaf_value=0.00058341462508123881 0.033024063728948165 -0.016499391899119958 0.2733886624877378 0.066516845628681556 -0.010286277297523072 -0.028940136145196256
leaf_weight=601 42 31 32 129 35 30
leaf_count=601 42 31 32 129 35 30
internal_value=0.000222222 0.000110723 -0.00305556 0.000361635 -1.57232e-05 0.00187107
internal_weight=900 858 63 795 636 159
internal_count=900 858 63 795 636 159
is_linear=0
shrinkage=0.05


Tree=99
num_leaves=11
num_cat=0
split_feature=1 0 1 0 0 1 0 0 1 0
split_gain=0.1354 0.682727 0.190833 0.642384 0.185116 0.383333 0.19658 0.136566 0.0175657 0.0260081
threshold=19.243953086078296 19.117719407369744 17.962714159978724 17.940540426184018 21.109148717367781 21.797136862987532 24.047755900067461 21.778864824046828 21.567130491097352 20.643410843398083
decision_type=2 2 2 2 2 2 2 2 2 2
left_child=1 2 3 -1 8 7 -7 -6 9 -2
right_child=4 -3 -4 -5 5 6 -8 -9 -10 -11
leaf_value=0.0006425672405633065 0.066266432938452788 -0.012538547620719665 0.03735842071653149 -0.0061734498151254117 -0.0020717727758847665 0.04863888367722511 -0.00066832518782244412 -0.0017134487320120736 0.023918515407099487 0.02957654199430293
leaf_weight=225 129 37 71 31 39 171 105 30 31 31
leaf_count=225 129 37 71 31 39 171 105 30 31 31
internal_value=0.000222222 -0.000521978 0.000206422 -0.000429687 0.000727612 3.62319e-05 0.000869565 -0.0032971 0.00197644 0.0021875
internal_weight=900 364 327 256 536 345 276 69 191 160
internal_count=900 364 327 256 536 345 276 69 191 160
is_linear=0
shrinkage=0.05


Tree=100
num_leaves=11
num_cat=0
split_feature=0 1 1 0 1 0 1 1 0 0
split_gain=0.132092 1.06881 0.182737 0.446082 0.225046 0.123776 0.301449 0.097043 0.027957 2.77556e-17
threshold=22.700751341372676 23.354672370051123 20.635133910363756 20.593494197312552 19.057025315621015 24.754131024647325 26.126701033640281 23.102885059226065 22.157135700638875 24.089674547006283
decision_type=2 2 2 2 2 2 2 2 2 2
left_child=2 -2 3 4 -1 9 -7 8 -4 -3
right_child=1 5 7 -5 -6 6 -8 -9 -10 -11
leaf_value=-4.5040791840628673e-05 -0.028544313005198909 0.17413898068508493 0.074111953532938646 -0.01545227663782185 0.020589598598749037 -0.0028195237632294566 0.13206579021276879 -0.029368865209013661 0.0040333870417911715 0.054073014891282162
leaf_weight=344 44 48 156 40 108 30 39 30 30 31
leaf_count=344 44 48 156 40 108 30 39 30 30 31
internal_value=0.000277778 -0.000885417 0.00059322 6.09757e-05 0.00050885 0.00114865 -0.000398551 0.00180556 0.00223118 0.0025
internal_weight=900 192 708 492 452 148 69 216 186 79
internal_count=900 192 708 492 452 148 69 216 186 79
is_linear=0
shrinkage=0.05


Tree=101
num_leaves=12
num_cat=0
split_feature=1 0 1 0 0 0 1 0 0 1 0
split_gain=0.116969 0.742243 0.178868 0.327614 0.137127 0.133937 0.251094 0.390188 0.157367 0.0175657 0.0260081
threshold=19.243953086078296 19.117719407369744 16.241541352544903 16.133378374984002 18.078818239821945 21.109148717367781 22.138762657076153 21.835335412159278 24.047755900067461 21.567130491097352 20.643410843398083
decision_type=2 2 2 2 2 2 2 2 2 2 2
left_child=1 2 3 -1 -4 9 7 -7 -8 10 -2
right_child=5 -3 4 -5 -6 6 8 -9 -10 -11 -12
leaf_value=0.00094390389119204448 0.061923631361592762 -0.011909368200091633 0.013036614968750871 -0.010649829631203388 0.00059667924327666717 0.0040713567143585722 0.059775691100872233 -0.0094343046703806565 -0.00037355300940850169 0.024191032897195246 0.028870328726478902
leaf_weight=100 129 37 122 32 73 55 150 35 105 31 31
leaf_count=100 129 37 122 32 73 55 150 35 105 31 31
internal_value=0.000444445 -0.000247253 0.000512232 -0.000909091 0.00147436 0.000914179 0.000326087 -0.00194444 0.00112745 0.00197644 0.0021875
internal_weight=900 364 327 132 195 536 345 90 255 191 160
internal_count=900 364 327 132 195 536 345 90 255 191 160
is_linear=0
shrinkage=0.05


Tree=102
num_leaves=10
num_cat=0
split_feature=1 0 1 0 1 0 0 1 0
split_gain=0.231429 0.871974 0.178475 0.115238 0.135641 0.163333 0.12904 0.0216346 5.55112e-17
threshold=17.276247795332555 16.881469880340248 14.636036040437912 18.511649929692137 19.332022751816226 19.425998841442013 22.940231577029063 15.388938874289666 17.970195271914818
decision_type=2 2 2 2 2 2 2 2 2
left_child=1 2 -1 8 5 -5 -6 -4 -2
right_child=3 -3 7 4 6 -7 -8 -9 -10
leaf_value=-0.014790649687158998 0.17402485882176971 -0.0071157228939755877 0.00072006173335505965 0.00055555380126415461 0.017799209505713797 -0.032095332480541278 4.9671901066674494e-05 0.047854988688498516 0.031799310235162095
leaf_weight=48 58 48 32 50 352 30 168 72 42
leaf_count=48 58 48 32 50 352 30 168 72 42
internal_value=0.0005 -0.001 0.000855263 0.000928571 0.000666667 -0.00125 0.000961539 0.00201923 0.0025
internal_weight=900 200 152 700 600 80 520 104 100
internal_count=900 200 152 700 600 80 520 104 100
is_linear=0
shrinkage=0.05


Tree=103
num_leaves=8
num_cat=0
split_feature=1 0 1 1 0 0 0
split_gain=0.107625 0.129653 0.570059 0.229651 0.670277 0.218254 0.026372
threshold=28.08997033836792 22.700751341372676 22.696282153746981 20.635133910363756 20.089796881558232 24.477366284631433 22.326109831368573
decision_type=2 2 2 2 2 2 2
left_child=1 3 -3 4 -1 -4 -5
right_child=-2 2 5 6 -6 -7 -8
leaf_value=0.0013003678116281123 -0.034493589409253317 -0.03250887779478915 0.05292184152151759 0.068754935647388715 -0.030693141453100644 -0.0019067892491416473 0.0037996529903880486
leaf_weight=439 30 33 77 173 53 63 32
leaf_count=439 30 33 77 173 53 63 32
internal_value=0.000444445 0.000545977 -0.000679191 0.000850072 0.000264228 0.000714286 0.0022561
internal_weight=900 870 173 697 492 140 205
internal_count=900 870 173 697 492 140 205
is_linear=0
shrinkage=0.05


Tree=104
num_leaves=9
num_cat=0
split_feature=1 0 0 1 1 1 0 0
split_gain=0.153651 0.718596 0.179272 1.01818 0.192958 0.105263 0.0611832 0.00739483
threshold=17.276247795332555 16.881469880340248 24.047755900067461 24.88288063503342 24.129792689924553 15.365466916333977 23.103848244893779 15.064139780940069
decision_type=2 2 2 2 2 2 2 2
left_child=1 5 4 -4 6 7 -2 -1
right_child=2 -3 3 -5 -6 -7 -8 -9
leaf_value=0.0019443723369139132 0.0060098710354284796 -0.0068249551398582055 -0.014471314522088531 0.098706358416949927 -0.032768909938790565 0.044758700935130624 -0.0049449066195989258 -0.0048776540325810806
leaf_weight=45 531 48 33 72 30 76 34 31
leaf_count=45 531 48 33 72 30 76 34 31
internal_value=0.000722222 -0.0005 0.00107143 -0.000833333 0.00140756 0.00118421 0.00161504 -0.000131579
internal_weight=900 200 700 105 595 152 565 76
internal_count=900 200 700 105 595 152 565 76
is_linear=0
shrinkage=0.05


Tree=105
num_leaves=8
num_cat=0
split_feature=1 0 1 0 1 1 1
split_gain=0.250006 0.863674 0.158952 0.188783 0.591363 0.0991738 0.0975
threshold=16.241541352544903 16.133378374984002 28.08997033836792 23.103848244893779 23.641132457809693 21.071442119886214 14.636036040437912
decision_type=2 2 2 2 2 2 2
left_child=1 6 3 5 -5 -2 -1
right_child=2 -3 -4 4 -6 -7 -8
leaf_value=-0.014213354210228159 0.0013309291071502182 -0.0097247532639175432 -0.031130464441850976 -0.029629385010963523 0.024523466362417781 0.026502802670982907 0.021790944183064025
leaf_weight=48 404 32 30 35 99 200 52
leaf_count=48 404 32 30 35 99 200 52
internal_value=0.000722222 -0.00128788 0.00106771 0.00121274 -0.000485075 0.0015894 0.001
internal_weight=900 132 768 738 134 604 100
internal_count=900 132 768 738 134 604 100
is_linear=0
shrinkage=0.05


Tree=106
num_leaves=8
num_cat=0
split_feature=1 0 0 1 0 0 0
split_gain=0.290469 0.691026 0.20744 0.269823 0.172651 0.075 5.55112e-17
threshold=16.241541352544903 15.733307116918477 18.403619161102679 18.33264865570527 22.326109831368573 14.392157224793731 17.940540426184018
decision_type=2 2 2 2 2 2 2
left_child=1 5 6 -4 -5 -1 -2
right_child=2 -3 3 4 -6 -7 -8
leaf_value=-0.0089932043847748225 0.034425860137209073 -0.0092385155963103024 -0.006831417650063721 0.0079777874214701679 -0.00015465779577970639 0.025186973270654667 0.00019968931293757594
leaf_weight=32 116 52 30 357 225 48 40
leaf_count=32 116 52 30 357 225 48 40
internal_value=0.0005 -0.00166667 0.000872396 0.000457516 0.000695876 0.00125 0.0025
internal_weight=900 132 768 612 582 80 156
internal_count=900 132 768 612 582 80 156
is_linear=0
shrinkage=0.05


Tree=107
num_leaves=8
num_cat=0
split_feature=1 0 1 1 0 0 0
split_gain=0.107625 0.158813 1.01466 0.233184 0.696172 0.21289 5.55112e-17
threshold=28.08997033836792 22.326109831368573 22.338766328175009 20.635133910363756 20.089796881558232 24.047755900067461 21.835335412159278
decision_type=2 2 2 2 2 2 2
left_child=1 3 -3 4 -1 -4 -5
right_child=-2 2 5 6 -6 -7 -8
leaf_value=0.0007377584571916665 -0.030567912255508797 -0.01472379213033724 0.070626411340976789 0.068771967472592732 -0.029924413758648068 -0.0020824264528330381 0.053610114092554173
leaf_weight=439 30 30 89 134 53 86 39
leaf_count=439 30 30 89 134 53 86 39
internal_value=0.000444445 0.000545977 -0.000670732 0.000921053 0.000365854 0.000785714 0.0025
internal_weight=900 870 205 665 492 175 173
internal_count=900 870 205 665 492 175 173
is_linear=0
shrinkage=0.05


Tree=108
num_leaves=10
num_cat=0
split_feature=1 0 1 0 0 1 0 1 1
split_gain=0.182857 0.376392 0.163763 0.27831 0.138259 0.412868 0.350649 0.0702479 0.0712214
threshold=17.276247795332555 17.373472005261267 15.956148737481756 15.733307116918477 23.103848244893779 24.88288063503342 24.047755900067461 23.539602718510348 20.227615129122988
decision_type=2 2 2 2 2 2 2 2 2
left_child=1 2 3 -1 7 6 -6 8 -2
right_child=4 -3 -4 -5 5 -7 -8 -9 -10
leaf_value=0.0074418103766261366 0.0011577106171779771 -0.010930853516497054 0.040973364600400602 -0.0087394671678135277 0.012018760244889704 0.093114961433239787 -0.012154425333005382 -0.026281068628441664 0.021140527723812287
leaf_weight=71 256 31 61 37 44 76 33 31 260
leaf_count=71 256 31 61 37 44 76 33 31 260
internal_value=0.000833333 -0.0005 0.000428994 -0.000740741 0.00121429 -0.000114379 -0.00269481 0.00158592 0.00172481
internal_weight=900 200 169 108 700 153 77 547 516
internal_count=900 200 169 108 700 153 77 547 516
is_linear=0
shrinkage=0.05


Tree=109
num_leaves=11
num_cat=0
split_feature=0 1 0 1 1 0 1 0 1 0
split_gain=0.148148 1.06684 0.158242 0.748052 0.117595 0.269785 0.106419 0.0813039 0.16661 2.77556e-17
threshold=22.326109831368573 22.338766328175009 24.047755900067461 24.88288063503342 16.609121661033075 16.287315303947043 14.636036040437912 18.403619161102679 18.33264865570527 23.278286768343225
decision_type=2 2 2 2 2 2 2 2 2 2
left_child=4 -2 9 -4 5 6 -1 -6 -9 -3
right_child=1 2 3 -5 7 -7 -8 8 -10 -11
leaf_value=-0.013462004722168875 -0.014793780314195235 0.064493837226690789 -0.011546704066355129 0.088000973318750106 0.010742590267064164 -0.0082432851629890402 0.033384059981241436 -0.0065846202212790144 0.0077907459121937892 0.067064111287144179
leaf_weight=48 30 58 33 72 136 41 63 30 357 32
leaf_count=48 30 58 33 72 136 41 63 30 357 32
internal_value=0.000722222 -0.000388889 0.000961539 -0.000357143 0.00109259 -0.000131579 0.00114865 0.00144837 0.00107881 0.0025
internal_weight=900 225 195 105 675 152 111 523 387 90
internal_count=900 225 195 105 675 152 111 523 387 90
is_linear=0
shrinkage=0.05


Tree=110
num_leaves=9
num_cat=0
split_feature=1 0 1 0 0 1 0 0
split_gain=0.199212 0.364185 0.205027 0.131334 0.121403 0.136113 0.0994342 5.55112e-17
threshold=16.796248879298581 16.764673210470828 15.365466916333977 15.064139780940069 18.403619161102679 18.33264865570527 20.593494197312552 18.078818239821945
decision_type=2 2 2 2 2 2 2 2
left_child=1 2 3 -1 7 -6 -7 -2
right_child=4 -3 -4 -5 5 6 -8 -9
leaf_value=0.0032716034442359376 0.03245938503908765 -0.004894348114928909 0.039175613965421713 -0.0047019343407840395 -0.0062553892102150677 0.0060887281563808959 0.0013567766919229331 0.013692701733927238
leaf_weight=45 92 30 58 31 30 178 404 32
leaf_count=45 92 30 58 31 30 178 404 32
internal_value=0.000722222 -0.000853658 0.000261194 -0.00144737 0.00107337 0.000784314 0.000953608 0.0025
internal_weight=900 164 134 76 736 612 582 124
internal_count=900 164 134 76 736 612 582 124
is_linear=0
shrinkage=0.05


Tree=111
num_leaves=11
num_cat=0
split_feature=1 0 1 0 0 1 0 0 0 0
split_gain=0.388889 0.526889 0.210429 0.275584 0.105 0.0859524 0.102719 0.0555556 0.0198198 5.55112e-17
threshold=17.276247795332555 16.903367155375754 15.388938874289666 15.121935613446825 18.511649929692137 19.243953086078296 21.109148717367781 19.359580253642761 16.320034425788645 17.970195271914818
decision_type=2 2 2 2 2 2 2 2 2 2
left_child=1 2 3 -1 9 7 -7 -6 -4 -2
right_child=4 -3 8 -5 5 6 -8 -9 -10 -11
leaf_value=0.004512714035448351 0.16091539225708448 -0.0060736616497703731 0.057072701526025831 -0.0044668376237448765 0.0008456536527504092 0.043833878244269306 0.00046444494846749253 -0.029262852249950407 0.011595956600836758 0.028450763806278714
leaf_weight=49 58 46 44 31 45 180 345 30 30 42
leaf_count=49 58 46 44 31 45 180 345 30 30 42
internal_value=0.000444445 -0.0015 -9.74025e-05 -0.001875 0.001 0.00075 0.000976191 -0.000833333 0.00182432 0.0025
internal_weight=900 200 154 80 700 600 525 75 74 100
internal_count=900 200 154 80 700 600 525 75 74 100
is_linear=0
shrinkage=0.05


Tree=112
num_leaves=10
num_cat=0
split_feature=1 0 1 0 1 0 1 0 1
split_gain=0.295317 0.379516 0.437412 0.473118 0.147377 0.160603 0.743251 0.0773809 0.0552342
threshold=17.276247795332555 15.733307116918477 16.058232630470709 17.373472005261267 28.08997033836792 20.089796881558232 20.635133910363756 14.392157224793731 17.962714159978724
decision_type=2 2 2 2 2 2 2 2 2
left_child=1 7 -3 -4 5 8 -7 -1 -2
right_child=4 2 3 -5 -6 6 -8 -9 -10
leaf_value=-0.0086686382451027118 0.013045743166421573 -0.0072827204557828684 0.04725534191594586 -0.010072790260953661 -0.032582433299310841 -0.029767853195831598 0.0085335692714037081 0.025720739815706696 0.01115499784813845
leaf_weight=32 56 41 44 31 30 53 370 52 191
leaf_count=32 56 41 44 31 30 53 370 52 191
internal_value=0.000444445 -0.00125 -0.00310345 -0.000833333 0.000928571 0.00108209 0.000490544 0.00130952 0.00209514
internal_weight=900 200 116 75 700 670 423 84 247
internal_count=900 200 116 75 700 670 423 84 247
is_linear=0
shrinkage=0.05


Tree=113
num_leaves=9
num_cat=0
split_feature=1 0 0 1 1 0 1 0
split_gain=0.185683 0.523193 0.16285 1.06684 0.17491 0.158242 0.137589 0.075
threshold=16.241541352544903 15.733307116918477 22.326109831368573 22.338766328175009 22.815826431245352 24.047755900067461 20.227615129122988 14.392157224793731
decision_type=2 2 2 2 2 2 2 2
left_child=1 7 4 -4 6 -5 -2 -1
right_child=2 -3 3 5 -6 -7 -8 -9
leaf_value=-0.0082352063328475552 0.00094010756341423674 -0.0070922864588756143 -0.014571830844075215 0.062674285110587466 -0.030953311634345306 1.4544053257902098e-05 0.039466045596114989 0.021993366417394768
leaf_weight=32 324 52 30 90 30 105 189 48
leaf_count=32 324 52 30 90 30 105 189 48
internal_value=0.000444445 -0.00128788 0.000742188 -0.000388889 0.00121087 0.000961539 0.00142788 0.00125
internal_weight=900 132 768 225 543 195 513 80
internal_count=900 132 768 225 543 195 513 80
is_linear=0
shrinkage=0.05


Tree=114
num_leaves=8
num_cat=0
split_feature=1 0 1 0 1 1 0
split_gain=0.122855 0.378671 0.131269 0.196506 0.515003 0.117632 0.075
threshold=16.241541352544903 15.733307116918477 28.08997033836792 23.103848244893779 23.641132457809693 21.071442119886214 14.392157224793731
decision_type=2 2 2 2 2 2 2
left_child=1 6 3 5 -5 -2 -1
right_child=2 -3 -4 4 -6 -7 -8
leaf_value=-0.0078234460162051721 0.00097427741042791871 -0.0067376721359318006 -0.029405646052628045 -0.027148914724720415 0.013834883770875451 0.025815099659872855 0.020893698096525051
leaf_weight=32 404 52 30 35 99 200 48
leaf_count=32 404 52 30 35 99 200 48
internal_value=0.0005 -0.000909091 0.000742188 0.000873984 -0.000858209 0.00125828 0.00125
internal_weight=900 132 768 738 134 604 80
internal_count=900 132 768 738 134 604 80
is_linear=0
shrinkage=0.05


Tree=115
num_leaves=8
num_cat=0
split_feature=0 1 0 1 1 1 0
split_gain=0.133704 1.06778 0.169753 0.49781 0.136451 0.192853 0.722557
threshold=22.326109831368573 22.815826431245352 24.477366284631433 25.470087272523703 22.815826431245352 20.635133910363756 20.089796881558232
decision_type=2 2 2 2 2 2 2
left_child=4 -2 -3 -4 5 6 -1
right_child=1 2 3 -5 -6 -7 -8
leaf_value=0.00093153345522407156 -0.018857878120582372 0.062629374090286696 -0.006256563066274529 0.10902740305051695 -0.027935363749996691 0.05182038730467841 -0.02837517978473212
leaf_weight=439 45 99 31 50 30 153 53
leaf_count=439 45 99 31 50 30 153 53
internal_value=0.000444445 -0.000611111 0.00111111 -0.00058642 0.000796296 0.000949612 0.00046748
internal_weight=900 225 180 81 675 645 492
internal_count=900 225 180 81 675 645 492
is_linear=0
shrinkage=0.05


Tree=116
num_leaves=7
num_cat=0
split_feature=1 0 1 1 0 0
split_gain=0.128889 0.220448 0.915081 0.218782 0.63969 0.0639267
threshold=28.08997033836792 24.047755900067461 24.88288063503342 18.210835875934226 17.940540426184018 20.089796881558232
decision_type=2 2 2 2 2 2
left_child=1 3 -3 4 -1 -5
right_child=-2 2 -4 5 -6 -7
leaf_value=0.000954697751138712 -0.02653859556249686 -0.0098175617217403643 0.059190860532503622 0.024963596993896997 -0.0014442772416424605 0.0034534617676219301
leaf_weight=233 30 33 53 171 43 337
leaf_count=233 30 33 53 171 43 337
internal_value=0.000722222 0.000833333 -0.00156977 0.00109694 -3.62318e-05 0.0017126
internal_weight=900 870 86 784 276 508
internal_count=900 870 86 784 276 508
is_linear=0
shrinkage=0.05


Tree=117
num_leaves=11
num_cat=0
split_feature=0 1 0 1 1 0 1 1 0 0
split_gain=0.163671 0.878431 0.23268 0.716846 0.170784 0.638478 0.261538 0.148951 1.11022e-16 2.77556e-17
threshold=22.494866048268353 22.883850782717158 24.477366284631433 25.470087272523703 20.227615129122988 19.644961507556999 22.929573697442624 17.962714159978724 21.924728515081643 23.103848244893779
decision_type=2 2 2 2 2 2 2 2 2 2
left_child=4 -2 9 -4 5 7 8 -1 -6 -3
right_child=1 2 3 -5 6 -7 -8 -9 -10 -11
leaf_value=0.0001216023575068926 -0.022868611698628454 0.32755253753367697 -0.0054528568268739043 0.10061648987136587 0.040664074343599622 -0.02530447220520339 -0.025211665784372075 0.027343619764248275 0.014834342052320794 0.054160186948378909
leaf_weight=256 40 31 31 50 168 54 30 146 36 58
leaf_count=256 40 31 31 50 168 54 30 146 36 58
internal_value=0.000388889 -0.000833333 0.000735294 -0.0012037 0.00076087 0.000197368 0.00185897 0.000883085 0.0025 0.0025
internal_weight=900 210 170 81 690 456 234 402 204 89
internal_count=900 210 170 81 690 456 234 402 204 89
is_linear=0
shrinkage=0.05


Tree=118
num_leaves=9
num_cat=0
split_feature=0 1 1 0 1 1 0 0
split_gain=0.0992034 0.708137 0.149267 0.482632 0.233628 0.0837921 0.0888641 0.0198198
threshold=24.047755900067461 24.705312606202416 20.635133910363756 20.593494197312552 18.690978876654583 24.129792689924553 23.103848244893779 26.084107651219067
decision_type=2 2 2 2 2 2 2 2
left_child=2 -2 3 4 -1 6 -4 -3
right_child=1 7 5 -5 -6 -7 -8 -9
leaf_value=1.2322709364485598e-05 -0.0093281028511596163 0.082477944421503829 0.026000486308742701 -0.013198772199382766 0.0087568888414860449 -0.023951082495153465 -0.0067963315617770095 0.032091986948870069
leaf_weight=320 31 44 239 40 132 30 34 30
leaf_count=320 31 44 239 40 132 30 34 30
internal_value=0.000611111 -0.000833333 0.000801887 0.000264228 0.000730089 0.00167492 0.00195055 0.00182432
internal_weight=900 105 795 492 452 303 273 74
internal_count=900 105 795 492 452 303 273 74
is_linear=0
shrinkage=0.05


Tree=119
num_leaves=10
num_cat=0
split_feature=0 1 0 1 1 0 1 1 0
split_gain=0.213333 0.91094 0.356044 0.768975 0.152264 0.482632 0.233628 0.111475 2.77556e-17
threshold=22.326109831368573 22.338766328175009 24.047755900067461 24.88288063503342 20.635133910363756 20.593494197312552 18.690978876654583 22.815826431245352 23.278286768343225
decision_type=2 2 2 2 2 2 2 2 2
left_child=4 -2 8 -4 5 6 -1 -6 -3
right_child=1 2 3 -5 7 -7 -8 -9 -10
leaf_value=1.1706573896240139e-05 -0.012451342376036775 0.046797500177602674 -0.0085876356517516576 0.071816859159565732 0.046240061318012469 -0.012538833589413632 0.0083190443994117583 -0.022753528370395848 0.05574456309567815
leaf_weight=320 30 58 33 72 153 40 132 30 32
leaf_count=320 30 58 33 72 153 40 132 30 32
internal_value=0.000277778 -0.00105556 0.000192308 -0.00178571 0.000722222 0.000264228 0.000730089 0.00195355 0.0025
internal_weight=900 225 195 105 675 492 452 183 90
internal_count=900 225 195 105 675 492 452 183 90
is_linear=0
shrinkage=0.05


end of trees

feature_importances:
Column_0=486
Column_1=440

parameters:
[boosting: gbdt]
[objective: quantile]
[metric: quantile]
[tree_learner: serial]
[device_type: cpu]
[data_sample_strategy: bagging]
[data: ]
[valid: ]
[num_iterations: 120]
[learning_rate: 0.05]
[num_leaves: 12]
[num_threads: 2]
[seed: 26170]
[deterministic: 0]
[force_col_wise: 0]
[force_row_wise: 0]
[histogram_pool_size: -1]
[max_depth: 4]
[min_data_in_leaf: 30]
[min_sum_hessian_in_leaf: 0.001]
[bagging_fraction: 1]
[pos_bagging_fraction: 1]
[neg_bagging_fraction: 1]
[bagging_freq: 0]
[bagging_seed: 13002]
[bagging_by_query: 0]
[feature_fraction: 1]
[feature_fraction_bynode: 1]
[feature_fraction_seed: 3933]
[extra_trees: 0]
[extra_seed: 13870]
[early_stopping_round: 0]
[early_stopping_min_delta: 0]
[first_metric_only: 0]
[max_delta_step: 0]
[lambda_l1: 0]
[lambda_l2: 0]
[linear_lambda: 0]
[min_gain_to_split: 0]
[drop_rate: 0.1]
[max_drop: 50]
[skip_drop: 0.5]
[xgboost_dart_mode: 0]
[uniform_drop: 0]
[drop_seed: 25549]
[top_rate: 0.2]
[other_rate: 0.1]
[min_data_per_group: 100]
[max_cat_threshold: 32]
[cat_l2: 10]
[cat_smooth: 10]
[max_cat_to_onehot: 4]
[top_k: 20]
[monotone_constraints: ]
[monotone_constraints_method: basic]
[monotone_penalty: 0]
[feature_contri: ]
[forcedsplits_filename: ]
[refit_decay_rate: 0.9]
[cegb_tradeoff: 1]
[cegb_penalty_split: 0]
[cegb_penalty_feature_lazy: ]
[cegb_penalty_feature_coupled: ]
[path_smooth: 0]
[interaction_constraints: ]
[verbosity: -1]
[saved_feature_importance_type: 0]
[use_quantized_grad: 0]
[num_grad_quant_bins: 4]
[quant_train_renew_leaf: 0]
[stochastic_rounding: 1]
[linear_tree: 0]
[max_bin: 255]
[max_bin_by_feature: ]
[min_data_in_bin: 3]
[bin_construct_sample_cnt: 200000]
[data_random_seed: 19962]
[is_enable_sparse: 1]
[enable_bundle: 1]
[use_missing: 1]
[zero_as_missing: 0]
[feature_pre_filter: 1]
[pre_partition: 0]
[two_round: 0]
[header: 0]
[label_column: ]
[weight_column: ]
[group_column: ]
[ignore_column: ]
[categorical_feature: ]
[forcedbins_filename: ]
[precise_float_parser: 0]
[parser_config_file: ]
[objective_seed: 31251]
[num_class: 1]
[is_unbalance: 0]
[scale_pos_weight: 1]
[sigmoid: 1]
[boost_from_average: 1]
[reg_sqrt: 0]
[alpha: 0.05]
[fair_c: 1]
[poisson_max_delta_step: 0.7]
[tweedie_variance_power: 1.5]
[lambdarank_truncation_level: 30]
[lambdarank_norm: 1]
[label_gain: ]
[lambdarank_position_bias_regularization: 0]
[eval_at: ]
[multi_error_top_k: 1]
[auc_mu_weights: ]
[num_machines: 1]
[local_listen_port: 12400]
[time_out: 120]
[machine_list_filename: ]
[machines: ]
[gpu_platform_id: -1]
[gpu_device_id: -1]
[gpu_device_id_list: ]
[gpu_use_dp: 0]
[num_gpu: 1]

end of parameters

pandas_categorical:null
