tree
version=v4
num_class=1
num_tree_per_iteration=1
label_index=0
max_feature_idx=1
objective=quantile
feature_names=Column_0 Column_1
feature_infos=[0.76007964406038608:1.159860414945953] [0.76344848796654941:1.1688063520130345]
tree_sizes=806 841 1005 1099 1097 1100 1091 1186 1179 1173 1184 1178 1181 1177 1183 1191 1194 1190 1192 1192 1194 1196 1197 1190 1191 1193 1190 1195 1192 1185 1195 1107 1186 1195 1189 1194 1185 1201 1198 1107 1197 1202 1200 1107 1194 1113 1101 1109 1111 1104 1191 1026 1030 1196 1032 1025 1107 1027 1028 1108 1198 1113 1119 1117 1028 1101 1113 1105 1108 1112 1110 1028 1031 1019 1102 1206 1201 1110 940 857 930 860 940 855 846 848 861 678 598 598 597 582 580 592 582 859 941 858 1124 1108 1030 1127 1207 1025 594 594 679 572 572 670 594 679 1041 862 668 948 922 590 585 935

Tree=0
num_leaves=8
num_cat=0
split_feature=1 1 0 1 0 1 1
split_gain=164.781 5.30934 4.38731 0.69492 0.612352 0.0552423 0.0285546
threshold=0.90440397331816869 0.8933988127171324 0.90407175599725909 0.86511059936525647 0.87807222185131051 0.8481843581443208 0.91497896458966366
decision_type=2 2 2 2 2 2 2
left_child=1 3 -2 5 -5 -1 -4
right_child=2 -3 6 4 -6 -7 -8
leaf_value=0.93151103109121325 0.93510081768035891 0.93479601889848707 0.93548936396837234 0.93381936848163605 0.93407089859247205 0.93277468085289006 0.93763411045074463
leaf_weight=152 45 56 32 126 50 100 339
leaf_count=152 45 56 32 126 50 100 339
internal_value=0.934927 0.915092 0.958004 0.913198 0.915609 0.911514 0.959792
internal_weight=900 484 416 428 176 252 371
internal_count=900 484 416 428 176 252 371
is_linear=0
shrinkage=1


Tree=1
num_leaves=8
num_cat=0
split_feature=1 1 0 1 0 1 1
split_gain=161.494 5.74551 4.31776 0.963673 1.24809 0.474244 0.159507
threshold=0.90440397331816869 0.8933988127171324 0.90171702194415204 0.8772565988245794 0.87807222185131051 0.91317637341978375 0.86260783453055689
decision_type=2 2 2 2 2 2 2
left_child=1 3 -2 6 -5 -4 -1
right_child=2 -3 5 4 -6 -7 -8
leaf_value=-0.0027744331210851681 0.00015840858221053967 -0.00012453265488147626 0.00050047300755977635 -0.0007075272500514985 -0.00081339694559574025 0.0024238437414169315 -0.0014311932027339935
leaf_weight=236 34 56 31 54 50 351 88
leaf_count=236 34 56 31 54 50 351 88
internal_value=0.000111111 -0.0195248 0.0229567 -0.0214953 -0.0173077 0.0244764 -0.0228395
internal_weight=900 484 416 428 104 382 324
internal_count=900 484 416 428 104 382 324
is_linear=0
shrinkage=0.05


Tree=2
num_leaves=10
num_cat=0
split_feature=1 1 0 1 0 1 1 1 0
split_gain=156.436 5.68692 4.77048 0.880455 1.11348 0.680556 0.201975 0.1674 0.305603
threshold=0.90440397331816869 0.89034450932051734 0.90407175599725909 0.8772565988245794 0.87807222185131051 0.89621359279692958 0.8481843581443208 0.9230861307353565 0.91238993073934971
decision_type=2 2 2 2 2 2 2 2 2
left_child=1 3 -2 6 -5 -3 -1 8 -4
right_child=2 5 7 4 -6 -7 -8 -9 -10
leaf_value=-0.0031065494157373921 0.00015710575878620238 -0.00040365770831704009 0.0007005611993372463 -0.00072977814823388951 -0.0008705904744565452 -1.6326945275069173e-05 -0.0016811469569802285 0.0028470118343830123 0.00070927038788795582
leaf_weight=152 45 36 45 51 37 36 172 295 31
leaf_count=152 45 36 45 51 37 36 172 295 31
internal_value=0.000111111 -0.0192149 0.0225962 -0.0214806 -0.0170455 -0.00625 -0.0226852 0.0244609 0.0223684
internal_weight=900 484 416 412 88 72 324 371 76
internal_count=900 484 416 412 88 72 324 371 76
is_linear=0
shrinkage=0.05


Tree=3
num_leaves=11
num_cat=0
split_feature=1 1 0 1 0 1 0 1 0 0
split_gain=154.001 5.80586 4.69618 1.39398 1.98864 0.337523 0.157233 0.149392 0.101504 0.0433231
threshold=0.90440397331816869 0.88126854629025109 0.90407175599725909 0.89621359279692958 0.87941731353224284 0.8481843581443208 0.84740643857046938 0.91626934748455258 0.81867274572070892 0.92586605983914938
decision_type=2 2 2 2 2 2 2 2 2 2
left_child=1 5 -2 4 -3 8 -7 -4 -1 -9
right_child=2 3 7 -5 -6 6 -8 9 -10 -11
leaf_value=-0.0038757659813389192 0.00014925047084689004 -0.00032974909422918701 0.00044548769202083506 -1.5510598011314603e-05 -0.00055869269724935229 -0.001785662980750208 -0.0014119680132716917 0.0010826278491877035 -0.0026604362150654207 0.0028421780988574065
leaf_weight=56 45 32 44 36 56 35 173 72 96 255
leaf_count=56 45 32 44 36 56 35 173 72 96 255
internal_value=0.000166667 -0.0190083 0.022476 -0.00967742 -0.0130682 -0.0222222 -0.0209135 0.0243261 -0.0240132 0.0246942
internal_weight=900 484 416 124 88 360 208 371 152 327
internal_count=900 484 416 124 88 360 208 371 152 327
is_linear=0
shrinkage=0.05


Tree=4
num_leaves=11
num_cat=0
split_feature=1 1 0 1 0 1 1 1 0 0
split_gain=149.186 5.79342 4.54933 1.26165 1.76786 0.512843 0.448339 0.167149 0.101504 0.0433231
threshold=0.90440397331816869 0.88126854629025109 0.90407175599725909 0.89621359279692958 0.87941731353224284 0.8481843581443208 0.91626934748455258 0.87396539880389434 0.81867274572070892 0.92586605983914938
decision_type=2 2 2 2 2 2 2 2 2 2
left_child=1 5 -2 4 -3 8 -4 -7 -1 -8
right_child=2 3 6 -5 -6 7 9 -9 -10 -11
leaf_value=-0.0036819776822719754 0.00014178794730454469 -0.00031326163951772568 0.00042321330741979527 -1.4735068110749429e-05 -0.00053075806238688243 -0.0015758114052005141 0.0010284964567283201 -0.00088126708427443967 -0.0025274144043121506 0.002700069193914534
leaf_weight=56 45 32 44 36 56 152 72 56 96 255
leaf_count=56 45 32 44 36 56 152 72 56 96 255
internal_value=0.000277778 -0.018595 0.0222356 -0.00927419 -0.0125 -0.0218056 0.0240566 -0.0201923 -0.0240132 0.0246942
internal_weight=900 484 416 124 88 360 371 208 152 327
internal_count=900 484 416 124 88 360 371 208 152 327
is_linear=0
shrinkage=0.05


Tree=5
num_leaves=11
num_cat=0
split_feature=1 1 0 1 0 1 0 0 1 0
split_gain=144.084 6.17226 5.14985 1.13592 1.56006 0.512843 0.390496 0.286364 0.167149 0.101504
threshold=0.90440397331816869 0.88126854629025109 0.90537461304787759 0.89621359279692958 0.87941731353224284 0.8481843581443208 0.93044082994065958 0.91238993073934971 0.87396539880389434 0.81867274572070892
decision_type=2 2 2 2 2 2 2 2 2 2
left_child=1 5 -2 4 -3 9 7 -4 -7 -1
right_child=2 3 6 -5 -6 8 -8 -9 -10 -11
leaf_value=-0.0034978787981583773 0.0002134277831926046 -0.0002975985575418394 0.00096030854360899256 -1.3998314705210292e-05 -0.00050422015926753774 -0.0014970208349404908 0.0027285523341409879 0.00077033722107648368 -0.00083720373006071491 -0.0024010436840965436
leaf_weight=56 53 32 42 36 56 152 231 90 56 96
leaf_count=56 53 32 42 36 56 152 231 90 56 96
internal_value=5.55556e-05 -0.0184917 0.0216346 -0.00887097 -0.0119318 -0.0218056 0.0237603 0.0215909 -0.0201923 -0.0240132
internal_weight=900 484 416 124 88 360 363 132 208 152
internal_count=900 484 416 124 88 360 363 132 208 152
is_linear=0
shrinkage=0.05


Tree=6
num_leaves=11
num_cat=0
split_feature=1 1 0 1 1 0 1 0 0 1
split_gain=138.462 6.29256 4.81535 1.17305 1.01678 1.36526 0.671625 0.227183 0.197086 0.144562
threshold=0.90440397331816869 0.88126854629025109 0.90537461304787759 0.91730585207058157 0.89621359279692958 0.87941731353224284 0.86260783453055689 0.86520467677427326 0.93044082994065958 0.8481843581443208
decision_type=2 2 2 2 2 2 2 2 2 2
left_child=1 6 -2 -4 5 -3 9 -8 -5 -1
right_child=2 4 3 8 -6 -7 7 -9 -10 -11
leaf_value=-0.0025192282848267135 0.00020275639403297686 -0.00028271862966474661 0.00041225104113726821 0.00083572809417831748 -1.3298398969951998e-05 -0.00047900915130416057 -0.00089675302596879398 -0.0011324715146620312 0.0025921247174339416 -0.0017525065185327593
leaf_weight=152 53 32 41 91 36 56 57 67 231 84
leaf_count=152 53 32 41 91 36 56 57 67 231 84
internal_value=0 -0.0181818 0.0211538 0.0232094 -0.00846774 -0.0113636 -0.0215278 -0.0185484 0.0242236 -0.0230932
internal_weight=900 484 416 363 124 88 360 124 322 236
internal_count=900 484 416 363 124 88 360 124 322 236
is_linear=0
shrinkage=0.05


Tree=7
num_leaves=12
num_cat=0
split_feature=1 1 0 1 0 1 0 1 0 0 1
split_gain=133.135 7.36817 4.51165 1.36305 1.49986 0.940104 0.880208 0.796088 0.329475 0.151531 0.144562
threshold=0.90475659009294185 0.88126854629025109 0.90537461304787759 0.92657226622816824 0.91238993073934971 0.89709812275065492 0.87941731353224284 0.86260783453055689 0.86520467677427326 0.93044082994065958 0.8481843581443208
decision_type=2 2 2 2 2 2 2 2 2 2 2
left_child=1 7 -2 4 -4 6 -3 10 -9 -5 -1
right_child=2 5 3 9 -6 -7 -8 8 -10 -11 -12
leaf_value=-0.0023932668705853757 0.00027070618124985237 -0.00026858269818150763 0.0008916805643716802 0.0010885653878438873 0.00037321038339335202 4.8800418224775878e-06 -0.00037641441527969669 -0.00085191537467035341 -0.0010758479389289311 0.0024625184815622427 -0.0016648811926061214
leaf_weight=152 49 32 42 49 41 32 64 57 67 231 84
leaf_count=152 49 32 42 49 41 32 64 57 67 231 84
internal_value=-5.55556e-05 -0.0177254 0.0208738 0.0227961 0.0171687 -0.00742188 -0.00989583 -0.0213889 -0.0181452 0.0244643 -0.0230932
internal_weight=900 488 412 363 83 128 96 360 124 280 236
internal_count=900 488 412 363 83 128 96 360 124 280 236
is_linear=0
shrinkage=0.05


Tree=8
num_leaves=12
num_cat=0
split_feature=1 0 1 1 0 0 1 1 1 0 0
split_gain=127.703 9.20335 4.88375 1.8206 1.5364 0.637357 0.89712 0.850694 0.334809 0.151531 0.132576
threshold=0.89650808908198765 0.90537461304787759 0.87615650948267709 0.92657226622816824 0.91238993073934971 0.87807222185131051 0.87957313233144629 0.89083464412355229 0.8481843581443208 0.93044082994065958 0.89807860926560779
decision_type=2 2 2 2 2 2 2 2 2 2 2
left_child=2 10 8 4 -3 6 -4 -7 -1 -5 -2
right_child=1 3 5 9 -6 7 -8 -9 -10 -11 -12
leaf_value=-0.0022736035270561061 0.00010816324976077319 0.0008464098813320553 -0.0007160948396311873 0.0010341371184516945 0.00035454986422368552 -0.00071112846471387827 -0.00015058565188966755 -0.00018911305516977064 -0.0012604285599408516 0.0023393925574841322 5.7999665513525092e-05
leaf_weight=152 40 43 30 49 41 40 34 32 164 231 44
leaf_count=152 40 43 30 49 41 40 34 32 164 231 44
internal_value=0.000166667 0.0190848 -0.0185841 0.0225275 0.0160714 -0.0106618 -0.00703125 -0.0138889 -0.0219937 0.0244643 0.00416667
internal_weight=900 448 452 364 84 136 64 72 316 280 84
internal_count=900 448 452 364 84 136 64 72 316 280 84
is_linear=0
shrinkage=0.05


Tree=9
num_leaves=12
num_cat=0
split_feature=1 0 1 0 1 0 1 0 1 1 0
split_gain=121.002 10.0078 4.66802 2.10596 0.665549 0.441483 0.421132 0.796048 0.398737 0.349587 0.270619
threshold=0.89621359279692958 0.91776434326147038 0.8736579207739209 0.90228184520757504 0.91626934748455258 0.89734208908851432 0.88359687153880928 0.88415191606595755 0.93687936015711293 0.8481843581443208 0.84740643857046938
decision_type=2 2 2 2 2 2 2 2 2 2 2
left_child=2 3 9 5 -5 -2 -4 -8 -3 -1 -11
right_child=1 8 6 4 -6 -7 7 -9 -10 10 -12
leaf_value=-0.0021599233507033021 8.4410356338837655e-05 0.00050996166504703737 -0.00067473656867426404 0.00026484946575383307 0.0008497780067985572 -1.6244791401426318e-05 -0.00017446205662733917 -0.00043489593645575368 0.0022128802259813842 -0.0013088474061516587 -0.0012106087031019453
leaf_weight=152 41 48 72 52 43 31 43 33 237 35 113
leaf_count=152 41 48 72 52 43 31 43 33 237 35 113
internal_value=0 0.0182522 -0.0184152 0.00853293 0.0134211 0.00208333 -0.0111486 -0.00855263 0.0239474 -0.022 -0.0202703
internal_weight=900 452 448 167 95 72 148 76 285 300 148
internal_count=900 452 448 167 95 72 148 76 285 300 148
is_linear=0
shrinkage=0.05


Tree=10
num_leaves=12
num_cat=0
split_feature=1 1 0 1 0 0 0 1 0 1 1
split_gain=118.809 7.97503 5.73026 1.42408 1.15864 0.806667 0.740741 0.639474 0.584028 0.549227 0.240299
threshold=0.90475659009294185 0.87615650948267709 0.91776434326147038 0.89083464412355229 0.9030265722553249 0.87807222185131051 0.91238993073934971 0.93816972944872923 0.89189017492255152 0.8481843581443208 0.870902281957325
decision_type=2 2 2 2 2 2 2 2 2 2 2
left_child=1 9 4 5 -2 -3 -6 -4 -5 -1 -11
right_child=2 3 7 8 6 -7 -8 -9 -10 10 -12
leaf_value=-0.0020519271831681398 9.8266288309939451e-05 -0.00038061477484079009 0.00045513855630617832 1.4880729945243587e-05 0.00055818017633972876 -0.00065472553414961396 0.00037394754731470415 0.0021327597532717901 -0.00022616581740071695 -0.0012091562422625768 -0.00090281971455951075
leaf_weight=152 37 60 57 40 54 40 36 228 32 132 32
leaf_count=152 37 60 57 40 54 40 36 228 32 132 32
internal_value=-0.000111111 -0.0168033 0.0196602 -0.00813953 0.0108268 -0.012 0.0138889 0.0235965 -0.00277778 -0.021519 -0.0195122
internal_weight=900 488 412 172 127 100 90 285 72 316 164
internal_count=900 488 412 172 127 100 90 285 72 316 164
is_linear=0
shrinkage=0.05


Tree=11
num_leaves=12
num_cat=0
split_feature=1 0 1 0 1 0 1 0 1 0 0
split_gain=115.92 9.33604 5.06067 1.67687 0.842982 0.820939 0.628811 0.573913 0.367961 0.279745 0.253423
threshold=0.89621359279692958 0.91776434326147038 0.870902281957325 0.90228184520757504 0.93816972944872923 0.91238993073934971 0.89083464412355229 0.87807222185131051 0.8481843581443208 0.89734208908851432 0.84740643857046938
decision_type=2 2 2 2 2 2 2 2 2 2 2
left_child=2 3 8 9 -3 -5 7 -4 -1 -2 -10
right_child=1 4 6 5 -6 -7 -8 -9 10 -11 -12
leaf_value=-0.001949330824009732 9.1498129391931479e-05 0.00043238162849086885 -0.0004757988391388857 0.00049294413801848069 0.0020261217656082019 0.0003552501699489702 -0.00016327843162401991 -0.00062198925744213487 -0.0011829472237309458 -2.034586624685142e-05 -0.0011272138222349849
leaf_weight=152 41 57 92 59 228 36 32 40 35 31 97
leaf_count=152 41 57 92 59 228 36 32 40 35 31 97
internal_value=5.55556e-05 0.0179204 -0.0179688 0.00853293 0.0234211 0.0128947 -0.0109756 -0.0125 -0.022007 0.00277778 -0.0200758
internal_weight=900 452 448 167 285 95 164 132 284 72 132
internal_count=900 452 448 167 285 95 164 132 284 72 132
is_linear=0
shrinkage=0.05


Tree=12
num_leaves=12
num_cat=0
split_feature=1 1 0 1 0 0 0 0 1 0 0
split_gain=111.268 8.14207 6.05432 1.39854 0.96 0.748287 0.735219 1.03846 0.638661 0.653333 0.395425
threshold=0.90440397331816869 0.87615650948267709 0.91776434326147038 0.89083464412355229 0.87807222185131051 0.94586767779954906 0.90537461304787759 0.91208355066392677 0.86260783453055689 0.86180108817205392 0.89084961854006528
decision_type=2 2 2 2 2 2 2 2 2 2 2
left_child=1 8 6 4 -3 -4 -2 -8 -1 -10 -5
right_child=2 3 5 10 -6 -7 7 -9 9 -11 -12
leaf_value=-0.0016136274978742482 0.00011038459298756132 -0.00033779409414181065 0.00065542151801077371 2.230061502918046e-05 -0.00059088979457002646 0.0024134247528740552 0.00071592251260927948 0.00037261058885106339 -0.00062100354046409347 -0.00083757324207412451 -0.00024196910234465798
leaf_weight=236 53 60 126 36 40 159 39 39 30 50 32
leaf_count=236 53 60 126 36 40 159 39 39 30 50 32
internal_value=-0.000333333 -0.0166322 0.0186298 -0.0077381 -0.0115 0.0227193 0.00973282 0.0128205 -0.0213608 -0.0175 -0.00220588
internal_weight=900 484 416 168 100 285 131 78 316 80 68
internal_count=900 484 416 168 100 285 131 78 316 80 68
is_linear=0
shrinkage=0.05


Tree=13
num_leaves=12
num_cat=0
split_feature=1 1 0 1 1 0 0 1 1 0 0
split_gain=106.96 8.294 5.88502 1.48477 1.01404 0.96 0.739652 0.899105 0.613908 0.4 0.303644
threshold=0.90475659009294185 0.87615650948267709 0.91776434326147038 0.89083464412355229 0.93816972944872923 0.87807222185131051 0.90228184520757504 0.91626934748455258 0.84635304927553978 0.89189017492255152 0.94716886015303381
decision_type=2 2 2 2 2 2 2 2 2 2 2
left_child=1 8 6 5 -4 -3 -2 -8 -1 -5 -6
right_child=2 3 4 9 10 -7 7 -9 -10 -11 -12
leaf_value=-0.0018450687553573876 8.2233431871225898e-05 -0.00032090438943472026 0.00037799147116578395 2.1185584277721994e-05 0.00091159826277368574 -0.00056134530484152625 0.00020127968623960546 0.00075219869115289439 -0.00095526784996334828 -0.00020453787799207257 0.0023776722526418492
leaf_weight=144 34 60 57 40 78 40 50 43 172 32 150
leaf_count=144 34 60 57 40 78 40 50 43 172 32 150
internal_value=-0.000555556 -0.0163934 0.0182039 -0.00755814 0.022193 -0.0115 0.00925197 0.0115591 -0.0212025 -0.00208333 0.0236842
internal_weight=900 488 412 172 285 100 127 93 316 72 228
internal_count=900 488 412 172 285 100 127 93 316 72 228
is_linear=0
shrinkage=0.05


Tree=14
num_leaves=12
num_cat=0
split_feature=1 0 1 0 1 1 1 0 0 1 0
split_gain=106.798 8.92691 5.01742 1.1943 1.01404 0.966053 0.668048 0.782808 0.682224 0.447127 0.5167
threshold=0.89621359279692958 0.91776434326147038 0.870902281957325 0.90228184520757504 0.93816972944872923 0.91626934748455258 0.88359687153880928 0.88351031830143134 0.86810026182117006 0.84635304927553978 0.84500541295427134
decision_type=2 2 2 2 2 2 2 2 2 2 2
left_child=2 3 9 -2 -3 -5 8 -8 -4 -1 -11
right_child=1 4 6 5 -6 -7 7 -9 -10 10 -12
leaf_value=-0.0017528153175895179 3.7726788954997596e-05 0.00035909189760749416 -0.00037815599498948753 0.00016982162982710769 0.0017058855838650439 0.0007145887565952469 -8.9983348918165623e-05 -0.00033961591847372907 -0.00073604034217309995 -0.00096754654813255856 -0.00101613855164093
leaf_weight=144 72 57 32 52 228 43 37 39 56 32 108
leaf_count=144 72 57 32 52 228 43 37 39 56 32 108
internal_value=-0.000333333 0.0168142 -0.0176339 0.00763473 0.022193 0.0113158 -0.0106707 -0.00723684 -0.0136364 -0.0216549 -0.0196429
internal_weight=900 452 448 167 285 95 164 76 88 284 140
internal_count=900 452 448 167 285 95 164 76 88 284 140
is_linear=0
shrinkage=0.05


Tree=15
num_leaves=12
num_cat=0
split_feature=1 1 0 1 0 1 1 0 0 0 0
split_gain=99.7533 8.10579 5.75626 1.13591 1.07948 0.791491 0.68562 0.699662 0.613636 0.583741 0.395425
threshold=0.90440397331816869 0.8736579207739209 0.93044082994065958 0.89083464412355229 0.90537461304787759 0.91626934748455258 0.84366584023459457 0.84230742954678151 0.94763638717981535 0.87179580863843764 0.89084961854006528
decision_type=2 2 2 2 2 2 2 2 2 2 2
left_child=1 6 4 9 -2 -6 -1 -8 -4 -3 -5
right_child=2 3 8 10 5 -7 7 -9 -10 -11 -12
leaf_value=-0.00172982927023575 8.6310297534847324e-05 -0.00020857130388189928 0.00059376659191849319 3.0866286748632013e-05 0.00018086515451672393 0.00060678701459140894 -0.00065853897074881766 -0.00095407686940224843 0.0021801283577800035 -0.0005294412430455808 -0.00021209652508985544
leaf_weight=128 53 38 84 36 37 95 30 142 147 78 32
leaf_count=128 53 38 84 36 37 95 30 142 147 78 32
internal_value=-0.000166667 -0.0155992 0.0177885 -0.00733696 0.0112162 0.0136364 -0.0206667 -0.0186047 0.0230519 -0.0103448 -0.00220588
internal_weight=900 484 416 184 185 132 300 172 231 116 68
internal_count=900 484 416 184 185 132 300 172 231 116 68
is_linear=0
shrinkage=0.05


Tree=16
num_leaves=12
num_cat=0
split_feature=1 0 1 0 0 1 1 0 1 0 0
split_gain=93.4577 7.73004 5.13653 1.65146 1.21466 0.955388 0.929321 0.869096 0.512111 0.793531 0.510879
threshold=0.89621359279692958 0.92946514697607563 0.8736579207739209 0.90228184520757504 0.94900209420050663 0.84366584023459457 0.91626934748455258 0.84230742954678151 0.88359687153880928 0.88351031830143134 0.87179580863843764
decision_type=2 2 2 2 2 2 2 2 2 2 2
left_child=2 3 5 -2 -3 -1 -5 -7 10 -10 -4
right_child=1 4 8 6 -6 7 -8 -9 9 -11 -12
leaf_value=-0.0016433378067239601 4.1251869586178552e-05 0.00060153894709887858 -0.00028603363190871089 0.00015228729060991208 0.002085969456904552 -0.00062561202221137488 0.00056758456383596554 -0.00090637302593213342 -7.5055616278163489e-05 -0.00031522484775067252 -0.00068351863817267826
leaf_weight=128 72 96 34 52 141 30 91 142 37 39 38
leaf_count=128 72 96 34 52 141 30 91 142 37 39 38
internal_value=-0.000222222 0.0158186 -0.0164063 0.00895349 0.0220464 -0.0201667 0.0120629 -0.0177326 -0.00878378 -0.00592105 -0.0118056
internal_weight=900 452 448 215 237 300 143 172 148 76 72
internal_count=900 452 448 215 237 300 143 172 148 76 72
is_linear=0
shrinkage=0.05


Tree=17
num_leaves=12
num_cat=0
split_feature=1 0 1 0 1 0 0 1 1 1 0
split_gain=89.0035 8.46537 4.96265 2.1473 0.825775 0.86453 0.677942 0.890806 0.628953 0.589348 1.06399
threshold=0.89621359279692958 0.91776434326147038 0.870902281957325 0.94900209420050663 0.84366584023459457 0.84230742954678151 0.90228184520757504 0.91626934748455258 0.93411096676355199 0.88359687153880928 0.86992424996627349
decision_type=2 2 2 2 2 2 2 2 2 2 2
left_child=2 6 4 8 -1 -6 -2 -8 -3 10 -4
right_child=1 3 9 -5 5 -7 7 -9 -10 -11 -12
leaf_value=-0.0015611709163877608 3.9189276106871287e-05 0.00025067833098088577 -0.00030304362028021339 0.001981670984059325 -0.00059433142110080779 -0.00091622248159650981 0.00014467292607941719 0.00062014073984411613 0.00060340710911130357 -0.00021037052421121473 -0.00064757265569577178
leaf_weight=128 72 39 39 141 30 126 52 43 105 76 49
leaf_count=128 72 39 39 141 30 126 52 43 105 76 49
internal_value=-0.000277778 0.0153761 -0.0160714 0.020614 -0.0200704 -0.0176282 0.00643713 0.00921053 0.0163194 -0.00914634 -0.0119318
internal_weight=900 452 448 285 284 156 167 95 144 164 88
internal_count=900 452 448 285 284 156 167 95 144 164 88
is_linear=0
shrinkage=0.05


Tree=18
num_leaves=12
num_cat=0
split_feature=1 1 0 1 0 1 0 0 1 0 0
split_gain=86.1729 7.76414 5.84982 1.45573 1.27067 0.926353 0.793407 0.742024 1.18977 0.627273 0.544444
threshold=0.90475659009294185 0.870902281957325 0.92946514697607563 0.89083464412355229 0.94900209420050663 0.84366584023459457 0.84230742954678151 0.90228184520757504 0.92053297446109117 0.86992424996627349 0.89189017492255152
decision_type=2 2 2 2 2 2 2 2 2 2 2
left_child=1 5 7 9 -4 -1 -7 -2 -9 -3 -5
right_child=2 3 4 10 -6 6 -8 8 -10 -11 -12
leaf_value=-0.0014831123705683737 6.7897848668524444e-05 -0.00026943049103846095 0.00054129164428836642 3.8751013791504812e-05 0.0018825874348563588 -0.0005646148500457693 -0.00087041135751668441 0.00025070523587393257 0.00047375590557964813 -0.00044410504109851926 -0.0001847618702333409
leaf_weight=128 34 40 96 40 141 30 126 67 74 92 32
leaf_count=128 34 40 96 40 141 30 126 67 74 92 32
internal_value=-0.000333333 -0.0145492 0.0165049 -0.00710784 0.0216245 -0.0198944 -0.0173077 0.00957143 0.0111702 -0.0102273 -0.00138889
internal_weight=900 488 412 204 237 284 156 175 141 132 72
internal_count=900 488 412 204 237 284 156 175 141 132 72
is_linear=0
shrinkage=0.05


Tree=19
num_leaves=12
num_cat=0
split_feature=1 0 1 0 1 0 1 0 1 1 0
split_gain=83.4248 7.84849 4.50536 2.21555 0.966513 1.06975 0.816457 0.677942 0.890806 0.502125 1.03866
threshold=0.89621359279692958 0.91776434326147038 0.86997548643205047 0.95044597013602405 0.84280704948980734 0.84230742954678151 0.93411096676355199 0.90228184520757504 0.91626934748455258 0.88359687153880928 0.86992424996627349
decision_type=2 2 2 2 2 2 2 2 2 2 2
left_child=2 7 4 6 -1 -6 -3 -2 -9 10 -4
right_child=1 3 9 -5 5 -7 -8 8 -10 -11 -12
leaf_value=-0.0014459622255270311 4.3982631647404574e-05 0.00021445661915285853 -0.0002744199147142801 0.0018167166252015532 -0.00048511666245604771 -0.00087037153856690537 0.00054228892883420035 0.0001249040179817501 0.00057659844105821816 -0.00018413032521735762 -0.00057502412147157351
leaf_weight=124 72 39 41 138 34 122 108 52 43 76 51
leaf_count=124 72 39 41 138 34 122 108 52 43 76 51
internal_value=-0.000111111 0.0150442 -0.0154018 0.0200877 -0.0192857 -0.0166667 0.0158163 0.00643713 0.00921053 -0.00892857 -0.011413
internal_weight=900 452 448 285 280 156 147 167 95 168 92
internal_count=900 452 448 285 280 156 147 167 95 168 92
is_linear=0
shrinkage=0.05


Tree=20
num_leaves=12
num_cat=0
split_feature=1 1 0 1 0 1 0 1 0 0 1
split_gain=77.7064 6.39838 6.18096 1.29657 1.21845 0.952381 0.899473 0.795918 0.648318 0.552288 0.370268
threshold=0.90440397331816869 0.86997548643205047 0.95044597013602405 0.89083464412355229 0.91776434326147038 0.84027453605026214 0.84230742954678151 0.93411096676355199 0.86992424996627349 0.89084961854006528 0.9104663115013899
decision_type=2 2 2 2 2 2 2 2 2 2 2
left_child=1 5 4 8 10 -1 -7 -6 -3 -5 -2
right_child=2 3 -4 9 7 6 -8 -9 -10 -11 -12
leaf_value=-0.0014559722384427376 0.00024679565492129744 -0.00024223797075082211 0.0017258807939414757 5.6867475793778714e-05 0.00020373378819521504 -0.00049063332122624708 -0.00082685296163855784 0.00051517448239248866 -0.00038930427998123409 -0.00018257559264108216 0.00025841820148391202
leaf_weight=112 32 42 138 36 39 44 124 108 94 32 99
leaf_count=112 32 42 138 36 39 44 124 108 94 32 99
internal_value=-0.000222222 -0.013843 0.015625 -0.00710784 0.0113309 -0.01875 -0.016369 0.0144558 -0.00992647 -0.00147059 0.00782443
internal_weight=900 484 416 204 278 280 168 147 136 68 131
internal_count=900 484 416 204 278 280 168 147 136 68 131
is_linear=0
shrinkage=0.05


Tree=21
num_leaves=12
num_cat=0
split_feature=1 0 1 0 1 1 0 0 0 1 0
split_gain=73.9768 8.68997 4.12537 1.57702 0.959334 0.920213 0.858292 0.661169 0.606959 0.574323 1.2276
threshold=0.89621359279692958 0.94182747362317987 0.86260783453055689 0.90228184520757504 0.91626934748455258 0.88359687153880928 0.86520467677427326 0.95044597013602405 0.88351031830143134 0.84027453605026214 0.84230742954678151
decision_type=2 2 2 2 2 2 2 2 2 2 2
left_child=2 3 9 -2 -5 6 -4 -3 -7 -1 -11
right_child=1 7 5 4 -6 8 -8 -9 -10 10 -12
leaf_value=-0.0013831736265206007 4.2253967631994405e-05 0.00062836252989456891 -0.0002485870204410212 0.00010602847067253673 0.00042466489256789974 -9.9073269388405549e-06 -0.00047902048445733761 0.0016395867542444043 -0.00026137168974798566 -0.00046610165516493556 -0.00095991624419320971
leaf_weight=112 72 36 57 52 154 37 79 138 39 44 80
leaf_count=112 72 36 57 52 154 37 79 138 39 44 80
internal_value=-0.000333333 0.0139381 -0.0147321 0.00845324 0.0106796 -0.00966981 -0.0121324 0.0227011 -0.00526316 -0.0192797 -0.0169355
internal_weight=900 452 448 278 206 212 136 174 76 236 124
internal_count=900 452 448 278 206 212 136 174 76 236 124
is_linear=0
shrinkage=0.05


Tree=22
num_leaves=12
num_cat=0
split_feature=1 0 1 1 0 1 0 1 1 0 0
split_gain=67.2753 8.25013 4.14599 1.44361 1.16238 0.824347 0.728638 0.715353 0.671918 1.51059 0.606959
threshold=0.89621359279692958 0.94255826744833449 0.86260783453055689 0.96404906759925368 0.90228184520757504 0.88359687153880928 0.86520467677427326 0.92494770653150982 0.84027453605026214 0.84230742954678151 0.88351031830143134
decision_type=2 2 2 2 2 2 2 2 2 2 2
left_child=2 4 8 -3 -2 6 -4 -6 -1 -10 -7
right_child=1 3 5 -5 7 10 -8 -9 9 -11 -12
leaf_value=-0.0013140149451945694 4.0141269250393297e-05 0.0006034419057268037 -0.00023615766941896822 0.0018535772603966274 0.00023134100251628875 -9.4119605918985272e-06 -0.00045506946023446962 0.00038314418214462911 -0.00044279657240668961 -0.00091192043198354842 -0.00024830310526058888
leaf_weight=112 72 63 57 108 93 37 79 116 44 80 39
leaf_count=112 72 63 57 108 93 37 79 116 44 80 39
internal_value=-0.000777778 0.0128319 -0.0145089 0.0214912 0.00756228 -0.00943396 -0.0117647 0.00944976 -0.0190678 -0.0165323 -0.00526316
internal_weight=900 452 448 171 281 212 136 209 236 124 76
internal_count=900 452 448 171 281 212 136 209 236 124 76
is_linear=0
shrinkage=0.05


Tree=23
num_leaves=12
num_cat=0
split_feature=1 0 1 0 1 0 1 0 1 1 1
split_gain=60.8782 8.17012 4.55729 1.79502 1.20536 1.66668 0.933971 0.588585 0.862745 0.324132 0.318371
threshold=0.89621359279692958 0.96012716628854911 0.86997548643205047 0.90658767910804094 0.84027453605026214 0.84230742954678151 0.92494770653150982 0.87807222185131051 0.87957313233144629 0.89034450932051734 0.9104663115013899
decision_type=2 2 2 2 2 2 2 2 2 2 2
left_child=2 3 4 10 -1 -6 -5 8 -4 -9 -2
right_child=1 -3 7 6 5 -7 -8 9 -10 -11 -12
leaf_value=-0.0012483141979348412 4.6792517852967121e-05 0.0017835481623914462 -0.00032273020819879042 0.00022420138507037448 -0.00042065674378635731 -0.00074417980288280785 0.00047921952746433628 -0.00037976416311134576 3.7060039983374821e-05 -0.00021077699890582614 -3.11458185467961e-05
leaf_weight=112 66 102 66 70 44 124 184 37 34 31 30
leaf_count=112 66 102 66 70 44 124 184 37 34 31 30
internal_value=-0.000888889 0.0120575 -0.0139509 0.00842857 -0.0178571 -0.0151786 0.0106299 -0.00744048 -0.005 -0.0110294 0.00260417
internal_weight=900 452 448 350 280 168 254 168 100 68 96
internal_count=900 452 448 350 280 168 254 168 100 68 96
is_linear=0
shrinkage=0.05


Tree=24
num_leaves=12
num_cat=0
split_feature=1 0 1 0 1 0 1 1 0 0 0
split_gain=57.2892 8.6114 4.43648 1.41025 1.13884 2.32786 0.854889 0.631141 0.804328 0.574761 0.541756
threshold=0.89621359279692958 0.96012716628854911 0.86260783453055689 0.9030265722553249 0.84027453605026214 0.84230742954678151 0.93899365105420796 0.88359687153880928 0.88351031830143134 0.89807860926560779 0.86520467677427326
decision_type=2 2 2 2 2 2 2 2 2 2 2
left_child=2 3 4 9 -1 -6 -5 10 -9 -2 -4
right_child=1 -3 7 6 5 -7 -8 8 -10 -11 -12
leaf_value=-0.0011858984880381007 0.00012474101387872084 0.0016943707542718734 -0.00020821327553807722 0.00025210529234220294 -0.00039962390659704087 -0.00082911542024023406 0.00053589937112799579 1.0252332318771984e-06 -0.00022534910005226895 -3.662075736819981e-05 -0.00042306193127119034
leaf_weight=112 44 102 57 148 44 80 126 37 39 32 79
leaf_count=112 44 102 57 148 44 80 126 37 39 32 79
internal_value=-0.000833333 0.0117257 -0.0135045 0.008 -0.0182203 -0.0149194 0.00967153 -0.00825472 -0.00460526 0.00197368 -0.0102941
internal_weight=900 452 448 350 236 124 274 212 76 76 136
internal_count=900 452 448 350 236 124 274 212 76 76 136
is_linear=0
shrinkage=0.05


Tree=25
num_leaves=12
num_cat=0
split_feature=1 0 1 1 0 0 1 1 0 0 1
split_gain=54.7918 8.25287 5.14821 1.54821 1.76519 1.46008 0.748581 0.381818 0.933838 0.574761 0.318371
threshold=0.89621359279692958 0.96012716628854911 0.86997548643205047 0.84027453605026214 0.84230742954678151 0.90658767910804094 0.93899365105420796 0.88290103732885006 0.88361676198909567 0.87179580863843764 0.9104663115013899
decision_type=2 2 2 2 2 2 2 2 2 2 2
left_child=2 5 3 -1 -5 10 -7 9 -9 -4 -2
right_child=1 -3 7 4 -6 6 -8 8 -10 -11 -12
leaf_value=-0.0011266035636361971 4.0239806201206046e-05 0.0016096522165582772 -0.00017852596817872769 -0.00037964271126718634 -0.00068103759534421111 0.00024672606052897339 0.00050951886085691682 1.9622791135986975e-06 -0.00023013233842955063 -0.00048912891174194846 -3.4975640993806234e-05
leaf_weight=112 66 102 50 44 124 129 125 44 36 38 30
leaf_count=112 66 102 50 44 124 129 125 44 36 38 30
internal_value=-0.000777778 0.0115044 -0.0131696 -0.0173214 -0.0142857 0.00785714 0.00984252 -0.00625 -0.00375 -0.00852273 0.00260417
internal_weight=900 452 448 280 168 350 254 168 80 88 96
internal_count=900 452 448 280 168 350 254 168 80 88 96
is_linear=0
shrinkage=0.05


Tree=26
num_leaves=12
num_cat=0
split_feature=1 0 1 0 1 0 1 1 0 0 1
split_gain=50.9066 8.54723 4.74744 1.47893 1.14405 1.88366 0.662867 0.539543 0.933838 0.548474 0.342575
threshold=0.89621359279692958 0.96012716628854911 0.86355463362107476 0.94255826744833449 0.84027453605026214 0.84230742954678151 0.90475659009294185 0.88290103732885006 0.88361676198909567 0.86308590086055259 0.81869943768103592
decision_type=2 2 2 2 2 2 2 2 2 2 2
left_child=2 3 4 6 10 -6 -2 9 -9 -4 -1
right_child=1 -3 7 -5 5 -7 -8 8 -10 -11 -12
leaf_value=-0.002244110727940174 6.0126856512299209e-06 0.0015291696057303629 -0.00011618715968316207 0.00050342997669989848 -0.00036066057570382506 -0.00075360776946101216 0.00022998664814742332 1.864165157916542e-06 -0.00021862572150807558 -0.00033218258435612771 -0.00088094519178983928
leaf_weight=36 40 102 38 69 44 84 241 44 36 90 76
leaf_count=36 40 102 38 69 44 84 241 44 36 90 76
internal_value=-0.000555556 0.0112832 -0.0125 0.00757143 -0.0172917 -0.0140625 0.00596085 -0.00697115 -0.00375 -0.00898438 -0.0209821
internal_weight=900 452 448 350 240 128 281 208 80 128 112
internal_count=900 452 448 350 240 128 281 208 80 128 112
is_linear=0
shrinkage=0.05


Tree=27
num_leaves=12
num_cat=0
split_feature=1 0 1 1 0 0 1 1 0 0 0
split_gain=46.2612 7.24896 6.24578 1.23648 1.55889 1.0023 0.8003 0.532599 1.23968 0.463872 0.402981
threshold=0.90691053507578523 0.96012716628854911 0.86997548643205047 0.83921402314451476 0.83843349598469963 0.94255826744833449 0.94260681783670452 0.8933988127171324 0.89560387291070709 0.87807222185131051 0.81867274572070892
decision_type=2 2 2 2 2 2 2 2 2 2 2
left_child=2 5 3 10 -5 6 -2 9 -9 -4 -1
right_child=1 -3 7 4 -6 -7 -8 8 -10 -11 -12
leaf_value=-0.0015539953125851492 0.00029803783983641533 0.0014527111254438452 -0.00016754113488384184 -0.00031953223718428906 -0.00060384051982612379 0.00047825847786490131 4.8404270071411577e-06 9.5157703659135012e-05 -0.00010164465877167684 -0.00028722335118872846 -0.00082092090716830439
leaf_weight=56 188 102 98 32 140 69 45 38 30 50 52
leaf_count=56 188 102 98 32 140 69 45 38 30 50 52
internal_value=-0.000555556 0.012005 -0.0107863 -0.0157143 -0.0130814 0.00811258 0.00654506 -0.00439815 -0.000735294 -0.00608108 -0.0199074
internal_weight=900 404 496 280 172 302 233 216 68 148 108
internal_count=900 404 496 280 172 302 233 216 68 148 108
is_linear=0
shrinkage=0.05


Tree=28
num_leaves=12
num_cat=0
split_feature=1 0 1 1 0 0 1 1 0 0 1
split_gain=44.0236 9.15006 4.24543 1.05067 1.7347 0.909513 0.892308 0.523844 0.420746 0.402981 0.390505
threshold=0.89621359279692958 0.95484567955787047 0.86355463362107476 0.83921402314451476 0.83843349598469963 0.90658767910804094 0.971001490926378 0.91626934748455258 0.89807860926560779 0.81867274572070892 0.88290103732885006
decision_type=2 2 2 2 2 2 2 2 2 2 2
left_child=2 5 3 9 -5 8 -3 -7 -2 -1 -4
right_child=1 6 10 4 -6 7 -8 -9 -10 -11 -12
leaf_value=-0.0014762955469558915 0.00011143345340920985 0.00044581679755264228 -0.00024981342052730616 -0.00030355562532507487 -0.00063788921651933284 2.6607135716821829e-05 0.0015293822241017664 0.00032250588334948872 -7.7709802502184955e-06 -0.00077987486180988719 -8.860373350619844e-05
leaf_weight=56 44 30 128 32 100 30 87 209 52 52 80
leaf_count=56 44 30 128 32 100 30 87 209 52 52 80
internal_value=-0.000611111 0.0103982 -0.0117188 -0.01625 -0.0132576 0.00619403 0.0224359 0.00784519 0.00208333 -0.0199074 -0.00649038
internal_weight=900 452 448 240 132 335 117 239 96 108 208
internal_count=900 452 448 240 132 335 117 239 96 108 208
is_linear=0
shrinkage=0.05


Tree=29
num_leaves=12
num_cat=0
split_feature=1 0 1 1 0 1 0 1 1 0 0
split_gain=42.272 9.48949 4.674 1.05067 1.7347 0.892308 0.782217 0.455297 0.432692 1.13952 0.736132
threshold=0.89621359279692958 0.95484567955787047 0.86355463362107476 0.83921402314451476 0.83843349598469963 0.971001490926378 0.90658767910804094 0.91626934748455258 0.88290103732885006 0.88361676198909567 0.86520467677427326
decision_type=2 2 2 2 2 2 2 2 2 2 2
left_child=2 6 3 -1 -5 -3 -2 -8 10 -10 -4
right_child=1 5 8 4 -6 -7 7 -9 9 -11 -12
leaf_value=-0.0009461863374159885 2.2603376376123532e-05 0.00042352595767501113 -0.0001218211093492072 -0.00028837784405882363 -0.00060599475569336758 0.0014529131128966756 2.5276778930982682e-05 0.00030638058918201484 2.0562311134764146e-05 -0.00019846260756912205 -0.00035096735667312088
leaf_weight=108 96 30 53 32 100 87 30 209 44 36 75
leaf_count=108 96 30 53 32 100 87 30 209 44 36 75
internal_value=-0.000611111 0.010177 -0.0114955 -0.01625 -0.0132576 0.0224359 0.00589552 0.00742678 -0.00600962 -0.003125 -0.0078125
internal_weight=900 452 448 240 132 117 335 239 208 80 128
internal_count=900 452 448 240 132 117 335 239 208 80 128
is_linear=0
shrinkage=0.05


Tree=30
num_leaves=12
num_cat=0
split_feature=1 0 1 1 1 0 1 0 1 0 0
split_gain=38.4702 8.71974 4.70331 0.995192 0.97067 0.882165 0.840665 0.472789 0.396695 2.07989 0.649624
threshold=0.89621359279692958 0.95484567955787047 0.86355463362107476 0.97690166219795393 0.81869943768103592 0.94182747362317987 0.94260681783670452 0.85014491291381822 0.87957313233144629 0.87743270659634665 0.86520467677427326
decision_type=2 2 2 2 2 2 2 2 2 2 2
left_child=2 5 4 -3 -1 6 -2 -6 10 -10 -4
right_child=1 3 8 -5 7 -7 -8 -9 9 -11 -12
leaf_value=-0.0019330813316953133 0.00016687569178096273 0.00040718737860270251 -0.00011745816477816141 0.001806112841849622 -0.0005670335249562203 0.00040351417145925716 -3.5521374016844745e-05 -0.00067130533847678531 0.00010298833588006651 -0.00015797028723537056 -0.00040181071919476456
leaf_weight=36 236 48 52 69 166 57 42 38 31 69 56
leaf_count=36 236 48 52 69 166 57 42 38 31 69 56
internal_value=-0.000888889 0.00940265 -0.0112723 0.0211538 -0.0160417 0.00529851 0.00413669 -0.0147059 -0.00576923 -0.0035 -0.00787037
internal_weight=900 452 448 117 240 335 278 204 208 100 108
internal_count=900 452 448 117 240 335 278 204 208 100 108
is_linear=0
shrinkage=0.05


Tree=31
num_leaves=11
num_cat=0
split_feature=1 0 1 0 1 0 1 0 0 1
split_gain=35.5996 8.54503 4.02832 1.33836 1.08047 1.05983 0.681779 0.569411 0.46901 0.930578
threshold=0.8933988127171324 0.95484567955787047 0.86355463362107476 0.97234121166130938 0.81869943768103592 0.94182747362317987 0.94260681783670452 0.85014491291381822 0.87807222185131051 0.87957313233144629
decision_type=2 2 2 2 2 2 2 2 2 2
left_child=2 5 4 -3 -1 6 -2 -6 9 -4
right_child=1 3 8 -5 7 -7 -8 -9 -10 -11
leaf_value=-0.0018364272651105462 0.00015163011976735143 0.00043207006839552921 -0.00018337588591880451 0.0017369340660977784 -0.0005386818487084083 0.00038333846288629569 -3.3745305316001949e-05 -0.0006377400715529447 -0.00025061035221375649 7.7189168908950448e-05
leaf_weight=36 256 51 106 66 166 57 42 38 50 32
leaf_count=36 256 51 106 66 166 57 42 38 50 32
internal_value=-0.000888889 0.00858051 -0.0113318 0.0202991 -0.015625 0.00471831 0.00352349 -0.0142157 -0.00585106 -0.00434783
internal_weight=900 472 428 117 240 355 298 204 188 138
internal_count=900 472 428 117 240 355 298 204 188 138
is_linear=0
shrinkage=0.05


Tree=32
num_leaves=12
num_cat=0
split_feature=1 0 1 0 1 1 0 1 1 0 0
split_gain=32.5391 7.36233 5.12134 1.95358 0.88366 0.808503 0.67501 0.492188 0.333356 1.37868 0.896579
threshold=0.90440397331816869 0.97362213686434873 0.86355463362107476 0.94182747362317987 0.81869943768103592 0.94260681783670452 0.85014491291381822 0.95713500491092918 0.87396539880389434 0.86239212053297942 0.87179580863843764
decision_type=2 2 2 2 2 2 2 2 2 2 2
left_child=2 3 4 5 -1 -2 -6 -5 9 -4 -10
right_child=1 -3 8 7 6 -7 -8 -9 10 -11 -12
leaf_value=-0.0017446059018550175 0.00020653187414094998 0.0016789687934188004 -4.8634050442625258e-05 0.0001487091639699234 -0.00051174775627298716 -3.2058040050203521e-05 -0.0006058530679752983 0.0005063806026168405 1.3259866678028143e-05 -0.00032986850281543082 -0.00014862829256357402
leaf_weight=36 200 63 30 33 166 42 38 78 35 34 145
leaf_count=36 200 63 30 33 166 42 38 78 35 34 145
internal_value=-0.001 0.00925481 -0.00981405 0.00644476 -0.015 0.00392562 -0.0137255 0.0119369 -0.00471311 -0.0078125 -0.00361111
internal_weight=900 416 484 353 240 242 204 111 244 64 180
internal_count=900 416 484 353 240 242 204 111 244 64 180
is_linear=0
shrinkage=0.05


Tree=33
num_leaves=12
num_cat=0
split_feature=1 0 1 0 1 1 0 1 0 0 1
split_gain=31.5159 6.99474 6.10645 1.73574 0.919112 0.867972 0.805927 0.506144 1.50365 0.700147 0.492188
threshold=0.90836272284275821 0.97362213686434873 0.8613589198845325 0.94182747362317987 0.94260681783670452 0.81869943768103592 0.84740643857046938 0.87396539880389434 0.86180108817205392 0.87637494539076777 0.95713500491092918
decision_type=2 2 2 2 2 2 2 2 2 2 2
left_child=2 3 5 4 -2 -1 -7 8 -4 -9 -5
right_child=1 -3 7 10 -6 6 -8 9 -10 -11 -12
leaf_value=-0.001657375606762268 0.00022543973993355561 0.0015950203537478558 -4.7891028857155461e-05 0.00014127370577142752 -3.04551380476914e-05 -0.00046973967681246398 -0.00057556041457653144 7.5286368913657364e-06 -0.00031337507767465746 -8.0865576774480369e-05 0.00048106157248599683
leaf_weight=36 180 63 34 33 42 150 46 64 38 136 78
leaf_count=36 180 63 34 33 42 150 46 64 38 136 78
internal_value=-0.000833333 0.00972222 -0.00912698 0.00683183 0.00427928 -0.0150862 -0.0137755 -0.00404412 -0.00763889 -0.00275 0.0119369
internal_weight=900 396 504 333 222 232 196 272 72 200 111
internal_count=900 396 504 333 222 232 196 272 72 200 111
is_linear=0
shrinkage=0.05


Tree=34
num_leaves=12
num_cat=0
split_feature=1 0 1 1 0 1 0 1 0 1 0
split_gain=28.3794 8.57304 3.86812 1.65366 1.18064 0.921192 0.878512 0.533989 0.500191 0.990996 0.0181818
threshold=0.89083464412355229 0.95484567955787047 0.8613589198845325 0.97895492429997744 0.94182747362317987 0.81869943768103592 0.84740643857046938 0.94234420690288023 0.87743270659634665 0.87896863413372861 0.98532765274466072
decision_type=2 2 2 2 2 2 2 2 2 2 2
left_child=2 4 5 -3 7 -1 -7 -2 9 -4 -5
right_child=1 3 8 10 -6 6 -8 -9 -10 -11 -12
leaf_value=-0.0015745068264241546 0.00011710302408066698 0.00030248592226719275 -0.00015456551796128872 0.0009522647231377968 0.00031479943098683963 -0.00044625269297183802 -0.00054678239384770564 -2.0256925098249836e-05 -0.00025776738111053522 8.3126227901458857e-05 0.0020084292262353312
leaf_weight=36 265 51 106 30 57 150 46 45 43 35 36
leaf_count=36 265 51 106 30 57 150 46 45 43 35 36
internal_value=-0.001 0.0072314 -0.0105769 0.0190171 0.00347411 -0.0148707 -0.0135204 0.00225806 -0.00516304 -0.0037234 0.0242424
internal_weight=900 484 416 117 367 232 196 310 184 141 66
internal_count=900 484 416 117 367 232 196 310 184 141 66
is_linear=0
shrinkage=0.05


Tree=35
num_leaves=12
num_cat=0
split_feature=0 1 1 0 1 0 0 1 1 0 0
split_gain=26.3414 6.32089 5.42408 1.86572 0.793895 1.11504 0.592896 1.32708 0.46878 0.607639 0.582385
threshold=0.9030265722553249 0.9560233580897135 0.8613589198845325 0.97509276615151796 0.81869943768103592 0.84740643857046938 0.94070101326807709 0.93816972944872923 0.88516588153222397 0.89807860926560779 0.86180108817205392
decision_type=2 2 2 2 2 2 2 2 2 2 2
left_child=2 6 4 -3 -1 -6 7 -2 10 -10 -4
right_child=1 3 8 -5 5 -7 -8 -9 9 -11 -12
leaf_value=-0.0014957814851029483 0.00012231433111676294 0.00036861701567300067 -3.7768201516230618e-05 0.0015002017260670631 -0.00042394005832324666 -0.00051944327415531788 -1.924407884333901e-05 0.00052308492148885337 1.838142074181426e-06 -8.1901902533990103e-05 -0.00025333716670035422
leaf_weight=36 145 93 34 57 150 46 37 44 112 32 114
leaf_count=36 145 93 34 57 150 46 37 44 112 32 114
internal_value=-0.00105556 0.00904255 -0.00830153 0.017 -0.0140086 -0.0127551 0.00376106 0.00489418 -0.00376712 -0.00173611 -0.00574324
internal_weight=900 376 524 150 232 196 226 189 292 144 148
internal_count=900 376 524 150 232 196 226 189 292 144 148
is_linear=0
shrinkage=0.05


Tree=36
num_leaves=12
num_cat=0
split_feature=0 1 1 0 1 0 0 1 1 1 0
split_gain=23.7477 6.42554 5.37894 1.85185 0.711354 1.50884 0.611933 1.51753 0.340047 0.310315 0.880208
threshold=0.9030265722553249 0.9560233580897135 0.86075039948216225 0.97634868761871629 0.91626934748455258 0.91556733582700234 0.84740643857046938 0.83921402314451476 0.96341281046341687 0.8933988127171324 0.89807860926560779
decision_type=2 2 2 2 2 2 2 2 2 2 2
left_child=2 4 6 8 -2 -6 7 -1 -3 -4 -11
right_child=1 3 9 -5 5 -7 -8 -9 -10 10 -12
leaf_value=-0.00072645375795091791 -1.7824166138880049e-05 0.0005764476826631671 -0.00011838178699299928 0.0014602414060658209 0.00053669422641112183 0.00011537711258693407 -0.0005116581819506 -0.0002537681308257822 0.00026893077537017975 5.4121661044773119e-05 -7.7806807407290745e-05
leaf_weight=108 48 35 200 54 30 148 42 78 61 64 32
leaf_count=108 48 35 200 54 30 148 42 78 61 64 32
internal_value=-0.000944444 0.00864362 -0.00782443 0.0166667 0.00331858 0.00477528 -0.0135965 -0.0123656 0.0125 -0.00337838 -0.00104167
internal_weight=900 376 524 150 226 178 228 186 96 296 96
internal_count=900 376 524 150 226 178 228 186 96 296 96
is_linear=0
shrinkage=0.05


Tree=37
num_leaves=12
num_cat=0
split_feature=0 1 1 0 1 0 0 1 1 0 0
split_gain=23.2004 6.42554 5.32603 1.85185 0.711354 1.50884 0.662159 1.36789 0.37178 0.719928 0.679067
threshold=0.9030265722553249 0.9560233580897135 0.86075039948216225 0.97634868761871629 0.91626934748455258 0.91556733582700234 0.84740643857046938 0.83921402314451476 0.88516588153222397 0.87285303713674789 0.89807860926560779
decision_type=2 2 2 2 2 2 2 2 2 2 2
left_child=2 4 6 -3 -2 -6 7 -1 9 -4 -10
right_child=1 3 8 -5 5 -7 -8 -9 10 -11 -12
leaf_value=-0.00069013107005337366 -1.6932957831938821e-05 0.00035513542547302435 -0.00010342707753502323 0.00138722933576253 0.00050985951509056611 0.00010960825695758848 -0.00048607527285306765 -0.00024107972428449311 2.4146948732928221e-06 -0.00037724985187440611 -7.3916467036924679e-05
leaf_weight=108 48 96 116 54 30 148 42 78 112 36 32
leaf_count=108 48 96 116 54 30 148 42 78 112 36 32
internal_value=-0.000833333 0.00864362 -0.00763359 0.0166667 0.00331858 0.00477528 -0.0133772 -0.0120968 -0.00320946 -0.00493421 -0.00138889
internal_weight=900 376 524 150 226 178 228 186 296 152 144
internal_count=900 376 524 150 226 178 228 186 296 152 144
is_linear=0
shrinkage=0.05


Tree=38
num_leaves=12
num_cat=0
split_feature=0 1 1 1 0 0 1 0 1 0 0
split_gain=20.9267 6.10139 4.6591 1.16374 1.00539 0.543617 1.0919 0.449309 0.37178 0.719928 0.679067
threshold=0.9030265722553249 0.97895492429997744 0.86075039948216225 0.91626934748455258 0.91556733582700234 0.84740643857046938 0.83921402314451476 0.98445871043263233 0.88516588153222397 0.87285303713674789 0.89807860926560779
decision_type=2 2 2 2 2 2 2 2 2 2 2
left_child=2 3 5 -2 -5 6 -1 -3 9 -4 -10
right_child=1 7 8 4 -6 -7 -8 -9 10 -11 -12
leaf_value=-0.00065562451655070688 -1.6086309940344103e-05 0.0006107064630909931 -9.8255723658269295e-05 0.00048436653933603971 0.00020786824787337734 -0.00046177150921041524 -0.00022902573807027094 0.0014783690212513913 2.2939601296290135e-06 -0.00035838735928068745 -7.0220643685078859e-05
leaf_weight=108 48 31 116 30 228 42 78 39 112 36 32
leaf_count=108 48 31 116 30 228 42 78 39 112 36 32
internal_value=-0.000888889 0.0081117 -0.00734733 0.00506536 0.00639535 -0.0127193 -0.0115591 0.0214286 -0.00320946 -0.00493421 -0.00138889
internal_weight=900 376 524 306 258 228 186 70 296 152 144
internal_count=900 376 524 306 258 228 186 70 296 152 144
is_linear=0
shrinkage=0.05


Tree=39
num_leaves=11
num_cat=0
split_feature=1 0 1 0 1 1 0 0 1 1
split_gain=20.146 5.18182 3.52403 1.46066 0.794142 0.660179 0.703125 0.487687 1.38888 0.401672
threshold=0.90836272284275821 0.97634868761871629 0.86075039948216225 0.94182747362317987 0.94234420690288023 0.81869943768103592 0.84230742954678151 0.89560387291070709 0.89470049935659157 0.95713500491092918
decision_type=2 2 2 2 2 2 2 2 2 2
left_child=2 3 5 4 -2 -1 -7 8 -4 -5
right_child=1 -3 7 9 -6 6 -8 -9 -10 -11
leaf_value=-0.0013173819436200552 0.00017954080916374738 0.0012439494179118272 -0.00010171795042627219 9.8405247440769294e-05 -5.2276935277811855e-05 -0.00034173399496418845 -0.00041498202726613921 -6.5870144019275487e-05 9.0304782106415135e-05 0.0003722046718058758
leaf_weight=36 177 54 208 33 45 120 72 37 31 87
leaf_count=36 177 54 208 33 45 120 72 37 31 87
internal_value=-0.000611111 0.00782828 -0.00724206 0.00555556 0.00315315 -0.0118421 -0.0106771 -0.00344203 -0.00261506 0.01
internal_weight=900 396 504 342 222 228 192 276 239 120
internal_count=900 396 504 342 222 228 192 276 239 120
is_linear=0
shrinkage=0.05


Tree=40
num_leaves=12
num_cat=0
split_feature=0 1 1 1 0 0 0 1 0 0 0
split_gain=18.6041 5.87456 3.68889 0.7947 1.14584 0.793951 1.71495 0.466716 0.676224 0.6125 0.458687
threshold=0.90228184520757504 0.97895492429997744 0.85579321482103088 0.91626934748455258 0.91556733582700234 0.84230742954678151 0.83130684903259244 0.88516588153222397 0.89734208908851432 0.87285303713674789 0.98785874852812416
decision_type=2 2 2 2 2 2 2 2 2 2 2
left_child=2 3 5 -2 -5 6 -1 9 -9 -4 -3
right_child=1 10 7 4 -6 -7 -8 8 -10 -11 -12
leaf_value=-0.00060033061215178938 -1.0813159382760951e-05 0.00055077246564181335 -0.00010640859330828256 0.00045117117191105228 0.00018368119845547093 -0.00043523661602807299 -0.0001146570350704479 2.1925963109126203e-06 -0.0001145600698200272 -0.00033538209379533891 0.0019301873548932093
leaf_weight=100 52 37 144 30 228 44 56 108 32 36 33
leaf_count=100 52 37 144 30 228 44 56 108 32 36 33
internal_value=-0.000777778 0.00763158 -0.00692308 0.00467742 0.00581395 -0.01225 -0.0105769 -0.00359375 -0.00142857 -0.00527778 0.0207143
internal_weight=900 380 520 310 258 200 156 320 140 180 70
internal_count=900 380 520 310 258 200 156 320 140 180 70
is_linear=0
shrinkage=0.05


Tree=41
num_leaves=12
num_cat=0
split_feature=1 0 1 1 0 0 0 0 1 0 1
split_gain=16.9224 6.19643 2.45861 2.25647 0.862284 2.00661 0.476478 0.615385 0.520033 0.359467 0.905827
threshold=0.89083464412355229 0.95484567955787047 0.97895492429997744 0.85579321482103088 0.84230742954678151 0.83130684903259244 0.90228184520757504 0.89734208908851432 0.91626934748455258 0.87743270659634665 0.87896863413372861
decision_type=2 2 2 2 2 2 2 2 2 2 2
left_child=3 6 -3 4 5 -1 7 -2 -8 10 -5
right_child=1 2 -4 9 -6 -7 8 -9 -10 -11 -12
leaf_value=-0.00057031408154419874 9.0031942343388179e-06 0.00019953975942128556 0.00098728607087352773 -0.00011921340583837537 -0.00041347478522666959 -0.00010892418331692744 -1.0272501413621794e-05 -0.00010883206632902599 0.00017450101262119212 -0.00021415917226613181 0.00011804633143744914
leaf_weight=100 72 51 66 138 44 56 52 32 211 43 35
leaf_count=100 72 51 66 138 44 56 52 32 211 43 35
internal_value=-0.000777778 0.00557851 0.0155983 -0.00817308 -0.012 -0.0102564 0.0023842 -0.000480769 0.00351711 -0.00462963 -0.00361272
internal_weight=900 484 117 416 200 156 367 104 263 216 173
internal_count=900 484 117 416 200 156 367 104 263 216 173
is_linear=0
shrinkage=0.05


Tree=42
num_leaves=12
num_cat=0
split_feature=1 0 1 0 1 0 1 0 0 1 0
split_gain=16.676 5.22655 3.23512 0.933438 2.19391 0.862836 0.510069 0.996872 0.780233 0.364278 0.266811
threshold=0.90475659009294185 0.97634868761871629 0.85579321482103088 0.84230742954678151 0.83921402314451476 0.95484567955787047 0.87615650948267709 0.86473635345807376 0.87637494539076777 0.95767348712432454 0.9652663509901146
decision_type=2 2 2 2 2 2 2 2 2 2 2
left_child=2 5 3 4 -1 9 7 -4 -8 -2 -7
right_child=1 -3 6 -5 -6 10 8 -9 -10 -11 -12
leaf_value=-0.00051711228483525555 0.00013131061915429011 0.0010703636479591939 -7.7362595997082506e-05 -0.00039280104596533529 -6.1318573724605813e-05 0.00028557845522102221 6.4985802620604055e-05 -0.0002706498069015184 -0.00010298925422628781 -2.1641100129349278e-05 0.00019923820907310488
leaf_weight=108 263 54 85 44 48 30 53 31 119 32 33
leaf_count=108 263 54 85 44 48 30 53 31 119 32 33
internal_value=-0.000611111 0.00679612 -0.00686475 -0.01175 -0.0099359 0.00460894 -0.00347222 -0.00603448 -0.00174419 0.00347458 0.00992063
internal_weight=900 412 488 200 156 358 288 116 172 295 63
internal_count=900 412 488 200 156 358 288 116 172 295 63
is_linear=0
shrinkage=0.05


Tree=43
num_leaves=11
num_cat=0
split_feature=1 0 1 0 1 0 0 1 0 1
split_gain=15.6761 5.1637 1.72746 1.13946 0.578513 1.36111 0.541119 0.411963 0.283655 0.253968
threshold=0.88516588153222397 0.97634868761871629 0.8353187122409288 0.94326337225815349 0.86075039948216225 0.84230742954678151 0.86520467677427326 0.94234420690288023 0.95091413273566683 0.81869943768103592
decision_type=2 2 2 2 2 2 2 2 2 2
left_child=2 3 9 7 5 -4 -6 -2 -5 -1
right_child=1 -3 4 8 6 -7 -8 -9 -10 -11
leaf_value=-0.0011671249975124865 5.7503041987355678e-05 0.0010168454655612336 -0.00012199462158828389 0.0002968520485471915 -3.9810995584838027e-05 -0.00035585821002558641 -0.00025333888095107059 -6.2635485022144449e-05 0.00018927629861944519 -0.00046274395236176605
leaf_weight=36 301 54 72 33 65 72 87 51 81 48
leaf_count=36 301 54 72 33 65 72 87 51 81 48
internal_value=-0.000833333 0.00480769 -0.00855263 0.00311159 -0.00675676 -0.00902778 -0.00460526 0.00170455 0.00745614 -0.014881
internal_weight=900 520 380 466 296 144 152 352 114 84
internal_count=900 520 380 466 296 144 152 352 114 84
is_linear=0
shrinkage=0.05


Tree=44
num_leaves=12
num_cat=0
split_feature=1 0 1 1 0 1 0 0 0 0 1
split_gain=14.7059 4.82885 1.95442 1.87161 0.933438 2.19391 0.596866 0.53926 0.508466 0.45 0.743579
threshold=0.88516588153222397 0.95484567955787047 0.97951727582330228 0.85579321482103088 0.84230742954678151 0.83921402314451476 0.90228184520757504 0.9110227840110825 0.89734208908851432 0.87285303713674789 0.87333206545137454
decision_type=2 2 2 2 2 2 2 2 2 2 2
left_child=3 6 -3 4 5 -1 8 -8 -2 10 -5
right_child=1 2 -4 9 -6 -7 7 -9 -10 -11 -12
leaf_value=-0.00045123115564300599 4.4490256614126981e-06 0.00015953174373438685 0.00089646805374977718 -0.00010310505468851817 -0.00035536808316579131 -5.215291395896382e-05 0.00016498855221606934 7.778511897844621e-05 -0.00011283114606965572 -0.00030077526809097204 4.1639606189824986e-05
leaf_weight=108 108 54 63 95 44 48 50 213 32 36 49
leaf_count=108 108 54 63 95 44 48 50 213 32 36 49
internal_value=-0.000944444 0.00451923 0.0134615 -0.00842105 -0.01175 -0.0099359 0.00192308 0.003327 -0.000714286 -0.00472222 -0.00347222
internal_weight=900 520 117 380 200 156 403 263 140 180 144
internal_count=900 520 117 380 200 156 403 263 140 180 144
is_linear=0
shrinkage=0.05


Tree=45
num_leaves=11
num_cat=0
split_feature=1 0 1 0 0 0 1 1 0 1
split_gain=13.6113 4.25403 1.75964 0.896418 0.977778 0.574277 1.46775 0.551433 0.270443 0.744064
threshold=0.88516588153222397 0.97834566237204823 0.83921402314451476 0.95484567955787047 0.96655651519705488 0.83939993806341195 0.85497176198653135 0.90691053507578523 0.82617116864644558 0.81869943768103592
decision_type=2 2 2 2 2 2 2 2 2 2
left_child=2 3 8 7 -5 -4 -7 -2 9 -1
right_child=1 -3 5 4 -6 6 -8 -9 -10 -11
leaf_value=-0.0010862071898547099 -3.2837316650768945e-06 0.00095629848635891967 8.7854309218093896e-06 0.00025385913034227939 7.5418075032196441e-05 -0.00033496336245094076 -0.00012766659922302249 0.00010470085818395925 -0.00030244430799222235 -0.00037100508662630264
leaf_weight=36 116 51 36 36 30 48 188 287 37 35
leaf_count=36 116 51 36 36 30 48 188 287 37 35
internal_value=-0.000833333 0.00442308 -0.00802632 0.00293177 0.00833333 -0.00588235 -0.00677966 0.00204715 -0.0134259 -0.0116197
internal_weight=900 520 380 469 66 272 236 403 108 71
internal_count=900 520 380 469 66 272 236 403 108 71
is_linear=0
shrinkage=0.05


Tree=46
num_leaves=11
num_cat=0
split_feature=1 0 1 0 0 1 0 0 1 1
split_gain=12.506 4.22793 1.76184 1.15892 0.866667 0.45226 1.28571 0.642775 0.419358 0.142857
threshold=0.88516588153222397 0.98445871043263233 0.8353187122409288 0.95484567955787047 0.97149068450113985 0.87333206545137454 0.87179580863843764 0.84230742954678151 0.90691053507578523 0.81869943768103592
decision_type=2 2 2 2 2 2 2 2 2 2
left_child=2 3 9 8 -5 7 -7 -4 -2 -1
right_child=1 -3 5 4 -6 6 -8 -9 -10 -11
leaf_value=-0.0010318968303619726 -3.1195450818255479e-06 0.00099938064532344444 -8.7968592472176255e-05 0.00028429721628421832 0.00015762765176794981 7.3158153446978289e-05 -0.00029765021270972971 -0.00021342211026639248 9.9465815274762953e-05 -0.0004002089620960603
leaf_weight=36 116 39 72 48 30 36 48 140 287 48
leaf_count=36 116 39 72 48 30 36 48 140 287 48
internal_value=-0.001 0.00403846 -0.00789474 0.00275468 0.00833333 -0.00608108 -0.00297619 -0.00731132 0.00167494 -0.0142857
internal_weight=900 520 380 481 78 296 84 212 403 84
internal_count=900 520 380 481 78 296 84 212 403 84
is_linear=0
shrinkage=0.05


Tree=47
num_leaves=11
num_cat=0
split_feature=1 0 1 0 1 1 0 0 0 1
split_gain=12.1062 4.33125 1.76184 1.26531 0.467271 0.45226 1.28571 0.642775 0.409302 0.142857
threshold=0.88516588153222397 0.98445871043263233 0.8353187122409288 0.94326337225815349 0.94234420690288023 0.87333206545137454 0.87179580863843764 0.84230742954678151 0.97149068450113985 0.81869943768103592
decision_type=2 2 2 2 2 2 2 2 2 2
left_child=2 3 9 4 -2 7 -7 -4 -5 -1
right_child=1 -3 5 8 -6 6 -8 -9 -10 -11
leaf_value=-0.00098030198884387358 4.0530300266128361e-05 0.00094941161305727166 -8.357016284856745e-05 0.00020648880884954757 -7.3601300392894819e-05 6.9500245774628549e-05 -0.00028276770207424088 -0.00020275100475307118 0.00014974626917955703 -0.00038019851399125895
leaf_weight=36 301 39 72 99 51 36 48 140 30 48
leaf_count=36 301 39 72 99 51 36 48 140 30 48
internal_value=-0.00111111 0.00384615 -0.00789474 0.00254678 0.000994318 -0.00608108 -0.00297619 -0.00731132 0.00678295 -0.0142857
internal_weight=900 520 380 481 352 296 84 212 129 84
internal_count=900 520 380 481 352 296 84 212 129 84
is_linear=0
shrinkage=0.05


Tree=48
num_leaves=11
num_cat=0
split_feature=1 0 1 1 0 0 0 1 0 0
split_gain=11.056 3.43801 2.38827 0.970385 0.955747 0.777778 0.759197 0.935101 0.692596 0.221757
threshold=0.90475659009294185 0.98785874852812416 0.86694976401778712 0.82898408326812578 0.95484567955787047 0.97149068450113985 0.86473635345807376 0.87615650948267709 0.84230742954678151 0.94693573492095018
decision_type=2 2 2 2 2 2 2 2 2 2
left_child=2 4 3 -1 9 -6 -4 -8 -5 -2
right_child=1 -3 6 8 5 -7 7 -9 -10 -11
leaf_value=-0.00057869877412664581 0.0001160263847139409 0.0014898752880043832 8.0813368102361513e-05 -0.00010825829106869967 0.0002597579150275309 0.00014496574386603235 -0.00022777108947573678 -5.8478892702601427e-05 -0.00024069626779977816 -4.5171823962536498e-05
leaf_weight=60 259 33 30 96 48 36 30 168 104 36
leaf_count=60 259 33 30 96 48 36 30 168 104 36
internal_value=-0.00105556 0.00497573 -0.00614754 -0.00942308 0.00362797 0.00833333 -0.00241228 -0.00353535 -0.00775 0.00228814
internal_weight=900 412 488 260 379 84 228 198 200 295
internal_count=900 412 488 260 379 84 228 198 200 295
is_linear=0
shrinkage=0.05


Tree=49
num_leaves=11
num_cat=0
split_feature=1 0 1 0 1 0 1 0 1 1
split_gain=10.2332 4.02402 1.80305 1.23681 0.724339 0.559988 1.31898 0.487619 1.05042 0.437757
threshold=0.88516588153222397 0.98785874852812416 0.83696302634877406 0.94326337225815349 0.97951727582330228 0.83939993806341195 0.85497176198653135 0.82617116864644558 0.81869943768103592 0.94234420690288023
decision_type=2 2 2 2 2 2 2 2 2 2
left_child=2 3 7 9 -5 -4 -7 8 -1 -2
right_child=1 -3 5 4 -6 6 -8 -9 -10 -11
leaf_value=-0.00090235195069534593 4.0343102664414103e-05 0.0014153815236041646 3.2626164728932762e-06 0.00010930496051967943 0.00036709699779997608 -0.00029454586880198755 -8.9212243962324977e-05 -0.00034829870271061163 -0.00029917865367634633 -7.5722554608947951e-05
leaf_weight=36 301 33 44 105 30 48 188 30 34 51
leaf_count=36 301 33 44 105 30 48 188 30 34 51
internal_value=-0.001 0.00355769 -0.00723684 0.00241273 0.00648148 -0.00517857 -0.00614407 -0.013 -0.0107143 0.000852273
internal_weight=900 520 380 487 135 280 236 100 70 352
internal_count=900 520 380 487 135 280 236 100 70 352
is_linear=0
shrinkage=0.05


Tree=50
num_leaves=12
num_cat=0
split_feature=1 0 1 0 1 1 1 0 0 0 1
split_gain=9.34793 2.99581 2.65336 0.885565 0.724339 0.61062 0.588225 1.51881 0.56875 0.487619 1.05042
threshold=0.90475659009294185 0.98785874852812416 0.83696302634877406 0.94326337225815349 0.97951727582330228 0.94234420690288023 0.86075039948216225 0.8447324069669726 0.89084961854006528 0.82617116864644558 0.81869943768103592
decision_type=2 2 2 2 2 2 2 2 2 2 2
left_child=2 3 9 5 -5 -2 7 -4 -8 10 -1
right_child=1 -3 6 4 -6 -7 8 -9 -10 -11 -12
leaf_value=-0.00085723435316057979 0.00012078045510395819 0.001344612447423954 -2.7206262376250348e-05 0.00010383971249369739 0.00034874214790997504 -7.1936426878499438e-05 -2.7769390444651323e-05 -0.00027792926159360133 -0.00012767355652222313 -0.00033088376757508256 -0.00028421972099252902
leaf_weight=36 193 33 71 105 30 51 224 57 36 30 34
leaf_count=36 193 33 71 105 30 51 224 57 36 30 34
internal_value=-0.00105556 0.00449029 -0.0057377 0.00323219 0.00648148 0.00143443 -0.00386598 -0.00664063 -0.0025 -0.013 -0.0107143
internal_weight=900 412 488 379 135 244 388 128 260 100 70
internal_count=900 412 488 379 135 244 388 128 260 100 70
is_linear=0
shrinkage=0.05


Tree=51
num_leaves=10
num_cat=0
split_feature=1 0 1 0 1 1 0 0 1
split_gain=9.26569 3.19317 2.14719 1.02925 0.724339 0.545236 1.24008 0.661324 0.536721
threshold=0.89083464412355229 0.98785874852812416 0.82898408326812578 0.94326337225815349 0.97951727582330228 0.86075039948216225 0.84740643857046938 0.86520467677427326 0.94234420690288023
decision_type=2 2 2 2 2 2 2 2 2
left_child=2 3 -1 8 -5 6 -4 -7 -2
right_child=1 -3 5 4 -6 7 -8 -9 -10
leaf_value=-0.00049118921845719423 5.5969114119741596e-05 0.0012773818250527591 -0.00010956742093904126 9.864772686901114e-05 0.00033130504051447356 6.735575728061827e-06 -0.00029499834119023631 -0.00014344780940492297 -6.8339605534573083e-05
leaf_weight=60 265 33 126 105 30 65 42 123 51
leaf_count=60 265 33 126 105 30 65 42 123 51
internal_value=-0.000777778 0.00392562 -0.00625 0.00282705 0.00648148 -0.00477528 -0.00684524 -0.00292553 0.00126582
internal_weight=900 484 416 451 135 356 168 188 316
internal_count=900 484 416 451 135 356 168 188 316
is_linear=0
shrinkage=0.05


Tree=52
num_leaves=10
num_cat=0
split_feature=1 0 1 0 1 1 0 0 1
split_gain=8.65035 3.23727 2.26679 1.09265 0.724339 0.703256 1.24008 0.760325 0.308052
threshold=0.89083464412355229 0.98785874852812416 0.82898408326812578 0.94326337225815349 0.97951727582330228 0.86075039948216225 0.84740643857046938 0.87285303713674789 0.94234420690288023
decision_type=2 2 2 2 2 2 2 2 2
left_child=2 3 -1 8 -5 6 -4 -7 -2
right_child=1 -3 5 4 -6 7 -8 -9 -10
leaf_value=-0.000466629757534337 5.3170658413753681e-05 0.0012135127338001263 -0.00010408904989208935 9.3715340525563076e-05 0.00031473978848874931 -2.7522385613626412e-06 -0.00028024842413072184 -0.00017393213350095916 -6.4922625257846095e-05
leaf_weight=60 265 33 126 105 30 120 42 68 51
leaf_count=60 265 33 126 105 30 120 42 68 51
internal_value=-0.000722222 0.00382231 -0.00600962 0.00271619 0.00648148 -0.00449438 -0.00684524 -0.00239362 0.00110759
internal_weight=900 484 416 451 135 356 168 188 316
internal_count=900 484 416 451 135 356 168 188 316
is_linear=0
shrinkage=0.05


Tree=53
num_leaves=12
num_cat=0
split_feature=1 0 1 0 0 1 0 0 1 0 0
split_gain=7.8317 3.16292 2.63645 0.602286 0.923626 0.519484 1.72063 0.63092 0.390625 0.957414 0.336488
threshold=0.90440397331816869 0.98785874852812416 0.83696302634877406 0.95484567955787047 0.96770114196832013 0.85974738650435378 0.84740643857046938 0.88832994701862733 0.81869943768103592 0.82617116864644558 0.94693573492095018
decision_type=2 2 2 2 2 2 2 2 2 2 2
left_child=2 3 8 10 -5 6 -4 -7 -1 -10 -2
right_child=1 -3 5 4 -6 7 -8 -9 9 -11 -12
leaf_value=-0.00076648168670298002 8.9949678457845747e-05 0.0011528370971101154 -3.6136964631594547e-05 0.00022077073961409012 8.2322027506454012e-05 -1.6833828588413979e-05 -0.00027674793752690554 -0.00014970397322486008 -0.00022211778614332768 -0.00030365675565477147 -6.3188619784804173e-05
leaf_weight=36 263 33 85 39 45 212 39 48 34 30 36
leaf_count=36 263 33 85 39 45 212 39 48 34 30 36
internal_value=-0.000944444 0.00408654 -0.0052686 0.00280679 0.00654762 -0.00338542 -0.00604839 -0.00211538 -0.0125 -0.0101563 0.00175585
internal_weight=900 416 484 383 84 384 124 260 100 64 299
internal_count=900 416 484 383 84 384 124 260 100 64 299
is_linear=0
shrinkage=0.05


Tree=54
num_leaves=10
num_cat=0
split_feature=1 0 1 0 1 0 0 1 1
split_gain=7.91006 3.37136 2.3278 0.868609 0.673656 1.32181 0.769301 0.541799 0.466838
threshold=0.89083464412355229 0.98785874852812416 0.82898408326812578 0.94326337225815349 0.85974738650435378 0.84740643857046938 0.87285303713674789 0.97951727582330228 0.94234420690288023
decision_type=2 2 2 2 2 2 2 2 2
left_child=2 3 -1 8 5 -4 -6 -5 -2
right_child=1 -3 4 7 6 -7 -8 -9 -10
leaf_value=-0.00042963129565404826 4.6014641570174547e-05 0.0010951952422546096 -9.3892486321095483e-05 7.7991036518576539e-05 -1.7729352038725612e-06 -0.00026291054065056277 -0.00016439383539649244 0.00029256754711329828 -6.6173977917849405e-05
leaf_weight=60 265 33 125 105 124 39 68 30 51
leaf_count=60 265 33 125 105 124 39 68 30 51
internal_value=-0.000833333 0.0035124 -0.00588942 0.00238359 -0.00435393 -0.00670732 -0.00234375 0.00574074 0.000949367
internal_weight=900 484 416 451 356 164 192 135 316
internal_count=900 484 416 451 356 164 192 135 316
is_linear=0
shrinkage=0.05


Tree=55
num_leaves=10
num_cat=0
split_feature=1 0 1 0 0 1 0 0 0
split_gain=7.91006 3.37136 2.3278 0.71594 0.923626 0.673656 1.32181 0.769301 0.282757
threshold=0.89083464412355229 0.98785874852812416 0.82898408326812578 0.95484567955787047 0.96770114196832013 0.85974738650435378 0.84740643857046938 0.87285303713674789 0.94693573492095018
decision_type=2 2 2 2 2 2 2 2 2
left_child=2 3 -1 8 -5 6 -4 -7 -2
right_child=1 -3 5 4 -6 7 -8 -9 -10
leaf_value=-0.00040814973087134333 4.5542496567968499e-05 0.0010404354801418769 -8.9197862005041545e-05 0.00020583265080745261 6.3577548775473067e-05 -1.6842884436790718e-06 -0.00024976501361803627 -0.0001561741436266695 -6.3928740621493904e-05
leaf_weight=60 331 33 125 39 45 124 39 68 36
leaf_count=60 331 33 125 39 45 124 39 68 36
internal_value=-0.000833333 0.0035124 -0.00588942 0.00238359 0.00654762 -0.00435393 -0.00670732 -0.00234375 0.00143052
internal_weight=900 484 416 451 84 356 164 192 367
internal_count=900 484 416 451 84 356 164 192 367
is_linear=0
shrinkage=0.05


Tree=56
num_leaves=11
num_cat=0
split_feature=1 0 1 0 0 0 1 0 1 1
split_gain=7.47487 3.50355 1.92015 0.801485 0.923626 0.554671 0.666847 0.373333 0.825817 0.284914
threshold=0.88516588153222397 0.98785874852812416 0.83696302634877406 0.95484567955787047 0.96770114196832013 0.87285303713674789 0.85974738650435378 0.82617116864644558 0.81869943768103592 0.91626934748455258
decision_type=2 2 2 2 2 2 2 2 2 2
left_child=2 3 7 9 -5 6 -4 8 -1 -2
right_child=1 -3 5 4 -6 -7 -8 -9 -10 -11
leaf_value=-0.00068626855104155784 -3.9199898750869043e-06 0.00098841370613478308 -0.00012295121426315615 0.00019554101826708137 6.0398671336703297e-05 -0.00020458786018539288 -1.3834441305593526e-05 -0.000279319400455727 -0.00016912284550988922 0.00010020910289228469
leaf_weight=36 184 33 124 39 45 36 120 30 34 219
leaf_count=36 184 33 124 39 45 36 120 30 34 219
internal_value=-0.000722222 0.00317308 -0.00605263 0.00210472 0.00654762 -0.00392857 -0.00307377 -0.012 -0.01 0.00117866
internal_weight=900 520 380 487 84 280 244 100 70 403
internal_count=900 520 380 487 84 280 244 100 70 403
is_linear=0
shrinkage=0.05


Tree=57
num_leaves=10
num_cat=0
split_feature=1 0 1 0 1 0 1 1 1
split_gain=6.21287 3.0393 1.44268 0.754578 1.04638 0.558564 0.630861 0.409207 0.052381
threshold=0.88516588153222397 0.98936671016101652 0.8353187122409288 0.94326337225815349 0.98096126717346566 0.87285303713674789 0.85974738650435378 0.94234420690288023 0.82279447593261934
decision_type=2 2 2 2 2 2 2 2 2
left_child=2 3 8 7 -5 6 -4 -2 -1
right_child=1 -3 5 4 -6 -7 -8 -9 -10
leaf_value=-0.00069569965938511566 2.7438547175234752e-05 0.0010703467567518166 -0.00011680365354999612 5.3181967502230476e-05 0.00027174035875202621 -0.00019435846717612282 -1.3142719240311074e-05 -7.015285899497071e-05 -0.0001793334159674337
leaf_weight=44 301 30 140 108 30 36 120 51 40
leaf_count=44 301 30 140 108 30 36 120 51 40
internal_value=-0.000666667 0.00288462 -0.00552632 0.00193878 0.00507246 -0.00388514 -0.00307692 0.000710227 -0.0113095
internal_weight=900 520 380 490 138 296 260 352 84
internal_count=900 520 380 490 138 296 260 352 84
is_linear=0
shrinkage=0.05


Tree=58
num_leaves=10
num_cat=0
split_feature=1 0 1 0 1 0 1 0 1
split_gain=5.64623 1.96195 1.5184 1.15625 1.26126 0.602955 1.14026 0.497059 0.867751
threshold=0.91626934748455258 0.98936671016101652 0.85974738650435378 0.84740643857046938 0.83438114821994736 0.91349823088479321 0.92711331521401907 0.90571143727764258 0.90691053507578523
decision_type=2 2 2 2 2 2 2 2 2
left_child=2 5 3 4 -1 -2 -7 8 -4
right_child=1 -3 7 -5 -6 6 -8 -9 -10
leaf_value=-0.00032570026972899018 0.00022762087038742941 0.0010168294189142224 -2.7229416875013127e-05 -0.00022528901954647074 -3.6130844814891154e-05 -0.00022803327588779567 0.00010498633204243935 -0.0001359095927340681 0.00019132808775141897
leaf_weight=80 30 30 271 39 105 30 246 34 35
leaf_count=80 30 30 271 39 105 30 246 34 35
internal_value=-0.000666667 0.00446429 -0.0037234 -0.00691964 -0.00527027 0.00326797 0.00253623 -0.00161765 -0.000980392
internal_weight=900 336 564 224 185 306 276 340 306
internal_count=900 336 564 224 185 306 276 340 306
is_linear=0
shrinkage=0.05


Tree=59
num_leaves=11
num_cat=0
split_feature=1 0 1 1 0 1 0 1 0 1
split_gain=4.76819 1.76479 1.4511 0.823202 0.643817 1.04527 0.217446 0.361981 0.208333 0.015625
threshold=0.88516588153222397 0.95484567955787047 0.98096126717346566 0.83438114821994736 0.83939993806341195 0.85497176198653135 0.94693573492095018 0.91626934748455258 0.81717970545735408 0.84027453605026214
decision_type=2 2 2 2 2 2 2 2 2 2
left_child=3 6 -3 8 9 -6 7 -2 -1 -5
right_child=1 2 -4 4 5 -7 -8 -9 -10 -11
leaf_value=-0.00048941699072319598 -3.734446896344612e-06 3.1856138740704588e-05 0.00043840442397077297 -5.0015362209804296e-06 -0.00022359845745598407 -7.056160424147862e-05 -7.3651173712274698e-05 0.00010018964861179258 -0.00018856894363873946 5.8971668811208525e-05
leaf_weight=48 184 57 60 32 48 188 36 183 32 32
leaf_count=48 184 57 60 32 48 188 36 183 32 32
internal_value=-0.000611111 0.0025 0.00790598 -0.00486842 -0.00366667 -0.00487288 0.000930521 0.00129428 -0.009375 0.00078125
internal_weight=900 520 117 380 300 236 403 367 80 64
internal_count=900 520 117 380 300 236 403 367 80 64
is_linear=0
shrinkage=0.05


Tree=60
num_leaves=12
num_cat=0
split_feature=1 0 1 1 0 1 0 1 0 0 1
split_gain=4.64455 1.55518 1.24213 0.823202 0.643817 1.04527 0.217446 0.361981 0.208333 0.0166667 0.015625
threshold=0.88516588153222397 0.95484567955787047 0.98096126717346566 0.83438114821994736 0.83939993806341195 0.85497176198653135 0.94693573492095018 0.91626934748455258 0.81717970545735408 0.98936671016101652 0.84027453605026214
decision_type=2 2 2 2 2 2 2 2 2 2 2
left_child=3 6 -3 8 10 -6 7 -2 -1 -4 -5
right_child=1 2 9 4 5 -7 -8 -9 -10 -11 -12
leaf_value=-0.00046494614118703373 -3.5477245515252999e-06 3.0263331803670468e-05 0.00023098380301377343 -4.7514594099323798e-06 -0.00021241853458318363 -6.7033524029405664e-05 -6.9968615026660966e-05 9.5180166181202405e-05 -0.00017914049645680332 0.00094406772676998158 5.6023085370648934e-05
leaf_weight=48 184 57 30 32 48 188 36 183 32 30 32
leaf_count=48 184 57 30 32 48 188 36 183 32 30 32
internal_value=-0.000666667 0.00240385 0.00747863 -0.00486842 -0.00366667 -0.00487288 0.000930521 0.00129428 -0.009375 0.0125 0.00078125
internal_weight=900 520 117 380 300 236 403 367 80 60 64
internal_count=900 520 117 380 300 236 403 367 80 60 64
is_linear=0
shrinkage=0.05


Tree=61
num_leaves=11
num_cat=0
split_feature=1 0 1 1 0 1 0 1 0 1
split_gain=4.35822 1.35881 1.04939 0.652807 0.643817 1.04527 0.217446 0.361981 0.102083 0.015625
threshold=0.88516588153222397 0.95484567955787047 0.98096126717346566 0.83438114821994736 0.83939993806341195 0.85497176198653135 0.94693573492095018 0.91626934748455258 0.81717970545735408 0.84027453605026214
decision_type=2 2 2 2 2 2 2 2 2 2
left_child=3 6 -3 8 9 -6 7 -2 -1 -5
right_child=1 2 -4 4 5 -7 -8 -9 -10 -11
leaf_value=-0.00044169883412767955 -3.3703383239463983e-06 2.8750165213486945e-05 0.00040493501262155456 -4.5138864394361768e-06 -0.00020179760785402347 -6.3681847827937185e-05 -6.6470184275330135e-05 9.042115787214478e-05 -0.00017018347163396121 5.3221931102115376e-05
leaf_weight=48 184 57 60 32 48 188 36 183 32 32
leaf_count=48 184 57 60 32 48 188 36 183 32 32
internal_value=-0.000666667 0.00230769 0.00705128 -0.00473684 -0.00366667 -0.00487288 0.000930521 0.00129428 -0.00875 0.00078125
internal_weight=900 520 117 380 300 236 403 367 80 64
internal_count=900 520 117 380 300 236 403 367 80 64
is_linear=0
shrinkage=0.05


Tree=62
num_leaves=11
num_cat=0
split_feature=1 0 1 0 1 0 1 1 1 0
split_gain=3.66211 1.24361 1.00119 0.753623 0.663377 0.640865 0.579698 0.354993 0.345839 0.0166667
threshold=0.88516588153222397 0.94326337225815349 0.98096126717346566 0.95207413832390297 0.82898408326812578 0.87285303713674789 0.85974738650435378 0.94234420690288023 0.91626934748455258 0.98936671016101652
decision_type=2 2 2 2 2 2 2 2 2 2
left_child=4 7 3 -3 -1 6 -6 8 -2 -4
right_child=1 2 9 -5 5 -7 -8 -9 -10 -11
leaf_value=-0.00026189687374927331 -3.2018214077472743e-06 0.00021195799711095088 0.00019918786223200869 -1.7605403349918449e-05 -9.391025838540735e-05 -0.00017321522416862968 -1.0602636296042078e-06 -8.6184081280604738e-05 0.00015051492488691865 0.00087661758980039917
leaf_weight=60 184 39 30 69 164 36 120 51 117 30
leaf_count=60 184 39 30 69 164 36 120 51 117 30
internal_value=-0.000611111 0.00211538 0.00565476 0.00277778 -0.00434211 -0.0034375 -0.00264085 0.000426136 0.00107973 0.0108333
internal_weight=900 520 168 108 380 320 284 352 301 60
internal_count=900 520 168 108 380 320 284 352 301 60
is_linear=0
shrinkage=0.05


Tree=63
num_leaves=11
num_cat=0
split_feature=1 0 1 0 1 0 1 1 0 0
split_gain=3.55387 1.3121 1.00119 0.753623 0.663377 0.640865 0.579698 0.329331 0.304033 0.0166667
threshold=0.88516588153222397 0.94326337225815349 0.98096126717346566 0.95207413832390297 0.82898408326812578 0.87285303713674789 0.85974738650435378 0.94234420690288023 0.92656705414691609 0.98936671016101652
decision_type=2 2 2 2 2 2 2 2 2 2
left_child=4 7 3 -3 -1 6 -6 8 -2 -4
right_child=1 2 9 -5 5 -7 -8 -9 -10 -11
leaf_value=-0.00024880203006181215 4.0288783092493063e-05 0.00020136009725540418 0.00018922846912040604 -1.6725133182426967e-05 -8.9214745466134626e-05 -0.00016455446296020083 -1.007250448126218e-06 -8.1874877216575606e-05 -6.0985124217083356e-05 0.00083278671031037374
leaf_weight=60 262 39 30 69 164 36 120 51 39 30
leaf_count=60 262 39 30 69 164 36 120 51 39 30
internal_value=-0.000666667 0.00201923 0.00565476 0.00277778 -0.00434211 -0.0034375 -0.00264085 0.000284091 0.000913621 0.0108333
internal_weight=900 520 168 108 380 320 284 352 301 60
internal_count=900 520 168 108 380 320 284 352 301 60
is_linear=0
shrinkage=0.05


Tree=64
num_leaves=10
num_cat=0
split_feature=1 0 1 1 0 1 0 0 1
split_gain=2.88999 0.989439 0.91595 0.712641 0.415249 0.898574 0.551968 0.409871 0.815435
threshold=0.90475659009294185 0.95484567955787047 0.82898408326812578 0.98096126717346566 0.91238993073934971 0.92711331521401907 0.90228184520757504 0.88832994701862733 0.88516588153222397
decision_type=2 2 2 2 2 2 2 2 2
left_child=2 4 -1 -3 6 -6 -2 8 -4
right_child=1 3 7 -5 5 -7 -8 -9 -10
leaf_value=-0.0002363619285587204 -3.9434891843792565e-05 2.902918377942765e-05 -7.3050270639024592e-05 0.00036526744542284554 -0.00024046134612563109 7.486295802583976e-05 0.00011995574093636163 -0.00012497570518534286 0.00010362951102905194
leaf_weight=60 34 57 320 60 44 160 57 52 56
leaf_count=60 34 57 320 60 44 160 57 52 56
internal_value=-0.000777778 0.00230583 -0.00338115 0.00619658 0.000762712 -0.000490196 0.00357143 -0.00257009 -0.00199468
internal_weight=900 412 488 117 295 204 91 428 376
internal_count=900 412 488 117 295 204 91 428 376
is_linear=0
shrinkage=0.05


Tree=65
num_leaves=11
num_cat=0
split_feature=0 1 0 1 1 0 1 0 0 0
split_gain=2.67229 1.12476 1.9705 1.07068 1.00203 0.507735 1.31282 0.454411 0.777108 0.254945
threshold=0.90228184520757504 0.9560233580897135 0.94070101326807709 0.82898408326812578 0.93816972944872923 0.96770114196832013 0.98561046326797663 0.89734208908851432 0.88970647510144418 0.95484567955787047
decision_type=2 2 2 2 2 2 2 2 2 2
left_child=3 2 4 -1 -2 9 -7 8 -5 -3
right_child=1 5 -4 7 -6 6 -8 -9 -10 -11
leaf_value=-0.00022454383213078578 3.5027883045601896e-06 0.00022316632912579293 -8.1524281257039374e-05 -5.8270869993964913e-05 0.00039742237357303647 -6.420778627575508e-05 0.00039275444318686019 -0.00013252814310219795 5.380644670882895e-05 0.00015769117097869936
leaf_weight=60 149 34 37 388 44 30 48 32 40 38
leaf_count=60 149 34 37 388 44 30 48 32 40 38
internal_value=-0.000555556 0.00263158 0.000434783 -0.00288462 0.00246114 0.006 0.00320513 -0.00206522 -0.00163551 0.00902778
internal_weight=900 380 230 520 193 150 78 460 428 72
internal_count=900 380 230 520 193 150 78 460 428 72
is_linear=0
shrinkage=0.05


Tree=66
num_leaves=11
num_cat=0
split_feature=1 1 0 0 1 0 1 0 1 1
split_gain=2.39699 0.748722 0.689654 0.722222 1.11571 0.373059 0.559538 0.292524 0.980345 0.75995
threshold=0.8933988127171324 0.82898408326812578 0.95484567955787047 0.96770114196832013 0.98561046326797663 0.87880613032812549 0.87957313233144629 0.91320643732625484 0.91592088808837058 0.92711331521401907
decision_type=2 2 2 2 2 2 2 2 2 2
left_child=1 -1 7 -4 -5 6 -3 8 -2 -9
right_child=2 5 3 4 -6 -7 -8 9 -10 -11
leaf_value=-0.00021331664052424705 3.2954118145411826e-06 -6.6484213607376222e-05 0.00013392064518222835 -6.0997396961964824e-05 0.00037311672102752214 -0.00013902635825947251 8.5389465464980055e-05 -0.00028296540368913381 0.00017361549684264955 6.4384018790120121e-05
leaf_weight=60 129 286 39 30 48 46 36 36 31 159
leaf_count=60 129 286 39 30 48 46 36 36 31 159
internal_value=-0.000444444 -0.00315421 0.00201271 0.00534188 0.0025641 -0.00230978 -0.00170807 0.000915493 0.0025 -0.000384615
internal_weight=900 428 472 117 78 368 322 355 160 195
internal_count=900 428 472 117 78 368 322 355 160 195
is_linear=0
shrinkage=0.05


Tree=67
num_leaves=11
num_cat=0
split_feature=1 0 0 1 0 1 0 1 1 0
split_gain=2.26159 1.01381 0.728409 0.957786 0.722222 1.11571 0.214301 0.594707 0.214286 0.075
threshold=0.85974738650435378 0.95484567955787047 0.84740643857046938 0.83438114821994736 0.96770114196832013 0.98561046326797663 0.86110059139772821 0.88516588153222397 0.84865886875602936 0.81717970545735408
decision_type=2 2 2 2 2 2 2 2 2 2
left_child=2 6 3 9 -3 -6 -2 -8 -5 -1
right_child=1 4 -4 8 5 -7 7 -9 -10 -11
leaf_value=-0.000360367827170055 1.7959824673302593e-05 0.00012722461292311583 -0.0001779366184261222 -4.3102198107131118e-05 -5.7947527113871858e-05 0.0003544608849761488 -8.9893199848578578e-05 1.3373131473098932e-05 5.6366561104800876e-05 -0.00010994848170541305
leaf_weight=48 40 39 39 75 30 48 119 400 30 32
leaf_count=48 40 39 39 75 30 48 119 400 30 32
internal_value=-0.000333333 0.00110947 -0.0046875 -0.00337838 0.00534188 0.0025641 0.000223614 -4.81696e-05 -0.000238095 -0.0075
internal_weight=900 676 224 185 117 78 559 519 105 80
internal_count=900 676 224 185 117 78 559 519 105 80
is_linear=0
shrinkage=0.05


Tree=68
num_leaves=11
num_cat=0
split_feature=1 0 1 0 0 1 1 0 1 0
split_gain=2.20425 0.728409 0.957786 0.674281 0.615385 0.934615 0.214286 0.203568 0.598576 0.075
threshold=0.85974738650435378 0.84740643857046938 0.83438114821994736 0.95484567955787047 0.96770114196832013 0.98561046326797663 0.84865886875602936 0.86110059139772821 0.87957313233144629 0.81717970545735408
decision_type=2 2 2 2 2 2 2 2 2 2
left_child=1 2 9 7 -5 -6 -4 -2 -9 -1
right_child=3 -3 6 4 5 -7 -8 8 -10 -11
leaf_value=-0.00034234943581155089 1.7061833439635521e-05 -0.00016903978750481554 -4.0947088201775954e-05 0.00012086338227695892 -5.5050150758179096e-05 0.00033673784072734141 5.3548233049563469e-05 -0.00010786077331049194 7.0394283236963062e-06 -0.00010445105762014185
leaf_weight=48 40 39 75 39 30 48 30 87 432 32
leaf_count=48 40 39 75 39 30 48 30 87 432 32
internal_value=-0.000388889 -0.0046875 -0.00337838 0.0010355 0.00448718 0.00192308 -0.000238095 0.000313059 4.81696e-05 -0.0075
internal_weight=900 224 185 676 117 78 105 559 519 80
internal_count=900 224 185 676 117 78 105 559 519 80
is_linear=0
shrinkage=0.05


Tree=69
num_leaves=11
num_cat=0
split_feature=1 0 1 0 1 1 0 1 0 0
split_gain=1.98127 0.781715 0.800016 0.543282 0.583018 0.214286 0.203568 0.598576 0.133333 0.0166667
threshold=0.85974738650435378 0.84740643857046938 0.83438114821994736 0.95484567955787047 0.98096126717346566 0.84865886875602936 0.86110059139772821 0.87957313233144629 0.81717970545735408 0.98936671016101652
decision_type=2 2 2 2 2 2 2 2 2 2
left_child=1 2 8 6 -5 -4 -2 -8 -1 -6
right_child=3 -3 5 4 9 -7 7 -9 -10 -11
leaf_value=-0.00032523196402097225 1.6208741767653744e-05 -0.00016058779812957449 -3.8899733791686324e-05 5.9273402240878077e-07 0.00011192992649131651 5.0870821397083765e-05 -0.00010246773464496761 6.6874569075114914e-06 -9.9228504739135029e-05 0.00070003050802782687
leaf_weight=48 40 39 75 57 30 30 87 432 32 30
leaf_count=48 40 39 75 57 30 30 87 432 32 30
internal_value=-0.000388889 -0.00446429 -0.00310811 0.000961538 0.00405983 -0.000238095 0.000313059 4.81696e-05 -0.006875 0.0075
internal_weight=900 224 185 676 117 105 559 519 80 60
internal_count=900 224 185 676 117 105 559 519 80 60
is_linear=0
shrinkage=0.05


Tree=70
num_leaves=11
num_cat=0
split_feature=1 0 1 0 1 0 1 0 0 0
split_gain=1.77018 0.836903 0.66728 0.56953 0.583018 0.33713 0.255208 0.138649 0.239484 0.0166667
threshold=0.85974738650435378 0.84740643857046938 0.83657985644226829 0.95484567955787047 0.98096126717346566 0.83939993806341195 0.81651322635788437 0.94693573492095018 0.90228184520757504 0.98936671016101652
decision_type=2 2 2 2 2 2 2 2 2 2
left_child=1 2 6 7 -5 -4 -1 8 -2 -6
right_child=3 -3 5 4 9 -7 -8 -9 -10 -11
leaf_value=-0.00058689192324637429 -1.3160220673125168e-05 -0.00015255840822309686 3.6851241635141309e-05 5.6309732129333765e-07 0.00010633343016674957 -8.3476660113007697e-05 -6.9880191493343347e-05 -8.4479764880143748e-05 4.4853262784966265e-05 0.00066502898262643662
leaf_weight=32 296 39 48 57 30 41 64 36 227 30
leaf_count=32 296 39 48 57 30 41 64 36 227 30
internal_value=-0.000388889 -0.00424107 -0.00283784 0.000887574 0.00405983 0.000280899 -0.00572917 0.000223614 0.00043021 0.0075
internal_weight=900 224 185 676 117 89 96 559 523 60
internal_count=900 224 185 676 117 89 96 559 523 60
is_linear=0
shrinkage=0.05


Tree=71
num_leaves=10
num_cat=0
split_feature=1 0 1 1 0 1 1 0 1
split_gain=1.57098 0.893973 0.717228 0.463955 1.66793 1.30553 0.795085 0.336111 0.299203
threshold=0.85974738650435378 0.84740643857046938 0.81651322635788437 0.9560233580897135 0.94070101326807709 0.93816972944872923 0.96341281046341687 0.96405009855272261 0.84865886875602936
decision_type=2 2 2 2 2 2 2 2 2
left_child=1 2 -1 4 5 -2 -5 -8 -4
right_child=3 -3 8 6 -6 -7 7 -9 -10
leaf_value=-0.00055754732708405703 4.0691502388168215e-07 -0.00014493048781193951 -6.2060396978641527e-05 0.00027626388410219305 -9.0166539160729819e-05 0.00037073438998042052 -0.00011621769632207124 3.1222155090704365e-05 4.9492915789176033e-05
leaf_weight=32 439 39 123 36 37 44 30 90 30
leaf_count=32 439 39 123 36 37 44 30 90 30
internal_value=-0.000388889 -0.00401786 -0.00256757 0.000813609 9.61538e-05 0.000879917 0.00320513 0.00125 -0.00114379
internal_weight=900 224 185 676 520 483 156 120 153
internal_count=900 224 185 676 520 483 156 120 153
is_linear=0
shrinkage=0.05


Tree=72
num_leaves=10
num_cat=0
split_feature=1 0 1 1 0 1 1 1 1
split_gain=1.38366 0.639967 0.717228 0.373225 1.66793 1.30553 0.875214 0.382694 0.299203
threshold=0.85974738650435378 0.84740643857046938 0.81651322635788437 0.9560233580897135 0.94070101326807709 0.93816972944872923 0.96341281046341687 0.98096126717346566 0.84865886875602936
decision_type=2 2 2 2 2 2 2 2 2
left_child=1 2 -1 4 5 -2 -5 -8 -4
right_child=3 -3 8 6 -6 -7 7 -9 -10
leaf_value=-0.0005296699607298561 3.8656927268676537e-07 -0.00013768396342134226 -5.8957377129709167e-05 0.00026245068989708408 -8.5658212202693878e-05 0.00035219767048139675 -6.1240876581325491e-06 7.2631440549952858e-05 4.7018269999718482e-05
leaf_weight=32 439 39 123 36 37 44 51 69 30
leaf_count=32 439 39 123 36 37 44 51 69 30
internal_value=-0.000388889 -0.00379464 -0.00256757 0.000739645 9.61538e-05 0.000879917 0.00288462 0.000833333 -0.00114379
internal_weight=900 224 185 676 520 483 156 120 153
internal_count=900 224 185 676 520 483 156 120 153
is_linear=0
shrinkage=0.05


Tree=73
num_leaves=10
num_cat=0
split_feature=1 0 1 1 0 1 1 1 1
split_gain=1.16642 0.689991 0.501901 0.315582 1.63673 0.997746 0.623077 0.382694 0.239629
threshold=0.85974738650435378 0.84740643857046938 0.82743627482112714 0.9560233580897135 0.94070101326807709 0.93816972944872923 0.96341281046341687 0.98096126717346566 0.84865886875602936
decision_type=2 2 2 2 2 2 2 2 2
left_child=1 2 -1 4 5 -2 -5 -8 -4
right_child=3 -3 8 6 -6 -7 7 -9 -10
leaf_value=-0.00013039339103780302 3.6724080905159444e-07 -0.00013079976525027793 -5.7270117011964942e-05 0.00024932815540223144 -8.1375301592556687e-05 0.00033458778695732441 -5.817883275227587e-06 6.8999868522456883e-05 4.4667356499730748e-05
leaf_weight=56 439 39 99 36 37 44 51 69 30
leaf_count=56 439 39 99 36 37 44 51 69 30
internal_value=-0.000444444 -0.00357143 -0.0022973 0.000591716 0 0.000776398 0.0025641 0.000833333 -0.000581395
internal_weight=900 224 185 676 520 483 156 120 129
internal_count=900 224 185 676 520 483 156 120 129
is_linear=0
shrinkage=0.05


Tree=74
num_leaves=11
num_cat=0
split_feature=1 0 1 0 1 0 1 0 1 0
split_gain=1.20824 0.689991 0.501901 0.36232 0.593783 1.05986 0.44137 0.377339 0.239629 0.0666667
threshold=0.85974738650435378 0.84740643857046938 0.82743627482112714 0.94326337225815349 0.98096126717346566 0.95207413832390297 0.94234420690288023 0.86110059139772821 0.84865886875602936 0.98936671016101652
decision_type=2 2 2 2 2 2 2 2 2 2
left_child=1 2 -1 6 5 -5 7 -2 -4 -6
right_child=3 -3 8 4 9 -7 -8 -9 -10 -11
leaf_value=-0.00012387372148591204 2.8934319813295195e-05 -0.0001242597769877618 -5.4406611161367249e-05 0.00017933842964414917 9.2374085450264154e-05 -2.4608946493881459e-05 -8.7905707052043927e-05 2.2568216177631942e-06 4.243398867474213e-05 0.0006231348602869669
leaf_weight=56 38 39 99 39 30 69 51 419 30 30
leaf_count=56 38 39 99 39 30 69 51 419 30 30
internal_value=-0.000388889 -0.00357143 -0.0022973 0.00066568 0.00267857 0.000462963 0 0.000492341 -0.000581395 0.00666667
internal_weight=900 224 185 676 168 108 508 457 129 60
internal_count=900 224 185 676 168 108 508 457 129 60
is_linear=0
shrinkage=0.05


Tree=75
num_leaves=12
num_cat=0
split_feature=1 0 1 0 0 1 0 1 0 0 0
split_gain=1.04108 0.537674 0.578766 0.741897 0.313978 0.590283 0.281734 0.269372 0.393887 0.297523 0.0666667
threshold=0.87957313233144629 0.86992424996627349 0.85974738650435378 0.84740643857046938 0.95484567955787047 0.98096126717346566 0.86110059139772821 0.94234420690288023 0.87743270659634665 0.94182747362317987 0.98936671016101652
decision_type=2 2 2 2 2 2 2 2 2 2 2
left_child=1 2 3 -1 7 -6 -4 8 -2 -9 -7
right_child=4 -3 6 -5 5 10 -8 9 -10 -11 -12
leaf_value=-5.4520264831608994e-05 0.00025793780923934195 -0.00016221929951551473 3.2585633390319611e-05 -0.00011804678813837622 -2.3858318977665327e-06 8.7755381177756503e-05 -2.3570227879554653e-05 -0.00015953912634268931 2.7544836817938736e-06 2.8810476820390064e-05 0.000591978117272618
leaf_weight=185 32 31 37 39 57 30 56 45 301 57 30
leaf_count=185 32 31 37 39 57 30 56 45 301 57 30
internal_value=-0.000444444 -0.00258621 -0.00197161 -0.00334821 0.000905797 0.00320513 0.00134409 0.000287356 0.000975976 -0.00196078 0.00666667
internal_weight=900 348 317 224 552 117 93 435 333 102 60
internal_count=900 348 317 224 552 117 93 435 333 102 60
is_linear=0
shrinkage=0.05


Tree=76
num_leaves=12
num_cat=0
split_feature=1 0 1 0 0 0 1 1 0 0 0
split_gain=1.05231 0.541279 0.546519 0.741897 0.375003 0.30397 0.590283 0.28172 0.338849 0.297523 0.0666667
threshold=0.88516588153222397 0.87285303713674789 0.85974738650435378 0.84740643857046938 0.86646919878041195 0.95484567955787047 0.98096126717346566 0.94234420690288023 0.91238993073934971 0.94182747362317987 0.98936671016101652
decision_type=2 2 2 2 2 2 2 2 2 2 2
left_child=1 2 3 -1 -4 7 -7 8 -2 -9 -8
right_child=5 -3 4 -5 -6 6 10 9 -10 -11 -12
leaf_value=-5.1794251590026047e-05 3.7638972825893017e-05 -0.00013579868602849043 3.0956351720801138e-05 -0.00011214444873145491 -0.00010115606526481247 -2.2665403028754307e-06 8.3367612118867573e-05 -0.00015156217002555429 -3.5773249713133558e-05 2.7369952979372503e-05 0.0005623792114089921
leaf_weight=185 192 36 77 39 43 57 30 45 109 57 30
leaf_count=185 192 36 77 39 43 57 30 45 109 57 30
internal_value=-0.0005 -0.0025 -0.00188953 -0.00334821 0.000833333 0.000961538 0.00320513 0.000310174 0.00107973 -0.00196078 0.00666667
internal_weight=900 380 344 224 120 520 117 403 301 102 60
internal_count=900 380 344 224 120 520 117 403 301 102 60
is_linear=0
shrinkage=0.05


Tree=77
num_leaves=11
num_cat=0
split_feature=1 0 0 0 1 1 0 0 0 0
split_gain=1.05231 0.541279 0.495099 0.30397 0.590283 0.28172 0.338849 0.297523 0.277015 0.0666667
threshold=0.88516588153222397 0.87285303713674789 0.80904661923610954 0.95484567955787047 0.98096126717346566 0.94234420690288023 0.91238993073934971 0.94182747362317987 0.82451132860438447 0.98936671016101652
decision_type=2 2 2 2 2 2 2 2 2 2
left_child=1 2 -1 5 -5 6 -2 -7 -4 -6
right_child=3 -3 8 4 9 7 -8 -9 -10 -11
leaf_value=-0.00048515738124608744 3.5757024184596142e-05 -0.00012900875172706383 2.8688579684760243e-05 -2.1532132877366552e-06 7.919923151292752e-05 -0.00014398406152427712 -3.3984587227475771e-05 2.6001455330404434e-05 -3.198219991281948e-05 0.00053426025083854747
leaf_weight=32 192 36 32 57 30 45 109 57 280 30
leaf_count=32 192 36 32 57 30 45 109 57 280 30
internal_value=-0.0005 -0.0025 -0.00188953 0.000961538 0.00320513 0.000310174 0.00107973 -0.00196078 -0.00128205 0.00666667
internal_weight=900 380 344 520 117 403 301 102 312 60
internal_count=900 380 344 520 117 403 301 102 312 60
is_linear=0
shrinkage=0.05


Tree=78
num_leaves=9
num_cat=0
split_feature=1 0 1 0 0 1 0 1
split_gain=1.01196 0.714695 0.658626 0.434517 0.259729 1.10583 0.551968 0.279892
threshold=0.90475659009294185 0.88832994701862733 0.88516588153222397 0.80904661923610954 0.91238993073934971 0.92711331521401907 0.90228184520757504 0.9560233580897135
decision_type=2 2 2 2 2 2 2 2
left_child=1 2 3 -1 6 -6 -2 -7
right_child=4 -3 -4 -5 5 7 -8 -9
leaf_value=-0.00046089951218378222 -3.5676901859571508e-05 -0.0001215990392793187 9.1647526985874642e-05 -3.2761008370854608e-05 -0.00021488352169781179 -3.979318900534934e-06 0.00010604197853834041 7.9698766418112577e-05
leaf_weight=32 34 52 56 348 44 128 57 149
leaf_count=32 34 52 56 348 44 128 57 149
internal_value=-0.000611111 -0.00215164 -0.00149083 -0.00223684 0.00121359 0.000545171 0.00357143 0.0017148
internal_weight=900 488 436 380 412 321 91 277
internal_count=900 488 436 380 412 321 91 277
is_linear=0
shrinkage=0.05


Tree=79
num_leaves=8
num_cat=0
split_feature=1 0 0 1 0 1 0
split_gain=0.832654 0.469653 0.521829 0.405105 0.235884 0.808638 0.605221
threshold=0.8933988127171324 0.80904661923610954 0.87880613032812549 0.87957313233144629 0.89560387291070709 0.90765469367065155 0.91238993073934971
decision_type=2 2 2 2 2 2 2
left_child=1 -1 3 -3 -2 -6 -7
right_child=4 2 -4 -5 5 6 -8
leaf_value=-0.00043785453657459454 5.2355914574278577e-05 -3.1122957952309238e-05 -0.00012092026372216569 6.5482641531150462e-05 -9.1393260223482381e-05 0.00010170749854898909 4.348797750997058e-06
leaf_weight=32 44 314 46 36 33 74 321
leaf_count=32 44 314 46 36 33 74 321
internal_value=-0.000388889 -0.00198598 -0.00151515 -0.000857143 0.00105932 0.000700935 0.00132911
internal_weight=900 428 396 350 472 428 395
internal_count=900 428 396 350 472 428 395
is_linear=0
shrinkage=0.05


Tree=80
num_leaves=9
num_cat=0
split_feature=1 0 1 0 1 0 0 0
split_gain=0.686429 0.742059 0.421123 0.296598 0.742203 0.502737 0.367908 0.167553
threshold=0.85579321482103088 0.8447324069669726 0.82279447593261934 0.85772792665012176 0.87957313233144629 0.86992424996627349 0.87743270659634665 0.82689914277082355
decision_type=2 2 2 2 2 2 2 2
left_child=1 2 -1 -2 5 -5 -6 -4
right_child=3 -3 7 4 6 -7 -8 -9
leaf_value=-0.00036405110674624097 8.817628716600856e-06 -0.00010306948283354546 3.3970496743493393e-05 -1.9343127148271913e-05 0.00025335347969269453 -0.00013318389904730667 6.2364279284965466e-06 -4.3173801610735257e-05
leaf_weight=44 44 30 32 76 32 31 517 94
leaf_count=44 44 30 32 76 32 31 517 94
internal_value=-0.000166667 -0.00275 -0.00147059 0.000571429 0.000304878 -0.00350467 0.00104736 0
internal_weight=900 200 170 700 656 107 549 126
internal_count=900 200 170 700 656 107 549 126
is_linear=0
shrinkage=0.05


Tree=81
num_leaves=8
num_cat=0
split_feature=1 0 1 1 0 1 1
split_gain=0.627045 0.697705 0.439073 0.209423 0.207692 0.598312 0.330762
threshold=0.88516588153222397 0.87285303713674789 0.82279447593261934 0.85579321482103088 0.98936671016101652 0.97644440305471136 0.9560233580897135
decision_type=2 2 2 2 2 2 2
left_child=1 2 -1 -4 5 6 -2
right_child=4 -3 3 -5 -6 -7 -8
leaf_value=-0.00034584855140893105 3.5839215375838007e-06 -0.0001117005637580909 -3.8668869360536376e-05 5.9040456284020777e-06 0.00050303303869174702 -6.7612755687918033e-05 0.00011563653189852197
leaf_weight=44 364 36 156 144 30 51 75
leaf_count=44 364 36 156 144 30 51 75
internal_value=-0.000166667 -0.00171053 -0.00101744 -0.000333333 0.000961538 0.000714286 0.00130979
internal_weight=900 380 344 300 520 490 439
internal_count=900 380 344 300 520 490 439
is_linear=0
shrinkage=0.05


Tree=82
num_leaves=9
num_cat=0
split_feature=1 0 1 0 0 0 1 1
split_gain=0.610529 0.725704 0.243127 0.903529 0.526804 0.19792 0.410837 0.330762
threshold=0.88516588153222397 0.87285303713674789 0.85579321482103088 0.8447324069669726 0.85772792665012176 0.98936671016101652 0.97644440305471136 0.9560233580897135
decision_type=2 2 2 2 2 2 2 2
left_child=1 2 3 -1 -4 6 7 -2
right_child=5 -3 4 -5 -6 -7 -8 -9
leaf_value=-3.9081668062168622e-05 3.4047254607066925e-06 -0.0001061155355701865 1.8382337738076517e-05 -9.5982565223839972e-05 -2.4772020797969588e-05 0.00047788138675716187 -6.4232117903517683e-05 0.00010985470530359143
leaf_weight=170 364 36 41 30 103 30 51 75
leaf_count=170 364 36 41 30 103 30 51 75
internal_value=-5.55556e-05 -0.00157895 -0.000872093 -0.002 0.000694444 0.00105769 0.000816327 0.00130979
internal_weight=900 380 344 200 144 520 490 439
internal_count=900 380 344 200 144 520 490 439
is_linear=0
shrinkage=0.05


Tree=83
num_leaves=8
num_cat=0
split_feature=0 0 1 1 0 0 0
split_gain=0.469746 0.710064 0.655024 0.435144 0.39546 0.529574 0.186985
threshold=0.90228184520757504 0.9110227840110825 0.92494770653150982 0.98096126717346566 0.89734208908851432 0.88970647510144418 0.80904661923610954
decision_type=2 2 2 2 2 2 2
left_child=4 -2 -3 -4 5 6 -1
right_child=1 2 3 -5 -6 -7 -8
leaf_value=-0.00037851274343499446 9.1725463732372781e-05 -0.00015863270741717784 1.7971791617191202e-05 0.00010102947268511021 -0.0001229015899168573 4.9076865099226266e-05 -2.388374512778402e-05
leaf_weight=32 50 45 222 63 32 40 416
leaf_count=32 50 45 222 63 32 40 416
internal_value=0.000111111 0.00144737 0.000606061 0.00149123 -0.000865385 -0.000512295 -0.00100446
internal_weight=900 380 330 285 520 488 448
internal_count=900 380 330 285 520 488 448
is_linear=0
shrinkage=0.05


Tree=84
num_leaves=8
num_cat=0
split_feature=0 0 1 0 0 1 0
split_gain=0.455466 0.744115 0.620096 0.386219 0.381463 0.240302 0.341963
threshold=0.90228184520757504 0.9110227840110825 0.92494770653150982 0.92656705414691609 0.89734208908851432 0.89621359279692958 0.87880613032812549
decision_type=2 2 2 2 2 2 2
left_child=4 -2 -3 -4 5 6 -1
right_child=1 2 3 -5 -6 -7 -8
leaf_value=-1.299555612554737e-05 8.713919054575415e-05 -0.00015070107204631644 0.0003758117563638197 7.6970334461912149e-06 -0.00011675651042101221 8.8245262860225942e-05 -8.4791431198438794e-05
leaf_weight=384 50 45 37 248 32 41 63
leaf_count=384 50 45 37 248 32 41 63
internal_value=0 0.00131579 0.000454545 0.00131579 -0.000961538 -0.000614754 -0.000950783
internal_weight=900 380 330 285 520 488 447
internal_count=900 380 330 285 520 488 447
is_linear=0
shrinkage=0.05


Tree=85
num_leaves=8
num_cat=0
split_feature=1 0 1 0 1 0 1
split_gain=0.384688 0.98834 0.681458 0.621866 0.694342 0.541749 0.313186
threshold=0.91626934748455258 0.91349823088479321 0.92711331521401907 0.90571143727764258 0.90691053507578523 0.89463833902529866 0.98096126717346566
decision_type=2 2 2 2 2 2 2
left_child=3 -2 -3 4 5 -1 -4
right_child=1 2 6 -5 -6 -7 -8
leaf_value=-1.2345778319269863e-05 0.00016219332671533473 -0.00019283794636877906 1.0638487106195971e-05 -0.00016434155840563405 0.00014653423805557897 -0.00010682846729196394 9.559314737854763e-05
leaf_weight=464 30 30 213 34 35 31 63
leaf_count=464 30 30 213 34 35 31 63
internal_value=0 0.00133929 0.000490196 -0.000797872 -0.000377358 -0.000858586 0.00126812
internal_weight=900 336 306 564 530 495 276
internal_count=900 336 306 564 530 495 276
is_linear=0
shrinkage=0.05


Tree=86
num_leaves=8
num_cat=0
split_feature=1 1 0 1 0 0 1
split_gain=0.332982 1.44613 0.621866 0.433448 0.316008 0.311225 0.633089
threshold=0.91626934748455258 0.92224364114284429 0.90571143727764258 0.90691053507578523 0.89463833902529866 0.98936671016101652 0.97644440305471136
decision_type=2 2 2 2 2 2 2
left_child=2 -2 3 4 -1 6 -3
right_child=1 5 -4 -5 -6 -7 -8
leaf_value=-1.1728489403303733e-05 0.00020247527434017477 2.2206289266546443e-05 -0.00015612448048535343 0.00013920752615280142 -0.00010148704392736741 0.0004437713347438144 -6.2835877616806976e-05
leaf_weight=464 30 225 34 35 31 30 51
leaf_count=464 30 225 34 35 31 30 51
internal_value=-5.55556e-05 0.00119048 -0.000797872 -0.000377358 -0.000757576 0.000163399 -0.000362319
internal_weight=900 336 564 530 495 306 276
internal_count=900 336 564 530 495 306 276
is_linear=0
shrinkage=0.05


Tree=87
num_leaves=6
num_cat=0
split_feature=0 1 1 0 0
split_gain=0.331379 0.358427 0.466446 1.45476 0.603077
threshold=0.98936671016101652 0.97644440305471136 0.9560233580897135 0.94070101326807709 0.9561459509978143
decision_type=2 2 2 2 2
left_child=1 2 3 -1 -4
right_child=-2 -3 4 -5 -6
leaf_value=7.0336303751306064e-07 0.00042158276800662313 -5.9694083735961634e-05 0.00028850842568026728 -7.643026571726442e-05 -4.9962016427151926e-06
leaf_weight=707 30 51 36 37 39
leaf_count=707 30 51 36 37 39
internal_value=-0.000166667 -0.000344828 -9.15751e-05 -0.00047043 0.00366667
internal_weight=900 870 819 744 75
internal_count=900 870 819 744 75
is_linear=0
shrinkage=0.05


Tree=88
num_leaves=5
num_cat=0
split_feature=0 0 0 1
split_gain=0.324291 0.257288 0.307494 0.663427
threshold=0.98936671016101652 0.80904661923610954 0.82451132860438447 0.83696302634877406
decision_type=2 2 2 2
left_child=1 -1 -3 -4
right_child=-2 2 3 -5
leaf_value=-0.00035776878322270615 0.00040050362960629697 4.8236761613057455e-05 -0.00015288016351860113 1.8887237459574991e-07
leaf_weight=32 30 32 36 770
leaf_count=32 30 32 36 770
internal_value=-0.000111111 -0.000287356 -0.000119332 -0.000310174
internal_weight=900 870 838 806
internal_count=900 870 838 806
is_linear=0
shrinkage=0.05


Tree=89
num_leaves=5
num_cat=0
split_feature=0 0 0 1
split_gain=0.324291 0.257288 0.307494 0.663427
threshold=0.98936671016101652 0.80904661923610954 0.82451132860438447 0.83696302634877406
decision_type=2 2 2 2
left_child=1 -1 -3 -4
right_child=-2 2 3 -5
leaf_value=-0.00033988034406157164 0.00038047844812598712 4.5824923532405973e-05 -0.00014523615534267343 1.7942875586429709e-07
leaf_weight=32 30 32 36 770
leaf_count=32 30 32 36 770
internal_value=-0.000111111 -0.000287356 -0.000119332 -0.000310174
internal_weight=900 870 838 806
internal_count=900 870 838 806
is_linear=0
shrinkage=0.05


Tree=90
num_leaves=5
num_cat=0
split_feature=0 0 0 1
split_gain=0.324291 0.257288 0.307494 0.663427
threshold=0.98936671016101652 0.80904661923610954 0.82451132860438447 0.83696302634877406
decision_type=2 2 2 2
left_child=1 -1 -3 -4
right_child=-2 2 3 -5
leaf_value=-0.00032288632685849587 0.0003614545257196844 4.3533677355783731e-05 -0.00013797434757553963 1.7045731807163735e-07
leaf_weight=32 30 32 36 770
leaf_count=32 30 32 36 770
internal_value=-0.000111111 -0.000287356 -0.000119332 -0.000310174
internal_weight=900 870 838 806
internal_count=900 870 838 806
is_linear=0
shrinkage=0.05


Tree=91
num_leaves=5
num_cat=0
split_feature=0 0 1 0
split_gain=0.27125 0.292016 0.688679 0.575087
threshold=0.80904661923610954 0.82451132860438447 0.83696302634877406 0.83939993806341195
decision_type=2 2 2 2
left_child=-1 -2 -3 -4
right_child=1 2 3 -5
leaf_value=-0.0003067420105155705 4.1356993487995378e-05 -0.00013107563019676139 7.8741979275698262e-05 -1.9256647277587913e-06
leaf_weight=32 32 36 44 756
leaf_count=32 32 36 44 756
internal_value=-0.000166667 0 -0.000179426 0.000125
internal_weight=900 868 836 800
internal_count=900 868 836 800
is_linear=0
shrinkage=0.05


Tree=92
num_leaves=5
num_cat=0
split_feature=0 0 1 0
split_gain=0.27125 0.292016 0.688679 0.575087
threshold=0.80904661923610954 0.82451132860438447 0.83696302634877406 0.83939993806341195
decision_type=2 2 2 2
left_child=-1 -2 -3 -4
right_child=1 2 3 -5
leaf_value=-0.00029140490998978973 3.9289143813597827e-05 -0.00012452184868692317 7.48048803119128e-05 -1.829381491369464e-06
leaf_weight=32 32 36 44 756
leaf_count=32 32 36 44 756
internal_value=-0.000166667 0 -0.000179426 0.000125
internal_weight=900 868 836 800
internal_count=900 868 836 800
is_linear=0
shrinkage=0.05


Tree=93
num_leaves=5
num_cat=0
split_feature=0 0 1 0
split_gain=0.277958 0.284883 0.44466 0.575087
threshold=0.80904661923610954 0.82451132860438447 0.83696302634877406 0.83939993806341195
decision_type=2 2 2 2
left_child=-1 -2 -3 -4
right_child=1 2 3 -5
leaf_value=-0.0002768346644902997 3.7324686622919326e-05 -0.00011829575625257606 7.1064636296319653e-05 -1.7379124167993256e-06
leaf_weight=32 32 36 44 756
leaf_count=32 32 36 44 756
internal_value=-0.000111111 5.76037e-05 -0.000119617 0.000125
internal_weight=900 868 836 800
internal_count=900 868 836 800
is_linear=0
shrinkage=0.05


Tree=94
num_leaves=5
num_cat=0
split_feature=0 0 1 0
split_gain=0.27125 0.292016 0.434929 0.374291
threshold=0.80904661923610954 0.82451132860438447 0.83696302634877406 0.83939993806341195
decision_type=2 2 2 2
left_child=-1 -2 -3 -4
right_child=1 2 3 -5
leaf_value=-0.00026299293126578197 3.5458452291775577e-05 -0.00011238096843994849 6.751140448150173e-05 -1.6510167959615797e-06
leaf_weight=32 32 36 44 756
leaf_count=32 32 36 44 756
internal_value=-0.000166667 0 -0.000179426 6.25e-05
internal_weight=900 868 836 800
internal_count=900 868 836 800
is_linear=0
shrinkage=0.05


Tree=95
num_leaves=8
num_cat=0
split_feature=1 0 1 0 1 0 0
split_gain=0.313138 0.700572 0.650696 0.605159 0.44879 0.303081 0.206151
threshold=0.91626934748455258 0.91349823088479321 0.92711331521401907 0.90571143727764258 0.90691053507578523 0.89463833902529866 0.92720674537087844
decision_type=2 2 2 2 2 2 2
left_child=3 -2 -3 4 5 -1 -4
right_child=1 2 6 -5 -6 -7 -8
leaf_value=-7.041378062280779e-06 0.00014876171398669759 -0.00018523139934806254 0.00038198496834865314 -0.00014802316376378856 0.00013254224254245496 -9.6117599033707093e-05 7.6196486041624215e-06
leaf_weight=464 30 30 30 34 35 31 246
leaf_count=464 30 30 30 34 35 31 246
internal_value=-0.000166667 0.00104167 0.000326797 -0.000886525 -0.000471698 -0.000858586 0.00108696
internal_weight=900 336 306 564 530 495 276
internal_count=900 336 306 564 530 495 276
is_linear=0
shrinkage=0.05


Tree=96
num_leaves=9
num_cat=0
split_feature=1 0 1 0 0 1 1 1
split_gain=0.287976 0.801408 0.548801 0.388072 0.220604 0.157045 0.308555 0.223925
threshold=0.87957313233144629 0.86646919878041195 0.86075039948216225 0.86110059139772821 0.83939993806341195 0.88704466480500987 0.8933988127171324 0.90934790676669819
decision_type=2 2 2 2 2 2 2 2
left_child=1 2 4 -4 -1 -2 -7 -8
right_child=5 -3 3 -5 -6 6 7 -9
leaf_value=-4.5109094207018695e-06 7.545256590846261e-05 -0.00011319482537451575 7.8689628649647467e-05 6.7169911754538793e-06 -9.616992736880548e-05 -6.9443614043923637e-05 1.4376144747960118e-05 1.8023113878662401e-06
leaf_weight=144 44 48 34 38 84 36 84 388
leaf_count=144 44 48 34 38 84 36 84 388
internal_value=-0.000166667 -0.0012931 -0.000333333 0.00347222 -0.00153509 0.000543478 0.000295276 0.000635593
internal_weight=900 348 300 72 228 552 508 472
internal_count=900 348 300 72 228 552 508 472
is_linear=0
shrinkage=0.05


Tree=97
num_leaves=8
num_cat=0
split_feature=1 0 1 0 1 1 1
split_gain=0.287976 0.781691 0.349632 0.295553 0.157045 0.308555 0.223925
threshold=0.87957313233144629 0.86992424996627349 0.86997548643205047 0.85772792665012176 0.88704466480500987 0.8933988127171324 0.90934790676669819
decision_type=2 2 2 2 2 2 2
left_child=1 2 3 -1 -2 -6 -7
right_child=4 -3 -4 -5 5 6 -8
leaf_value=-5.9340158178822216e-06 7.1679937613039485e-05 -0.00011238064415462491 7.3484288418720903e-05 -5.4506084265029676e-05 -6.5971433341727176e-05 1.3657337510561418e-05 1.7121958184707076e-06
leaf_weight=241 44 31 38 38 36 84 388
leaf_count=241 44 31 38 38 36 84 388
internal_value=-0.000166667 -0.0012931 -0.00055205 -0.00116487 0.000543478 0.000295276 0.000635593
internal_weight=900 348 317 279 552 508 472
internal_count=900 348 317 279 552 508 472
is_linear=0
shrinkage=0.05


Tree=98
num_leaves=11
num_cat=0
split_feature=1 0 1 0 0 0 1 0 1 0
split_gain=0.314611 0.783354 0.260988 0.453247 0.404802 0.14386 0.926609 0.39065 0.577738 0.302216
threshold=0.88516588153222397 0.87285303713674789 0.85579321482103088 0.85772792665012176 0.83939993806341195 0.91238993073934971 0.92711331521401907 0.90658767910804094 0.90934790676669819 0.92720674537087844
decision_type=2 2 2 2 2 2 2 2 2 2
left_child=1 2 4 -4 -1 7 -7 8 -2 -8
right_child=5 -3 3 -5 -6 6 9 -9 -10 -11
leaf_value=-3.9886631587771061e-06 1.4708291520504346e-05 -9.1564050838635621e-05 2.2407642114641302e-05 -1.7449125054386228e-05 -9.8103476726618677e-05 -0.00017614555474097516 0.00038146392556429043 0.00012453737724525961 -0.00015647832319997114 7.0629408136402285e-06
leaf_weight=144 131 36 41 103 56 44 31 35 33 246
leaf_count=144 131 36 41 103 56 44 31 35 33 246
internal_value=-0.000222222 -0.00131579 -0.000581395 0.00104167 -0.00175 0.000576923 -7.78816e-05 0.00163317 0.000609756 0.00099278
internal_weight=900 380 344 144 200 520 321 199 164 277
internal_count=900 380 344 144 200 520 321 199 164 277
is_linear=0
shrinkage=0.05


Tree=99
num_leaves=11
num_cat=0
split_feature=1 0 1 0 1 1 1 0 0 1
split_gain=0.379498 0.781691 0.349632 0.295553 0.170864 0.584085 0.517069 0.999299 0.668491 0.24952
threshold=0.87957313233144629 0.86992424996627349 0.86997548643205047 0.85772792665012176 0.93176565477019258 0.93816972944872923 0.91626934748455258 0.91556733582700234 0.87743270659634665 0.94489650055235785
decision_type=2 2 2 2 2 2 2 2 2 2
left_child=1 2 3 -1 6 -6 8 -8 -2 -7
right_child=4 -3 -4 -5 5 9 7 -9 -10 -11
leaf_value=-3.3425514123108792e-06 0.00031523753647272335 -0.00010588915569417213 7.0682530250507089e-05 -5.0908323799056525e-05 -0.0001836960879571914 0.00018566121630925748 0.00020959108398281302 -1.134660889334782e-05 -3.188740533951462e-05 9.5414055052422957e-07
leaf_weight=241 31 31 38 38 30 30 31 38 185 207
leaf_count=241 31 31 38 38 30 30 31 38 185 207
internal_value=0 -0.0012931 -0.00055205 -0.00116487 0.000815217 -9.3633e-05 0.00166667 0.00543478 0.000462963 0.000738397
internal_weight=900 348 317 279 552 267 285 69 216 237
internal_count=900 348 317 279 552 267 285 69 216 237
is_linear=0
shrinkage=0.05


Tree=100
num_leaves=10
num_cat=0
split_feature=1 0 0 0 0 1 0 1 1
split_gain=0.394874 0.754253 0.221396 0.357715 0.148343 0.685818 0.439711 0.577738 0.232023
threshold=0.88516588153222397 0.87285303713674789 0.80904661923610954 0.82451132860438447 0.91276114683742571 0.92711331521401907 0.90658767910804094 0.90934790676669819 0.98096126717346566
decision_type=2 2 2 2 2 2 2 2 2
left_child=1 2 -1 -4 6 -6 7 -2 -7
right_child=4 -3 3 -5 5 8 -8 -9 -10
leaf_value=-0.00024860240880890118 1.5567247211456525e-05 -8.3541434270859038e-05 3.4926405570778754e-05 -5.349471666238337e-06 -0.00016677094655925817 8.6187573601348433e-06 9.6375907122123183e-05 -0.00014870211406750047 7.5490815066370242e-05
leaf_weight=32 131 36 32 280 42 213 38 33 63
leaf_count=32 131 36 32 280 42 213 38 33 63
internal_value=-0.000222222 -0.00144737 -0.000726744 -0.000320513 0.000673077 0 0.00173267 0.000609756 0.000905797
internal_weight=900 380 344 312 520 318 202 164 276
internal_count=900 380 344 312 520 318 202 164 276
is_linear=0
shrinkage=0.05


Tree=101
num_leaves=11
num_cat=0
split_feature=1 0 1 1 1 0 0 1 1 0
split_gain=0.524717 0.725704 0.288428 0.551278 0.42836 0.999299 0.748342 0.274836 0.272319 0.171368
threshold=0.88516588153222397 0.87285303713674789 0.93176565477019258 0.93816972944872923 0.91626934748455258 0.91556733582700234 0.90571143727764258 0.94489650055235785 0.82279447593261934 0.82689914277082355
decision_type=2 2 2 2 2 2 2 2 2 2
left_child=1 8 4 -4 6 -6 -2 -5 -1 -10
right_child=2 -3 3 7 5 -7 -8 -9 9 -11
leaf_value=-0.00023617228836845806 1.5035701943030834e-05 -7.9364362557318716e-05 -0.00017494222142733774 0.00017594721762578813 0.00020745007711163723 -6.8254737187023469e-06 -0.00013709668184643531 -1.3486890140246288e-06 2.5081304182075771e-05 -3.9556154867559366e-06
leaf_weight=44 150 36 30 30 31 38 34 207 32 268
leaf_count=44 150 36 30 30 31 38 34 207 32 268
internal_value=-0.000166667 -0.00157895 0.000865385 -0.000280899 0.0020751 0.00543478 0.000815217 0.000527426 -0.000872093 -0.000333333
internal_weight=900 380 520 267 253 69 184 237 344 300
internal_count=900 380 520 267 253 69 184 237 344 300
is_linear=0
shrinkage=0.05


Tree=102
num_leaves=12
num_cat=0
split_feature=1 0 0 1 0 0 1 0 1 0 0
split_gain=0.359874 0.480675 0.26018 0.902535 0.480634 0.422255 0.368011 0.246094 0.243127 0.526804 0.350635
threshold=0.88516588153222397 0.87285303713674789 0.91276114683742571 0.92711331521401907 0.90228184520757504 0.89734208908851432 0.91361786513272547 0.92720674537087844 0.85579321482103088 0.85772792665012176 0.83939993806341195
decision_type=2 2 2 2 2 2 2 2 2 2 2
left_child=1 8 4 -4 5 -2 -6 -5 10 -10 -1
right_child=2 -3 3 7 6 -7 -8 -9 9 -11 -12
leaf_value=-3.1568480725774341e-06 1.4283916845878043e-05 -7.5396144429454312e-05 -0.0001580911255453621 0.000336459855728144 5.9580315868390526e-06 -9.7474802569719188e-05 0.00022142185715769147 3.4124221851977721e-06 2.1919641937168113e-05 -1.3565998254067014e-05 -9.256592096202888e-05
leaf_weight=144 108 36 42 30 30 32 32 246 41 103 56
leaf_count=144 108 36 42 30 30 32 32 246 41 103 56
internal_value=-0.000277778 -0.00144737 0.000576923 -0.000314465 0.0019802 0.000357143 0.00564516 0.000724638 -0.000872093 0.000694444 -0.002
internal_weight=900 380 520 318 202 140 62 276 344 144 200
internal_count=900 380 520 318 202 140 62 276 344 144 200
is_linear=0
shrinkage=0.05


Tree=103
num_leaves=10
num_cat=0
split_feature=1 0 1 0 1 0 1 1 0
split_gain=0.38179 0.503961 0.256273 0.275973 0.247917 0.249175 1.21776 0.509931 0.140497
threshold=0.88516588153222397 0.87285303713674789 0.83349051180127554 0.83326210805799039 0.99150929363853935 0.92447125039819622 0.93816972944872923 0.91626934748455258 0.81404779728173071
decision_type=2 2 2 2 2 2 2 2 2
left_child=1 2 8 -4 5 7 -7 -2 -1
right_child=4 -3 3 -5 -6 6 -8 -9 -10
leaf_value=-5.775241043052826e-05 4.1598189401192979e-06 -7.1626337207983401e-05 8.0888290529321238e-05 -4.4661461504252878e-06 -0.00011124909158786168 -0.00022369375419560025 4.1898590628752785e-05 0.00021584320646557409 -6.836446833391463e-05
leaf_weight=40 184 36 38 230 45 34 189 68 36
leaf_count=40 184 36 38 230 45 34 189 68 36
internal_value=-0.000111111 -0.00131579 -0.000726744 0 0.000769231 0.00110526 -0.000112108 0.00218254 -0.00328947
internal_weight=900 380 344 268 520 475 223 252 76
internal_count=900 380 344 268 520 475 223 252 76
is_linear=0
shrinkage=0.05


Tree=104
num_leaves=5
num_cat=0
split_feature=0 0 1 0
split_gain=0.277958 0.284883 0.44466 0.200868
threshold=0.80904661923610954 0.82451132860438447 0.83696302634877406 0.83939993806341195
decision_type=2 2 2 2
left_child=-1 -2 -3 -4
right_child=1 2 3 -5
leaf_value=-0.00022131821102487905 3.5502085903460492e-05 -0.00010147972394638772 6.4089253302826443e-05 -1.8538425708813922e-06
leaf_weight=32 32 36 44 756
leaf_count=32 32 36 44 756
internal_value=-0.000111111 5.76037e-05 -0.000119617 0.000125
internal_weight=900 868 836 800
internal_count=900 868 836 800
is_linear=0
shrinkage=0.05


Tree=105
num_leaves=5
num_cat=0
split_feature=0 0 1 0
split_gain=0.284747 0.277838 0.253804 0.200868
threshold=0.80904661923610954 0.82451132860438447 0.83696302634877406 0.83939993806341195
decision_type=2 2 2 2
left_child=-1 -2 -3 -4
right_child=1 2 3 -5
leaf_value=-0.00021025230047363455 3.372698160828969e-05 -9.6405737749069581e-05 6.0884790637685816e-05 -1.7611504423392655e-06
leaf_weight=32 32 36 44 756
leaf_count=32 32 36 44 756
internal_value=-5.55556e-05 0.000115207 -5.98086e-05 0.000125
internal_weight=900 868 836 800
internal_count=900 868 836 800
is_linear=0
shrinkage=0.05


Tree=106
num_leaves=6
num_cat=0
split_feature=1 0 1 0 1
split_gain=0.286009 0.184017 0.318835 0.30898 0.2812
threshold=0.82743627482112714 0.83168297283503045 0.85456594665419428 0.85387480984007758 0.84489059681027223
decision_type=2 2 2 2 2
left_child=-1 -2 4 -4 -3
right_child=1 2 3 -5 -6
leaf_value=-4.4260671768464599e-05 3.1437820320559531e-05 4.5665257815036278e-05 2.1227716798494223e-05 1.9561560558045701e-07 -0.00011018413713089759
leaf_weight=56 48 31 37 675 53
leaf_count=56 48 31 37 675 53
internal_value=-0.000111111 0.000118483 -6.28141e-05 0.000280899 -0.00297619
internal_weight=900 844 796 712 84
internal_count=900 844 796 712 84
is_linear=0
shrinkage=0.05


Tree=107
num_leaves=5
num_cat=0
split_feature=0 0 1 0
split_gain=0.291619 0.270881 0.26125 0.193295
threshold=0.80904661923610954 0.82451132860438447 0.83696302634877406 0.83939993806341195
decision_type=2 2 2 2
left_child=-1 -2 -3 -4
right_child=1 2 3 -5
leaf_value=-0.00019752665186152931 3.2361203814071371e-05 -9.351302781500648e-05 5.5912974152411145e-05 -4.5521855845109818e-07
leaf_weight=32 32 36 44 756
leaf_count=32 32 36 44 756
internal_value=0 0.000172811 0 0.0001875
internal_weight=900 868 836 800
internal_count=900 868 836 800
is_linear=0
shrinkage=0.05


Tree=108
num_leaves=5
num_cat=0
split_feature=0 0 1 0
split_gain=0.291619 0.270881 0.26125 0.193295
threshold=0.80904661923610954 0.82451132860438447 0.83696302634877406 0.83939993806341195
decision_type=2 2 2 2
left_child=-1 -2 -3 -4
right_child=1 2 3 -5
leaf_value=-0.0001876503192684509 3.0743143623365723e-05 -8.8837376424255607e-05 5.3117325444790311e-05 -4.3245763053090249e-07
leaf_weight=32 32 36 44 756
leaf_count=32 32 36 44 756
internal_value=0 0.000172811 0 0.0001875
internal_weight=900 868 836 800
internal_count=900 868 836 800
is_linear=0
shrinkage=0.05


Tree=109
num_leaves=6
num_cat=0
split_feature=1 0 1 0 1
split_gain=0.295267 0.176836 0.212948 0.30898 0.199664
threshold=0.82743627482112714 0.83168297283503045 0.85456594665419428 0.85387480984007758 0.84489059681027223
decision_type=2 2 2 2 2
left_child=-1 -2 4 -4 -3
right_child=1 2 3 -5 -6
leaf_value=-3.3995822587729041e-05 3.2847080724576762e-05 3.7930479944425779e-05 2.0210714768015281e-05 2.3021863474470552e-07 -0.00010463054646490667
leaf_weight=56 48 31 37 675 53
leaf_count=56 48 31 37 675 53
internal_value=-5.55556e-05 0.000177725 0 0.000280899 -0.00238095
internal_weight=900 844 796 712 84
internal_count=900 844 796 712 84
is_linear=0
shrinkage=0.05


Tree=110
num_leaves=5
num_cat=0
split_feature=0 0 1 0
split_gain=0.284747 0.277838 0.253804 0.200868
threshold=0.80904661923610954 0.82451132860438447 0.83696302634877406 0.83939993806341195
decision_type=2 2 2 2
left_child=-1 -2 -3 -4
right_child=1 2 3 -5
leaf_value=-0.00017656801217563745 2.9234704988775895e-05 -8.6164946619765603e-05 4.869202015582719e-05 -7.5445547642327697e-07
leaf_weight=32 32 36 44 756
leaf_count=32 32 36 44 756
internal_value=-5.55556e-05 0.000115207 -5.98086e-05 0.000125
internal_weight=900 868 836 800
internal_count=900 868 836 800
is_linear=0
shrinkage=0.05


Tree=111
num_leaves=6
num_cat=0
split_feature=1 0 1 1 0
split_gain=0.164343 0.184017 0.20186 0.199664 0.156649
threshold=0.82743627482112714 0.83168297283503045 0.85456594665419428 0.84489059681027223 0.85387480984007758
decision_type=2 2 2 2 2
left_child=-1 -2 3 -3 -4
right_child=1 2 4 -5 -6
leaf_value=-2.861269877866557e-05 3.2627982729122042e-05 3.3599354939417574e-05 1.9237901803437209e-05 -9.9361296367839191e-05 2.564304768304382e-07
leaf_weight=56 48 31 37 53 675
leaf_count=56 48 31 37 53 675
internal_value=-5.55556e-05 0.000118483 -6.28141e-05 -0.00238095 0.000210674
internal_weight=900 844 796 84 712
internal_count=900 844 796 84 712
is_linear=0
shrinkage=0.05


Tree=112
num_leaves=10
num_cat=0
split_feature=1 0 1 0 0 1 0 0 0
split_gain=0.147627 0.556875 0.302325 0.349509 0.187552 0.858153 0.505093 0.389722 0.326122
threshold=0.87957313233144629 0.86992424996627349 0.86997548643205047 0.85772792665012176 0.9110227840110825 0.92711331521401907 0.90228184520757504 0.89734208908851432 0.92720674537087844
decision_type=2 2 2 2 2 2 2 2 2
left_child=1 2 3 -1 6 -6 7 -2 -7
right_child=4 -3 -4 -5 5 8 -8 -9 -10
leaf_value=-6.2952656298964627e-07 1.0303221226862226e-05 -9.8999093333518315e-05 6.8744008313922919e-05 -4.6767303033160015e-05 -0.00011643112232713194 0.00032519019040154197 8.3463164304525833e-05 -9.2580310390166787e-05 3.3048152941111967e-06
leaf_weight=241 140 31 38 38 53 31 50 32 246
leaf_count=241 140 31 38 38 53 31 50 32 246
internal_value=-5.55556e-05 -0.000862069 -0.000236593 -0.000806452 0.000452899 -0.00030303 0.00157658 0.000290698 0.000812274
internal_weight=900 348 317 279 552 330 222 172 277
internal_count=900 348 317 279 552 330 222 172 277
is_linear=0
shrinkage=0.05


Tree=113
num_leaves=8
num_cat=0
split_feature=1 0 1 0 1 1 0
split_gain=0.18165 0.612529 0.283205 0.253695 0.16713 0.295092 0.183945
threshold=0.87957313233144629 0.86646919878041195 0.86694976401778712 0.85387480984007758 0.88704466480500987 0.8933988127171324 0.91276114683742571
decision_type=2 2 2 2 2 2 2
left_child=1 2 3 -1 -2 -6 -7
right_child=4 -3 -4 -5 5 6 -8
leaf_value=-5.9805023484016397e-07 6.0950338358517492e-05 -8.0285929300696895e-05 7.2541783011592639e-05 -8.5570010972529928e-05 -6.4552658293981488e-05 1.5084938800519199e-05 -1.4389341733200835e-06
leaf_weight=221 44 48 40 39 36 154 318
leaf_count=221 44 48 40 39 36 154 318
internal_value=-0.000111111 -0.00100575 -0.000166667 -0.000769231 0.000452899 0.00019685 0.000529661
internal_weight=900 348 300 260 552 508 472
internal_count=900 348 300 260 552 508 472
is_linear=0
shrinkage=0.05


Tree=114
num_leaves=6
num_cat=0
split_feature=0 1 1 0 0
split_gain=0.137931 0.400092 0.407799 1.53682 0.603077
threshold=0.98936671016101652 0.97644440305471136 0.9560233580897135 0.94070101326807709 0.9561459509978143
decision_type=2 2 2 2 2
left_child=1 2 3 -1 -4
right_child=-2 -3 4 -5 -6
leaf_value=1.474293251269021e-06 0.00034460161245609689 -5.9830285674700172e-05 0.00027096209827071619 -7.8640610514152395e-05 -7.8672976861260405e-06
leaf_weight=707 30 51 36 37 39
leaf_count=707 30 51 36 37 39
internal_value=0 -0.000114943 0.000152625 -0.000201613 0.00366667
internal_weight=900 870 819 744 75
internal_count=900 870 819 744 75
is_linear=0
shrinkage=0.05


Tree=115
num_leaves=9
num_cat=0
split_feature=0 0 1 0 1 0 0 0
split_gain=0.141703 0.490356 0.404586 1.43203 0.589501 0.24137 0.272607 0.167411
threshold=0.90228184520757504 0.90832581549917513 0.9560233580897135 0.94070101326807709 0.96341281046341687 0.89734208908851432 0.88970647510144418 0.87179580863843764
decision_type=2 2 2 2 2 2 2 2
left_child=5 -2 3 -3 -4 6 7 -1
right_child=1 2 4 -5 -6 -7 -8 -9
leaf_value=-2.5116544223879879e-07 0.0001185639951895412 1.6019786912996326e-05 0.00024622900186430097 -7.4708579988447274e-05 3.7889231647214586e-06 -8.8779256473248141e-05 4.7034304925880346e-05 -3.569826269301246e-05
leaf_weight=336 35 159 35 37 114 32 40 112
leaf_count=336 35 159 35 37 114 32 40 112
internal_value=5.55556e-05 0.000789474 0.000217391 -0.00127551 0.00218121 -0.000480769 -0.000204918 -0.000558036
internal_weight=900 380 345 196 149 520 488 448
internal_count=900 380 345 196 149 520 488 448
is_linear=0
shrinkage=0.05


Tree=116
num_leaves=9
num_cat=0
split_feature=1 0 1 0 0 1 0 1
split_gain=0.161149 0.870831 0.48624 0.402339 0.2956 0.685818 0.294346 0.232023
threshold=0.90475659009294185 0.88832994701862733 0.88516588153222397 0.87285303713674789 0.91276114683742571 0.92711331521401907 0.90537461304787759 0.98096126717346566
decision_type=2 2 2 2 2 2 2 2
left_child=1 2 3 -1 6 -6 -2 -7
right_child=4 -3 -4 -5 5 7 -8 -9
leaf_value=-2.3860717012769154e-07 1.447471256199595e-05 -9.1235282801474529e-05 8.5850088701089347e-05 -6.3404292301202927e-05 -0.00015573118777649221 6.3290709702235054e-06 8.0877640104864978e-05 7.2455675190574725e-05
leaf_weight=344 49 52 56 36 42 213 45 63
leaf_count=344 49 52 56 36 42 213 45 63
internal_value=0 -0.000614754 0.000114679 -0.000526316 0.000728155 0 0.00319149 0.000905797
internal_weight=900 488 436 380 412 318 94 276
internal_count=900 488 436 380 412 318 94 276
is_linear=0
shrinkage=0.05


Tree=117
num_leaves=5
num_cat=0
split_feature=0 0 1 0
split_gain=0.138989 0.264013 0.268804 0.185868
threshold=0.80904661923610954 0.82451132860438447 0.83696302634877406 0.83939993806341195
decision_type=2 2 2 2
left_child=-1 -2 -3 -4
right_child=1 2 3 -5
leaf_value=-0.00016629682381997247 2.7684740448527536e-05 -8.350022992254236e-05 4.6341892558302017e-05 9.6020286643461192e-07
leaf_weight=32 32 36 44 756
leaf_count=32 32 36 44 756
internal_value=0.000111111 0.000230415 5.98086e-05 0.00025
internal_weight=900 868 836 800
internal_count=900 868 836 800
is_linear=0
shrinkage=0.05


Tree=118
num_leaves=5
num_cat=0
split_feature=0 1 0 1
split_gain=0.150714 0.519704 0.281574 0.355028
threshold=0.81867274572070892 0.83554319135409882 0.83412831407799681 0.85579321482103088
decision_type=2 2 2 2
left_child=-1 -2 -3 -4
right_child=1 2 3 -5
leaf_value=1.2725807945018764e-05 -7.9325218426415386e-05 5.7968878084230237e-05 -5.3934143718714639e-05 3.0584597265098658e-06
leaf_weight=56 32 30 82 700
leaf_count=56 32 30 82 700
internal_value=0.000166667 0 0.000246305 6.39386e-05
internal_weight=900 844 812 782
internal_count=900 844 812 782
is_linear=0
shrinkage=0.05


Tree=119
num_leaves=9
num_cat=0
split_feature=1 0 1 1 0 1 0 0
split_gain=0.151536 0.354625 0.175362 0.136963 0.500291 0.310759 1.7024 0.603077
threshold=0.84697292518875045 0.81867274572070892 0.83554319135409882 0.97644440305471136 0.97834566237204823 0.9560233580897135 0.94070101326807709 0.9561459509978143
decision_type=2 2 2 2 2 2 2 2
left_child=1 -1 -3 5 -5 6 -2 -7
right_child=3 2 -4 4 -6 7 -8 -9
leaf_value=1.2089517547769769e-05 7.9287795914206878e-06 -7.5358957505092255e-05 -2.7309942277134458e-05 -8.5282658215957163e-05 3.8917461275667091e-05 0.00024458515658580814 -7.1490537667179274e-05 -8.1807656382104629e-06
leaf_weight=56 559 32 60 30 51 36 37 39
leaf_count=56 559 32 60 30 51 36 37 39
internal_value=0.000111111 -0.00135135 -0.00326087 0.000398936 -0.00154321 0.000633383 0.000251678 0.00366667
internal_weight=900 148 92 752 81 671 596 75
internal_count=900 148 92 752 81 671 596 75
is_linear=0
shrinkage=0.05


end of trees

feature_importances:
Column_0=537
Column_1=534

parameters:
[boosting: gbdt]
[objective: quantile]
[metric: quantile]
[tree_learner: serial]
[device_type: cpu]
[data_sample_strategy: bagging]
[data: ]
[valid: ]
[num_iterations: 120]
[learning_rate: 0.05]
[num_leaves: 12]
[num_threads: 2]
[seed: 26170]
[deterministic: 0]
[force_col_wise: 0]
[force_row_wise: 0]
[histogram_pool_size: -1]
[max_depth: 4]
[min_data_in_leaf: 30]
[min_sum_hessian_in_leaf: 0.001]
[bagging_fraction: 1]
[pos_bagging_fraction: 1]
[neg_bagging_fraction: 1]
[bagging_freq: 0]
[bagging_seed: 13002]
[bagging_by_query: 0]
[feature_fraction: 1]
[feature_fraction_bynode: 1]
[feature_fraction_seed: 3933]
[extra_trees: 0]
[extra_seed: 13870]
[early_stopping_round: 0]
[early_stopping_min_delta: 0]
[first_metric_only: 0]
[max_delta_step: 0]
[lambda_l1: 0]
[lambda_l2: 0]
[linear_lambda: 0]
[min_gain_to_split: 0]
[drop_rate: 0.1]
[max_drop: 50]
[skip_drop: 0.5]
[xgboost_dart_mode: 0]
[uniform_drop: 0]
[drop_seed: 25549]
[top_rate: 0.2]
[other_rate: 0.1]
[min_data_per_group: 100]
[max_cat_threshold: 32]
[cat_l2: 10]
[cat_smooth: 10]
[max_cat_to_onehot: 4]
[top_k: 20]
[monotone_constraints: ]
[monotone_constraints_method: basic]
[monotone_penalty: 0]
[feature_contri: ]
[forcedsplits_filename: ]
[refit_decay_rate: 0.9]
[cegb_tradeoff: 1]
[cegb_penalty_split: 0]
[cegb_penalty_feature_lazy: ]
[cegb_penalty_feature_coupled: ]
[path_smooth: 0]
[interaction_constraints: ]
[verbosity: -1]
[saved_feature_importance_type: 0]
[use_quantized_grad: 0]
[num_grad_quant_bins: 4]
[quant_train_renew_leaf: 0]
[stochastic_rounding: 1]
[linear_tree: 0]
[max_bin: 255]
[max_bin_by_feature: ]
[min_data_in_bin: 3]
[bin_construct_sample_cnt: 200000]
[data_random_seed: 19962]
[is_enable_sparse: 1]
[enable_bundle: 1]
[use_missing: 1]
[zero_as_missing: 0]
[feature_pre_filter: 1]
[pre_partition: 0]
[two_round: 0]
[header: 0]
[label_column: ]
[weight_column: ]
[group_column: ]
[ignore_column: ]
[categorical_feature: ]
[forcedbins_filename: ]
[precise_float_parser: 0]
[parser_config_file: ]
[objective_seed: 31251]
[num_class: 1]
[is_unbalance: 0]
[scale_pos_weight: 1]
[sigmoid: 1]
[boost_from_average: 1]
[reg_sqrt: 0]
[alpha: 0.5]
[fair_c: 1]
[poisson_max_delta_step: 0.7]
[tweedie_variance_power: 1.5]
[lambdarank_truncation_level: 30]
[lambdarank_norm: 1]
[label_gain: ]
[lambdarank_position_bias_regularization: 0]
[eval_at: ]
[multi_error_top_k: 1]
[auc_mu_weights: ]
[num_machines: 1]
[local_listen_port: 12400]
[time_out: 120]
[machine_list_filename: ]
[machines: ]
[gpu_platform_id: -1]
[gpu_device_id: -1]
[gpu_device_id_list: ]
[gpu_use_dp: 0]
[num_gpu: 1]

end of parameters

pandas_categorical:null
