tree
version=v4
num_class=1
num_tree_per_iteration=1
label_index=0
max_feature_idx=1
objective=quantile
feature_names=Column_0 Column_1
feature_infos=[0.26661170635021009:0.44893534828970388] [0.26822837870517219:0.45177363478828148]
tree_sizes=561 588 590 581 586 675 592 586 585 590 592 680 681 680 680 682 767 765 766 766 766 765 680 762 766 761 765 847 847 846 846 846 855 851 765 853 851 853 853 847 855 847 854 857 768 858 858 1116 1030 1116 1029 1118 858 1029 1029 1113 1034 1117 1038 1207 1030 852 939 1030 944 1126 1035 1124 945 857 1124 1038 1125 774 1034 859 1035 1035 1036 1036 1036 939 766 856 858 859 859 860 1034 1033 1036 948 1028 1031 1029 1031 1030 1030 948 765 766 765 764 766 764 766 764 765 765 765 765 765 764 766 765 765 947 770 946 862

Tree=0
num_leaves=5
num_cat=0
split_feature=1 1 1 0
split_gain=22.6682 2.37395 0.214078 2.22045e-16
threshold=0.29461947285398149 0.29898870771033853 0.30331356163026685 0.36305215105905436
decision_type=2 2 2 2
left_child=-1 -2 -3 -4
right_child=1 2 3 -5
leaf_value=0.31450676627503005 0.31534130111361686 0.31559872835983893 0.31614473239074908 0.31912047565703305
leaf_weight=44 32 40 751 33
leaf_count=44 32 40 751 33
internal_value=0.315612 0.317411 0.31793 0.318112
internal_weight=900 856 824 784
internal_count=900 856 824 784
is_linear=0
shrinkage=1


Tree=1
num_leaves=5
num_cat=0
split_feature=1 1 1 0
split_gain=21.2202 2.35324 0.206858 0.0299745
threshold=0.29461947285398149 0.29898870771033853 0.30331356163026685 0.30202764462528714
decision_type=2 2 2 2
left_child=-1 -2 -3 -4
right_child=1 2 3 -5
leaf_value=-0.001050328988146193 -0.00025752089148870785 -1.2965007577736555e-05 8.8508391046440712e-05 0.00056329663978458568
leaf_weight=44 32 40 32 752
leaf_count=44 32 40 32 752
internal_value=6.51926e-11 0.00174065 0.00225728 0.00243622
internal_weight=900 856 824 784
internal_count=900 856 824 784
is_linear=0
shrinkage=0.05


Tree=2
num_leaves=5
num_cat=0
split_feature=1 1 1 0
split_gain=18.6628 1.85119 0.206858 0.0299745
threshold=0.29461947285398149 0.29898870771033853 0.30331356163026685 0.30202764462528714
decision_type=2 2 2 2
left_child=-1 -2 -3 -4
right_child=1 2 3 -5
leaf_value=-0.00099781253873888471 -0.00024464484691427148 -1.2316757198849171e-05 8.4082971494117708e-05 0.00053513180779535545
leaf_weight=44 32 40 32 752
leaf_count=44 32 40 32 752
internal_value=0.000166667 0.00179907 0.00225728 0.00243622
internal_weight=900 856 824 784
internal_count=900 856 824 784
is_linear=0
shrinkage=0.05


Tree=3
num_leaves=5
num_cat=0
split_feature=1 1 0 0
split_gain=16.5172 2.48541 0.21966 0.0625
threshold=0.29096675949197043 0.29898870771033853 0.30383908602544468 0.30138779181882824
decision_type=2 2 2 2
left_child=-1 -2 3 -3
right_child=1 2 -4 -5
leaf_value=-0.0010449121499930881 -0.0002367387095896595 5.272425020726168e-05 0.0006032697630754813 -1.386341863178727e-05
leaf_weight=32 44 64 724 36
leaf_count=32 44 64 724 36
internal_value=0.000277778 0.00157834 0.0021966 6.51926e-11
internal_weight=900 868 824 100
internal_count=900 868 824 100
is_linear=0
shrinkage=0.05


Tree=4
num_leaves=5
num_cat=0
split_feature=1 1 0 0
split_gain=13.8631 2.04385 0.21966 0.0625
threshold=0.29096675949197043 0.29898870771033853 0.30383908602544468 0.30138779181882824
decision_type=2 2 2 2
left_child=-1 -2 3 -3
right_child=1 2 -4 -5
leaf_value=-0.00099266654249343398 -0.00022490177411017554 5.0088037696899292e-05 0.00057310627492170865 -1.3170247700197333e-05
leaf_weight=32 44 64 724 36
leaf_count=32 44 64 724 36
internal_value=0.000444445 0.00163594 0.0021966 6.51926e-11
internal_weight=900 868 824 100
internal_count=900 868 824 100
is_linear=0
shrinkage=0.05


Tree=5
num_leaves=6
num_cat=0
split_feature=1 1 0 0 0
split_gain=12.5098 1.99924 0.311746 0.0589349 2.22045e-16
threshold=0.29096675949197043 0.29898870771033853 0.30621731316095552 0.30138779181882824 0.36305215105905436
decision_type=2 2 2 2 2
left_child=-1 -2 3 -3 -4
right_child=1 2 4 -5 -6
leaf_value=-0.00094303321536876321 -0.00021365668540466732 4.7583635812054049e-05 0.00061340168478888908 -1.5617880933230998e-05 0.003218954700477822
leaf_weight=32 44 64 659 68 33
leaf_count=32 44 64 659 68 33
internal_value=0.000388889 0.00152074 0.00207524 -0.000151515 0.0025
internal_weight=900 868 824 132 692
internal_count=900 868 824 132 692
is_linear=0
shrinkage=0.05


Tree=6
num_leaves=5
num_cat=0
split_feature=1 1 0 0
split_gain=12.5098 1.58563 0.392918 0.0960784
threshold=0.29096675949197043 0.29898870771033853 0.30643690942737767 0.30356179047266313
decision_type=2 2 2 2
left_child=-1 -2 3 -3
right_child=1 2 -4 -5
leaf_value=-0.00089588155460032515 -0.00020297385113443313 3.8374342332587722e-05 0.00058778935725407324 -1.8701402036566672e-05
leaf_weight=32 44 96 688 40
leaf_count=32 44 96 688 40
internal_value=0.000388889 0.00152074 0.00201456 -0.000441176
internal_weight=900 868 824 136
internal_count=900 868 824 136
is_linear=0
shrinkage=0.05


Tree=7
num_leaves=5
num_cat=0
split_feature=0 1 0 0
split_gain=11.3549 1.34343 0.383043 0.101185
threshold=0.28700590964560962 0.29870221066124808 0.30643690942737767 0.30356179047266313
decision_type=2 2 2 2
left_child=-1 -2 3 -3
right_child=1 2 -4 -5
leaf_value=-0.00085108747687031032 -0.00019444744802105953 3.1765938121349373e-05 0.00055839988939137002 -1.7766331934737647e-05
leaf_weight=32 41 99 688 40
leaf_count=32 41 99 688 40
internal_value=0.0005 0.00157834 0.00201632 -0.000377698
internal_weight=900 868 827 139
internal_count=900 868 827 139
is_linear=0
shrinkage=0.05


Tree=8
num_leaves=5
num_cat=0
split_feature=0 1 0 0
split_gain=11.3549 1.34343 0.383043 0.101185
threshold=0.28700590964560962 0.29870221066124808 0.30643690942737767 0.30356179047266313
decision_type=2 2 2 2
left_child=-1 -2 3 -3
right_child=1 2 -4 -5
leaf_value=-0.0008085331030267956 -0.00018472507562000695 3.0177641215280606e-05 0.00053047989492180099 -1.6878015338001041e-05
leaf_weight=32 41 99 688 40
leaf_count=32 41 99 688 40
internal_value=0.0005 0.00157834 0.00201632 -0.000377698
internal_weight=900 868 827 139
internal_count=900 868 827 139
is_linear=0
shrinkage=0.05


Tree=9
num_leaves=5
num_cat=0
split_feature=0 1 0 0
split_gain=9.13549 1.34343 0.383043 0.101185
threshold=0.28700590964560962 0.29870221066124808 0.30643690942737767 0.30356179047266313
decision_type=2 2 2 2
left_child=-1 -2 3 -3
right_child=1 2 -4 -5
leaf_value=-0.00076810644787545521 -0.00017548882183900661 2.8668759154517221e-05 0.00050395590017571212 -1.603411457110071e-05
leaf_weight=32 41 99 688 40
leaf_count=32 41 99 688 40
internal_value=0.000611111 0.00157834 0.00201632 -0.000377698
internal_weight=900 868 827 139
internal_count=900 868 827 139
is_linear=0
shrinkage=0.05


Tree=10
num_leaves=5
num_cat=0
split_feature=0 1 0 0
split_gain=9.13549 1.34343 0.383043 0.101185
threshold=0.28700590964560962 0.29870221066124808 0.30643690942737767 0.30356179047266313
decision_type=2 2 2 2
left_child=-1 -2 3 -3
right_child=1 2 -4 -5
leaf_value=-0.00072970112548168269 -0.00016671438074705724 2.7235321196790898e-05 0.00047875810516692652 -1.5232408842547063e-05
leaf_weight=32 41 99 688 40
leaf_count=32 41 99 688 40
internal_value=0.000611111 0.00157834 0.00201632 -0.000377698
internal_weight=900 868 827 139
internal_count=900 868 827 139
is_linear=0
shrinkage=0.05


Tree=11
num_leaves=6
num_cat=0
split_feature=1 0 1 0 0
split_gain=8.10141 0.76187 0.135361 0.183258 2.22045e-16
threshold=0.29562759286078472 0.30729801531162121 0.30066759204504795 0.30499057037814853 0.32023613664099354
decision_type=2 2 2 2 2
left_child=-1 2 -2 -4 -3
right_child=1 4 3 -5 -6
leaf_value=-0.00059336272186200079 -0.00014810416206299251 0.0003148904689204202 3.2032781794734881e-05 -1.4273319820172533e-05 0.0010751443616318968
leaf_weight=48 40 212 104 32 464
leaf_count=48 40 212 104 32 464
internal_value=0.000611111 0.00173709 -0.00119318 -0.000441176 0.0025
internal_weight=900 852 176 136 676
internal_count=900 852 176 136 676
is_linear=0
shrinkage=0.05


Tree=12
num_leaves=6
num_cat=0
split_feature=1 0 1 0 0
split_gain=8.10141 0.76187 0.135361 0.183258 2.22045e-16
threshold=0.29562759286078472 0.30729801531162121 0.30066759204504795 0.30499057037814853 0.32023613664099354
decision_type=2 2 2 2 2
left_child=-1 2 -2 -4 -3
right_child=1 4 3 -5 -6
leaf_value=-0.00056369458576890072 -0.00014069895395984189 0.00029914594547439947 3.0431142704997119e-05 -1.3559653829163562e-05 0.0010213871435503009
leaf_weight=48 40 212 104 32 464
leaf_count=48 40 212 104 32 464
internal_value=0.000611111 0.00173709 -0.00119318 -0.000441176 0.0025
internal_weight=900 852 176 136 676
internal_count=900 852 176 136 676
is_linear=0
shrinkage=0.05


Tree=13
num_leaves=6
num_cat=0
split_feature=0 0 1 0 0
split_gain=7.15715 1.0384 0.398212 0.17366 2.22045e-16
threshold=0.28700590964560962 0.30729801531162121 0.29870221066124808 0.30499057037814853 0.32023613664099354
decision_type=2 2 2 2 2
left_child=-1 2 -2 -4 -3
right_child=1 4 3 -5 -6
leaf_value=-0.00063536320382605316 -0.00013312324254916483 0.00028418864820067835 2.4506692980286861e-05 -1.2881671137705871e-05 0.00097031778637278465
leaf_weight=32 41 212 119 32 464
leaf_count=32 41 212 119 32 464
internal_value=0.000722222 0.00157834 -0.00166667 -0.000480132 0.0025
internal_weight=900 868 192 151 676
internal_count=900 868 192 151 676
is_linear=0
shrinkage=0.05


Tree=14
num_leaves=6
num_cat=0
split_feature=0 0 1 0 0
split_gain=7.15715 1.0384 0.398212 0.17366 2.22045e-16
threshold=0.28700590964560962 0.30729801531162121 0.29870221066124808 0.30499057037814853 0.32023613664099354
decision_type=2 2 2 2 2
left_child=-1 2 -2 -4 -3
right_child=1 4 3 -5 -6
leaf_value=-0.00060359504363474985 -0.00012646708042170682 0.00026997921579064447 2.3281358331273666e-05 -1.2237587580819817e-05 0.00092180189705414481
leaf_weight=32 41 212 119 32 464
leaf_count=32 41 212 119 32 464
internal_value=0.000722222 0.00157834 -0.00166667 -0.000480132 0.0025
internal_weight=900 868 192 151 676
internal_count=900 868 192 151 676
is_linear=0
shrinkage=0.05


Tree=15
num_leaves=6
num_cat=0
split_feature=0 0 1 0 0
split_gain=7.19144 0.912658 0.242598 0.17366 2.22045e-16
threshold=0.28700590964560962 0.30729801531162121 0.29870221066124808 0.30499057037814853 0.32023613664099354
decision_type=2 2 2 2 2
left_child=-1 2 -2 -4 -3
right_child=1 4 3 -5 -6
leaf_value=-0.00057341529145301111 -0.00012014372640062241 0.00025648025500111252 2.2117290414708905e-05 -1.1625708201777647e-05 0.00087571180220143716
leaf_weight=32 41 212 119 32 464
leaf_count=32 41 212 119 32 464
internal_value=0.000777778 0.00163594 -0.00140625 -0.000480132 0.0025
internal_weight=900 868 192 151 676
internal_count=900 868 192 151 676
is_linear=0
shrinkage=0.05


Tree=16
num_leaves=7
num_cat=0
split_feature=0 0 0 0 0 0
split_gain=7.22581 0.795027 0.127604 0.210938 0.015625 2.22045e-16
threshold=0.28700590964560962 0.30729801531162121 0.29661800149438439 0.30499057037814853 0.29261210442086877 0.32023613664099354
decision_type=2 2 2 2 2 2
left_child=-1 2 4 -4 -2 -3
right_child=1 5 3 -5 -6 -7
leaf_value=-0.00054474452688036139 -6.9219809041953375e-05 0.00024365624225105578 2.3944778920255132e-05 -1.1044422791688142e-05 -0.00011900340897553764 0.00083192621209136626
leaf_weight=32 32 212 96 32 32 464
leaf_count=32 32 212 96 32 32 464
internal_value=0.000833333 0.00169355 -0.00114583 -0.000234375 -0.00296875 0.0025
internal_weight=900 868 192 128 64 676
internal_count=900 868 192 128 64 676
is_linear=0
shrinkage=0.05


Tree=17
num_leaves=7
num_cat=0
split_feature=0 0 0 0 0 0
split_gain=6.32261 0.795027 0.127604 0.210938 0.015625 2.22045e-16
threshold=0.28700590964560962 0.30729801531162121 0.29661800149438439 0.30499057037814853 0.29261210442086877 0.32023613664099354
decision_type=2 2 2 2 2 2
left_child=-1 2 4 -4 -2 -3
right_child=1 5 3 -5 -6 -7
leaf_value=-0.00051750730053634348 -6.575881858985568e-05 0.00023147343013850408 2.274753997424215e-05 -1.0492201652102835e-05 -0.00011305323852676131 0.00079032990148679709
leaf_weight=32 32 212 96 32 32 464
leaf_count=32 32 212 96 32 32 464
internal_value=0.000888889 0.00169355 -0.00114583 -0.000234375 -0.00296875 0.0025
internal_weight=900 868 192 128 64 676
internal_count=900 868 192 128 64 676
is_linear=0
shrinkage=0.05


Tree=18
num_leaves=7
num_cat=0
split_feature=0 0 0 0 0 0
split_gain=6.32261 0.795027 0.127604 0.210938 0.015625 2.22045e-16
threshold=0.28700590964560962 0.30729801531162121 0.29661800149438439 0.30499057037814853 0.29261210442086877 0.32023613664099354
decision_type=2 2 2 2 2 2
left_child=-1 2 4 -4 -2 -3
right_child=1 5 3 -5 -6 -7
leaf_value=-0.00049163193550952615 -6.2470877660363984e-05 0.0002198997586315782 2.1610162975531069e-05 -9.9675915694972095e-06 -0.00010740057660042213 0.00075081340641245666
leaf_weight=32 32 212 96 32 32 464
leaf_count=32 32 212 96 32 32 464
internal_value=0.000888889 0.00169355 -0.00114583 -0.000234375 -0.00296875 0.0025
internal_weight=900 868 192 128 64 676
internal_count=900 868 192 128 64 676
is_linear=0
shrinkage=0.05


Tree=19
num_leaves=7
num_cat=0
split_feature=0 0 0 0 0 0
split_gain=6.32261 0.795027 0.127604 0.210938 0.015625 2.22045e-16
threshold=0.28700590964560962 0.30729801531162121 0.29661800149438439 0.30499057037814853 0.29261210442086877 0.32023613664099354
decision_type=2 2 2 2 2 2
left_child=-1 2 4 -4 -2 -3
right_child=1 5 3 -5 -6 -7
leaf_value=-0.00046705033873404856 -5.934733377734549e-05 0.00020890477069999969 2.0529654826754709e-05 -9.4692119910214493e-06 -0.00010203054777040144 0.00071327273609183292
leaf_weight=32 32 212 96 32 32 464
leaf_count=32 32 212 96 32 32 464
internal_value=0.000888889 0.00169355 -0.00114583 -0.000234375 -0.00296875 0.0025
internal_weight=900 868 192 128 64 676
internal_count=900 868 192 128 64 676
is_linear=0
shrinkage=0.05


Tree=20
num_leaves=7
num_cat=0
split_feature=0 0 0 0 0 0
split_gain=5.4797 0.795027 0.127604 0.210938 0.015625 2.22045e-16
threshold=0.28700590964560962 0.30729801531162121 0.29661800149438439 0.30499057037814853 0.29261210442086877 0.32023613664099354
decision_type=2 2 2 2 2 2
left_child=-1 2 4 -4 -2 -3
right_child=1 5 3 -5 -6 -7
leaf_value=-0.00044369782179734529 -5.6379967088479166e-05 0.00019845953216499903 1.9503172085417723e-05 -8.9957513914704479e-06 -9.6929020381880679e-05 0.00067760909928724078
leaf_weight=32 32 212 96 32 32 464
leaf_count=32 32 212 96 32 32 464
internal_value=0.000944444 0.00169355 -0.00114583 -0.000234375 -0.00296875 0.0025
internal_weight=900 868 192 128 64 676
internal_count=900 868 192 128 64 676
is_linear=0
shrinkage=0.05


Tree=21
num_leaves=7
num_cat=0
split_feature=0 0 0 0 0 0
split_gain=5.4797 0.795027 0.127604 0.210938 0.015625 2.22045e-16
threshold=0.28700590964560962 0.30729801531162121 0.29661800149438439 0.30499057037814853 0.29261210442086877 0.32023613664099354
decision_type=2 2 2 2 2 2
left_child=-1 2 4 -4 -2 -3
right_child=1 5 3 -5 -6 -7
leaf_value=-0.00042151293070747943 -5.3560968734056157e-05 0.00018853655555674809 1.8528013481146059e-05 -8.5459638218974136e-06 -9.208256936278636e-05 0.00064372864432287737
leaf_weight=32 32 212 96 32 32 464
leaf_count=32 32 212 96 32 32 464
internal_value=0.000944444 0.00169355 -0.00114583 -0.000234375 -0.00296875 0.0025
internal_weight=900 868 192 128 64 676
internal_count=900 868 192 128 64 676
is_linear=0
shrinkage=0.05


Tree=22
num_leaves=6
num_cat=0
split_feature=0 0 1 0 0
split_gain=5.44977 0.912658 0.242598 0.17366 2.22045e-16
threshold=0.28700590964560962 0.30729801531162121 0.29870221066124808 0.30499057037814853 0.32023613664099354
decision_type=2 2 2 2 2
left_child=-1 2 -2 -4 -3
right_child=1 4 3 -5 -6
leaf_value=-0.000400437284172106 -8.2611572392736737e-05 0.00017910972777891168 1.7989491405391896e-05 -8.1186656308033082e-06 0.00061154221210673329
leaf_weight=32 41 212 119 32 464
leaf_count=32 41 212 119 32 464
internal_value=0.000888889 0.00163594 -0.00140625 -0.000480132 0.0025
internal_weight=900 868 192 151 676
internal_count=900 868 192 151 676
is_linear=0
shrinkage=0.05


Tree=23
num_leaves=7
num_cat=0
split_feature=0 0 0 0 0 0
split_gain=5.4797 0.795027 0.127604 0.210938 0.015625 2.22045e-16
threshold=0.28700590964560962 0.30729801531162121 0.29661800149438439 0.30499057037814853 0.29261210442086877 0.32023613664099354
decision_type=2 2 2 2 2 2
left_child=-1 2 4 -4 -2 -3
right_child=1 5 3 -5 -6 -7
leaf_value=-0.00038041541996350071 -4.9518871048343882e-05 0.0001701542413899665 1.67021382368193e-05 -7.7127323492618257e-06 -8.334786227501002e-05 0.00058096510150139617
leaf_weight=32 32 212 96 32 32 464
leaf_count=32 32 212 96 32 32 464
internal_value=0.000944444 0.00169355 -0.00114583 -0.000234375 -0.00296875 0.0025
internal_weight=900 868 192 128 64 676
internal_count=900 868 192 128 64 676
is_linear=0
shrinkage=0.05


Tree=24
num_leaves=7
num_cat=0
split_feature=0 0 0 0 0 0
split_gain=5.4797 0.795027 0.127604 0.210938 0.015625 2.22045e-16
threshold=0.28700590964560962 0.30729801531162121 0.29661800149438439 0.30499057037814853 0.29261210442086877 0.32023613664099354
decision_type=2 2 2 2 2 2
left_child=-1 2 4 -4 -2 -3
right_child=1 5 3 -5 -6 -7
leaf_value=-0.00036139464896532691 -4.7042927495925346e-05 0.00016164652932046942 1.5867031324977001e-05 -7.3270957317975565e-06 -7.9180469161260769e-05 0.00055191684642632579
leaf_weight=32 32 212 96 32 32 464
leaf_count=32 32 212 96 32 32 464
internal_value=0.000944444 0.00169355 -0.00114583 -0.000234375 -0.00296875 0.0025
internal_weight=900 868 192 128 64 676
internal_count=900 868 192 128 64 676
is_linear=0
shrinkage=0.05


Tree=25
num_leaves=7
num_cat=0
split_feature=0 0 0 0 0 0
split_gain=4.69706 0.795027 0.127604 0.210938 0.015625 2.22045e-16
threshold=0.28700590964560962 0.30729801531162121 0.29661800149438439 0.30499057037814853 0.29261210442086877 0.32023613664099354
decision_type=2 2 2 2 2 2
left_child=-1 2 4 -4 -2 -3
right_child=1 5 3 -5 -6 -7
leaf_value=-0.00034332491651705989 -4.4690781121129815e-05 0.00015356420285444485 1.5073679758726957e-05 -6.9607409452069173e-06 -7.5221445703196888e-05 0.00052432100410501061
leaf_weight=32 32 212 96 32 32 464
leaf_count=32 32 212 96 32 32 464
internal_value=0.001 0.00169355 -0.00114583 -0.000234375 -0.00296875 0.0025
internal_weight=900 868 192 128 64 676
internal_count=900 868 192 128 64 676
is_linear=0
shrinkage=0.05


Tree=26
num_leaves=7
num_cat=0
split_feature=0 0 0 0 0 0
split_gain=3.9747 0.795027 0.127604 0.210938 0.015625 2.22045e-16
threshold=0.28700590964560962 0.30729801531162121 0.29661800149438439 0.30499057037814853 0.29261210442086877 0.32023613664099354
decision_type=2 2 2 2 2 2
left_child=-1 2 4 -4 -2 -3
right_child=1 5 3 -5 -6 -7
leaf_value=-0.00032615867069120679 -4.2456242065073513e-05 0.00014588599271172232 1.4319995770790663e-05 -6.6127038979471983e-06 -7.1460373418036357e-05 0.00049810495389976124
leaf_weight=32 32 212 96 32 32 464
leaf_count=32 32 212 96 32 32 464
internal_value=0.00105556 0.00169355 -0.00114583 -0.000234375 -0.00296875 0.0025
internal_weight=900 868 192 128 64 676
internal_count=900 868 192 128 64 676
is_linear=0
shrinkage=0.05


Tree=27
num_leaves=8
num_cat=0
split_feature=0 0 0 0 1 0 0
split_gain=3.9747 0.655881 0.166667 0.147321 0.0297707 0.015625 2.22045e-16
threshold=0.28700590964560962 0.30729801531162121 0.29661800149438439 0.30138779181882824 0.31354910516293105 0.29261210442086877 0.35538857643701072
decision_type=2 2 2 2 2 2 2
left_child=-1 2 5 -4 -3 -2 -6
right_child=1 4 3 -5 6 -7 -8
leaf_value=-0.00030985073715664727 -4.0333429961820577e-05 1.3168544967004371e-05 2.0434107601927098e-05 -6.4152242976890244e-06 0.00033027692489018853 -6.7887354747134252e-05 0.002086827212023436
leaf_weight=32 32 32 44 84 593 32 51
leaf_count=32 32 32 44 84 593 32 51
internal_value=0.00105556 0.00169355 -0.000885417 0.00015625 0.00242604 -0.00296875 0.0025
internal_weight=900 868 192 128 676 64 644
internal_count=900 868 192 128 676 64 644
is_linear=0
shrinkage=0.05


Tree=28
num_leaves=8
num_cat=0
split_feature=1 0 0 1 0 1 0
split_gain=3.32466 0.767386 0.306197 0.0849919 0.0685307 0.0488437 2.22045e-16
threshold=0.29870221066124808 0.28700590964560962 0.30729801531162121 0.31442100586742294 0.30499057037814853 0.30331356163026685 0.36305215105905436
decision_type=2 2 2 2 2 2 2
left_child=1 -1 4 -4 5 -2 -5
right_child=2 -3 3 6 -6 -7 -8
leaf_value=-0.00030489630165213277 -2.4508641554303358e-05 -5.9626118735937899e-05 4.2071908870261469e-06 0.00035098553965013914 -5.9613074881656865e-06 9.4533863893460346e-05 0.0022187517920801455
leaf_weight=31 44 41 44 599 32 76 33
leaf_count=31 44 41 44 599 32 76 33
internal_value=0.001 -0.00930556 0.00189614 0.00235207 -0.000131579 0.000416667 0.0025
internal_weight=900 72 828 676 152 120 632
internal_count=900 72 828 676 152 120 632
is_linear=0
shrinkage=0.05


Tree=29
num_leaves=8
num_cat=0
split_feature=0 0 0 0 1 1 0
split_gain=3.31261 0.530111 0.09375 0.147321 0.0849919 0.000549853 2.22045e-16
threshold=0.28700590964560962 0.30729801531162121 0.29661800149438439 0.30138779181882824 0.31442100586742294 0.2979281034047439 0.36305215105905436
decision_type=2 2 2 2 2 2 2
left_child=-1 2 5 -4 -3 -2 -6
right_child=1 4 3 -5 6 -7 -8
leaf_value=-0.00027911338521620642 -5.1287184506840238e-05 3.9968313426758111e-06 2.0637834299544468e-05 -5.7963977083981129e-06 0.00033343626266763276 -5.0187226202177411e-05 0.0021078142024761382
leaf_weight=32 33 44 44 84 599 31 33
leaf_count=32 33 44 44 84 599 31 33
internal_value=0.00111111 0.00169355 -0.000625 0.00015625 0.00235207 -0.0021875 0.0025
internal_weight=900 868 192 128 676 64 632
internal_count=900 868 192 128 676 64 632
is_linear=0
shrinkage=0.05


Tree=30
num_leaves=8
num_cat=0
split_feature=0 0 0 0 1 1 0
split_gain=2.71081 0.530111 0.09375 0.147321 0.0849919 0.000549853 2.22045e-16
threshold=0.28700590964560962 0.30729801531162121 0.29661800149438439 0.30138779181882824 0.31442100586742294 0.2979281034047439 0.36305215105905436
decision_type=2 2 2 2 2 2 2
left_child=-1 2 5 -4 -3 -2 -6
right_child=1 4 3 -5 6 -7 -8
leaf_value=-0.00026515771595539693 -4.8722825281496976e-05 3.7969897755424366e-06 1.9605942584566273e-05 -5.5065778229769078e-06 0.00031676444953425122 -4.7677864892067264e-05 0.0020024234923523318
leaf_weight=32 33 44 44 84 599 31 33
leaf_count=32 33 44 44 84 599 31 33
internal_value=0.00116667 0.00169355 -0.000625 0.00015625 0.00235207 -0.0021875 0.0025
internal_weight=900 868 192 128 676 64 632
internal_count=900 868 192 128 676 64 632
is_linear=0
shrinkage=0.05


Tree=31
num_leaves=8
num_cat=0
split_feature=0 0 0 0 1 1 0
split_gain=2.16928 0.530111 0.09375 0.147321 0.0849919 0.000549853 2.22045e-16
threshold=0.28700590964560962 0.30729801531162121 0.29661800149438439 0.30138779181882824 0.31442100586742294 0.2979281034047439 0.36305215105905436
decision_type=2 2 2 2 2 2 2
left_child=-1 2 5 -4 -3 -2 -6
right_child=1 4 3 -5 6 -7 -8
leaf_value=-0.00025189983015762584 -4.6286684017421436e-05 3.6071402867654535e-06 1.8625645455339071e-05 -5.2312489318269012e-06 0.00030092622705753784 -4.5293971647463729e-05 0.0019023023177347138
leaf_weight=32 33 44 44 84 599 31 33
leaf_count=32 33 44 44 84 599 31 33
internal_value=0.00122222 0.00169355 -0.000625 0.00015625 0.00235207 -0.0021875 0.0025
internal_weight=900 868 192 128 676 64 632
internal_count=900 868 192 128 676 64 632
is_linear=0
shrinkage=0.05


Tree=32
num_leaves=8
num_cat=0
split_feature=1 0 0 1 0 1 1
split_gain=2.17391 0.500437 0.288231 0.0791778 0.0685307 0.0488437 0.00952883
threshold=0.29870221066124808 0.28700590964560962 0.30729801531162121 0.31442100586742294 0.30499057037814853 0.30331356163026685 0.31997780648124835
decision_type=2 2 2 2 2 2 2
left_child=1 -1 4 -4 5 -2 -5
right_child=2 -3 3 6 -6 -7 -8
leaf_value=-0.00024984294000306438 -2.3022025725234454e-05 -4.9329978108851618e-05 3.426783272428291e-06 0.00013390140508311166 -4.8365308905965317e-06 9.0323034383524303e-05 0.00039109416041912539
leaf_weight=31 44 41 44 90 32 76 542
leaf_count=31 44 41 44 90 32 76 542
internal_value=0.00111111 -0.00722222 0.00183575 0.00227811 -0.000131579 0.000416667 0.00242089
internal_weight=900 72 828 676 152 120 632
internal_count=900 72 828 676 152 120 632
is_linear=0
shrinkage=0.05


Tree=33
num_leaves=8
num_cat=0
split_feature=0 0 0 0 1 1 1
split_gain=2.13174 0.478738 0.09375 0.147321 0.0735696 0.00923509 0.000549853
threshold=0.28700590964560962 0.30729801531162121 0.29661800149438439 0.30138779181882824 0.31442100586742294 0.3286644690239377 0.2979281034047439
decision_type=2 2 2 2 2 2 2
left_child=-1 2 6 -4 -3 -6 -2
right_child=1 4 3 -5 5 -7 -8
leaf_value=-0.00022681269164959161 -4.1505850911108267e-05 3.2554441088072928e-06 1.8845464468833508e-05 -4.7278599407053345e-06 0.00016120324041543038 0.00065595359378325122 -4.4054099628029834e-05
leaf_weight=32 33 44 44 84 257 375 31
leaf_count=32 33 44 44 84 257 375 31
internal_value=0.00111111 0.00157834 -0.000625 0.00015625 0.00220414 0.00234177 -0.0021875
internal_weight=900 868 192 128 676 632 64
internal_count=900 868 192 128 676 632 64
is_linear=0
shrinkage=0.05


Tree=34
num_leaves=7
num_cat=0
split_feature=0 1 1 1 0 1
split_gain=1.6985 0.366442 0.0624232 0.10836 0.02473 0.0105667
threshold=0.29205331950637542 0.31442100586742294 0.31181995482379954 0.30919449084626766 0.3113280590012481 0.3286644690239377
decision_type=2 2 2 2 2 2
left_child=-1 2 3 -2 -3 -6
right_child=1 4 -4 -5 5 -7
leaf_value=-0.00010989249141261649 -4.3083779706575428e-06 6.2971255401864104e-05 -2.5817653186294143e-06 0.00013955541934524695 0.0001626744728514163 0.00063370325742394826
leaf_weight=56 135 31 32 40 233 373
leaf_count=56 135 31 32 40 233 373
internal_value=0.00111111 0.00167062 -0.000157005 0.000214286 0.00226452 0.00233498
internal_weight=900 844 207 175 637 606
internal_count=900 844 207 175 637 606
is_linear=0
shrinkage=0.05


Tree=35
num_leaves=8
num_cat=0
split_feature=0 1 0 1 0 1 1
split_gain=1.72095 0.309098 0.10738 0.140244 0.0531339 0.0726533 0.00454322
threshold=0.29205331950637542 0.30919449084626766 0.30138779181882824 0.30066759204504795 0.31705389541058182 0.3198604319397057 0.3286644690239377
decision_type=2 2 2 2 2 2 2
left_child=-1 2 3 -2 5 -3 -6
right_child=1 4 -4 -5 6 -7 -8
leaf_value=-0.00010439786684198483 -4.7283950720599883e-05 9.2549751433743121e-05 -1.3988168359046496e-05 5.3167039363832826e-05 0.00019436266070798903 6.6312283912503504e-05 0.0006093893972965031
leaf_weight=56 36 155 53 46 155 30 369
leaf_count=56 36 155 53 46 155 30 369
internal_value=0.00116667 0.00172986 -0.000462963 0.000670732 0.00214739 0.00141892 0.00240458
internal_weight=900 844 135 82 709 185 524
internal_count=900 844 135 82 709 185 524
is_linear=0
shrinkage=0.05


Tree=36
num_leaves=8
num_cat=0
split_feature=0 1 1 1 0 1 1
split_gain=1.65403 0.417452 0.048455 0.137143 0.0257433 0.0441349 0.00955232
threshold=0.29205331950637542 0.31442100586742294 0.31181995482379954 0.30919449084626766 0.32089578563528082 0.3198604319397057 0.3286644690239377
decision_type=2 2 2 2 2 2 2
left_child=-1 2 3 -2 5 -3 -6
right_child=1 4 -4 -5 6 -7 -8
leaf_value=-9.9177973499886554e-05 -3.3935506541709214e-06 0.00011704669747061976 -7.0801646243845445e-06 0.00012795016080629774 0.00013732008036276277 0.00016504898400715771 0.00057866020018819961
leaf_weight=56 135 88 32 40 85 97 367
leaf_count=56 135 88 32 40 85 97 367
internal_value=0.001 0.00155213 -0.000398551 -7.14285e-05 0.00218603 0.00168919 0.00238938
internal_weight=900 844 207 175 637 185 452
internal_count=900 844 207 175 637 185 452
is_linear=0
shrinkage=0.05


Tree=37
num_leaves=8
num_cat=0
split_feature=0 1 0 1 0 1 1
split_gain=1.63202 0.454872 0.190215 0.171429 0.0286355 0.0407604 0.00955232
threshold=0.29205331950637542 0.31534386022177446 0.30941355615956084 0.30919449084626766 0.32089578563528082 0.3198604319397057 0.3286644690239377
decision_type=2 2 2 2 2 2 2
left_child=-1 2 3 -2 5 -3 -6
right_child=1 4 -4 -5 6 -7 -8
leaf_value=-9.4219074824891671e-05 -3.2238731214633418e-06 0.00015321553358886854 -7.2952317476393524e-06 0.00021035049873847553 0.00013045407634462437 0.00015679653480679998 0.00054972719017878924
leaf_weight=56 135 76 30 54 85 97 367
leaf_count=56 135 76 30 54 85 97 367
internal_value=0.000944444 0.00149289 -0.000468036 0.000119048 0.00218 0.00163295 0.00238938
internal_weight=900 844 219 189 625 173 452
internal_count=900 844 219 189 625 173 452
is_linear=0
shrinkage=0.05


Tree=38
num_leaves=8
num_cat=0
split_feature=0 1 0 1 0 1 1
split_gain=1.63202 0.454872 0.190215 0.171429 0.0286355 0.0407604 0.00955232
threshold=0.29205331950637542 0.31534386022177446 0.30941355615956084 0.30919449084626766 0.32089578563528082 0.3198604319397057 0.3286644690239377
decision_type=2 2 2 2 2 2 2
left_child=-1 2 3 -2 5 -3 -6
right_child=1 4 -4 -5 6 -7 -8
leaf_value=-8.9508121083647921e-05 -3.0626794653903088e-06 0.00014555475690942454 -6.9304701602573855e-06 0.00019983297380155225 0.00012393137252739441 0.00014895670806645877 0.00052224083066985114
leaf_weight=56 135 76 30 54 85 97 367
leaf_count=56 135 76 30 54 85 97 367
internal_value=0.000944444 0.00149289 -0.000468036 0.000119048 0.00218 0.00163295 0.00238938
internal_weight=900 844 219 189 625 173 452
internal_count=900 844 219 189 625 173 452
is_linear=0
shrinkage=0.05


Tree=39
num_leaves=8
num_cat=0
split_feature=0 1 0 1 0 1 1
split_gain=1.31813 0.454872 0.190215 0.171429 0.0286355 0.0407604 0.00955232
threshold=0.29205331950637542 0.31534386022177446 0.30941355615956084 0.30919449084626766 0.32089578563528082 0.3198604319397057 0.3286644690239377
decision_type=2 2 2 2 2 2 2
left_child=-1 2 3 -2 5 -3 -6
right_child=1 4 -4 -5 6 -7 -8
leaf_value=-8.5032715029464967e-05 -2.9095454921217598e-06 0.00013827701906395375 -6.5839466522443775e-06 0.00018984132511147474 0.00011773480390102342 0.00014150887266313513 0.00049612878913635747
leaf_weight=56 135 76 30 54 85 97 367
leaf_count=56 135 76 30 54 85 97 367
internal_value=0.001 0.00149289 -0.000468036 0.000119048 0.00218 0.00163295 0.00238938
internal_weight=900 844 219 189 625 173 452
internal_count=900 844 219 189 625 173 452
is_linear=0
shrinkage=0.05


Tree=40
num_leaves=8
num_cat=0
split_feature=1 1 0 1 0 1 1
split_gain=1.27559 0.44074 0.196395 0.161046 0.027871 0.0388636 0.00955232
threshold=0.29562759286078472 0.31534386022177446 0.30941355615956084 0.30919449084626766 0.32089578563528082 0.3198604319397057 0.3286644690239377
decision_type=2 2 2 2 2 2 2
left_child=-1 2 3 -2 5 -3 -6
right_child=1 4 -4 -5 6 -7 -8
leaf_value=-8.6507297586890802e-05 -2.6808459615638135e-06 0.00013136316811075688 -6.2547493196313253e-06 0.00018034925885590167 0.00011184806370597156 0.00012253839686772843 0.00047132234967953992
leaf_weight=48 140 76 30 54 85 100 367
leaf_count=48 140 76 30 54 85 100 367
internal_value=0.00105556 0.00150235 -0.000401786 0.000180412 0.00218153 0.00164773 0.00238938
internal_weight=900 852 224 194 628 176 452
internal_count=900 852 224 194 628 176 452
is_linear=0
shrinkage=0.05


Tree=41
num_leaves=8
num_cat=0
split_feature=0 1 0 1 0 1 1
split_gain=1.31813 0.454872 0.190215 0.171429 0.0286355 0.0407604 0.00955232
threshold=0.29205331950637542 0.31534386022177446 0.30941355615956084 0.30919449084626766 0.32089578563528082 0.3198604319397057 0.3286644690239377
decision_type=2 2 2 2 2 2 2
left_child=-1 2 3 -2 5 -3 -6
right_child=1 4 -4 -5 6 -7 -8
leaf_value=-7.6455714398646074e-05 -2.6300259194366327e-06 0.00012479500970521973 -5.9420118536490658e-06 0.00017133179591310641 0.00010625566052067382 0.00012830650918659357 0.00044775623219556193
leaf_weight=56 135 76 30 54 85 97 367
leaf_count=56 135 76 30 54 85 97 367
internal_value=0.001 0.00149289 -0.000468036 0.000119048 0.00218 0.00163295 0.00238938
internal_weight=900 844 219 189 625 173 452
internal_count=900 844 219 189 625 173 452
is_linear=0
shrinkage=0.05


Tree=42
num_leaves=8
num_cat=0
split_feature=0 1 0 1 0 1 1
split_gain=1.22563 0.486422 0.185923 0.176471 0.0283774 0.0401126 0.00955232
threshold=0.29003791293740183 0.31534386022177446 0.30941355615956084 0.30919449084626766 0.32089578563528082 0.3198604319397057 0.3286644690239377
decision_type=2 2 2 2 2 2 2
left_child=-1 2 3 -2 5 -3 -6
right_child=1 4 -4 -5 6 -7 -8
leaf_value=-9.3907683506658235e-05 -2.5817468744549683e-06 0.00011855525921996013 -5.6449112609657799e-06 0.0001627652061174509 0.00010094287749463915 0.00012259453552510192 0.00042536842058578384
leaf_weight=40 150 76 30 54 85 98 367
leaf_count=40 150 76 30 54 85 98 367
internal_value=0.00105556 0.00145349 -0.000491453 4.90197e-05 0.00218051 0.00163793 0.00238938
internal_weight=900 860 234 204 626 174 452
internal_count=900 860 234 204 626 174 452
is_linear=0
shrinkage=0.05


Tree=43
num_leaves=8
num_cat=0
split_feature=0 1 0 1 0 0 1
split_gain=0.846454 0.437252 0.193989 0.163009 0.0398032 0.0572082 0.0154762
threshold=0.28700590964560962 0.31534386022177446 0.30941355615956084 0.30919449084626766 0.32244170269877909 0.32073472075195003 0.3286644690239377
decision_type=2 2 2 2 2 2 2
left_child=-1 2 3 -2 5 -3 -6
right_child=1 4 -4 -5 6 -7 -8
leaf_value=-0.00017351711015787808 -2.3361483724014878e-06 0.00011119864918318108 -5.3626656979166581e-06 0.00015462694581157762 0.0001376317987214243 5.5951827751996036e-05 0.00040458212819285966
leaf_weight=32 157 171 30 54 56 36 364
leaf_count=32 157 171 30 54 56 36 364
internal_value=0.00111111 0.00140553 -0.000404564 0.000130332 0.00210128 0.00153382 0.00238095
internal_weight=900 868 241 211 627 207 420
internal_count=900 868 241 211 627 207 420
is_linear=0
shrinkage=0.05


Tree=44
num_leaves=7
num_cat=0
split_feature=0 1 0 1 0 1
split_gain=0.9073 0.423702 0.051265 0.180772 0.0368029 0.0277466
threshold=0.29003791293740183 0.31442100586742294 0.29459476638012949 0.30331356163026685 0.32809275457935339 0.3198604319397057
decision_type=2 2 2 2 2 2
left_child=-1 2 -2 -4 5 -3
right_child=1 4 3 -5 -6 -7
leaf_value=-8.0536443823431283e-05 1.5073679844982848e-05 9.5379248413205895e-05 -5.2530238875985968e-05 4.0869391783918589e-06 0.00049019499937628106 0.0001130149342544163
leaf_weight=40 39 88 40 143 309 241
leaf_count=40 39 88 40 143 309 241
internal_value=0.00111111 0.00145349 -0.000427928 -0.000778688 0.00210815 0.00174012
internal_weight=900 860 222 183 638 329
internal_count=900 860 222 183 638 329
is_linear=0
shrinkage=0.05


Tree=45
num_leaves=8
num_cat=0
split_feature=0 1 0 1 0 0 1
split_gain=0.846454 0.437252 0.193989 0.163009 0.0398032 0.0572082 0.0154762
threshold=0.28700590964560962 0.31534386022177446 0.30941355615956084 0.30919449084626766 0.32244170269877909 0.32073472075195003 0.3286644690239377
decision_type=2 2 2 2 2 2 2
left_child=-1 2 3 -2 5 -3 -6
right_child=1 4 -4 -5 6 -7 -8
leaf_value=-0.00016081443245881123 -2.4236879127014292e-06 0.00010033066783055739 -6.4247542579719392e-06 0.00014669125156207749 0.00012509946207263091 4.7503489651676284e-05 0.00037870227507049716
leaf_weight=32 157 171 30 54 56 36 364
leaf_count=32 157 171 30 54 56 36 364
internal_value=0.00111111 0.00140553 -0.000404564 0.000130332 0.00210128 0.00153382 0.00238095
internal_weight=900 868 241 211 627 207 420
internal_count=900 868 241 211 627 207 420
is_linear=0
shrinkage=0.05


Tree=46
num_leaves=8
num_cat=0
split_feature=0 1 0 1 0 0 1
split_gain=0.893656 0.457775 0.185923 0.176471 0.0401148 0.0569706 0.0154762
threshold=0.29003791293740183 0.31534386022177446 0.30941355615956084 0.30919449084626766 0.32244170269877909 0.32073472075195003 0.3286644690239377
decision_type=2 2 2 2 2 2 2
left_child=-1 2 3 -2 5 -3 -6
right_child=1 4 -4 -5 6 -7 -8
leaf_value=-6.8468900009319156e-05 -2.4190146753972547e-06 0.00010243602552783503 -6.1035165450722259e-06 0.00013935668898397343 0.00011884448896899991 4.5128315169093439e-05 0.00035976716131697344
leaf_weight=40 150 170 30 54 56 36 364
leaf_count=40 150 170 30 54 56 36 364
internal_value=0.00105556 0.00139535 -0.000491453 4.90197e-05 0.00210064 0.00152913 0.00238095
internal_weight=900 860 234 204 626 206 420
internal_count=900 860 234 204 626 206 420
is_linear=0
shrinkage=0.05


Tree=47
num_leaves=11
num_cat=0
split_feature=1 0 0 1 0 0 0 1 0 0
split_gain=0.619117 0.292524 0.193989 0.163009 0.0687044 0.0646882 0.0342129 0.0274822 0.0959502 1.11022e-16
threshold=0.31534386022177446 0.28700590964560962 0.30941355615956084 0.30919449084626766 0.32335192624859971 0.32073472075195003 0.31705389541058182 0.33322779121935014 0.32742275219163069 0.36588008808621048
decision_type=2 2 2 2 2 2 2 2 2 2
left_child=1 -1 3 -3 5 6 -2 8 -6 -9
right_child=4 2 -4 -5 7 -7 -8 9 -10 -11
leaf_value=-0.00015988836718872358 4.9925236199024892e-05 -2.1815527832962433e-06 -5.7983407178190244e-06 0.0001323888545347754 0.00012418899775093955 3.3400475673957734e-05 0.00018272488713648406 0.00051663064734667195 4.0719225192858977e-05 0.0017957046111444443
leaf_weight=31 104 157 30 54 77 52 68 267 30 30
leaf_count=31 104 157 30 54 77 52 68 267 30 30
internal_value=0.001 -0.000992647 -0.000404564 0.000130332 0.00186306 0.00116071 0.00162791 0.00225248 0.00156542 0.0025
internal_weight=900 272 241 211 628 224 172 404 107 297
internal_count=900 272 241 211 628 224 172 404 107 297
is_linear=0
shrinkage=0.05


Tree=48
num_leaves=10
num_cat=0
split_feature=0 0 1 0 1 0 0 0 0
split_gain=0.625684 0.313744 0.09 0.138393 0.0622266 0.127574 0.1231 0.0250794 0.0300059
threshold=0.31306905527573653 0.29003791293740183 0.32114533747766888 0.31542682910130254 0.30714017701617663 0.31022170804213478 0.30077835665488756 0.33294302844820384 0.3220689458916231
decision_type=2 2 2 2 2 2 2 2 2
left_child=1 -1 3 -2 6 -6 -3 8 -4
right_child=2 4 7 -5 5 -7 -8 -9 -10
leaf_value=-5.7051036649416466e-05 5.8319784378413345e-05 4.3947374430946564e-07 0.00016247173327131533 -3.4277761473198933e-05 9.3698484919490219e-05 -2.8788980744613908e-06 -3.2026286926912346e-05 0.00059423880747700168 0.00010644098493961727
leaf_weight=40 31 94 101 32 98 48 32 237 187
leaf_count=40 31 94 101 32 98 48 32 237 187
internal_value=0.000944444 -0.000865385 0.00190476 0.000119048 -0.000257353 0.000445206 -0.00107143 0.00211905 0.00180556
internal_weight=900 312 588 63 272 146 126 525 288
internal_count=900 312 588 63 272 146 126 525 288
is_linear=0
shrinkage=0.05


Tree=49
num_leaves=11
num_cat=0
split_feature=1 0 0 1 0 0 0 1 0 0
split_gain=0.619117 0.292524 0.193989 0.163009 0.0687044 0.0646882 0.0342129 0.0274822 0.0959502 1.11022e-16
threshold=0.31534386022177446 0.28700590964560962 0.30941355615956084 0.30919449084626766 0.32335192624859971 0.32073472075195003 0.31705389541058182 0.33322779121935014 0.32742275219163069 0.36588008808621048
decision_type=2 2 2 2 2 2 2 2 2 2
left_child=1 -1 3 -3 5 6 -2 8 -6 -9
right_child=4 2 -4 -5 7 -7 -8 9 -10 -11
leaf_value=-0.00014904139699681575 4.4512985170153121e-05 -2.199727458638547e-06 -5.3644787782024383e-06 0.00012108448756206399 0.00011265749861641065 2.6408402643278902e-05 0.00016890817276519755 0.00046549901134922546 3.3361214686233879e-05 0.0016762074402133732
leaf_weight=31 104 157 30 54 77 52 68 267 30 30
leaf_count=31 104 157 30 54 77 52 68 267 30 30
internal_value=0.001 -0.000992647 -0.000404564 0.000130332 0.00186306 0.00116071 0.00162791 0.00225248 0.00156542 0.0025
internal_weight=900 272 241 211 628 224 172 404 107 297
internal_count=900 272 241 211 628 224 172 404 107 297
is_linear=0
shrinkage=0.05


Tree=50
num_leaves=10
num_cat=0
split_feature=0 0 1 0 1 0 0 0 0
split_gain=0.625684 0.313744 0.09 0.138393 0.0622266 0.127574 0.1231 0.0250794 0.0300059
threshold=0.31306905527573653 0.29003791293740183 0.32114533747766888 0.31542682910130254 0.30714017701617663 0.31022170804213478 0.30077835665488756 0.33294302844820384 0.3220689458916231
decision_type=2 2 2 2 2 2 2 2 2
left_child=1 -1 3 -2 6 -6 -3 8 -4
right_child=2 4 7 -5 5 -7 -8 -9 -10
leaf_value=-4.6746414967102634e-05 5.3178145900983913e-05 5.2748643002669704e-07 0.00014590273843289632 -3.4382169572100804e-05 8.8249213408028663e-05 -2.466729231827438e-06 -3.0314986207636404e-05 0.00054125191653568998 9.8261430149925783e-05
leaf_weight=40 31 94 101 32 98 48 32 237 187
leaf_count=40 31 94 101 32 98 48 32 237 187
internal_value=0.000944444 -0.000865385 0.00190476 0.000119048 -0.000257353 0.000445206 -0.00107143 0.00211905 0.00180556
internal_weight=900 312 588 63 272 146 126 525 288
internal_count=900 312 588 63 272 146 126 525 288
is_linear=0
shrinkage=0.05


Tree=51
num_leaves=11
num_cat=0
split_feature=1 0 0 0 0 1 1 1 0 0
split_gain=0.615515 0.211568 0.164871 0.132868 0.0666824 0.0924658 0.0638914 0.0274822 0.0959502 1.11022e-16
threshold=0.30623249045910456 0.28700590964560962 0.29459476638012949 0.32335192624859971 0.30610672129266531 0.31534386022177446 0.30331356163026685 0.33322779121935014 0.32742275219163069 0.36588008808621048
decision_type=2 2 2 2 2 2 2 2 2 2
left_child=1 -1 -3 4 -2 -6 -4 8 -5 -9
right_child=3 2 6 7 5 -7 -8 9 -10 -11
leaf_value=-0.00013925200639861856 0.00010405714114112365 3.6494821454631449e-05 -4.9332605308107438e-05 0.00010211155217809613 -1.7179067058726965e-06 6.5892333849864636e-05 4.1209726376884317e-06 0.00042513952386061889 2.6780082444427534e-05 0.0015653344723759205
leaf_weight=31 56 46 40 77 73 219 31 267 30 30
leaf_count=31 56 46 40 77 73 219 31 267 30 30
internal_value=0.00105556 -0.00189189 -0.000918803 0.00163564 0.00091954 0.000616438 -0.00242958 0.00225248 0.00156542 0.0025
internal_weight=900 148 117 752 348 292 71 404 107 297
internal_count=900 148 117 752 348 292 71 404 107 297
is_linear=0
shrinkage=0.05


Tree=52
num_leaves=8
num_cat=0
split_feature=0 1 0 1 0 0 1
split_gain=0.730925 0.351578 0.190215 0.171429 0.0703969 0.0634354 0.0274822
threshold=0.29205331950637542 0.31534386022177446 0.30941355615956084 0.30919449084626766 0.32335192624859971 0.32073472075195003 0.33322779121935014
decision_type=2 2 2 2 2 2 2
left_child=-1 2 3 -2 5 -3 -6
right_child=1 4 -4 -5 6 -7 -8
leaf_value=-3.3097224214351667e-05 -6.292434915656264e-06 7.8875919201498886e-05 -4.8870230424073868e-06 0.00011070369784885376 7.3387254603412199e-05 1.6880294311127004e-05 0.00041675709680218017
leaf_weight=56 135 169 30 54 107 52 297
leaf_count=56 135 169 30 54 107 52 297
internal_value=0.000888889 0.00125592 -0.000468036 0.000119048 0.00186 0.00114253 0.00225248
internal_weight=900 844 219 189 625 221 404
internal_count=900 844 219 189 625 221 404
is_linear=0
shrinkage=0.05


Tree=53
num_leaves=10
num_cat=0
split_feature=0 0 1 0 1 0 0 0 0
split_gain=0.625684 0.313744 0.09 0.138393 0.0622266 0.127574 0.1231 0.0250794 0.0300059
threshold=0.31306905527573653 0.29003791293740183 0.32114533747766888 0.31542682910130254 0.30714017701617663 0.31022170804213478 0.30077835665488756 0.33294302844820384 0.3220689458916231
decision_type=2 2 2 2 2 2 2 2 2
left_child=1 -1 3 -2 6 -6 -3 8 -4
right_child=2 4 7 -5 5 -7 -8 -9 -10
leaf_value=-3.5791632688098042e-05 4.3280825953365136e-05 4.2869076878673663e-07 0.0001344275073654811 -3.8506572257626709e-05 8.3300069236046995e-05 -2.0131462828214447e-06 -2.7220690328115245e-05 0.00047209448967576451 8.7210019222057336e-05
leaf_weight=40 31 94 101 32 98 48 32 237 187
leaf_count=40 31 94 101 32 98 48 32 237 187
internal_value=0.000944444 -0.000865385 0.00190476 0.000119048 -0.000257353 0.000445206 -0.00107143 0.00211905 0.00180556
internal_weight=900 312 588 63 272 146 126 525 288
internal_count=900 312 588 63 272 146 126 525 288
is_linear=0
shrinkage=0.05


Tree=54
num_leaves=10
num_cat=0
split_feature=0 0 1 0 1 0 0 0 0
split_gain=0.625684 0.313744 0.09 0.138393 0.0622266 0.127574 0.1231 0.0250794 0.0300059
threshold=0.31306905527573653 0.29003791293740183 0.32114533747766888 0.31542682910130254 0.30714017701617663 0.31022170804213478 0.30077835665488756 0.33294302844820384 0.3220689458916231
decision_type=2 2 2 2 2 2 2 2 2
left_child=1 -1 3 -2 6 -6 -3 8 -4
right_child=2 4 7 -5 5 -7 -8 -9 -10
leaf_value=-3.4002051053694249e-05 4.1116784655698127e-05 4.0725623034812275e-07 0.0001277061319972073 -3.6581243644745514e-05 7.9135065774243508e-05 -1.9124889686793396e-06 -2.5859655811709121e-05 0.00044848976519197559 8.2849518260953703e-05
leaf_weight=40 31 94 101 32 98 48 32 237 187
leaf_count=40 31 94 101 32 98 48 32 237 187
internal_value=0.000944444 -0.000865385 0.00190476 0.000119048 -0.000257353 0.000445206 -0.00107143 0.00211905 0.00180556
internal_weight=900 312 588 63 272 146 126 525 288
internal_count=900 312 588 63 272 146 126 525 288
is_linear=0
shrinkage=0.05


Tree=55
num_leaves=11
num_cat=0
split_feature=1 0 0 1 0 0 0 1 0 0
split_gain=0.619117 0.292524 0.193989 0.163009 0.0687044 0.0646882 0.0342129 0.0274822 0.0959502 1.11022e-16
threshold=0.31534386022177446 0.28700590964560962 0.30941355615956084 0.30919449084626766 0.32335192624859971 0.32073472075195003 0.31705389541058182 0.33322779121935014 0.32742275219163069 0.36588008808621048
decision_type=2 2 2 2 2 2 2 2 2 2
left_child=1 -1 3 -3 5 6 -2 8 -6 -9
right_child=4 2 -4 -5 7 -7 -8 9 -10 -11
leaf_value=-0.00012714486068088061 2.817013543357505e-05 -4.0769774785381632e-06 -4.4463901277101835e-06 9.7046756205894933e-05 8.483363496486967e-05 7.5333027214204709e-06 0.00014187889523348203 0.00034707123954164369 1.32687387178837e-05 0.0014202006811736279
leaf_weight=31 104 157 30 54 77 52 68 267 30 30
leaf_count=31 104 157 30 54 77 52 68 267 30 30
internal_value=0.001 -0.000992647 -0.000404564 0.000130332 0.00186306 0.00116071 0.00162791 0.00225248 0.00156542 0.0025
internal_weight=900 272 241 211 628 224 172 404 107 297
internal_count=900 272 241 211 628 224 172 404 107 297
is_linear=0
shrinkage=0.05


Tree=56
num_leaves=10
num_cat=0
split_feature=0 0 1 0 0 1 1 0 0
split_gain=0.539675 0.139752 0.128835 0.144729 0.0618357 0.17094 0.0465592 0.0244188 0.030954
threshold=0.30729801531162121 0.29003791293740183 0.32114533747766888 0.31092532212587515 0.29459476638012949 0.30331356163026685 0.31686755100645425 0.33294302844820384 0.3220689458916231
decision_type=2 2 2 2 2 2 2 2 2
left_child=1 -1 3 -2 -3 -6 -5 8 -4
right_child=2 4 7 6 5 -7 -8 -9 -10
leaf_value=-2.594470546696537e-05 5.7275778307603411e-06 1.4197737143209562e-05 0.00011361245997796465 -4.0646301495051298e-06 -4.6254511118432485e-05 1.0861580804020373e-05 5.9995207321124431e-05 0.00040871171495529546 7.6970131472432567e-05
leaf_weight=40 54 40 106 31 40 104 61 237 187
leaf_count=40 54 40 106 31 40 104 61 237 187
internal_value=0.00105556 -0.00107143 0.00176036 0.000445206 -0.00048913 -0.000972222 -0.000760869 0.00212264 0.00181741
internal_weight=900 224 676 146 184 144 92 530 293
internal_count=900 224 676 146 184 144 92 530 293
is_linear=0
shrinkage=0.05


Tree=57
num_leaves=11
num_cat=0
split_feature=1 0 1 0 0 0 0 1 0 0
split_gain=0.469966 0.16918 0.200589 0.0687044 0.0646882 0.046836 0.0342129 0.0274822 0.0959502 1.11022e-16
threshold=0.31534386022177446 0.30941355615956084 0.30919449084626766 0.32335192624859971 0.32073472075195003 0.30138779181882824 0.31705389541058182 0.33322779121935014 0.32742275219163069 0.36588008808621048
decision_type=2 2 2 2 2 2 2 2 2 2
left_child=1 2 5 4 6 -1 -2 8 -5 -9
right_child=3 -3 -4 7 -6 -7 -8 9 -10 -11
leaf_value=-5.1188692126668783e-06 2.6964860169373386e-05 -4.0208391138495245e-06 9.190803950406197e-05 7.6743446643003744e-05 3.3081310117274163e-06 -1.5112208093793787e-05 0.00013004262952822913 0.00031660754947872408 8.7567952083672525e-06 0.0013287550613671818
leaf_weight=135 104 30 54 77 52 53 68 267 30 30
leaf_count=135 104 30 54 77 52 53 68 267 30 30
internal_value=0.00111111 -0.000625 -0.00018595 0.00186306 0.00116071 -0.000957447 0.00162791 0.00225248 0.00156542 0.0025
internal_weight=900 272 242 628 224 188 172 404 107 297
internal_count=900 272 242 628 224 188 172 404 107 297
is_linear=0
shrinkage=0.05


Tree=58
num_leaves=10
num_cat=0
split_feature=0 1 0 0 0 1 1 0 1
split_gain=0.604938 0.141724 0.15698 0.0470179 0.0685812 0.146456 0.0222007 0.015625 0.0145362
threshold=0.31384732483925415 0.32421577223755221 0.31669226454541849 0.29003791293740183 0.29459476638012949 0.30331356163026685 0.38540124330588948 0.31862810348252224 0.33322779121935014
decision_type=2 2 2 2 2 2 2 2 2
left_child=3 2 -2 -1 -5 -6 8 -4 -3
right_child=1 6 7 4 5 -7 -8 -9 -10
leaf_value=-2.4391526732983616e-05 5.8669162339391384e-05 7.8559247586359473e-05 8.7852657829450348e-05 1.3743793746681738e-05 -4.3660858769192557e-05 -2.9464972198145824e-07 0.00039759219438635271 -2.2525031245403155e-05 0.00030128576294656789
leaf_weight=40 43 169 32 40 40 204 31 32 269
leaf_count=40 43 169 32 40 40 204 31 32 269
internal_value=0.000833333 0.00180556 0.000163551 -0.000895062 -0.000669014 -0.000983606 0.00218017 -0.00140625 0.00227169
internal_weight=900 576 107 324 284 244 469 64 438
internal_count=900 576 107 324 284 244 469 64 438
is_linear=0
shrinkage=0.05


Tree=59
num_leaves=12
num_cat=0
split_feature=1 1 0 1 0 1 1 0 0 1 0
split_gain=0.586984 0.0823539 0.168706 0.198803 0.159287 0.054422 0.0193452 0.0166667 0.015625 0.0140678 0.109942
threshold=0.32421577223755221 0.31534386022177446 0.30715555548422618 0.30714017701617663 0.31669226454541849 0.36545751485232086 0.31697828167171288 0.30941355615956084 0.31862810348252224 0.33322779121935014 0.32742275219163069
decision_type=2 2 2 2 2 2 2 2 2 2 2
left_child=1 2 3 -1 6 9 -3 -4 -6 10 -2
right_child=5 4 7 -5 8 -7 -8 -9 -10 -11 -12
leaf_value=-1.2170654160342781e-05 9.1527455737120845e-05 3.5129799296707009e-05 -2.4375613334265412e-06 0.00018631542353054098 8.3460024937977509e-05 7.1973772692544656e-05 0.00010525853961861103 -3.8050646720604171e-06 -2.1398779683133622e-05 0.0002810265223513207 4.3909930686314434e-06
leaf_weight=164 141 32 30 48 32 51 52 30 32 258 30
leaf_count=164 141 32 30 48 32 51 52 30 32 258 30
internal_value=0.000888889 -0.00047619 -0.000992647 -0.000330189 0.000472973 0.00208333 0.00190476 -0.00333333 -0.00140625 0.0022669 0.0019152
internal_weight=900 420 272 212 148 480 84 60 64 429 171
internal_count=900 420 272 212 148 480 84 60 64 429 171
is_linear=0
shrinkage=0.05


Tree=60
num_leaves=10
num_cat=0
split_feature=0 0 0 0 0 1 1 0 0
split_gain=0.547822 0.106247 0.098709 0.103707 0.0974775 0.115171 0.0393617 0.0833333 1.11022e-16
threshold=0.32463034683194852 0.30857192436723674 0.3054515841132191 0.30202764462528714 0.3220689458916231 0.32114533747766888 0.33322779121935014 0.32742275219163069 0.36588008808621048
decision_type=2 2 2 2 2 2 2 2 2
left_child=1 2 3 -1 5 -3 7 -2 -8
right_child=6 4 -4 -5 -6 -7 8 -9 -10
leaf_value=-1.0944520437341164e-05 9.5429209758469326e-05 -9.5541599764467582e-07 -2.8959344634676976e-06 8.836196069392711e-05 -2.988116000643415e-06 9.4509552063666523e-05 0.00027140726226900272 4.1714434151990392e-06 0.0012436543315168663
leaf_weight=148 50 130 44 48 48 106 266 30 30
leaf_count=148 50 130 44 48 48 106 266 30 30
internal_value=0.000777778 -0.000267176 -0.00104167 -0.000561224 0.000387324 0.000805085 0.00223404 0.00125 0.0025
internal_weight=900 524 240 196 284 236 376 80 296
internal_count=900 524 240 196 284 236 376 80 296
is_linear=0
shrinkage=0.05


Tree=61
num_leaves=8
num_cat=0
split_feature=0 1 1 1 1 0 0
split_gain=0.506822 0.105349 0.138761 0.0836012 0.0393617 0.0833333 1.11022e-16
threshold=0.32463034683194852 0.32727483070823599 0.32421577223755221 0.30206915994223621 0.33322779121935014 0.32742275219163069 0.36588008808621048
decision_type=2 2 2 2 2 2 2
left_child=1 2 3 -1 5 -2 -6
right_child=4 -3 -4 -5 6 -7 -8
leaf_value=-2.9719748195390932e-05 9.06577492705459e-05 -2.8725933696883975e-06 8.4167318182783841e-05 1.9721311082642163e-07 0.00025783689915555346 3.9628712444395035e-06 0.0011814716149410238
leaf_weight=100 50 52 52 320 266 30 30
leaf_count=100 50 52 52 320 266 30 30
internal_value=0.000833333 -0.000171756 6.35594e-05 -0.000238095 0.00223404 0.00125 0.0025
internal_weight=900 524 472 420 376 80 296
internal_count=900 524 472 420 376 80 296
is_linear=0
shrinkage=0.05


Tree=62
num_leaves=9
num_cat=0
split_feature=0 0 0 1 1 0 0 0
split_gain=0.478257 0.107659 0.105219 0.174633 0.055303 0.0666667 0.0190476 1.11022e-16
threshold=0.32601530395724754 0.29661800149438439 0.30138779181882824 0.30756141843542034 0.33322779121935014 0.32742275219163069 0.29003791293740183 0.35338004271422679
decision_type=2 2 2 2 2 2 2 2
left_child=1 6 -3 -4 5 -2 -1 -6
right_child=4 2 3 -5 7 -7 -8 -9
leaf_value=-2.053020425668295e-05 0.00015182214057926082 3.0632110553611453e-05 -2.0000969723187138e-05 1.3534428699768726e-05 0.00023793498100587712 3.7647276822178056e-06 -3.0402707523509904e-05 0.001085601364771843
leaf_weight=40 30 44 33 375 232 30 56 60
leaf_count=40 30 44 33 375 232 30 56 60
internal_value=0.000777778 -0.000145985 0.000176991 -7.35293e-05 0.00221591 0.000833333 -0.00166667 0.0025
internal_weight=900 548 452 408 352 60 96 292
internal_count=900 548 452 408 352 60 96 292
is_linear=0
shrinkage=0.05


Tree=63
num_leaves=10
num_cat=0
split_feature=0 0 1 0 1 1 0 0 0
split_gain=0.515922 0.0951274 0.055303 0.0666667 0.0494548 0.131188 0.0193659 0.0190476 1.11022e-16
threshold=0.32601530395724754 0.29661800149438439 0.33322779121935014 0.32742275219163069 0.32727483070823599 0.32421577223755221 0.32352092779016045 0.29003791293740183 0.35338004271422679
decision_type=2 2 2 2 2 2 2 2 2
left_child=1 7 3 -2 5 -3 -6 -1 -4
right_child=2 4 8 -5 6 -7 -8 -9 -10
leaf_value=-1.9503694043848664e-05 0.00014423103355029889 -9.2607769648729128e-08 0.00022603823195558299 3.5764912981073317e-06 -2.4936159792983458e-05 8.0164827701717915e-05 1.7233092925652808e-05 -2.888257214733367e-05 0.0010313212965332521
leaf_weight=40 30 327 232 30 33 57 35 56 60
leaf_count=40 30 327 232 30 33 57 35 56 60
internal_value=0.000722222 -0.000237226 0.00221591 0.000833333 6.63717e-05 0.000286458 -0.00117647 -0.00166667 0.0025
internal_weight=900 548 352 60 452 384 68 96 292
internal_count=900 548 352 60 452 384 68 96 292
is_linear=0
shrinkage=0.05


Tree=64
num_leaves=9
num_cat=0
split_feature=0 0 1 0 1 1 0 0
split_gain=0.457904 0.0951274 0.0701765 0.0678917 0.0494548 0.131188 0.0193659 0.0190476
threshold=0.32601530395724754 0.29661800149438439 0.33539585760801099 0.32801156096287792 0.32727483070823599 0.32421577223755221 0.32352092779016045 0.29003791293740183
decision_type=2 2 2 2 2 2 2 2
left_child=1 7 3 -2 5 -3 -6 -1
right_child=2 4 -4 -5 6 -7 -8 -9
leaf_value=-1.8528509341655952e-05 0.00017355586306583016 -8.7977381164978486e-08 0.00030552237163123741 4.2964762295568327e-05 -2.368935180333408e-05 7.6156586316631213e-05 1.637143827936918e-05 -2.7438443539966803e-05
leaf_weight=40 39 327 258 55 33 57 35 56
leaf_count=40 39 327 258 55 33 57 35 56
internal_value=0.000666667 -0.000237226 0.00207386 0.000904255 6.63717e-05 0.000286458 -0.00117647 -0.00166667
internal_weight=900 548 352 94 452 384 68 96
internal_count=900 548 352 94 452 384 68 96
is_linear=0
shrinkage=0.05


Tree=65
num_leaves=11
num_cat=0
split_feature=0 1 0 1 0 1 0 0 1 0
split_gain=0.422462 0.0949107 0.196245 0.246813 0.0966552 0.0701765 0.0678917 0.0562852 0.0507674 0.0166667
threshold=0.32601530395724754 0.31534386022177446 0.30715555548422618 0.30623249045910456 0.32023613664099354 0.33539585760801099 0.32801156096287792 0.31705389541058182 0.32754028775817573 0.30941355615956084
decision_type=2 2 2 2 2 2 2 2 2 2
left_child=1 2 3 -1 7 6 -2 -3 -6 -4
right_child=5 4 9 -5 8 -7 -8 -9 -10 -11
leaf_value=-1.7653364535684342e-05 0.00016487806991253852 2.0296887045992418e-05 -2.8484393765709771e-06 9.763843419244387e-05 -4.3139739201603721e-06 0.00029024625304967597 4.0816524180788615e-05 0.00031467552748390317 0.00010746977599172537 -4.2445934715639026e-06
leaf_weight=148 39 104 30 64 61 258 55 60 51 30
leaf_count=148 39 104 30 64 61 258 55 60 51 30
internal_value=0.000722222 -0.000145985 -0.000808823 -9.43396e-05 0.000507246 0.00207386 0.000904255 0.00128049 -0.000625 -0.00333333
internal_weight=900 548 272 212 276 352 94 164 112 60
internal_count=900 548 272 212 276 352 94 164 112 60
is_linear=0
shrinkage=0.05


Tree=66
num_leaves=10
num_cat=0
split_feature=0 0 0 1 0 1 1 0 0
split_gain=0.494773 0.101785 0.111607 0.0701765 0.0678917 0.0595238 0.0507674 0.0470179 0.0685812
threshold=0.32601530395724754 0.31384732483925415 0.32023613664099354 0.33539585760801099 0.32801156096287792 0.31997780648124835 0.32754028775817573 0.29003791293740183 0.29459476638012949
decision_type=2 2 2 2 2 2 2 2 2
left_child=1 7 5 4 -2 -3 -4 -1 -9
right_child=3 2 6 -5 -6 -7 -8 8 -10
leaf_value=-1.671941564778956e-05 0.00015663416641691075 1.6170380775806793e-05 -4.0982752241531335e-06 0.00027573394039719166 3.8775697971748168e-05 0.00028725778396683575 0.00010209628719213827 2.091720458632381e-05 -3.3817127041061312e-06
leaf_weight=40 39 42 61 258 55 70 51 40 244
leaf_count=40 39 42 61 258 55 70 51 40 244
internal_value=0.000611111 -0.000328467 0.000491071 0.00207386 0.000904255 0.00160714 -0.000625 -0.000895062 -0.000669014
internal_weight=900 548 224 352 94 112 112 324 284
internal_count=900 548 224 352 94 112 112 324 284
is_linear=0
shrinkage=0.05


Tree=67
num_leaves=11
num_cat=0
split_feature=0 1 0 1 0 1 0 0 1 0
split_gain=0.457904 0.123276 0.168706 0.198803 0.0966552 0.0701765 0.0678917 0.0562852 0.0507674 0.0166667
threshold=0.32601530395724754 0.31534386022177446 0.30715555548422618 0.30714017701617663 0.32023613664099354 0.33539585760801099 0.32801156096287792 0.31705389541058182 0.32754028775817573 0.30941355615956084
decision_type=2 2 2 2 2 2 2 2 2 2
left_child=1 2 3 -1 7 6 -2 -3 -6 -4
right_child=5 4 9 -5 8 -7 -8 -9 -10 -11
leaf_value=-5.2700381112947025e-06 0.00014880245809606452 1.645162260490775e-05 -2.5369317725371102e-06 0.00016987807912697531 -3.8933614629466737e-06 0.00026194724337733142 3.6836913073161829e-05 0.0002845788619113683 9.6991472832530515e-05 -3.8632781627827424e-06
leaf_weight=164 39 104 30 48 61 258 55 60 51 30
leaf_count=164 39 104 30 48 61 258 55 60 51 30
internal_value=0.000666667 -0.000237226 -0.000992647 -0.000330189 0.000507246 0.00207386 0.000904255 0.00128049 -0.000625 -0.00333333
internal_weight=900 548 272 212 276 352 94 164 112 60
internal_count=900 548 272 212 276 352 94 164 112 60
is_linear=0
shrinkage=0.05


Tree=68
num_leaves=9
num_cat=0
split_feature=0 0 0 0 0 1 1 0
split_gain=0.457904 0.110532 0.098709 0.103707 0.0818957 0.227304 0.0701765 0.0678917
threshold=0.32601530395724754 0.30857192436723674 0.3054515841132191 0.30202764462528714 0.31092532212587515 0.31686755100645425 0.33539585760801099 0.32801156096287792
decision_type=2 2 2 2 2 2 2 2
left_child=1 2 3 -1 -3 -6 7 -2
right_child=6 4 -4 -5 5 -7 -8 -9
leaf_value=-4.9061207170359362e-06 0.0001413623351912613 7.3748871770545102e-05 -3.5619541999303775e-06 7.4801432074955273e-05 -4.7410712941779824e-06 2.8899002032134751e-05 0.0002488498812084635 3.4995067419503966e-05
leaf_weight=148 39 40 44 48 31 237 258 55
leaf_count=148 39 40 44 48 31 237 258 55
internal_value=0.000666667 -0.000237226 -0.00104167 -0.000561224 0.00038961 7.46269e-05 0.00207386 0.000904255
internal_weight=900 548 240 196 308 268 352 94
internal_count=900 548 240 196 308 268 352 94
is_linear=0
shrinkage=0.05


Tree=69
num_leaves=8
num_cat=0
split_feature=0 0 0 1 1 0 0
split_gain=0.457904 0.0951274 0.115478 0.162574 0.0701765 0.0678917 0.0190476
threshold=0.32601530395724754 0.29661800149438439 0.30138779181882824 0.30756141843542034 0.33539585760801099 0.32801156096287792 0.29003791293740183
decision_type=2 2 2 2 2 2 2
left_child=1 6 -3 -4 5 -2 -1
right_child=4 2 3 -5 -6 -7 -8
leaf_value=-1.5374636923984331e-05 0.00013429421843169921 3.0670096086877512e-05 -1.9025481136901166e-05 6.098349030292964e-06 0.00023640738714803897 3.3245314048529143e-05 -2.450595955956389e-05
leaf_weight=40 39 44 33 375 258 55 56
leaf_count=40 39 44 33 375 258 55 56
internal_value=0.000666667 -0.000237226 6.63717e-05 -0.000196078 0.00207386 0.000904255 -0.00166667
internal_weight=900 548 452 408 352 94 96
internal_count=900 548 452 408 352 94 96
is_linear=0
shrinkage=0.05


Tree=70
num_leaves=11
num_cat=0
split_feature=0 1 0 1 0 1 0 0 1 0
split_gain=0.457904 0.123276 0.168706 0.198803 0.0966552 0.0701765 0.0678917 0.0562852 0.0507674 0.0166667
threshold=0.32601530395724754 0.31534386022177446 0.30715555548422618 0.30714017701617663 0.32023613664099354 0.33539585760801099 0.32801156096287792 0.31705389541058182 0.32754028775817573 0.30941355615956084
decision_type=2 2 2 2 2 2 2 2 2 2
left_child=1 2 3 -1 7 6 -2 -3 -6 -4
right_child=5 4 9 -5 8 -7 -8 -9 -10 -11
leaf_value=-3.9651169699147503e-06 0.00012757950751011437 1.530887690883036e-05 -2.5369049254292401e-06 0.0001595270699488242 -5.4485609429211854e-06 0.00022458701779063748 3.1583048346102918e-05 0.00026860005126267864 9.0392031637781544e-05 -4.5984517493083025e-06
leaf_weight=164 39 104 30 48 61 258 55 60 51 30
leaf_count=164 39 104 30 48 61 258 55 60 51 30
internal_value=0.000666667 -0.000237226 -0.000992647 -0.000330189 0.000507246 0.00207386 0.000904255 0.00128049 -0.000625 -0.00333333
internal_weight=900 548 272 212 276 352 94 164 112 60
internal_count=900 548 272 212 276 352 94 164 112 60
is_linear=0
shrinkage=0.05


Tree=71
num_leaves=10
num_cat=0
split_feature=0 0 0 1 1 1 0 0 0
split_gain=0.494473 0.104371 0.105111 0.141741 0.0639781 0.0595238 0.0470179 0.0685812 1.11022e-16
threshold=0.32809275457935339 0.31384732483925415 0.32023613664099354 0.32922810103325523 0.33539585760801099 0.31997780648124835 0.29003791293740183 0.29459476638012949 0.36105882228286817
decision_type=2 2 2 2 2 2 2 2 2
left_child=1 6 5 -4 -2 -3 -1 -8 -6
right_child=4 2 3 -5 8 -7 7 -9 -10
leaf_value=-1.4407649229289388e-05 7.2425968677422575e-05 1.3705972874525352e-05 -5.2945622282240901e-06 0.00010902173961344631 0.00020690950920985594 0.00025782508659205042 2.1803706124898311e-05 -3.0497943913686822e-06 0.00063896941767196047
leaf_weight=40 52 42 99 56 221 70 40 244 36
leaf_count=40 52 42 99 56 221 70 40 244 36
internal_value=0.000555556 -0.000291878 0.000440075 -0.000403226 0.00217638 0.00160714 -0.000895062 -0.000669014 0.0025
internal_weight=900 591 267 155 309 112 324 284 257
internal_count=900 591 267 155 309 112 324 284 257
is_linear=0
shrinkage=0.05


Tree=72
num_leaves=11
num_cat=0
split_feature=0 1 0 1 1 1 1 1 0 0
split_gain=0.494473 0.0989863 0.168706 0.198803 0.130922 0.200028 0.0693302 0.0639781 0.0166667 1.11022e-16
threshold=0.32809275457935339 0.31534386022177446 0.30715555548422618 0.30714017701617663 0.32727483070823599 0.32982639092646687 0.32421577223755221 0.33539585760801099 0.30941355615956084 0.36105882228286817
decision_type=2 2 2 2 2 2 2 2 2 2
left_child=1 2 3 -1 6 -6 -3 -2 -4 -9
right_child=7 4 8 -5 5 -7 -8 9 -10 -11
leaf_value=-3.1316626402063262e-06 6.8804670243552418e-05 1.716899421976337e-05 -2.2575699595905884e-06 0.00015170320617095151 -4.7693616730655644e-06 4.2676683076138224e-05 7.2104364881818458e-05 0.00019656403374936223 -4.2160394422737954e-06 0.00060702094678836331
leaf_weight=164 52 148 30 48 51 61 59 221 30 36
leaf_count=164 52 148 30 48 51 61 59 221 30 36
internal_value=0.000555556 -0.000291878 -0.000992647 -0.000330189 0.000305643 -0.00107143 0.00105072 0.00217638 -0.00333333 0.0025
internal_weight=900 591 272 212 319 112 207 309 60 257
internal_count=900 591 272 212 319 112 207 309 60 257
is_linear=0
shrinkage=0.05


Tree=73
num_leaves=7
num_cat=0
split_feature=0 1 1 0 0 0
split_gain=0.488309 0.164085 0.153269 0.168706 0.113055 1.11022e-16
threshold=0.33511831500642247 0.3378037436391545 0.31534386022177446 0.30715555548422618 0.33181630137838197 0.35422508837178451
decision_type=2 2 2 2 2 2
left_child=1 2 3 -1 -4 -2
right_child=5 -3 4 -5 -6 -7
leaf_value=-1.3492952933626799e-06 0.00023307069736277499 -4.1200278682867119e-05 4.2697914260752311e-05 -3.3669144877828558e-06 -1.4204753476295803e-05 0.00082714992690512211
leaf_weight=212 153 32 355 60 31 57
leaf_count=212 153 32 355 60 31 57
internal_value=0.000388889 -0.000253623 -8.35866e-05 -0.000992647 0.000556995 0.0025
internal_weight=900 690 658 272 386 210
internal_count=900 690 658 272 386 210
is_linear=0
shrinkage=0.05


Tree=74
num_leaves=10
num_cat=0
split_feature=0 1 0 1 0 0 1 0 0
split_gain=0.384375 0.118268 0.168706 0.198803 0.127109 0.0931435 0.0274962 0.0166667 5.55112e-17
threshold=0.33511831500642247 0.31534386022177446 0.30715555548422618 0.30714017701617663 0.33213504066442673 0.32809275457935339 0.34122985552565177 0.30941355615956084 0.35422508837178451
decision_type=2 2 2 2 2 2 2 2 2
left_child=1 2 3 -1 5 -3 -2 -4 -8
right_child=6 4 7 -5 -6 -7 8 -9 -10
leaf_value=-2.9076147435265908e-06 6.101912307694968e-05 8.142038036232417e-06 -1.9763457372229397e-06 0.00014418551062707211 -4.5318811148571394e-06 0.00011663988705292172 0.00040435908909470798 -3.8368917457711935e-06 0.00078579243055986532
leaf_weight=164 31 319 30 48 42 57 122 30 57
leaf_count=164 31 319 30 48 42 57 122 30 57
internal_value=0.000388889 -0.000181159 -0.000992647 -0.000330189 0.00034689 0.000638298 0.0022619 -0.00333333 0.0025
internal_weight=900 690 272 212 418 376 210 60 179
internal_count=900 690 272 212 418 376 210 60 179
is_linear=0
shrinkage=0.05


Tree=75
num_leaves=8
num_cat=0
split_feature=0 1 1 0 0 1 0
split_gain=0.407516 0.164085 0.153269 0.168706 0.113055 0.0274962 5.55112e-17
threshold=0.33511831500642247 0.3378037436391545 0.31534386022177446 0.30715555548422618 0.33181630137838197 0.34122985552565177 0.35422508837178451
decision_type=2 2 2 2 2 2 2
left_child=1 2 3 -1 -4 -2 -7
right_child=5 -3 4 -5 -6 6 -8
leaf_value=-1.1364497915169312e-06 5.796816692310303e-05 -3.9198833859243122e-05 3.8826955611485312e-05 -3.0067241761060781e-06 -1.3267921746736975e-05 0.00038414113463997317 0.00074650280903187157
leaf_weight=212 31 32 355 60 31 122 57
leaf_count=212 31 32 355 60 31 122 57
internal_value=0.000333333 -0.000253623 -8.35866e-05 -0.000992647 0.000556995 0.0022619 0.0025
internal_weight=900 690 658 272 386 210 179
internal_count=900 690 658 272 386 210 179
is_linear=0
shrinkage=0.05


Tree=76
num_leaves=10
num_cat=0
split_feature=0 1 0 1 0 0 1 0 0
split_gain=0.384375 0.118268 0.168706 0.198803 0.127109 0.0931435 0.0274962 0.0166667 5.55112e-17
threshold=0.33511831500642247 0.31534386022177446 0.30715555548422618 0.30714017701617663 0.33213504066442673 0.32809275457935339 0.34122985552565177 0.30941355615956084 0.35422508837178451
decision_type=2 2 2 2 2 2 2 2 2
left_child=1 2 3 -1 5 -3 -2 -4 -8
right_child=6 4 7 -5 -6 -7 8 -9 -10
leaf_value=-2.7054115167753496e-06 5.5069758576947741e-05 5.793588353847406e-06 -1.7271922415573738e-06 0.00013703305758529387 -2.6662117037149456e-06 0.00010886654491970295 0.00036493407790797464 -3.4947109496788092e-06 0.00070917766858027758
leaf_weight=164 31 319 30 48 42 57 122 30 57
leaf_count=164 31 319 30 48 42 57 122 30 57
internal_value=0.000388889 -0.000181159 -0.000992647 -0.000330189 0.00034689 0.000638298 0.0022619 -0.00333333 0.0025
internal_weight=900 690 272 212 418 376 210 60 179
internal_count=900 690 272 212 418 376 210 60 179
is_linear=0
shrinkage=0.05


Tree=77
num_leaves=10
num_cat=0
split_feature=0 1 0 1 0 0 1 0 0
split_gain=0.384375 0.118268 0.168706 0.198803 0.127109 0.0931435 0.0274962 0.0166667 5.55112e-17
threshold=0.33511831500642247 0.31534386022177446 0.30715555548422618 0.30714017701617663 0.33213504066442673 0.32809275457935339 0.34122985552565177 0.30941355615956084 0.35422508837178451
decision_type=2 2 2 2 2 2 2 2 2
left_child=1 2 3 -1 5 -3 -2 -4 -8
right_child=6 4 7 -5 -6 -7 8 -9 -10
leaf_value=-2.5701409409375071e-06 5.2316270648100629e-05 5.5039089361553164e-06 -1.6408326294792276e-06 0.00013018140470602994 -2.5329011185302142e-06 0.00010342321767371765 0.0003466873740125748 -3.3199754021947696e-06 0.00067371878515126498
leaf_weight=164 31 319 30 48 42 57 122 30 57
leaf_count=164 31 319 30 48 42 57 122 30 57
internal_value=0.000388889 -0.000181159 -0.000992647 -0.000330189 0.00034689 0.000638298 0.0022619 -0.00333333 0.0025
internal_weight=900 690 272 212 418 376 210 60 179
internal_count=900 690 272 212 418 376 210 60 179
is_linear=0
shrinkage=0.05


Tree=78
num_leaves=10
num_cat=0
split_feature=0 1 0 1 0 0 1 0 0
split_gain=0.384375 0.118268 0.168706 0.198803 0.127109 0.0931435 0.0274962 0.0166667 5.55112e-17
threshold=0.33511831500642247 0.31534386022177446 0.30715555548422618 0.30714017701617663 0.33213504066442673 0.32809275457935339 0.34122985552565177 0.30941355615956084 0.35422508837178451
decision_type=2 2 2 2 2 2 2 2 2
left_child=1 2 3 -1 5 -3 -2 -4 -8
right_child=6 4 7 -5 -6 -7 8 -9 -10
leaf_value=-2.4416338938894753e-06 4.9700457115695043e-05 5.2287134893469978e-06 -1.5587909980047112e-06 0.00012367233447072726 -2.4062560626045802e-06 9.8252056790032469e-05 0.00032935300531194701 -3.1539766320845158e-06 0.00064003284589370167
leaf_weight=164 31 319 30 48 42 57 122 30 57
leaf_count=164 31 319 30 48 42 57 122 30 57
internal_value=0.000388889 -0.000181159 -0.000992647 -0.000330189 0.00034689 0.000638298 0.0022619 -0.00333333 0.0025
internal_weight=900 690 272 212 418 376 210 60 179
internal_count=900 690 272 212 418 376 210 60 179
is_linear=0
shrinkage=0.05


Tree=79
num_leaves=10
num_cat=0
split_feature=0 1 0 1 0 0 1 0 0
split_gain=0.384375 0.118268 0.168706 0.198803 0.127109 0.0931435 0.0274962 0.0166667 5.55112e-17
threshold=0.33511831500642247 0.31534386022177446 0.30715555548422618 0.30714017701617663 0.33213504066442673 0.32809275457935339 0.34122985552565177 0.30941355615956084 0.35422508837178451
decision_type=2 2 2 2 2 2 2 2 2
left_child=1 2 3 -1 5 -3 -2 -4 -8
right_child=6 4 7 -5 -6 -7 8 -9 -10
leaf_value=-2.3195521991943997e-06 4.7215434259909039e-05 4.9672778148796506e-06 -1.4808514481046142e-06 0.00011748871774718987 -2.2859432594732851e-06 9.3339453950530563e-05 0.00031288535504634952 -2.9962778004801914e-06 0.00060803120359901664
leaf_weight=164 31 319 30 48 42 57 122 30 57
leaf_count=164 31 319 30 48 42 57 122 30 57
internal_value=0.000388889 -0.000181159 -0.000992647 -0.000330189 0.00034689 0.000638298 0.0022619 -0.00333333 0.0025
internal_weight=900 690 272 212 418 376 210 60 179
internal_count=900 690 272 212 418 376 210 60 179
is_linear=0
shrinkage=0.05


Tree=80
num_leaves=10
num_cat=0
split_feature=0 1 0 1 0 0 1 0 0
split_gain=0.384375 0.118268 0.168706 0.198803 0.127109 0.0931435 0.0274962 0.0166667 5.55112e-17
threshold=0.33511831500642247 0.31534386022177446 0.30715555548422618 0.30714017701617663 0.33213504066442673 0.32809275457935339 0.34122985552565177 0.30941355615956084 0.35422508837178451
decision_type=2 2 2 2 2 2 2 2 2
left_child=1 2 3 -1 5 -3 -2 -4 -8
right_child=6 4 7 -5 -6 -7 8 -9 -10
leaf_value=-2.2035745892342169e-06 4.4854662546914285e-05 4.7189139241344215e-06 -1.4068088756979957e-06 0.00011161428185983017 -2.1716460965002204e-06 8.8672481253004875e-05 0.00029724108729403122 -2.8464639104560827e-06 0.00057762964341906485
leaf_weight=164 31 319 30 48 42 57 122 30 57
leaf_count=164 31 319 30 48 42 57 122 30 57
internal_value=0.000388889 -0.000181159 -0.000992647 -0.000330189 0.00034689 0.000638298 0.0022619 -0.00333333 0.0025
internal_weight=900 690 272 212 418 376 210 60 179
internal_count=900 690 272 212 418 376 210 60 179
is_linear=0
shrinkage=0.05


Tree=81
num_leaves=9
num_cat=0
split_feature=0 1 0 0 0 0 1 0
split_gain=0.361912 0.0905527 0.103234 0.122021 0.0836545 0.0792944 0.0274962 5.55112e-17
threshold=0.33511831500642247 0.30206915994223621 0.33213504066442673 0.32809275457935339 0.29385205578183715 0.28700590964560962 0.34122985552565177 0.35422508837178451
decision_type=2 2 2 2 2 2 2 2
left_child=1 4 3 -3 5 -1 -2 -8
right_child=6 2 -4 -5 -6 -7 7 -9
leaf_value=-0.0001074919121672624 4.2611929419569819e-05 3.3839132329010834e-07 -2.0630637916749758e-06 8.4238857190355185e-05 -2.3518359205703838e-05 1.9036051390617451e-05 0.00028237903292933079 0.0005487481612481116
leaf_weight=31 31 491 42 57 33 36 122 57
leaf_count=31 31 491 42 57 33 36 122 57
internal_value=0.000444445 -0.000108696 0.000127119 0.000310219 -0.0015 -0.000485075 0.0022619 0.0025
internal_weight=900 690 590 548 100 67 210 179
internal_count=900 690 590 548 100 67 210 179
is_linear=0
shrinkage=0.05


Tree=82
num_leaves=7
num_cat=0
split_feature=0 0 0 0 1 0
split_gain=0.340124 0.0886148 0.143033 0.0544415 0.0274962 5.55112e-17
threshold=0.33511831500642247 0.33213504066442673 0.32809275457935339 0.32569166958657864 0.34122985552565177 0.35422508837178451
decision_type=2 2 2 2 2 2
left_child=1 2 3 -1 -2 -6
right_child=4 -3 -4 -5 5 -7
leaf_value=1.1558701483115734e-07 4.0481332948591468e-05 -1.9599106020904388e-06 8.0026914330838536e-05 -9.7059020819972042e-06 0.00026826008128286448 0.00052131075318570595
leaf_weight=544 31 42 57 47 122 57
leaf_count=544 31 42 57 47 122 57
internal_value=0.0005 -3.62318e-05 0.000108025 -0.000122673 0.0022619 0.0025
internal_weight=900 690 648 591 210 179
internal_count=900 690 648 591 210 179
is_linear=0
shrinkage=0.05


Tree=83
num_leaves=8
num_cat=0
split_feature=0 0 0 0 1 0 0
split_gain=0.213775 0.0886148 0.143033 0.0544415 0.0230086 0.0745098 0.0262911
threshold=0.33511831500642247 0.33213504066442673 0.32809275457935339 0.32569166958657864 0.34529211075073901 0.33826251349909214 0.36588008808621048
decision_type=2 2 2 2 2 2 2
left_child=1 2 3 -1 5 -2 -6
right_child=4 -3 -4 -5 6 -7 -8
leaf_value=1.098076640887387e-07 9.5277630657120144e-05 -1.861915071985961e-06 7.6025568614296332e-05 -9.2206069778976445e-06 0.00034292311647466826 1.070667487982624e-05 0.00053018296679686612
leaf_weight=544 38 42 57 47 112 30 30
leaf_count=544 38 42 57 47 112 30 30
internal_value=0.000388889 -3.62318e-05 0.000108025 -0.000122673 0.00178571 0.00102941 0.00214789
internal_weight=900 690 648 591 210 68 142
internal_count=900 690 648 591 210 68 142
is_linear=0
shrinkage=0.05


Tree=84
num_leaves=8
num_cat=0
split_feature=0 0 0 0 1 0 0
split_gain=0.231118 0.0829384 0.134996 0.0965288 0.0230086 0.0745098 0.0262911
threshold=0.33511831500642247 0.33213504066442673 0.32853018313990096 0.32569166958657864 0.34529211075073901 0.33826251349909214 0.36588008808621048
decision_type=2 2 2 2 2 2 2
left_child=1 2 3 -1 5 -2 -6
right_child=4 -3 -4 -5 6 -7 -8
leaf_value=1.0431728088510633e-07 9.0513749124263021e-05 -1.7688193183854583e-06 8.756360004817654e-05 -8.2657433063108091e-06 0.00032577696065093538 1.0171341135833957e-05 0.00050367381845702335
leaf_weight=544 38 42 51 53 112 30 30
leaf_count=544 38 42 51 53 112 30 30
internal_value=0.000333333 -0.000108696 3.08643e-05 -0.000180067 0.00178571 0.00102941 0.00214789
internal_weight=900 690 648 597 210 68 142
internal_count=900 690 648 597 210 68 142
is_linear=0
shrinkage=0.05


Tree=85
num_leaves=8
num_cat=0
split_feature=0 0 0 0 1 0 0
split_gain=0.231118 0.0829384 0.134996 0.0965288 0.0230086 0.0745098 0.0262911
threshold=0.33511831500642247 0.33213504066442673 0.32853018313990096 0.32569166958657864 0.34529211075073901 0.33826251349909214 0.36588008808621048
decision_type=2 2 2 2 2 2 2
left_child=1 2 3 -1 5 -2 -6
right_child=4 -3 -4 -5 6 -7 -8
leaf_value=9.9101416841655567e-08 8.5988061668049184e-05 -1.6803783524652581e-06 8.3185420045767019e-05 -7.8524561409951743e-06 0.00030948811261838799 9.6627740790417034e-06 0.00047849012753417298
leaf_weight=544 38 42 51 53 112 30 30
leaf_count=544 38 42 51 53 112 30 30
internal_value=0.000333333 -0.000108696 3.08643e-05 -0.000180067 0.00178571 0.00102941 0.00214789
internal_weight=900 690 648 597 210 68 142
internal_count=900 690 648 597 210 68 142
is_linear=0
shrinkage=0.05


Tree=86
num_leaves=8
num_cat=0
split_feature=0 0 0 0 1 0 0
split_gain=0.231118 0.0829384 0.134996 0.0965288 0.0230086 0.0745098 0.0262911
threshold=0.33511831500642247 0.33213504066442673 0.32853018313990096 0.32569166958657864 0.34529211075073901 0.33826251349909214 0.36588008808621048
decision_type=2 2 2 2 2 2 2
left_child=1 2 3 -1 5 -2 -6
right_child=4 -3 -4 -5 6 -7 -8
leaf_value=9.4146345999128349e-08 8.1688658584647139e-05 -1.5963594348420394e-06 7.9026149043478946e-05 -7.4598333339457375e-06 0.00029401370698746882 9.1796353750894791e-06 0.00045456562115746561
leaf_weight=544 38 42 51 53 112 30 30
leaf_count=544 38 42 51 53 112 30 30
internal_value=0.000333333 -0.000108696 3.08643e-05 -0.000180067 0.00178571 0.00102941 0.00214789
internal_weight=900 690 648 597 210 68 142
internal_count=900 690 648 597 210 68 142
is_linear=0
shrinkage=0.05


Tree=87
num_leaves=8
num_cat=0
split_feature=0 0 0 0 1 0 0
split_gain=0.176674 0.0829384 0.134996 0.0965288 0.0527841 0.128378 0.0259804
threshold=0.33511831500642247 0.33213504066442673 0.32853018313990096 0.32569166958657864 0.34596826580166978 0.33826251349909214 0.36588008808621048
decision_type=2 2 2 2 2 2 2
left_child=1 2 3 -1 5 -2 -6
right_child=4 -3 -4 -5 6 -7 -8
leaf_value=8.9439028699282601e-08 7.7604225655414369e-05 -1.5165414630988716e-06 7.5074841591304844e-05 -7.0868416672484959e-06 0.00041200372554238819 -4.9385020853407741e-06 0.00043183734009959174
leaf_weight=544 38 42 51 53 106 36 30
leaf_count=544 38 42 51 53 106 36 30
internal_value=0.000277778 -0.000108696 3.08643e-05 -0.000180067 0.00154762 0.000472973 0.00213235
internal_weight=900 690 648 597 210 74 136
internal_count=900 690 648 597 210 74 136
is_linear=0
shrinkage=0.05


Tree=88
num_leaves=10
num_cat=0
split_feature=1 0 1 0 1 0 1 0 0
split_gain=0.199858 0.432568 0.15453 0.196245 0.0582948 0.0734974 0.266651 0.0566848 5.55112e-17
threshold=0.330216732540971 0.32442792222520911 0.31534386022177446 0.30715555548422618 0.36545751485232086 0.33213504066442673 0.33993601053854844 0.32023613664099354 0.32918075401078556
decision_type=2 2 2 2 2 2 2 2 2
left_child=1 2 3 -1 5 8 -7 -4 -2
right_child=4 -3 7 -5 -6 6 -8 -9 -10
leaf_value=1.7767181543559193e-06 0.00011331515938016734 -1.4584332407480825e-05 8.681932419018942e-05 -2.3079740607490961e-06 -4.0298948638482803e-05 -9.394210020334047e-06 0.00023693049465577944 -1.2323226734723096e-06 6.2431907391349856e-05
leaf_weight=212 58 37 152 60 51 53 160 75 42
leaf_count=212 58 37 152 60 51 53 160 75 42
internal_value=0.000222222 -0.000391791 -5.00995e-06 -0.000808823 0.00112637 0.00138179 0.000856808 0.00095815 0.0025
internal_weight=900 536 499 272 364 313 213 227 100
internal_count=900 536 499 272 364 313 213 227 100
is_linear=0
shrinkage=0.05


Tree=89
num_leaves=10
num_cat=0
split_feature=1 0 1 0 1 0 1 0 0
split_gain=0.199858 0.432568 0.15453 0.196245 0.0582948 0.0734974 0.266651 0.0566848 5.55112e-17
threshold=0.330216732540971 0.32442792222520911 0.31534386022177446 0.30715555548422618 0.36545751485232086 0.33213504066442673 0.33993601053854844 0.32023613664099354 0.32918075401078556
decision_type=2 2 2 2 2 2 2 2 2
left_child=1 2 3 -1 5 8 -7 -4 -2
right_child=4 -3 7 -5 -6 6 -8 -9 -10
leaf_value=1.68788224663701e-06 0.00010764940141115842 -1.3855115787107096e-05 8.2478357980679908e-05 -2.1925753577113127e-06 -3.8284001206558041e-05 -8.9244995193175276e-06 0.0002250839699229902 -1.1707065397992505e-06 5.9310312021781947e-05
leaf_weight=212 58 37 152 60 51 53 160 75 42
leaf_count=212 58 37 152 60 51 53 160 75 42
internal_value=0.000222222 -0.000391791 -5.00995e-06 -0.000808823 0.00112637 0.00138179 0.000856808 0.00095815 0.0025
internal_weight=900 536 499 272 364 313 213 227 100
internal_count=900 536 499 272 364 313 213 227 100
is_linear=0
shrinkage=0.05


Tree=90
num_leaves=10
num_cat=0
split_feature=1 0 1 0 1 0 0 1 0
split_gain=0.165328 0.432568 0.144429 0.147297 0.121943 0.0779792 0.0752688 0.263842 5.55112e-17
threshold=0.330216732540971 0.32442792222520911 0.31658698888164433 0.31022170804213478 0.36438185781342064 0.31669226454541849 0.33213504066442673 0.33993601053854844 0.32918075401078556
decision_type=2 2 2 2 2 2 2 2 2
left_child=1 2 3 -1 6 -4 8 -8 -2
right_child=4 -3 5 -5 -6 -7 7 -9 -10
leaf_value=-1.2364610854271279e-07 0.00010226693134059995 -1.3162359997751636e-05 0.00010048516453572753 -3.6700531677537851e-06 -2.9259053849733919e-05 1.4219607652960068e-05 -8.4782745433507261e-06 0.0002234612777676481 5.6344796420693122e-05
leaf_weight=254 58 37 62 42 54 141 53 157 42
leaf_count=254 58 37 62 42 54 141 53 157 42
internal_value=0.000166667 -0.000391791 -5.00995e-06 -0.000709459 0.000989011 0.00102217 0.00137097 0.000833333 0.0025
internal_weight=900 536 499 296 364 203 310 210 100
internal_count=900 536 499 296 364 203 310 210 100
is_linear=0
shrinkage=0.05


Tree=91
num_leaves=9
num_cat=0
split_feature=1 0 1 0 1 0 1 0
split_gain=0.175195 0.305894 0.165254 0.148153 0.123543 0.0772824 0.192754 0.054955
threshold=0.32982639092646687 0.32442792222520911 0.32114533747766888 0.31453518233403882 0.36438185781342064 0.33213504066442673 0.34596826580166978 0.32023613664099354
decision_type=2 2 2 2 2 2 2 2
left_child=1 2 3 -1 5 -2 -7 -4
right_child=4 -3 7 -5 -6 6 -8 -9
leaf_value=-1.6625153897844531e-07 6.1563722236693811e-05 -1.6574133152980365e-05 0.00042450962041734234 -4.0546659042632087e-05 -2.779610115724861e-05 -3.2133414494391414e-06 0.00042202317355487858 9.0884160723047192e-06
leaf_weight=322 104 33 61 42 54 115 95 74
leaf_count=322 104 33 61 42 54 115 95 74
internal_value=0.000166667 -0.000413534 -0.00010521 -0.000659341 0.00100543 0.00138535 0.000833333 0.00138889
internal_weight=900 532 499 364 368 314 210 135
internal_count=900 532 499 364 368 314 210 135
is_linear=0
shrinkage=0.05


Tree=92
num_leaves=10
num_cat=0
split_feature=1 0 1 0 1 0 1 0 0
split_gain=0.225173 0.417235 0.165254 0.148153 0.1377 0.0552995 0.141615 0.054955 5.55112e-17
threshold=0.330216732540971 0.32442792222520911 0.32114533747766888 0.31453518233403882 0.36438185781342064 0.33213504066442673 0.34596826580166978 0.32023613664099354 0.32918075401078556
decision_type=2 2 2 2 2 2 2 2 2
left_child=1 2 3 -1 5 8 -7 -4 -2
right_child=4 -3 7 -5 -6 6 -8 -9 -10
leaf_value=-1.579389620294464e-07 9.4075398661735984e-05 -1.1675535340214391e-05 0.00040328413939647506 -3.8519326090500666e-05 -2.6406296099384931e-05 -3.0526743769678315e-06 0.00040092201487713425 8.6339952686908096e-06 5.0449370487823388e-05
leaf_weight=322 58 37 61 42 54 115 95 74 42
leaf_count=322 58 37 61 42 54 115 95 74 42
internal_value=0.000166667 -0.000485075 -0.00010521 -0.000659341 0.00112637 0.00153226 0.00107143 0.00138889 0.0025
internal_weight=900 536 499 364 364 310 210 135 100
internal_count=900 536 499 364 364 310 210 135 100
is_linear=0
shrinkage=0.05


Tree=93
num_leaves=10
num_cat=0
split_feature=1 0 1 0 1 0 1 0 0
split_gain=0.265197 0.417235 0.132681 0.150943 0.0689591 0.0539981 0.144029 0.0189247 5.55112e-17
threshold=0.330216732540971 0.32442792222520911 0.32438332940089182 0.31874782477727953 0.36545751485232086 0.33213504066442673 0.34596826580166978 0.32244170269877909 0.32918075401078556
decision_type=2 2 2 2 2 2 2 2 2
left_child=1 2 3 -1 5 8 -7 -4 -2
right_child=4 -3 7 -5 -6 6 -8 -9 -10
leaf_value=-1.0938555970324348e-07 8.9371628728648905e-05 -1.1091758573204122e-05 6.3950579720139266e-05 -3.2312508805594924e-05 -3.2196728590912247e-05 -2.9000406581205032e-06 0.00036233500938444578 0.00015622195340173452 4.7926901963432635e-05
leaf_weight=392 58 37 44 32 51 115 98 31 42
leaf_count=392 58 37 44 32 51 115 98 31 42
internal_value=0.000222222 -0.000485075 -0.00010521 -0.000448113 0.00126374 0.00154153 0.00109155 0.00183333 0.0025
internal_weight=900 536 499 424 364 313 213 75 100
internal_count=900 536 499 424 364 313 213 75 100
is_linear=0
shrinkage=0.05


Tree=94
num_leaves=10
num_cat=0
split_feature=1 0 1 1 1 0 1 0 0
split_gain=0.199858 0.432568 0.143832 0.1377 0.0703297 0.0552995 0.141615 0.054955 5.55112e-17
threshold=0.330216732540971 0.32442792222520911 0.32114533747766888 0.36438185781342064 0.31827718569595526 0.33213504066442673 0.34596826580166978 0.32023613664099354 0.32918075401078556
decision_type=2 2 2 2 2 2 2 2 2
left_child=1 2 4 5 -1 8 -7 -4 -2
right_child=3 -3 7 -5 -6 6 -8 -9 -10
leaf_value=-1.3644144582434593e-07 8.4903047292217434e-05 -1.053717064454298e-05 0.00038473555779494991 -3.6298427128033135e-05 -4.0262115073993149e-05 -2.755038625214709e-06 0.00036275916366405652 9.8179209455361427e-06 4.5530556865261422e-05
leaf_weight=324 58 37 61 54 40 115 95 74 42
leaf_count=324 58 37 61 54 40 115 95 74 42
internal_value=0.000222222 -0.000391791 -5.00995e-06 0.00112637 -0.000521978 0.00153226 0.00107143 0.00138889 0.0025
internal_weight=900 536 499 364 364 310 210 135 100
internal_count=900 536 499 364 364 310 210 135 100
is_linear=0
shrinkage=0.05


Tree=95
num_leaves=10
num_cat=0
split_feature=1 0 1 0 1 0 0 1 0
split_gain=0.176052 0.448177 0.162251 0.209216 0.1377 0.0631905 0.0552995 0.141615 5.55112e-17
threshold=0.330216732540971 0.32442792222520911 0.31442100586742294 0.30715555548422618 0.36438185781342064 0.32023613664099354 0.33213504066442673 0.34596826580166978 0.32918075401078556
decision_type=2 2 2 2 2 2 2 2 2
left_child=1 2 3 -1 6 -4 8 -8 -2
right_child=4 -3 5 -5 -6 -7 7 -9 -10
leaf_value=1.6381713150575492e-06 8.0657894927607671e-05 -1.0010312112316421e-05 5.9734566626145467e-05 -2.5760768566028627e-06 -3.448350577163087e-05 -3.1617157728134652e-06 -2.6172866939529551e-06 0.00034462120548085291 4.3254029021999596e-05
leaf_weight=212 58 37 164 48 54 75 115 95 42
leaf_count=212 58 37 164 48 54 75 115 95 42
internal_value=0.000277778 -0.000298507 9.51904e-05 -0.000769231 0.00112637 0.00103556 0.00153226 0.00107143 0.0025
internal_weight=900 536 499 260 364 239 310 210 100
internal_count=900 536 499 260 364 239 310 210 100
is_linear=0
shrinkage=0.05


Tree=96
num_leaves=10
num_cat=0
split_feature=1 0 1 0 1 1 0 0 0
split_gain=0.188421 0.417235 0.165254 0.148153 0.121943 0.0709074 0.266034 0.054955 2.77556e-17
threshold=0.330216732540971 0.32442792222520911 0.32114533747766888 0.31453518233403882 0.36438185781342064 0.34596826580166978 0.33826251349909214 0.32023613664099354 0.34716845574576999
decision_type=2 2 2 2 2 2 2 2 2
left_child=1 2 3 -1 5 6 -2 -4 -7
right_child=4 -3 7 -5 -6 8 -8 -9 -10
leaf_value=-1.0270546301330914e-06 4.5253031819004031e-05 -9.5097965066993839e-06 0.00036251205157389419 -3.7588904842923861e-05 -3.2759330483049824e-05 0.00020360420121608714 -3.1408737351364145e-05 9.4851106869008458e-06 0.0004281891715417535
leaf_weight=322 178 37 61 42 54 43 36 74 53
leaf_count=322 178 37 61 42 54 43 36 74 53
internal_value=0.000111111 -0.000485075 -0.00010521 -0.000659341 0.000989011 0.00137097 0.000864486 0.00138889 0.0025
internal_weight=900 536 499 364 364 310 214 135 96
internal_count=900 536 499 364 364 310 214 135 96
is_linear=0
shrinkage=0.05


Tree=97
num_leaves=10
num_cat=0
split_feature=0 1 0 0 1 1 0 0 0
split_gain=0.12757 0.0775273 0.203106 0.092015 0.0594626 0.100887 0.417235 0.0830552 0.0158646
threshold=0.33326391033111941 0.34596826580166978 0.33826251349909214 0.36305215105905436 0.33519273065868976 0.330216732540971 0.32442792222520911 0.32935678696270959 0.33577109506644026
decision_type=2 2 2 2 2 2 2 2 2
left_child=4 2 8 -3 5 6 -1 -7 -2
right_child=1 3 -4 -5 -6 7 -8 -9 -10
leaf_value=-1.1655292815308345e-07 1.6707766720069905e-05 0.00030451127720413035 -2.9838300483796287e-05 0.00010713112568992855 -1.9514183464631687e-05 7.9013544571759916e-05 -9.0343066813637558e-06 7.8669472541693233e-06 0.00017474665341515503
leaf_weight=499 31 104 36 33 43 56 37 31 30
leaf_count=499 31 104 36 33 43 56 37 31 30
internal_value=6.51926e-11 0.00100427 -7.73195e-05 0.00177007 -0.000352853 -0.000228732 -0.000485075 0.00135057 0.00168033
internal_weight=900 234 97 137 666 623 536 87 61
internal_count=900 234 97 137 666 623 536 87 61
is_linear=0
shrinkage=0.05


Tree=98
num_leaves=9
num_cat=0
split_feature=1 0 1 1 1 1 0 1
split_gain=0.106282 0.148153 0.0838786 0.272535 0.0821589 0.0762888 0.16918 0.0369458
threshold=0.32114533747766888 0.31453518233403882 0.32727483070823599 0.32982639092646687 0.36438185781342064 0.31534386022177446 0.30941355615956084 0.32421577223755221
decision_type=2 2 2 2 2 2 2 2
left_child=1 5 7 -4 -5 6 -1 -2
right_child=2 -3 3 4 -6 -7 -8 -9
leaf_value=-1.5194319807322002e-07 7.9137628598258052e-05 -3.570363195437174e-05 -1.0414447019247206e-05 3.7952902521645884e-05 -3.4261627583239699e-05 9.6243725535475903e-05 -2.6701809311043386e-06 5.7358444363656523e-05
leaf_weight=242 56 42 52 314 54 50 30 60
leaf_count=242 56 42 52 314 54 50 30 60
internal_value=6.51926e-11 -0.000659341 0.000447761 0.000119048 0.000597826 -0.000295031 -0.000625 0.00163793
internal_weight=900 364 536 420 368 322 272 116
internal_count=900 364 536 420 368 322 272 116
is_linear=0
shrinkage=0.05


Tree=99
num_leaves=7
num_cat=0
split_feature=0 0 0 0 0 1
split_gain=0.0777732 0.104591 0.11667 0.0782014 0.07745 0.0194376
threshold=0.34659413588210158 0.34154629815107412 0.33511831500642247 0.36305215105905436 0.33213504066442673 0.34122985552565177
decision_type=2 2 2 2 2 2
left_child=1 2 4 -2 -1 -4
right_child=3 -3 5 -5 -6 -7
leaf_value=-5.6738357268061258e-08 0.00039142658207685531 -1.1253446696121717e-05 1.3974733257984818e-05 0.00010348765078459365 -4.0230372001851171e-06 0.00021051312461163043
leaf_weight=648 60 39 31 33 42 47
leaf_count=648 60 39 31 33 42 47
internal_value=5.55556e-05 -0.00010223 2.60417e-05 0.00142473 -0.000181159 0.00185897
internal_weight=900 807 768 93 690 78
internal_count=900 807 768 93 690 78
is_linear=0
shrinkage=0.05


Tree=100
num_leaves=7
num_cat=0
split_feature=0 0 0 0 0 1
split_gain=0.0777732 0.104591 0.11667 0.0782014 0.07745 0.0194376
threshold=0.34659413588210158 0.34154629815107412 0.33511831500642247 0.36305215105905436 0.33213504066442673 0.34122985552565177
decision_type=2 2 2 2 2 2
left_child=1 2 4 -2 -1 -4
right_child=3 -3 5 -5 -6 -7
leaf_value=-5.3901439403548577e-08 0.00037185525297301242 -1.0690774361316047e-05 1.3275996595085716e-05 9.8313268245363346e-05 -3.8218853401747662e-06 0.00019998746838104933
leaf_weight=648 60 39 31 33 42 47
leaf_count=648 60 39 31 33 42 47
internal_value=5.55556e-05 -0.00010223 2.60417e-05 0.00142473 -0.000181159 0.00185897
internal_weight=900 807 768 93 690 78
internal_count=900 807 768 93 690 78
is_linear=0
shrinkage=0.05


Tree=101
num_leaves=7
num_cat=0
split_feature=0 0 0 0 0 1
split_gain=0.0777732 0.104591 0.11667 0.0782014 0.07745 0.0194376
threshold=0.34659413588210158 0.34154629815107412 0.33511831500642247 0.36305215105905436 0.33213504066442673 0.34122985552565177
decision_type=2 2 2 2 2 2
left_child=1 2 4 -2 -1 -4
right_child=3 -3 5 -5 -6 -7
leaf_value=-5.1206367432400311e-08 0.00035326249032436202 -1.0156235643249412e-05 1.261219676533254e-05 9.3397604833093983e-05 -3.6307910731672917e-06 0.00018998809496199588
leaf_weight=648 60 39 31 33 42 47
leaf_count=648 60 39 31 33 42 47
internal_value=5.55556e-05 -0.00010223 2.60417e-05 0.00142473 -0.000181159 0.00185897
internal_weight=900 807 768 93 690 78
internal_count=900 807 768 93 690 78
is_linear=0
shrinkage=0.05


Tree=102
num_leaves=7
num_cat=0
split_feature=0 0 0 0 0 1
split_gain=0.0777732 0.104591 0.11667 0.0782014 0.07745 0.0194376
threshold=0.34659413588210158 0.34154629815107412 0.33511831500642247 0.36305215105905436 0.33213504066442673 0.34122985552565177
decision_type=2 2 2 2 2 2
left_child=1 2 4 -2 -1 -4
right_child=3 -3 5 -5 -6 -7
leaf_value=-4.864604906119724e-08 0.00033559936580814415 -9.6484238610861084e-06 1.1981586927065081e-05 8.8727724591440606e-05 -3.449251519508109e-06 0.00018048869021389526
leaf_weight=648 60 39 31 33 42 47
leaf_count=648 60 39 31 33 42 47
internal_value=5.55556e-05 -0.00010223 2.60417e-05 0.00142473 -0.000181159 0.00185897
internal_weight=900 807 768 93 690 78
internal_count=900 807 768 93 690 78
is_linear=0
shrinkage=0.05


Tree=103
num_leaves=7
num_cat=0
split_feature=0 0 0 0 0 1
split_gain=0.0777732 0.104591 0.11667 0.0782014 0.07745 0.0194376
threshold=0.34659413588210158 0.34154629815107412 0.33511831500642247 0.36305215105905436 0.33213504066442673 0.34122985552565177
decision_type=2 2 2 2 2 2
left_child=1 2 4 -2 -1 -4
right_child=3 -3 5 -5 -6 -7
leaf_value=-4.6213746607305316e-08 0.00031881939751773783 -9.1660026680318043e-06 1.1382507580712244e-05 8.4291338361867953e-05 -3.2767889435323021e-06 0.00017146425570319925
leaf_weight=648 60 39 31 33 42 47
leaf_count=648 60 39 31 33 42 47
internal_value=5.55556e-05 -0.00010223 2.60417e-05 0.00142473 -0.000181159 0.00185897
internal_weight=900 807 768 93 690 78
internal_count=900 807 768 93 690 78
is_linear=0
shrinkage=0.05


Tree=104
num_leaves=7
num_cat=0
split_feature=0 0 0 0 0 1
split_gain=0.0777732 0.104591 0.11667 0.0782014 0.07745 0.0194376
threshold=0.34659413588210158 0.34154629815107412 0.33511831500642247 0.36305215105905436 0.33213504066442673 0.34122985552565177
decision_type=2 2 2 2 2 2
left_child=1 2 4 -2 -1 -4
right_child=3 -3 5 -5 -6 -7
leaf_value=-4.390305927694066e-08 0.00030287842764185229 -8.7077025346299356e-06 1.0813382201677047e-05 8.0076771443775326e-05 -3.1129494963563957e-06 0.0001628910429180397
leaf_weight=648 60 39 31 33 42 47
leaf_count=648 60 39 31 33 42 47
internal_value=5.55556e-05 -0.00010223 2.60417e-05 0.00142473 -0.000181159 0.00185897
internal_weight=900 807 768 93 690 78
internal_count=900 807 768 93 690 78
is_linear=0
shrinkage=0.05


Tree=105
num_leaves=7
num_cat=0
split_feature=0 0 0 0 0 1
split_gain=0.0777732 0.104591 0.11667 0.0782014 0.07745 0.0194376
threshold=0.34659413588210158 0.34154629815107412 0.33511831500642247 0.36305215105905436 0.33213504066442673 0.34122985552565177
decision_type=2 2 2 2 2 2
left_child=1 2 4 -2 -1 -4
right_child=3 -3 5 -5 -6 -7
leaf_value=-4.1707906311984014e-08 0.00028773450625975866 -8.2723174078980232e-06 1.0272713091594167e-05 7.6072932871586212e-05 -2.9573020215392852e-06 0.00015474649077213689
leaf_weight=648 60 39 31 33 42 47
leaf_count=648 60 39 31 33 42 47
internal_value=5.55556e-05 -0.00010223 2.60417e-05 0.00142473 -0.000181159 0.00185897
internal_weight=900 807 768 93 690 78
internal_count=900 807 768 93 690 78
is_linear=0
shrinkage=0.05


Tree=106
num_leaves=7
num_cat=0
split_feature=0 0 0 0 0 1
split_gain=0.0777732 0.104591 0.11667 0.0782014 0.07745 0.0194376
threshold=0.34659413588210158 0.34154629815107412 0.33511831500642247 0.36305215105905436 0.33213504066442673 0.34122985552565177
decision_type=2 2 2 2 2 2
left_child=1 2 4 -2 -1 -4
right_child=3 -3 5 -5 -6 -7
leaf_value=-3.9622510997218089e-08 0.00027334778094677162 -7.8587015375025656e-06 9.7590774370132083e-06 7.226928622800642e-05 -2.809436920462058e-06 0.00014700916623353044
leaf_weight=648 60 39 31 33 42 47
leaf_count=648 60 39 31 33 42 47
internal_value=5.55556e-05 -0.00010223 2.60417e-05 0.00142473 -0.000181159 0.00185897
internal_weight=900 807 768 93 690 78
internal_count=900 807 768 93 690 78
is_linear=0
shrinkage=0.05


Tree=107
num_leaves=7
num_cat=0
split_feature=0 0 0 0 0 1
split_gain=0.0777732 0.104591 0.11667 0.0782014 0.07745 0.0194376
threshold=0.34659413588210158 0.34154629815107412 0.33511831500642247 0.36305215105905436 0.33213504066442673 0.34122985552565177
decision_type=2 2 2 2 2 2
left_child=1 2 4 -2 -1 -4
right_child=3 -3 5 -5 -6 -7
leaf_value=-3.7641385447496565e-08 0.00025968039189943232 -7.4657664606264669e-06 9.2711235651632418e-06 6.8655821916606443e-05 -2.668965074440219e-06 0.00013965870792185254
leaf_weight=648 60 39 31 33 42 47
leaf_count=648 60 39 31 33 42 47
internal_value=5.55556e-05 -0.00010223 2.60417e-05 0.00142473 -0.000181159 0.00185897
internal_weight=900 807 768 93 690 78
internal_count=900 807 768 93 690 78
is_linear=0
shrinkage=0.05


Tree=108
num_leaves=7
num_cat=0
split_feature=0 0 0 0 0 1
split_gain=0.0777732 0.104591 0.11667 0.0782014 0.07745 0.0194376
threshold=0.34659413588210158 0.34154629815107412 0.33511831500642247 0.36305215105905436 0.33213504066442673 0.34122985552565177
decision_type=2 2 2 2 2 2
left_child=1 2 4 -2 -1 -4
right_child=3 -3 5 -5 -6 -7
leaf_value=-3.575931617484479e-08 0.00024669637230446023 -7.0924781375963926e-06 8.8075673869036929e-06 6.5223030820775493e-05 -2.5355168207178068e-06 0.00013267577252575879
leaf_weight=648 60 39 31 33 42 47
leaf_count=648 60 39 31 33 42 47
internal_value=5.55556e-05 -0.00010223 2.60417e-05 0.00142473 -0.000181159 0.00185897
internal_weight=900 807 768 93 690 78
internal_count=900 807 768 93 690 78
is_linear=0
shrinkage=0.05


Tree=109
num_leaves=7
num_cat=0
split_feature=0 0 0 0 0 1
split_gain=0.0777732 0.104591 0.11667 0.0782014 0.07745 0.0194376
threshold=0.34659413588210158 0.34154629815107412 0.33511831500642247 0.36305215105905436 0.33213504066442673 0.34122985552565177
decision_type=2 2 2 2 2 2
left_child=1 2 4 -2 -1 -4
right_child=3 -3 5 -5 -6 -7
leaf_value=-3.3971350366103157e-08 0.00023436155368923743 -6.737854230717822e-06 8.3671890175579529e-06 6.1961879279735826e-05 -2.4087409796816536e-06 0.00012604198389947198
leaf_weight=648 60 39 31 33 42 47
leaf_count=648 60 39 31 33 42 47
internal_value=5.55556e-05 -0.00010223 2.60417e-05 0.00142473 -0.000181159 0.00185897
internal_weight=900 807 768 93 690 78
internal_count=900 807 768 93 690 78
is_linear=0
shrinkage=0.05


Tree=110
num_leaves=7
num_cat=0
split_feature=0 0 0 0 0 1
split_gain=0.0777732 0.104591 0.11667 0.0782014 0.07745 0.0194376
threshold=0.34659413588210158 0.34154629815107412 0.33511831500642247 0.36305215105905436 0.33213504066442673 0.34122985552565177
decision_type=2 2 2 2 2 2
left_child=1 2 4 -2 -1 -4
right_child=3 -3 5 -5 -6 -7
leaf_value=-3.2272782848908831e-08 0.00022264347600477633 -6.400961519181792e-06 7.9488295666813032e-06 5.8863785315747851e-05 -2.2883039306978635e-06 0.00011973988470449781
leaf_weight=648 60 39 31 33 42 47
leaf_count=648 60 39 31 33 42 47
internal_value=5.55556e-05 -0.00010223 2.60417e-05 0.00142473 -0.000181159 0.00185897
internal_weight=900 807 768 93 690 78
internal_count=900 807 768 93 690 78
is_linear=0
shrinkage=0.05


Tree=111
num_leaves=7
num_cat=0
split_feature=0 0 0 0 0 1
split_gain=0.0777732 0.104591 0.11667 0.0782014 0.07745 0.0194376
threshold=0.34659413588210158 0.34154629815107412 0.33511831500642247 0.36305215105905436 0.33213504066442673 0.34122985552565177
decision_type=2 2 2 2 2 2
left_child=1 2 4 -2 -1 -4
right_child=3 -3 5 -5 -6 -7
leaf_value=-3.065914370715789e-08 0.00021151130220453844 -6.0809134432238126e-06 7.5513880883476547e-06 5.5920596049961781e-05 -2.1738887341640953e-06 0.00011375289046927363
leaf_weight=648 60 39 31 33 42 47
leaf_count=648 60 39 31 33 42 47
internal_value=5.55556e-05 -0.00010223 2.60417e-05 0.00142473 -0.000181159 0.00185897
internal_weight=900 807 768 93 690 78
internal_count=900 807 768 93 690 78
is_linear=0
shrinkage=0.05


Tree=112
num_leaves=7
num_cat=0
split_feature=0 0 0 0 0 1
split_gain=0.0777732 0.104591 0.11667 0.0782014 0.07745 0.0194376
threshold=0.34659413588210158 0.34154629815107412 0.33511831500642247 0.36305215105905436 0.33213504066442673 0.34122985552565177
decision_type=2 2 2 2 2 2
left_child=1 2 4 -2 -1 -4
right_child=3 -3 5 -5 -6 -7
leaf_value=-2.9126186520967934e-08 0.0002009357370943116 -5.7768677710623439e-06 7.1738186839309662e-06 5.3124566247463071e-05 -2.0651942974545176e-06 0.0001080652459458098
leaf_weight=648 60 39 31 33 42 47
leaf_count=648 60 39 31 33 42 47
internal_value=5.55556e-05 -0.00010223 2.60417e-05 0.00142473 -0.000181159 0.00185897
internal_weight=900 807 768 93 690 78
internal_count=900 807 768 93 690 78
is_linear=0
shrinkage=0.05


Tree=113
num_leaves=7
num_cat=0
split_feature=0 0 0 0 0 1
split_gain=0.0777732 0.104591 0.11667 0.0782014 0.07745 0.0194376
threshold=0.34659413588210158 0.34154629815107412 0.33511831500642247 0.36305215105905436 0.33213504066442673 0.34122985552565177
decision_type=2 2 2 2 2 2
left_child=1 2 4 -2 -1 -4
right_child=3 -3 5 -5 -6 -7
leaf_value=-2.7669877195058922e-08 0.00019088895023959719 -5.4880243825106147e-06 6.8151277497346952e-06 5.0468337935090405e-05 -1.9619345825813904e-06 0.00010266198364851931
leaf_weight=648 60 39 31 33 42 47
leaf_count=648 60 39 31 33 42 47
internal_value=5.55556e-05 -0.00010223 2.60417e-05 0.00142473 -0.000181159 0.00185897
internal_weight=900 807 768 93 690 78
internal_count=900 807 768 93 690 78
is_linear=0
shrinkage=0.05


Tree=114
num_leaves=7
num_cat=0
split_feature=0 0 0 0 0 1
split_gain=0.0777732 0.104591 0.11667 0.0782014 0.07745 0.0194376
threshold=0.34659413588210158 0.34154629815107412 0.33511831500642247 0.36305215105905436 0.33213504066442673 0.34122985552565177
decision_type=2 2 2 2 2 2
left_child=1 2 4 -2 -1 -4
right_child=3 -3 5 -5 -6 -7
leaf_value=-2.6286383333918805e-08 0.00018134450272761673 -5.2136231633859165e-06 6.474371362247267e-06 4.7944921038335674e-05 -1.8638378534527519e-06 9.7528884466094323e-05
leaf_weight=648 60 39 31 33 42 47
leaf_count=648 60 39 31 33 42 47
internal_value=5.55556e-05 -0.00010223 2.60417e-05 0.00142473 -0.000181159 0.00185897
internal_weight=900 807 768 93 690 78
internal_count=900 807 768 93 690 78
is_linear=0
shrinkage=0.05


Tree=115
num_leaves=7
num_cat=0
split_feature=0 0 0 0 0 1
split_gain=0.0777732 0.104591 0.11667 0.0782014 0.07745 0.0194376
threshold=0.34659413588210158 0.34154629815107412 0.33511831500642247 0.36305215105905436 0.33213504066442673 0.34122985552565177
decision_type=2 2 2 2 2 2
left_child=1 2 4 -2 -1 -4
right_child=3 -3 5 -5 -6 -7
leaf_value=-2.4972064166529583e-08 0.00017227727759123624 -4.952942005215233e-06 6.1506527941346256e-06 4.5547674986419517e-05 -1.7706459607805454e-06 9.2652440242790851e-05
leaf_weight=648 60 39 31 33 42 47
leaf_count=648 60 39 31 33 42 47
internal_value=5.55556e-05 -0.00010223 2.60417e-05 0.00142473 -0.000181159 0.00185897
internal_weight=900 807 768 93 690 78
internal_count=900 807 768 93 690 78
is_linear=0
shrinkage=0.05


Tree=116
num_leaves=9
num_cat=0
split_feature=0 0 1 0 1 0 0 0
split_gain=0.101042 0.07745 0.0789061 0.249076 0.0741994 0.228228 0.0918004 0.0651713
threshold=0.33511831500642247 0.33213504066442673 0.330216732540971 0.32442792222520911 0.34596826580166978 0.33826251349909214 0.36305215105905436 0.32569166958657864
decision_type=2 2 2 2 2 2 2 2
left_child=1 2 3 -1 5 -2 -6 -4
right_child=4 -3 7 -5 6 -7 -8 -9
leaf_value=1.3689042632767807e-07 6.2663484510386286e-05 -1.6821136627407004e-06 -2.6776417261183954e-05 -8.0288541000207636e-06 0.00016509324885456491 -3.0525586451367276e-05 4.3270291237097783e-05 5.0734789485376575e-05
leaf_weight=499 38 42 30 37 103 36 33 82
leaf_count=499 38 42 30 37 103 36 33 82
internal_value=0.000111111 -0.000181159 -4.62962e-05 -0.000298507 0.00107143 -0.000202703 0.00176471 0.00116071
internal_weight=900 690 648 536 210 74 136 112
internal_count=900 690 648 536 210 74 136 112
is_linear=0
shrinkage=0.05


Tree=117
num_leaves=7
num_cat=0
split_feature=0 0 0 1 0 1
split_gain=0.0842127 0.0995232 0.0998323 0.143126 0.0782014 0.0177653
threshold=0.34659413588210158 0.34154629815107412 0.33577109506644026 0.33818383545061953 0.36305215105905436 0.34201429121864751
decision_type=2 2 2 2 2 2
left_child=1 2 3 -1 -2 -4
right_child=4 -3 5 -5 -6 -7
leaf_value=-7.4371774857127317e-08 0.00015540875126894728 -9.9823954071073998e-06 9.0544912596399185e-05 -2.28699140814458e-05 4.1106776675244073e-05 0.00012672262066917709
leaf_weight=665 60 39 31 34 33 38
leaf_count=665 60 39 31 34 33 38
internal_value=6.51926e-11 -0.000164188 -3.90624e-05 -0.000218169 0.00142473 0.00177536
internal_weight=900 807 768 699 93 69
internal_count=900 807 768 699 93 69
is_linear=0
shrinkage=0.05


Tree=118
num_leaves=9
num_cat=0
split_feature=0 0 1 0 0 0 1 0
split_gain=0.101042 0.07745 0.0789061 0.249076 0.0651713 0.0428571 0.103896 0.0631313
threshold=0.33511831500642247 0.33213504066442673 0.330216732540971 0.32442792222520911 0.32569166958657864 0.33826251349909214 0.34596826580166978 0.36305215105905436
decision_type=2 2 2 2 2 2 2 2
left_child=1 2 3 -1 -4 -2 -7 -8
right_child=5 -3 4 -5 -6 6 7 -9
leaf_value=1.3376449375377835e-07 9.6330204535477477e-06 -5.1150116611408463e-07 -2.4294100694052239e-05 -7.6236928062779682e-06 4.8201768599850928e-05 -2.8500187358441954e-05 0.00016592648041548728 3.9051437841482216e-05
leaf_weight=499 42 42 30 37 82 36 99 33
leaf_count=499 42 42 30 37 82 36 99 33
internal_value=0.000111111 -0.000181159 -4.62962e-05 -0.000298507 0.00116071 0.00107143 0.000714286 0.00136364
internal_weight=900 690 648 536 112 210 168 132
internal_count=900 690 648 536 112 210 168 132
is_linear=0
shrinkage=0.05


Tree=119
num_leaves=8
num_cat=0
split_feature=0 1 1 0 1 0 1
split_gain=0.0938017 0.143126 0.0878785 0.184921 0.0417544 0.0539503 0.0699277
threshold=0.33577109506644026 0.33818383545061953 0.33593554558310362 0.33053514007140578 0.36923191733858202 0.33826251349909214 0.34596826580166978
decision_type=2 2 2 2 2 2 2
left_child=1 2 3 -1 5 -2 -7
right_child=4 -3 -4 -5 -6 6 -8
leaf_value=2.0626642239306709e-07 0.0001107134659540172 -2.1284647856566247e-05 7.673700538937095e-05 -1.4998004469400437e-05 0.00022620656800233655 -2.7075177990519507e-05 0.00011244366784879731
leaf_weight=602 32 34 32 31 38 36 95
leaf_count=602 32 34 32 31 38 36 95
internal_value=5.55556e-05 -0.000218169 -5.63909e-05 -0.000185624 0.00100746 0.000659509 0.000209924
internal_weight=900 699 665 633 201 163 131
internal_count=900 699 665 633 201 163 131
is_linear=0
shrinkage=0.05


end of trees

feature_importances:
Column_0=571
Column_1=282

parameters:
[boosting: gbdt]
[objective: quantile]
[metric: quantile]
[tree_learner: serial]
[device_type: cpu]
[data_sample_strategy: bagging]
[data: ]
[valid: ]
[num_iterations: 120]
[learning_rate: 0.05]
[num_leaves: 12]
[num_threads: 2]
[seed: 26170]
[deterministic: 0]
[force_col_wise: 0]
[force_row_wise: 0]
[histogram_pool_size: -1]
[max_depth: 4]
[min_data_in_leaf: 30]
[min_sum_hessian_in_leaf: 0.001]
[bagging_fraction: 1]
[pos_bagging_fraction: 1]
[neg_bagging_fraction: 1]
[bagging_freq: 0]
[bagging_seed: 13002]
[bagging_by_query: 0]
[feature_fraction: 1]
[feature_fraction_bynode: 1]
[feature_fraction_seed: 3933]
[extra_trees: 0]
[extra_seed: 13870]
[early_stopping_round: 0]
[early_stopping_min_delta: 0]
[first_metric_only: 0]
[max_delta_step: 0]
[lambda_l1: 0]
[lambda_l2: 0]
[linear_lambda: 0]
[min_gain_to_split: 0]
[drop_rate: 0.1]
[max_drop: 50]
[skip_drop: 0.5]
[xgboost_dart_mode: 0]
[uniform_drop: 0]
[drop_seed: 25549]
[top_rate: 0.2]
[other_rate: 0.1]
[min_data_per_group: 100]
[max_cat_threshold: 32]
[cat_l2: 10]
[cat_smooth: 10]
[max_cat_to_onehot: 4]
[top_k: 20]
[monotone_constraints: ]
[monotone_constraints_method: basic]
[monotone_penalty: 0]
[feature_contri: ]
[forcedsplits_filename: ]
[refit_decay_rate: 0.9]
[cegb_tradeoff: 1]
[cegb_penalty_split: 0]
[cegb_penalty_feature_lazy: ]
[cegb_penalty_feature_coupled: ]
[path_smooth: 0]
[interaction_constraints: ]
[verbosity: -1]
[saved_feature_importance_type: 0]
[use_quantized_grad: 0]
[num_grad_quant_bins: 4]
[quant_train_renew_leaf: 0]
[stochastic_rounding: 1]
[linear_tree: 0]
[max_bin: 255]
[max_bin_by_feature: ]
[min_data_in_bin: 3]
[bin_construct_sample_cnt: 200000]
[data_random_seed: 19962]
[is_enable_sparse: 1]
[enable_bundle: 1]
[use_missing: 1]
[zero_as_missing: 0]
[feature_pre_filter: 1]
[pre_partition: 0]
[two_round: 0]
[header: 0]
[label_column: ]
[weight_column: ]
[group_column: ]
[ignore_column: ]
[categorical_feature: ]
[forcedbins_filename: ]
[precise_float_parser: 0]
[parser_config_file: ]
[objective_seed: 31251]
[num_class: 1]
[is_unbalance: 0]
[scale_pos_weight: 1]
[sigmoid: 1]
[boost_from_average: 1]
[reg_sqrt: 0]
[alpha: 0.05]
[fair_c: 1]
[poisson_max_delta_step: 0.7]
[tweedie_variance_power: 1.5]
[lambdarank_truncation_level: 30]
[lambdarank_norm: 1]
[label_gain: ]
[lambdarank_position_bias_regularization: 0]
[eval_at: ]
[multi_error_top_k: 1]
[auc_mu_weights: ]
[num_machines: 1]
[local_listen_port: 12400]
[time_out: 120]
[machine_list_filename: ]
[machines: ]
[gpu_platform_id: -1]
[gpu_device_id: -1]
[gpu_device_id_list: ]
[gpu_use_dp: 0]
[num_gpu: 1]

end of parameters

pandas_categorical:null
