tree
version=v4
num_class=1
num_tree_per_iteration=1
label_index=0
max_feature_idx=1
objective=quantile
feature_names=Column_0 Column_1
feature_infos=[0.76007964406038608:1.159860414945953] [0.76344848796654941:1.1688063520130345]
tree_sizes=788 849 851 854 759 759 853 853 762 762 762 763 763 764 857 857 858 852 847 848 849 856 765 848 766 766 766 765 851 764 765 763 761 852 678 677 679 679 679 680 680 939 678 677 678 677 680 680 1119 682 679 1031 859 860 858 938 858 857 936 770 936 859 861 939 597 598 859 597 687 686 598 862 857 856 859 857 598 859 946 862 599 687 686 686 1034 942 1032 947 948 1034 946 945 942 946 777 684 770 1031 684 682 682 683 1041 858 1034 948 861 861 1126 1034 685 1040 1038 1131 1131 1130 949 1041 1043 1047

Tree=0
num_leaves=8
num_cat=0
split_feature=0 0 0 1 0 1 0
split_gain=8.28448 0.542529 0.259109 0.109298 0.13071 0.0725353 0.0200513
threshold=0.98936671016101652 0.94798276126024816 0.95776440901518634 0.88516588153222397 0.88311788916145695 0.97502673486805791 0.84230742954678151
decision_type=2 2 2 2 2 2 2
left_child=1 3 -3 6 -5 -4 -1
right_child=-2 2 5 4 -6 -7 -8
leaf_value=1.0450919245098171 1.0589951054373341 1.0578255768323017 1.050592846852902 1.0529454020260467 1.0501362963892944 1.0561374736372113 1.0463467430985709
leaf_weight=156 30 36 34 31 345 44 224
leaf_count=156 30 36 34 31 345 44 224
internal_value=1.05208 1.05119 1.0544 1.0507 1.05131 1.05278 1.05011
internal_weight=900 870 114 756 376 78 380
internal_count=900 870 114 756 376 78 380
is_linear=0
shrinkage=1


Tree=1
num_leaves=8
num_cat=0
split_feature=0 0 0 1 0 1 1
split_gain=4.64 0.523308 0.259109 0.0909532 0.248507 0.0725353 0.0328947
threshold=0.98936671016101652 0.94798276126024816 0.95776440901518634 0.91730585207058157 0.93333949859840659 0.97502673486805791 0.90344425040788368
decision_type=2 2 2 2 2 2 2
left_child=1 3 -3 6 -5 -4 -1
right_child=-2 2 5 4 -6 -7 -8
leaf_value=-0.0049373326993898186 0.0065697697115946752 0.0054587175368140395 -0.0014123759436156958 0.0018244736059967459 -0.0017830571617237446 0.0038550195014779966 -0.0036237924877522312
leaf_weight=480 30 36 34 108 78 44 90
leaf_count=480 30 36 34 108 78 44 90
internal_value=-0.000166667 -0.000833334 0.00232456 -0.00130952 -0.000349463 0.000705128 -0.00162281
internal_weight=900 870 114 756 186 78 570
internal_count=900 870 114 756 186 78 570
is_linear=0
shrinkage=0.05


Tree=2
num_leaves=8
num_cat=0
split_feature=0 0 0 1 0 1 1
split_gain=3.20004 0.504434 0.259109 0.0788535 0.248507 0.0725353 0.0398026
threshold=0.98936671016101652 0.94798276126024816 0.95776440901518634 0.91730585207058157 0.93333949859840659 0.97502673486805791 0.90344425040788368
decision_type=2 2 2 2 2 2 2
left_child=1 3 -3 6 -5 -4 -1
right_child=-2 2 5 4 -6 -7 -8
leaf_value=-0.0046904660644203292 0.006241281226014939 0.0051857816599733438 -0.0013417571464349077 0.0017332499256969116 -0.0016939043036375613 0.0036622685264041002 -0.0034426028633646188
leaf_weight=480 30 36 34 108 78 44 90
leaf_count=480 30 36 34 108 78 44 90
internal_value=-0.000222223 -0.000775863 0.00232456 -0.00124339 -0.000349463 0.000705128 -0.00153509
internal_weight=900 870 114 756 186 78 570
internal_count=900 870 114 756 186 78 570
is_linear=0
shrinkage=0.05


Tree=3
num_leaves=8
num_cat=0
split_feature=0 0 0 0 0 1 0
split_gain=3.17793 0.485906 0.259109 0.0881761 0.108726 0.0725353 0.0230769
threshold=0.98936671016101652 0.94798276126024816 0.95776440901518634 0.86052070844962769 0.93333949859840659 0.97502673486805791 0.84230742954678151
decision_type=2 2 2 2 2 2 2
left_child=1 3 -3 6 -5 -4 -1
right_child=-2 2 5 4 -6 -7 -8
leaf_value=-0.0061568622313558537 0.0059292171647141959 0.0049264925769746731 -0.0012746692891131618 -0.0021939653135096215 -0.0016092090884556876 0.0034791551000838972 -0.005572149465067378
leaf_weight=156 30 36 34 418 78 44 104
leaf_count=156 30 36 34 418 78 44 104
internal_value=-0.000166667 -0.000718391 0.00232456 -0.00117725 -0.000786291 0.000705128 -0.00192308
internal_weight=900 870 114 756 496 78 260
internal_count=900 870 114 756 496 78 260
is_linear=0
shrinkage=0.05


Tree=4
num_leaves=7
num_cat=0
split_feature=0 0 0 0 1 1
split_gain=2.57015 0.355929 0.327935 0.0671091 0.376801 0.028829
threshold=0.98936671016101652 0.94798276126024816 0.95776440901518634 0.93333949859840659 0.93026084278574339 0.97502673486805791
decision_type=2 2 2 2 2 2
left_child=1 3 -3 4 -1 -4
right_child=-2 2 5 -5 -6 -7
leaf_value=-0.0033012080521269919 0.0056327563064784815 0.0046801679481259352 -0.0012109358246574998 -0.001528748634032906 0.0048539370574489206 0.0033051973450797024
leaf_weight=624 30 36 34 78 54 44
leaf_count=624 30 36 34 78 54 44
internal_value=-0.000222223 -0.000718391 0.00188596 -0.00111111 -0.000951328 6.4102e-05
internal_weight=900 870 114 756 678 78
internal_count=900 870 114 756 678 78
is_linear=0
shrinkage=0.05


Tree=5
num_leaves=7
num_cat=0
split_feature=0 0 0 0 1 1
split_gain=2.57015 0.355929 0.327935 0.0671091 0.376801 0.028829
threshold=0.98936671016101652 0.94798276126024816 0.95776440901518634 0.93333949859840659 0.93026084278574339 0.97502673486805791
decision_type=2 2 2 2 2 2
left_child=1 3 -3 4 -1 -4
right_child=-2 2 5 -5 -6 -7
leaf_value=-0.0031361476495206375 0.0053511184911545608 0.0044461595507196416 -0.0011503890334246258 -0.0014523112023312581 0.004611240204576472 0.0031399374778257163
leaf_weight=624 30 36 34 78 54 44
leaf_count=624 30 36 34 78 54 44
internal_value=-0.000222223 -0.000718391 0.00188596 -0.00111111 -0.000951328 6.4102e-05
internal_weight=900 870 114 756 678 78
internal_count=900 870 114 756 678 78
is_linear=0
shrinkage=0.05


Tree=6
num_leaves=8
num_cat=0
split_feature=0 0 0 0 0 0 1
split_gain=2.55034 0.340393 0.327935 0.0745526 0.13172 0.0410256 0.028829
threshold=0.98936671016101652 0.94798276126024816 0.95776440901518634 0.86052070844962769 0.87807222185131051 0.84230742954678151 0.97502673486805791
decision_type=2 2 2 2 2 2 2
left_child=1 3 -3 5 -5 -1 -4
right_child=-2 2 6 4 -6 -7 -8
leaf_value=-0.0055271513347056713 0.0050835625665968335 0.0042238515731836566 -0.0010928695817533974 0.00043286776304926508 -0.0015789752334909757 -0.0049716742067316246 0.0029829406039344254
leaf_weight=156 30 36 34 124 372 104 44
leaf_count=156 30 36 34 124 372 104 44
internal_value=-0.000166667 -0.00066092 0.00188596 -0.00104497 -0.000685484 -0.00173077 6.4102e-05
internal_weight=900 870 114 756 496 260 78
internal_count=900 870 114 756 496 260 78
is_linear=0
shrinkage=0.05


Tree=7
num_leaves=8
num_cat=0
split_feature=0 0 0 0 0 0 1
split_gain=2.55034 0.340393 0.327935 0.0745526 0.13172 0.0410256 0.028829
threshold=0.98936671016101652 0.94798276126024816 0.95776440901518634 0.86052070844962769 0.87807222185131051 0.84230742954678151 0.97502673486805791
decision_type=2 2 2 2 2 2 2
left_child=1 3 -3 5 -5 -1 -4
right_child=-2 2 6 4 -6 -7 -8
leaf_value=-0.0052507937679703853 0.0048293844382669929 0.0040126589945244763 -0.0010382261026657292 0.00041122437489680595 -0.0015000264718164292 -0.0047230904963950441 0.0028337935737377086
leaf_weight=156 30 36 34 124 372 104 44
leaf_count=156 30 36 34 124 372 104 44
internal_value=-0.000166667 -0.00066092 0.00188596 -0.00104497 -0.000685484 -0.00173077 6.4102e-05
internal_weight=900 870 114 756 496 260 78
internal_count=900 870 114 756 496 260 78
is_linear=0
shrinkage=0.05


Tree=8
num_leaves=7
num_cat=0
split_feature=0 0 0 0 1 1
split_gain=2.53061 0.325204 0.327935 0.0805005 0.201958 0.028829
threshold=0.98936671016101652 0.94798276126024816 0.95776440901518634 0.93333949859840659 0.93026084278574339 0.97502673486805791
decision_type=2 2 2 2 2 2
left_child=1 3 -3 4 -1 -4
right_child=-2 2 5 -5 -6 -7
leaf_value=-0.0028253901817792415 0.0045879152163536439 0.0038120260447982559 -0.00098631479753243947 -0.0012257455569493316 0.0045346282796130183 0.0026921038950508238
leaf_weight=624 30 36 34 78 54 44
leaf_count=624 30 36 34 78 54 44
internal_value=-0.000111112 -0.000603449 0.00188596 -0.000978837 -0.000803835 6.4102e-05
internal_weight=900 870 114 756 678 78
internal_count=900 870 114 756 678 78
is_linear=0
shrinkage=0.05


Tree=9
num_leaves=7
num_cat=0
split_feature=0 0 0 0 1 1
split_gain=2.53061 0.325204 0.327935 0.0805005 0.201958 0.028829
threshold=0.98936671016101652 0.94798276126024816 0.95776440901518634 0.93333949859840659 0.93026084278574339 0.97502673486805791
decision_type=2 2 2 2 2 2
left_child=1 3 -3 4 -1 -4
right_child=-2 2 5 -5 -6 -7
leaf_value=-0.0026841206726902823 0.0043585194555359587 0.0036214247425583436 -0.00093699905765581848 -0.0011644582791018655 0.0043078968656323656 0.0025574987002982778
leaf_weight=624 30 36 34 78 54 44
leaf_count=624 30 36 34 78 54 44
internal_value=-0.000111112 -0.000603449 0.00188596 -0.000978837 -0.000803835 6.4102e-05
internal_weight=900 870 114 756 678 78
internal_count=900 870 114 756 678 78
is_linear=0
shrinkage=0.05


Tree=10
num_leaves=7
num_cat=0
split_feature=0 0 0 0 1 1
split_gain=2.53061 0.325204 0.327935 0.0805005 0.201958 0.028829
threshold=0.98936671016101652 0.94798276126024816 0.95776440901518634 0.93333949859840659 0.93026084278574339 0.97502673486805791
decision_type=2 2 2 2 2 2
left_child=1 3 -3 4 -1 -4
right_child=-2 2 5 -5 -6 -7
leaf_value=-0.0025499146390557726 0.0041405934827591587 0.0034403535054304268 -0.00089014910477303033 -0.0011062353651467682 0.0040925020223507528 0.002429623765283362
leaf_weight=624 30 36 34 78 54 44
leaf_count=624 30 36 34 78 54 44
internal_value=-0.000111112 -0.000603449 0.00188596 -0.000978837 -0.000803835 6.4102e-05
internal_weight=900 870 114 756 678 78
internal_count=900 870 114 756 678 78
is_linear=0
shrinkage=0.05


Tree=11
num_leaves=7
num_cat=0
split_feature=0 0 0 0 1 1
split_gain=1.99172 0.325204 0.327935 0.0805005 0.201958 0.028829
threshold=0.98936671016101652 0.94798276126024816 0.95776440901518634 0.93333949859840659 0.93026084278574339 0.97502673486805791
decision_type=2 2 2 2 2 2
left_child=1 3 -3 4 -1 -4
right_child=-2 2 5 -5 -6 -7
leaf_value=-0.0024224189071029856 0.0039335638086211988 0.0032683358301589084 -0.00084564164953437881 -0.0010509235968894305 0.0038878769212332132 0.0023081425770191898
leaf_weight=624 30 36 34 78 54 44
leaf_count=624 30 36 34 78 54 44
internal_value=-0.000166667 -0.000603449 0.00188596 -0.000978837 -0.000803835 6.4102e-05
internal_weight=900 870 114 756 678 78
internal_count=900 870 114 756 678 78
is_linear=0
shrinkage=0.05


Tree=12
num_leaves=7
num_cat=0
split_feature=0 0 0 0 1 1
split_gain=1.51728 0.325204 0.327935 0.0805005 0.201958 0.028829
threshold=0.98936671016101652 0.94798276126024816 0.95776440901518634 0.93333949859840659 0.93026084278574339 0.97502673486805791
decision_type=2 2 2 2 2 2
left_child=1 3 -3 4 -1 -4
right_child=-2 2 5 -5 -6 -7
leaf_value=-0.0023012979617478392 0.0037368856181901446 0.0031049190386509664 -0.00080335956705765996 -0.00099837741704495993 0.0036934830751715556 0.002192735448168226
leaf_weight=624 30 36 34 78 54 44
leaf_count=624 30 36 34 78 54 44
internal_value=-0.000222223 -0.000603449 0.00188596 -0.000978837 -0.000803835 6.4102e-05
internal_weight=900 870 114 756 678 78
internal_count=900 870 114 756 678 78
is_linear=0
shrinkage=0.05


Tree=13
num_leaves=7
num_cat=0
split_feature=0 0 0 0 1 1
split_gain=1.51728 0.325204 0.327935 0.0805005 0.201958 0.028829
threshold=0.98936671016101652 0.94798276126024816 0.95776440901518634 0.93333949859840659 0.93026084278574339 0.97502673486805791
decision_type=2 2 2 2 2 2
left_child=1 3 -3 4 -1 -4
right_child=-2 2 5 -5 -6 -7
leaf_value=-0.0021862330636604477 0.0035500413372806408 0.0029496730867184188 -0.00076319158870478141 -0.00094845854619270977 0.0035088089214129758 0.0020830986757598203
leaf_weight=624 30 36 34 78 54 44
leaf_count=624 30 36 34 78 54 44
internal_value=-0.000222223 -0.000603449 0.00188596 -0.000978837 -0.000803835 6.4102e-05
internal_weight=900 870 114 756 678 78
internal_count=900 870 114 756 678 78
is_linear=0
shrinkage=0.05


Tree=14
num_leaves=8
num_cat=0
split_feature=0 0 0 0 0 0 1
split_gain=1.50207 0.310362 0.327935 0.0799557 0.112575 0.0358974 0.028829
threshold=0.98936671016101652 0.94798276126024816 0.95776440901518634 0.85624451743268803 0.87807222185131051 0.84230742954678151 0.97502673486805791
decision_type=2 2 2 2 2 2 2
left_child=1 3 -3 5 -5 -1 -4
right_child=-2 2 6 4 -6 -7 -8
leaf_value=-0.0042397853082700504 0.0033725392704166083 0.0028021894323824962 -0.00072503200926954392 0.00089778245133413518 -0.00099771527426349986 -0.0040357576522596196 0.0019789437419718281
leaf_weight=156 30 36 34 144 372 84 44
leaf_count=156 30 36 34 144 372 84 44
internal_value=-0.000166667 -0.000545978 0.00188596 -0.000912699 -0.000562016 -0.00166667 6.4102e-05
internal_weight=900 870 114 756 516 240 78
internal_count=900 870 114 756 516 240 78
is_linear=0
shrinkage=0.05


Tree=15
num_leaves=8
num_cat=0
split_feature=0 0 0 0 0 0 1
split_gain=1.48693 0.295867 0.327935 0.0945983 0.0949456 0.0358974 0.028829
threshold=0.98936671016101652 0.94798276126024816 0.95776440901518634 0.85624451743268803 0.87807222185131051 0.84230742954678151 0.97502673486805791
decision_type=2 2 2 2 2 2 2
left_child=1 3 -3 5 -5 -1 -4
right_child=-2 2 6 4 -6 -7 -8
leaf_value=-0.0040277960428565466 0.0032039123068957733 0.002662079960763375 -0.00068878040880606675 0.00085289332876743035 -0.00094782951055032432 -0.0038339697696466394 0.0018799965548732312
leaf_weight=156 30 36 34 144 372 84 44
leaf_count=156 30 36 34 144 372 84 44
internal_value=-0.000111112 -0.000488506 0.00188596 -0.000846561 -0.000465117 -0.00166667 6.4102e-05
internal_weight=900 870 114 756 516 240 78
internal_count=900 870 114 756 516 240 78
is_linear=0
shrinkage=0.05


Tree=16
num_leaves=8
num_cat=0
split_feature=0 0 0 0 0 0 1
split_gain=1.48693 0.295867 0.327935 0.0945983 0.0949456 0.0358974 0.028829
threshold=0.98936671016101652 0.94798276126024816 0.95776440901518634 0.85624451743268803 0.87807222185131051 0.84230742954678151 0.97502673486805791
decision_type=2 2 2 2 2 2 2
left_child=1 3 -3 5 -5 -1 -4
right_child=-2 2 6 4 -6 -7 -8
leaf_value=-0.0038264062407137203 0.0030437166915509798 0.0025289759627252109 -0.00065434138836576458 0.00081024866232905647 -0.00090043803502281032 -0.0036422712811643057 0.0017859967271295686
leaf_weight=156 30 36 34 144 372 84 44
leaf_count=156 30 36 34 144 372 84 44
internal_value=-0.000111112 -0.000488506 0.00188596 -0.000846561 -0.000465117 -0.00166667 6.4102e-05
internal_weight=900 870 114 756 516 240 78
internal_count=900 870 114 756 516 240 78
is_linear=0
shrinkage=0.05


Tree=17
num_leaves=8
num_cat=0
split_feature=0 0 0 1 0 0 1
split_gain=1.4569 0.267915 0.327935 0.0976711 0.107706 0.031132 0.028829
threshold=0.98936671016101652 0.94798276126024816 0.95776440901518634 0.85456594665419428 0.87807222185131051 0.81867274572070892 0.97502673486805791
decision_type=2 2 2 2 2 2 2
left_child=1 3 -3 5 -5 -1 -4
right_child=-2 2 6 4 -6 -7 -8
leaf_value=-0.003468154853072686 0.0028915308569734347 0.0024025271645889525 -0.000621624318947478 0.00029204320284644561 -0.00085541613327166921 -0.0041578182416605108 0.0016966968907730863
leaf_weight=56 30 36 34 196 372 132 44
leaf_count=56 30 36 34 196 372 132 44
internal_value=-5.96046e-10 -0.000373564 0.00188596 -0.000714286 -0.000387325 -0.00170213 6.4102e-05
internal_weight=900 870 114 756 568 188 78
internal_count=900 870 114 756 568 188 78
is_linear=0
shrinkage=0.05


Tree=18
num_leaves=8
num_cat=0
split_feature=0 0 0 1 0 0 1
split_gain=1.44199 0.25446 0.327935 0.108484 0.166843 0.0451128 0.028829
threshold=0.98936671016101652 0.94798276126024816 0.95776440901518634 0.8481843581443208 0.84740643857046938 0.81867274572070892 0.97502673486805791
decision_type=2 2 2 2 2 2 2
left_child=1 3 -3 5 -5 -1 -4
right_child=-2 2 6 4 -6 -7 -8
leaf_value=-0.0032947471104190496 0.0027469543141247612 0.0022824008063595082 -0.00059054310300010737 0.00080343564810363426 -0.00078937886986109047 -0.004197908130400863 0.0016118620462344359
leaf_weight=56 30 36 34 37 567 96 44
leaf_count=56 30 36 34 37 567 96 44
internal_value=5.5555e-05 -0.000316093 0.00188596 -0.000648149 -0.000347683 -0.00184211 6.4102e-05
internal_weight=900 870 114 756 604 152 78
internal_count=900 870 114 756 604 152 78
is_linear=0
shrinkage=0.05


Tree=19
num_leaves=8
num_cat=0
split_feature=0 0 0 1 0 0 1
split_gain=1.44199 0.25446 0.327935 0.108484 0.166843 0.0451128 0.028829
threshold=0.98936671016101652 0.94798276126024816 0.95776440901518634 0.8481843581443208 0.84740643857046938 0.81867274572070892 0.97502673486805791
decision_type=2 2 2 2 2 2 2
left_child=1 3 -3 5 -5 -1 -4
right_child=-2 2 6 4 -6 -7 -8
leaf_value=-0.0031300097548981002 0.0026096065984185235 0.0021682807660415304 -0.00056101594785009647 0.00076326386569845479 -0.00074990992636803089 -0.0039880127238808181 0.0015312689439227146
leaf_weight=56 30 36 34 37 567 96 44
leaf_count=56 30 36 34 37 567 96 44
internal_value=5.5555e-05 -0.000316093 0.00188596 -0.000648149 -0.000347683 -0.00184211 6.4102e-05
internal_weight=900 870 114 756 604 152 78
internal_count=900 870 114 756 604 152 78
is_linear=0
shrinkage=0.05


Tree=20
num_leaves=8
num_cat=0
split_feature=0 0 0 1 0 0 0
split_gain=1.05579 0.174 0.313283 0.108484 0.166843 0.10582 0.0451128
threshold=0.98936671016101652 0.94798276126024816 0.95571671679163572 0.8481843581443208 0.84740643857046938 0.96611721130302686 0.81867274572070892
decision_type=2 2 2 2 2 2 2
left_child=1 3 -3 6 -5 -4 -1
right_child=-2 2 5 4 -6 -7 -8
leaf_value=-0.0029735092671531963 0.0024791262684976004 0.0023667186647597263 -0.00052405783021868273 0.00072510067241353122 -0.00071241443004963498 0.0026970097607549081 -0.0037886120876867769
leaf_weight=56 30 30 30 37 567 54 96
leaf_count=56 30 30 30 37 567 54 96
internal_value=-5.55562e-05 -0.000373564 0.00144737 -0.000648149 -0.000347683 -0.000119048 -0.00184211
internal_weight=900 870 114 756 604 84 152
internal_count=900 870 114 756 604 84 152
is_linear=0
shrinkage=0.05


Tree=21
num_leaves=8
num_cat=0
split_feature=0 1 0 0 0 0 1
split_gain=1.08138 0.141293 0.0740217 0.162406 0.107706 0.031132 0.020202
threshold=0.98936671016101652 0.85456594665419428 0.94798276126024816 0.95571671679163572 0.87807222185131051 0.81867274572070892 0.8481843581443208
decision_type=2 2 2 2 2 2 2
left_child=1 5 4 -4 -3 -1 -7
right_child=-2 2 3 -5 -6 6 -8
leaf_value=-0.0028248338037955346 0.0023551699550727226 0.00039002620401806408 0.0022483827315217366 -8.7801454326837621e-05 -0.00070006016529414747 -0.0035991814833024383 -0.0019785199753604111
leaf_weight=56 30 196 30 84 372 96 36
leaf_count=56 30 196 30 84 372 96 36
internal_value=-0.000166667 -0.000488506 -0.00015396 0.00100877 -0.000387325 -0.00170213 -0.00212121
internal_weight=900 870 682 114 568 188 132
internal_count=900 870 682 114 568 188 132
is_linear=0
shrinkage=0.05


Tree=22
num_leaves=7
num_cat=0
split_feature=0 0 0 0 0 1
split_gain=1.05579 0.102404 0.125827 0.112388 0.0940116 0.154377
threshold=0.98936671016101652 0.94488344091848331 0.95484567955787047 0.96611721130302686 0.93333949859840659 0.93026084278574339
decision_type=2 2 2 2 2 2
left_child=1 4 -3 -4 5 -1
right_child=-2 2 3 -5 -6 -7
leaf_value=-0.0018379197740681199 0.0022374114573190831 0.0015473703973062471 -0.00050014535617058935 0.0025665493454335095 -0.00082662855301484099 0.0036660265925763883
leaf_weight=624 30 45 33 54 60 54
leaf_count=624 30 45 33 54 60 54
internal_value=-5.55562e-05 -0.000373564 0.00090909 -0.00020115 -0.000602982 -0.000435104
internal_weight=900 870 132 87 738 678
internal_count=900 870 132 87 738 678
is_linear=0
shrinkage=0.05


Tree=23
num_leaves=8
num_cat=0
split_feature=0 0 0 1 0 0 1
split_gain=0.708659 0.16319 0.189046 0.065982 0.166843 0.101504 0.028829
threshold=0.98936671016101652 0.94798276126024816 0.95776440901518634 0.8481843581443208 0.84740643857046938 0.81867274572070892 0.97502673486805791
decision_type=2 2 2 2 2 2 2
left_child=1 3 -3 5 -5 -1 -4
right_child=-2 2 6 4 -6 -7 -8
leaf_value=-0.0025916961249023542 0.0021255408844531253 0.001751743138060058 -0.00047736491842178543 0.00081417589297956181 -0.0006847448651420069 -0.0033273264204339128 0.0011959176141335126
leaf_weight=56 30 36 34 37 567 96 44
leaf_count=56 30 36 34 37 567 96 44
internal_value=-5.55562e-05 -0.000316093 0.00144737 -0.000582011 -0.000347683 -0.00151316 6.4102e-05
internal_weight=900 870 114 756 604 152 78
internal_count=900 870 114 756 604 152 78
is_linear=0
shrinkage=0.05


Tree=24
num_leaves=7
num_cat=0
split_feature=0 0 0 0 0 1
split_gain=0.719119 0.102404 0.125827 0.112388 0.0940116 0.154377
threshold=0.98936671016101652 0.94488344091848331 0.95484567955787047 0.96611721130302686 0.93333949859840659 0.93026084278574339
decision_type=2 2 2 2 2 2
left_child=1 4 -3 -4 5 -1
right_child=-2 2 3 -5 -6 -7
leaf_value=-0.0017117865421076184 0.0020192638402304675 0.0013824147205379279 -0.00045126984244097117 0.0024077083889151082 -0.00075105988210700809 0.0035169625062046687
leaf_weight=624 30 45 33 54 60 54
leaf_count=624 30 45 33 54 60 54
internal_value=-0.000111112 -0.000373564 0.00090909 -0.00020115 -0.000602982 -0.000435104
internal_weight=900 870 132 87 738 678
internal_count=900 870 132 87 738 678
is_linear=0
shrinkage=0.05


Tree=25
num_leaves=7
num_cat=0
split_feature=0 0 0 0 0 1
split_gain=0.446897 0.102404 0.125827 0.112388 0.0940116 0.154377
threshold=0.98936671016101652 0.94488344091848331 0.95484567955787047 0.96611721130302686 0.93333949859840659 0.93026084278574339
decision_type=2 2 2 2 2 2
left_child=1 4 -3 -4 5 -1
right_child=-2 2 3 -5 -6 -7
leaf_value=-0.0016261972150022341 0.0019183006482189403 0.0013132939845110327 -0.00042870635031891927 0.0022873229694693512 -0.00071350688800165824 0.0033411143808944389
leaf_weight=624 30 45 33 54 60 54
leaf_count=624 30 45 33 54 60 54
internal_value=-0.000166667 -0.000373564 0.00090909 -0.00020115 -0.000602982 -0.000435104
internal_weight=900 870 132 87 738 678
internal_count=900 870 132 87 738 678
is_linear=0
shrinkage=0.05


Tree=26
num_leaves=7
num_cat=0
split_feature=0 0 0 0 0 1
split_gain=0.446897 0.102404 0.125827 0.112388 0.0940116 0.154377
threshold=0.98936671016101652 0.94488344091848331 0.95484567955787047 0.96611721130302686 0.93333949859840659 0.93026084278574339
decision_type=2 2 2 2 2 2
left_child=1 4 -3 -4 5 -1
right_child=-2 2 3 -5 -6 -7
leaf_value=-0.0015448873542521224 0.0018223856158079976 0.0012476292852854787 -0.00040727103280296939 0.0021729568209958856 -0.00067783154360157027 0.0031740586618497213
leaf_weight=624 30 45 33 54 60 54
leaf_count=624 30 45 33 54 60 54
internal_value=-0.000166667 -0.000373564 0.00090909 -0.00020115 -0.000602982 -0.000435104
internal_weight=900 870 132 87 738 678
internal_count=900 870 132 87 738 678
is_linear=0
shrinkage=0.05


Tree=27
num_leaves=7
num_cat=0
split_feature=0 0 0 0 0 1
split_gain=0.446897 0.102404 0.125827 0.112388 0.0940116 0.154377
threshold=0.98936671016101652 0.94488344091848331 0.95484567955787047 0.96611721130302686 0.93333949859840659 0.93026084278574339
decision_type=2 2 2 2 2 2
left_child=1 4 -3 -4 5 -1
right_child=-2 2 3 -5 -6 -7
leaf_value=-0.0014676429865395193 0.0017312663350176007 0.0011852478210212071 -0.0003869074811628237 0.0020643089799460938 -0.00064393996642149183 0.0030153557287572411
leaf_weight=624 30 45 33 54 60 54
leaf_count=624 30 45 33 54 60 54
internal_value=-0.000166667 -0.000373564 0.00090909 -0.00020115 -0.000602982 -0.000435104
internal_weight=900 870 132 87 738 678
internal_count=900 870 132 87 738 678
is_linear=0
shrinkage=0.05


Tree=28
num_leaves=8
num_cat=0
split_feature=0 0 0 0 1 1 0
split_gain=0.438659 0.16319 0.189046 0.0858616 0.227839 0.028829 0.0229167
threshold=0.98936671016101652 0.94798276126024816 0.95776440901518634 0.92887906123796093 0.92711331521401907 0.97502673486805791 0.94182747362317987
decision_type=2 2 2 2 2 2 2
left_child=1 3 -3 4 -1 -4 -5
right_child=-2 2 5 6 -6 -7 -8
leaf_value=-0.0014090721821971887 0.0016447030182667245 0.0014077266905892728 -0.00036978893716440588 -0.00077021117904817475 0.0031842027269450737 0.0006895068754605105 -0.00031597431545787869
leaf_weight=615 30 36 34 66 45 44 30
leaf_count=615 30 36 34 66 45 44 30
internal_value=-0.000111112 -0.000316093 0.00144737 -0.000582011 -0.000378788 6.4102e-05 -0.00197917
internal_weight=900 870 114 756 660 78 96
internal_count=900 870 114 756 660 78 96
is_linear=0
shrinkage=0.05


Tree=29
num_leaves=7
num_cat=0
split_feature=0 0 0 0 0 1
split_gain=0.446897 0.102404 0.125827 0.112388 0.0940116 0.154377
threshold=0.98936671016101652 0.94488344091848331 0.95484567955787047 0.96611721130302686 0.93333949859840659 0.93026084278574339
decision_type=2 2 2 2 2 2
left_child=1 4 -3 -4 5 -1
right_child=-2 2 3 -5 -6 -7
leaf_value=-0.0013356351301100867 0.00156246786735339 0.0010555990954406846 -0.00034907266024646337 0.0019451558304330548 -0.00057323240914800564 0.0027053778059721203
leaf_weight=624 30 45 33 54 60 54
leaf_count=624 30 45 33 54 60 54
internal_value=-0.000166667 -0.000373564 0.00090909 -0.00020115 -0.000602982 -0.000435104
internal_weight=900 870 132 87 738 678
internal_count=900 870 132 87 738 678
is_linear=0
shrinkage=0.05


Tree=30
num_leaves=7
num_cat=0
split_feature=0 0 0 0 1 0
split_gain=0.446897 0.102404 0.125827 0.125548 0.179643 0.112388
threshold=0.98936671016101652 0.94488344091848331 0.95484567955787047 0.92887906123796093 0.93026084278574339 0.96611721130302686
decision_type=2 2 2 2 2 2
left_child=1 3 -3 4 -1 -4
right_child=-2 2 5 -5 -6 -7
leaf_value=-0.0012688533736045799 0.0014843444739857216 0.0010028191406686539 -0.00033161902723414242 -0.00054359267856863853 0.0031034420695187251 0.0018478980389114005
leaf_weight=624 30 45 33 78 36 54
leaf_count=624 30 45 33 78 36 54
internal_value=-0.000166667 -0.000373564 0.00090909 -0.000602982 -0.000378788 -0.00020115
internal_weight=900 870 132 738 660 87
internal_count=900 870 132 738 660 87
is_linear=0
shrinkage=0.05


Tree=31
num_leaves=7
num_cat=0
split_feature=0 0 0 0 1 0
split_gain=0.455211 0.108785 0.162406 0.150842 0.179643 0.10582
threshold=0.98936671016101652 0.94798276126024816 0.95571671679163572 0.92887906123796093 0.93026084278574339 0.96611721130302686
decision_type=2 2 2 2 2 2
left_child=1 3 -3 4 -1 -4
right_child=-2 2 5 -5 -6 -7
leaf_value=-0.0012054107049243546 0.0014101272502864304 0.0015412713812746226 -0.000308357585693253 -0.00051543493451824409 0.0029482699660427938 0.0017555031369658311
leaf_weight=624 30 30 30 96 36 54
leaf_count=624 30 30 30 96 36 54
internal_value=-0.000222223 -0.000431035 0.00100877 -0.000648149 -0.000378788 -0.000119048
internal_weight=900 870 114 756 660 84
internal_count=900 870 114 756 660 84
is_linear=0
shrinkage=0.05


Tree=32
num_leaves=7
num_cat=0
split_feature=0 0 0 0 1 0
split_gain=0.446897 0.100274 0.162406 0.161809 0.217899 0.10582
threshold=0.98936671016101652 0.94798276126024816 0.95571671679163572 0.92887906123796093 0.92711331521401907 0.96611721130302686
decision_type=2 2 2 2 2 2
left_child=1 3 -3 4 -1 -4
right_child=-2 2 5 -5 -6 -7
leaf_value=-0.0011481236126553807 0.0013396208877721083 0.0014642078122108937 -0.00029293970640859035 -0.000489663187792333 0.0025871380985211471 0.00166772798011754
leaf_weight=615 30 30 30 96 45 54
leaf_count=615 30 30 30 96 45 54
internal_value=-0.000166667 -0.000373564 0.00100877 -0.000582011 -0.000303031 -0.000119048
internal_weight=900 870 114 756 660 84
internal_count=900 870 114 756 660 84
is_linear=0
shrinkage=0.05


Tree=33
num_leaves=8
num_cat=0
split_feature=0 0 0 0 1 1 0
split_gain=0.438659 0.16319 0.189046 0.0858616 0.179643 0.028829 0.0229167
threshold=0.98936671016101652 0.94798276126024816 0.95776440901518634 0.92887906123796093 0.93026084278574339 0.97502673486805791 0.94182747362317987
decision_type=2 2 2 2 2 2 2
left_child=1 3 -3 4 -1 -4 -5
right_child=-2 2 5 6 -6 -7 -8
leaf_value=-0.0010877339890453658 0.0012726398433835053 0.0010841454845800791 -0.00028720004132706258 -0.00062560445959439779 0.0026714995628145943 0.00029421728236609382 -0.00019407943918361428
leaf_weight=624 30 36 34 66 36 44 30
leaf_count=624 30 36 34 66 36 44 30
internal_value=-0.000111112 -0.000316093 0.00144737 -0.000582011 -0.000378788 6.4102e-05 -0.00197917
internal_weight=900 870 114 756 660 78 96
internal_count=900 870 114 756 660 78 96
is_linear=0
shrinkage=0.05


Tree=34
num_leaves=6
num_cat=0
split_feature=0 1 0 1 0
split_gain=0.430498 0.115949 0.13109 0.116582 0.101504
threshold=0.98936671016101652 0.8481843581443208 0.84740643857046938 0.86260783453055689 0.81867274572070892
decision_type=2 2 2 2 2
left_child=1 4 -3 -4 -1
right_child=-2 2 3 -5 -6
leaf_value=-0.0017718441641353111 0.0012090078512143278 0.0014637342528525034 -0.0033505294298486867 -1.509622870898393e-05 -0.0024706929448903014
leaf_weight=56 30 37 49 632 96
leaf_count=56 30 37 49 632 96
internal_value=-5.55562e-05 -0.000258621 6.96319e-06 -0.000150515 -0.00151316
internal_weight=900 870 718 681 152
internal_count=900 870 718 681 152
is_linear=0
shrinkage=0.05


Tree=35
num_leaves=6
num_cat=0
split_feature=0 1 0 1 0
split_gain=0.227165 0.115949 0.13109 0.116582 0.101504
threshold=0.98936671016101652 0.8481843581443208 0.84740643857046938 0.86260783453055689 0.81867274572070892
decision_type=2 2 2 2 2
left_child=1 4 -3 -4 -1
right_child=-2 2 3 -5 -6
leaf_value=-0.0016832519559285442 0.0011485574586536096 0.0013905475402098779 -0.0031830029583562514 -1.434141727354006e-05 -0.002347158297645785
leaf_weight=56 30 37 49 632 96
leaf_count=56 30 37 49 632 96
internal_value=-0.000111112 -0.000258621 6.96319e-06 -0.000150515 -0.00151316
internal_weight=900 870 718 681 152
internal_count=900 870 718 681 152
is_linear=0
shrinkage=0.05


Tree=36
num_leaves=6
num_cat=0
split_feature=0 1 0 1 0
split_gain=0.227165 0.115949 0.13109 0.116582 0.101504
threshold=0.98936671016101652 0.8481843581443208 0.84740643857046938 0.86260783453055689 0.81867274572070892
decision_type=2 2 2 2 2
left_child=1 4 -3 -4 -1
right_child=-2 2 3 -5 -6
leaf_value=-0.0015990893581321166 0.0010911295857209292 0.0013210201631993859 -0.0030238528104384378 -1.3624346409863944e-05 -0.0022298003827634972
leaf_weight=56 30 37 49 632 96
leaf_count=56 30 37 49 632 96
internal_value=-0.000111112 -0.000258621 6.96319e-06 -0.000150515 -0.00151316
internal_weight=900 870 718 681 152
internal_count=900 870 718 681 152
is_linear=0
shrinkage=0.05


Tree=37
num_leaves=6
num_cat=0
split_feature=0 1 0 1 0
split_gain=0.227165 0.115949 0.13109 0.116582 0.101504
threshold=0.98936671016101652 0.8481843581443208 0.84740643857046938 0.86260783453055689 0.81867274572070892
decision_type=2 2 2 2 2
left_child=1 4 -3 -4 -1
right_child=-2 2 3 -5 -6
leaf_value=-0.0015191348902255097 0.0010365731064348794 0.0012549691550394185 -0.0028726601699165136 -1.2943129089366637e-05 -0.0021183103636253199
leaf_weight=56 30 37 49 632 96
leaf_count=56 30 37 49 632 96
internal_value=-0.000111112 -0.000258621 6.96319e-06 -0.000150515 -0.00151316
internal_weight=900 870 718 681 152
internal_count=900 870 718 681 152
is_linear=0
shrinkage=0.05


Tree=38
num_leaves=6
num_cat=0
split_feature=0 1 0 1 0
split_gain=0.227165 0.115949 0.13109 0.116582 0.101504
threshold=0.98936671016101652 0.8481843581443208 0.84740643857046938 0.86260783453055689 0.81867274572070892
decision_type=2 2 2 2 2
left_child=1 4 -3 -4 -1
right_child=-2 2 3 -5 -6
leaf_value=-0.0014431781457142356 0.00098474445111313975 0.0011922206972874473 -0.0027290271614206886 -1.229597263489697e-05 -0.0020123948454440544
leaf_weight=56 30 37 49 632 96
leaf_count=56 30 37 49 632 96
internal_value=-0.000111112 -0.000258621 6.96319e-06 -0.000150515 -0.00151316
internal_weight=900 870 718 681 152
internal_count=900 870 718 681 152
is_linear=0
shrinkage=0.05


Tree=39
num_leaves=6
num_cat=0
split_feature=0 1 0 1 0
split_gain=0.227165 0.115949 0.13109 0.116582 0.101504
threshold=0.98936671016101652 0.8481843581443208 0.84740643857046938 0.86260783453055689 0.81867274572070892
decision_type=2 2 2 2 2
left_child=1 4 -3 -4 -1
right_child=-2 2 3 -5 -6
leaf_value=-0.0013710192384285226 0.00093550722855748622 0.0011326096624230766 -0.0025925758033496561 -1.1681174003148567e-05 -0.0019117751031718533
leaf_weight=56 30 37 49 632 96
leaf_count=56 30 37 49 632 96
internal_value=-0.000111112 -0.000258621 6.96319e-06 -0.000150515 -0.00151316
internal_weight=900 870 718 681 152
internal_count=900 870 718 681 152
is_linear=0
shrinkage=0.05


Tree=40
num_leaves=6
num_cat=0
split_feature=0 1 0 1 0
split_gain=0.227165 0.115949 0.13109 0.116582 0.101504
threshold=0.98936671016101652 0.8481843581443208 0.84740643857046938 0.86260783453055689 0.81867274572070892
decision_type=2 2 2 2 2
left_child=1 4 -3 -4 -1
right_child=-2 2 3 -5 -6
leaf_value=-0.0013024682765070961 0.00088873186712961076 0.0010759791793019204 -0.0024629470131821707 -1.1097115302989249e-05 -0.0018161863480132602
leaf_weight=56 30 37 49 632 96
leaf_count=56 30 37 49 632 96
internal_value=-0.000111112 -0.000258621 6.96319e-06 -0.000150515 -0.00151316
internal_weight=900 870 718 681 152
internal_count=900 870 718 681 152
is_linear=0
shrinkage=0.05


Tree=41
num_leaves=9
num_cat=0
split_feature=0 0 0 1 0 0 1 1
split_gain=0.151442 0.12288 0.153509 0.0860597 0.150292 0.101504 0.0960961 0.0280749
threshold=0.94798276126024816 0.95571671679163572 0.96611721130302686 0.8481843581443208 0.84740643857046938 0.81867274572070892 0.86260783453055689 0.98414157747755648
decision_type=2 2 2 2 2 2 2 2
left_child=3 -2 -3 5 -5 -1 -6 -4
right_child=1 2 7 4 6 -7 -8 -9
leaf_value=-0.0012373448626817442 0.0013413441165424868 -0.00025937874985066945 -0.00061785894088648363 0.0010221802203368249 -0.0023397996625230621 -0.001725377030612596 -0.00021733959129841552 0.0016757514062650692
leaf_weight=56 30 30 33 37 49 96 518 51
leaf_count=56 30 30 33 37 49 96 518 51
internal_value=-0.000166667 0.00131944 0.000570175 -0.000449736 -0.00018212 -0.00151316 -0.000383598 0.00166667
internal_weight=900 144 114 756 604 152 567 84
internal_count=900 144 114 756 604 152 567 84
is_linear=0
shrinkage=0.05


Tree=42
num_leaves=6
num_cat=0
split_feature=1 0 1 1 0
split_gain=0.121914 0.12783 0.120345 0.182348 0.101504
threshold=0.8481843581443208 0.84740643857046938 0.86260783453055689 0.86826472573550773 0.81867274572070892
decision_type=2 2 2 2 2
left_child=4 -2 -3 -4 -1
right_child=1 2 3 -5 -6
leaf_value=-0.0011754776195476548 0.00097107120931998268 -0.002222809679396909 0.0021417691446212993 -2.3071358699035121e-05 -0.0016391081790819663
leaf_weight=56 37 49 32 630 96
leaf_count=56 37 49 32 630 96
internal_value=-0.000222223 4.01064e-05 -0.000109002 6.79752e-05 -0.00151316
internal_weight=900 748 711 662 152
internal_count=900 748 711 662 152
is_linear=0
shrinkage=0.05


Tree=43
num_leaves=6
num_cat=0
split_feature=1 0 1 1 0
split_gain=0.121914 0.12783 0.120345 0.182348 0.101504
threshold=0.8481843581443208 0.84740643857046938 0.86260783453055689 0.86826472573550773 0.81867274572070892
decision_type=2 2 2 2 2
left_child=4 -2 -3 -4 -1
right_child=1 2 3 -5 -6
leaf_value=-0.0011167037385702739 0.0009225176488539856 -0.002111669195427063 0.0020346806873902334 -2.1917790764082318e-05 -0.0015571527701278677
leaf_weight=56 37 49 32 630 96
leaf_count=56 37 49 32 630 96
internal_value=-0.000222223 4.01064e-05 -0.000109002 6.79752e-05 -0.00151316
internal_weight=900 748 711 662 152
internal_count=900 748 711 662 152
is_linear=0
shrinkage=0.05


Tree=44
num_leaves=6
num_cat=0
split_feature=1 0 1 1 0
split_gain=0.121914 0.12783 0.120345 0.182348 0.101504
threshold=0.8481843581443208 0.84740643857046938 0.86260783453055689 0.86826472573550773 0.81867274572070892
decision_type=2 2 2 2 2
left_child=4 -2 -3 -4 -1
right_child=1 2 3 -5 -6
leaf_value=-0.0010608685516417583 0.00087639176641128656 -0.0020060857356557107 0.0019329466530207202 -2.0821901225877152e-05 -0.001479295131621472
leaf_weight=56 37 49 32 630 96
leaf_count=56 37 49 32 630 96
internal_value=-0.000222223 4.01064e-05 -0.000109002 6.79752e-05 -0.00151316
internal_weight=900 748 711 662 152
internal_count=900 748 711 662 152
is_linear=0
shrinkage=0.05


Tree=45
num_leaves=6
num_cat=0
split_feature=1 0 1 1 0
split_gain=0.121914 0.12783 0.120345 0.182348 0.101504
threshold=0.8481843581443208 0.84740643857046938 0.86260783453055689 0.86826472573550773 0.81867274572070892
decision_type=2 2 2 2 2
left_child=4 -2 -3 -4 -1
right_child=1 2 3 -5 -6
leaf_value=-0.0010078251240596692 0.0008325721780907216 -0.001905781448872923 0.0018362993203696861 -1.9780806164583359e-05 -0.0014053303750403978
leaf_weight=56 37 49 32 630 96
leaf_count=56 37 49 32 630 96
internal_value=-0.000222223 4.01064e-05 -0.000109002 6.79752e-05 -0.00151316
internal_weight=900 748 711 662 152
internal_count=900 748 711 662 152
is_linear=0
shrinkage=0.05


Tree=46
num_leaves=6
num_cat=0
split_feature=1 0 1 1 0
split_gain=0.121914 0.12783 0.120345 0.182348 0.101504
threshold=0.8481843581443208 0.84740643857046938 0.86260783453055689 0.86826472573550773 0.81867274572070892
decision_type=2 2 2 2 2
left_child=4 -2 -3 -4 -1
right_child=1 2 3 -5 -6
leaf_value=-0.00095743386785668294 0.00079094356918618452 -0.0018104923764292792 0.0017444843543512002 -1.8791765856353142e-05 -0.0013350638562883766
leaf_weight=56 37 49 32 630 96
leaf_count=56 37 49 32 630 96
internal_value=-0.000222223 4.01064e-05 -0.000109002 6.79752e-05 -0.00151316
internal_weight=900 748 711 662 152
internal_count=900 748 711 662 152
is_linear=0
shrinkage=0.05


Tree=47
num_leaves=6
num_cat=0
split_feature=1 0 1 1 0
split_gain=0.121914 0.12783 0.120345 0.182348 0.101504
threshold=0.8481843581443208 0.84740643857046938 0.86260783453055689 0.86826472573550773 0.81867274572070892
decision_type=2 2 2 2 2
left_child=4 -2 -3 -4 -1
right_child=1 2 3 -5 -6
leaf_value=-0.00090956217446385161 0.00075139639072687521 -0.0017199677576078154 0.0016572601366336406 -1.7852177563538879e-05 -0.0012683106634739595
leaf_weight=56 37 49 32 630 96
leaf_count=56 37 49 32 630 96
internal_value=-0.000222223 4.01064e-05 -0.000109002 6.79752e-05 -0.00151316
internal_weight=900 748 711 662 152
internal_count=900 748 711 662 152
is_linear=0
shrinkage=0.05


Tree=48
num_leaves=11
num_cat=0
split_feature=1 0 1 0 1 1 1 0 0 0
split_gain=0.126269 0.194503 0.0858229 0.253418 0.040735 0.104822 0.175362 0.0581719 0.0254976 0.0193452
threshold=0.89034450932051734 0.88832994701862733 0.9230861307353565 0.92245553895117605 0.87751906566028259 0.86260783453055689 0.86826472573550773 0.81867274572070892 0.900372256663722 0.87409445602060332
decision_type=2 2 2 2 2 2 2 2 2 2
left_child=4 -2 8 -4 5 7 -7 -1 -3 -6
right_child=1 2 3 -5 9 6 -8 -9 -10 -11
leaf_value=-0.00086408406574066128 0.0042801047679885181 -0.001677516374941135 0.0025594573234235976 -7.3600974485835779e-06 -0.0008092601690174267 0.0015743971298019612 -0.0029186795748881718 -0.0011784943536793991 -0.00079129323841696346 -0.0028394833841973994
leaf_weight=56 30 64 36 263 32 32 60 180 95 52
leaf_count=56 30 64 36 263 32 32 60 180 95 52
internal_value=-0.000277778 0.000266393 1.09164e-05 0.000510033 -0.000922331 -0.000670732 0.000760869 -0.00122881 -0.000927674 -0.00190476
internal_weight=900 488 458 299 412 328 92 236 159 84
internal_count=900 488 458 299 412 328 92 236 159 84
is_linear=0
shrinkage=0.05


Tree=49
num_leaves=6
num_cat=0
split_feature=1 0 1 1 0
split_gain=0.111647 0.133864 0.11337 0.189906 0.101504
threshold=0.8481843581443208 0.84740643857046938 0.86260783453055689 0.86826472573550773 0.81867274572070892
decision_type=2 2 2 2 2
left_child=4 -2 -3 -4 -1
right_child=1 2 3 -5 -6
leaf_value=-0.00082087986245362734 0.00077275128887450495 -0.0015750446520434503 0.0014956772733118631 -8.8278902517898399e-05 -0.0011459704126162873
leaf_weight=56 37 49 32 630 96
leaf_count=56 37 49 32 630 96
internal_value=-0.000277778 -2.67386e-05 -0.000179325 -7.55347e-06 -0.00151316
internal_weight=900 748 711 662 152
internal_count=900 748 711 662 152
is_linear=0
shrinkage=0.05


Tree=50
num_leaves=6
num_cat=0
split_feature=1 0 1 1 0
split_gain=0.111647 0.133864 0.11337 0.189906 0.101504
threshold=0.8481843581443208 0.84740643857046938 0.86260783453055689 0.86826472573550773 0.81867274572070892
decision_type=2 2 2 2 2
left_child=4 -2 -3 -4 -1
right_child=1 2 3 -5 -6
leaf_value=-0.00077983586933094706 0.0007341137244307773 -0.0014962924194412753 0.001420893409646268 -8.3864957392006624e-05 -0.001088671891985471
leaf_weight=56 37 49 32 630 96
leaf_count=56 37 49 32 630 96
internal_value=-0.000277778 -2.67386e-05 -0.000179325 -7.55347e-06 -0.00151316
internal_weight=900 748 711 662 152
internal_count=900 748 711 662 152
is_linear=0
shrinkage=0.05


Tree=51
num_leaves=10
num_cat=0
split_feature=0 0 0 1 0 0 1 1 0
split_gain=0.174934 0.12288 0.153509 0.065982 0.101504 0.0818281 0.122208 0.0280749 0.0205128
threshold=0.94798276126024816 0.95571671679163572 0.96611721130302686 0.8481843581443208 0.81867274572070892 0.93333949859840659 0.93026084278574339 0.98414157747755648 0.94182747362317987
decision_type=2 2 2 2 2 2 2 2 2
left_child=3 -2 -3 4 -1 6 -5 -4 -7
right_child=1 2 7 5 -6 8 -8 -9 -10
leaf_value=-0.00074084407586439977 0.0012893638985969624 -0.00023132282447654309 -0.00057187900596056209 -0.00031512757117900731 -0.0010342382973861975 -0.00056781337889884049 0.0019067584964027051 0.0016070508238334115 -0.00015386753060677718
leaf_weight=56 30 30 33 472 96 48 54 51 30
leaf_count=56 30 30 33 472 96 48 54 51 30
internal_value=-0.000277778 0.00131944 0.000570175 -0.000582011 -0.00151316 -0.000347683 -0.000123575 0.00166667 -0.00185897
internal_weight=900 144 114 756 152 604 526 84 78
internal_count=900 144 114 756 152 604 526 84 78
is_linear=0
shrinkage=0.05


Tree=52
num_leaves=8
num_cat=0
split_feature=0 0 1 0 0 0 1
split_gain=0.130274 0.116741 0.187655 0.116334 0.120879 0.0705739 0.0589117
threshold=0.94488344091848331 0.92887906123796093 0.93026084278574339 0.95484567955787047 0.96611721130302686 0.98031255238263004 0.8481843581443208
decision_type=2 2 2 2 2 2 2
left_child=1 2 6 -2 -5 -6 -1
right_child=3 -3 -4 4 5 -7 -8
leaf_value=-0.00097697422838843319 0.00063630250602771945 -0.00037597930998235497 0.0023447537254277732 -0.00022643717343189264 0.0030102443104607179 -9.8913916323151166e-05 -0.00029937119262005634
leaf_weight=152 45 78 36 33 39 45 472
leaf_count=152 45 78 36 33 39 45 472
internal_value=-0.000388889 -0.000670732 -0.000454546 0.000895061 6.4102e-05 0.00107143 -0.000657052
internal_weight=900 738 660 162 117 84 624
internal_count=900 738 660 162 117 84 624
is_linear=0
shrinkage=0.05


Tree=53
num_leaves=8
num_cat=0
split_feature=0 0 0 1 1 1 0
split_gain=0.174934 0.1875 0.0858616 0.179643 0.0704556 0.0505676 0.0229167
threshold=0.94798276126024816 0.95776440901518634 0.92887906123796093 0.93026084278574339 0.8481843581443208 0.98414157747755648 0.94182747362317987
decision_type=2 2 2 2 2 2 2
left_child=2 -2 3 4 -1 -3 -4
right_child=1 5 6 -5 -6 -7 -8
leaf_value=-0.00092812551696901395 0.00088622864134546564 -0.00022402264561754981 -0.00051662666555295504 0.0022275160391563853 -0.00028440263298905517 0.0015316439784578972 -0.00012737518857731668
leaf_weight=152 36 57 66 36 472 51 30
leaf_count=152 36 57 66 36 472 51 30
internal_value=-0.000277778 0.00131944 -0.000582011 -0.000378788 -0.000576924 0.000277777 -0.00197917
internal_weight=900 144 756 660 624 108 96
internal_count=900 144 756 660 624 108 96
is_linear=0
shrinkage=0.05


Tree=54
num_leaves=8
num_cat=0
split_feature=0 0 1 0 0 0 0
split_gain=0.108702 0.134676 0.171805 0.116334 0.120879 0.0705739 0.0626502
threshold=0.94488344091848331 0.92887906123796093 0.93026084278574339 0.95484567955787047 0.96611721130302686 0.98031255238263004 0.90832581549917513
decision_type=2 2 2 2 2 2 2
left_child=1 2 6 -2 -5 -6 -1
right_child=3 -3 -4 4 5 -7 -8
leaf_value=-0.00046810588533788375 0.00056017594865906959 -0.00033134901120558392 0.0021161402371985718 -0.00020391418247941442 0.0028621549338636218 -0.00017055041942988237 -0.00096754574516454887
leaf_weight=548 45 78 36 33 39 45 76
leaf_count=548 45 78 36 33 39 45 76
internal_value=-0.000277778 -0.000535231 -0.000303031 0.000895061 6.4102e-05 0.00107143 -0.000496795
internal_weight=900 738 660 162 117 84 624
internal_count=900 738 660 162 117 84 624
is_linear=0
shrinkage=0.05


Tree=55
num_leaves=9
num_cat=0
split_feature=0 0 1 0 0 0 1 0
split_gain=0.098648 0.144124 0.172616 0.116334 0.120879 0.0705739 0.0619138 0.0576037
threshold=0.94488344091848331 0.92887906123796093 0.9230861307353565 0.95484567955787047 0.96611721130302686 0.98031255238263004 0.81869943768103592 0.92012803845376034
decision_type=2 2 2 2 2 2 2 2
left_child=1 2 6 -2 -5 -6 -1 -4
right_child=3 -3 7 4 5 -7 -8 -9
leaf_value=-0.0030209433788958686 0.00053216715122611502 -0.00031478156064530528 0.0016770264851592499 -0.00019371847335544203 0.0027190471871704389 -0.00016202289845839159 -0.00044526765772436993 0.00031290723601326044
leaf_weight=36 45 78 32 33 39 45 561 31
leaf_count=36 45 78 32 33 39 45 561 31
internal_value=-0.000222223 -0.00046748 -0.000227273 0.000895061 6.4102e-05 0.00107143 -0.00048995 0.0022619
internal_weight=900 738 660 162 117 84 597 63
internal_count=900 738 660 162 117 84 597 63
is_linear=0
shrinkage=0.05


Tree=56
num_leaves=8
num_cat=0
split_feature=0 0 0 1 0 0 0
split_gain=0.107143 0.154678 0.136957 0.137132 0.112782 0.0705739 0.0626502
threshold=0.94798276126024816 0.95571671679163572 0.93333949859840659 0.93026084278574339 0.96611721130302686 0.98031255238263004 0.90832581549917513
decision_type=2 2 2 2 2 2 2
left_child=2 -2 3 6 -3 -6 -1
right_child=1 4 -4 -5 5 -7 -8
leaf_value=-0.00042243720818476978 0.0010941519913042041 -0.00017735205950849544 -0.00029904248261304335 0.0014170207910023718 0.0025830948278119121 -0.00015392175353546867 -0.00089690507502010247
leaf_weight=548 30 30 78 54 39 45 76
leaf_count=548 30 30 78 54 39 45 76
internal_value=-0.000277778 0.000972222 -0.000515874 -0.000287611 0.000131578 0.00107143 -0.000496795
internal_weight=900 144 756 678 114 84 624
internal_count=900 144 756 678 114 84 624
is_linear=0
shrinkage=0.05


Tree=57
num_leaves=8
num_cat=0
split_feature=0 0 1 0 0 0 0
split_gain=0.116878 0.161809 0.171805 0.154678 0.112782 0.0705739 0.0626502
threshold=0.94798276126024816 0.92887906123796093 0.93026084278574339 0.95571671679163572 0.96611721130302686 0.98031255238263004 0.90832581549917513
decision_type=2 2 2 2 2 2 2
left_child=1 2 6 -2 -5 -6 -1
right_child=3 -3 -4 4 5 -7 -8
leaf_value=-0.00040131534777553164 0.0010394443917389974 -0.00028311224836042871 0.0019067853618312766 -0.00016848445653306899 0.002453940086421321 -0.00014622566585869025 -0.00085205982126909999
leaf_weight=548 30 96 36 30 39 45 76
leaf_count=548 30 96 36 30 39 45 76
internal_value=-0.000333334 -0.000582011 -0.000303031 0.000972222 0.000131578 0.00107143 -0.000496795
internal_weight=900 756 660 144 114 84 624
internal_count=900 756 660 144 114 84 624
is_linear=0
shrinkage=0.05


Tree=58
num_leaves=9
num_cat=0
split_feature=0 0 1 0 0 0 1 0
split_gain=0.098648 0.144124 0.172616 0.116334 0.120879 0.0705739 0.0619138 0.0576037
threshold=0.94488344091848331 0.92887906123796093 0.9230861307353565 0.95484567955787047 0.96611721130302686 0.98031255238263004 0.81869943768103592 0.92012803845376034
decision_type=2 2 2 2 2 2 2 2
left_child=1 2 6 -2 -5 -6 -1 -4
right_child=3 -3 7 4 5 -7 -8 -9
leaf_value=-0.0028287085821530559 0.00039887897451265089 -0.00026993474606437087 0.0014269848532595941 -0.00016674072388559447 0.00233124308210025 -0.00013891438256575795 -0.00038181664704013538 0.00025789093350719536
leaf_weight=36 45 78 32 33 39 45 561 31
leaf_count=36 45 78 32 33 39 45 561 31
internal_value=-0.000222223 -0.00046748 -0.000227273 0.000895061 6.4102e-05 0.00107143 -0.00048995 0.0022619
internal_weight=900 738 660 162 117 84 597 63
internal_count=900 738 660 162 117 84 597 63
is_linear=0
shrinkage=0.05


Tree=59
num_leaves=7
num_cat=0
split_feature=0 0 0 1 0 1
split_gain=0.174934 0.1875 0.161809 0.171805 0.0626502 0.0505676
threshold=0.94798276126024816 0.95776440901518634 0.92887906123796093 0.93026084278574339 0.90832581549917513 0.98414157747755648
decision_type=2 2 2 2 2 2
left_child=2 -2 3 4 -1 -3
right_child=1 5 -4 -5 -6 -7
leaf_value=-0.00036215874803474554 0.00066067628640614773 -0.00016731101854856601 -0.00025545989863918762 0.0017839378974566487 -0.0007903659978536348 0.0014936435355274225
leaf_weight=548 36 57 96 36 76 51
leaf_count=548 36 57 96 36 76 51
internal_value=-0.000277778 0.00131944 -0.000582011 -0.000303031 -0.000496795 0.000277777
internal_weight=900 144 756 660 624 108
internal_count=900 144 756 660 624 108
is_linear=0
shrinkage=0.05


Tree=60
num_leaves=9
num_cat=0
split_feature=0 0 0 1 0 0 1 0
split_gain=0.137217 0.184965 0.139147 0.172616 0.120879 0.0705739 0.0619138 0.0576037
threshold=0.9440889787800163 0.95484567955787047 0.92887906123796093 0.9230861307353565 0.96611721130302686 0.98031255238263004 0.81869943768103592 0.92012803845376034
decision_type=2 2 2 2 2 2 2 2
left_child=2 -2 3 6 -3 -6 -1 -5
right_child=1 4 -4 7 5 -7 -8 -9
leaf_value=-0.0026691652156436707 0.00032637740739247526 -0.0001500381367638859 -0.00034872279216199289 0.0012664387157237833 0.0022147417437725103 -0.00020665084021384008 -0.00034461787728639194 0.00022015713537390324
leaf_weight=36 48 33 75 32 39 45 561 31
leaf_count=36 48 33 75 32 39 45 561 31
internal_value=-0.000166667 0.00113636 -0.000459184 -0.000227273 6.4102e-05 0.00107143 -0.00048995 0.0022619
internal_weight=900 165 735 660 117 84 597 63
internal_count=900 165 735 660 117 84 597 63
is_linear=0
shrinkage=0.05


Tree=61
num_leaves=8
num_cat=0
split_feature=0 0 1 0 0 0 0
split_gain=0.116878 0.161809 0.171805 0.154678 0.112782 0.0705739 0.0626502
threshold=0.94798276126024816 0.92887906123796093 0.93026084278574339 0.95571671679163572 0.96611721130302686 0.98031255238263004 0.90832581549917513
decision_type=2 2 2 2 2 2 2
left_child=1 2 6 -2 -5 -6 -1
right_child=3 -3 -4 4 5 -7 -8
leaf_value=-0.00032681991676869368 0.00091817553873648763 -0.00022525076409912748 0.0016706546478878802 -0.00013585573974651545 0.0021040046565838819 -0.00019631829820314641 -0.00073361680409663507
leaf_weight=548 30 96 36 30 39 45 76
leaf_count=548 30 96 36 30 39 45 76
internal_value=-0.000333334 -0.000582011 -0.000303031 0.000972222 0.000131578 0.00107143 -0.000496795
internal_weight=900 756 660 144 114 84 624
internal_count=900 756 660 144 114 84 624
is_linear=0
shrinkage=0.05


Tree=62
num_leaves=8
num_cat=0
split_feature=0 0 1 0 1 0 0
split_gain=0.0900453 0.230342 0.109402 0.102944 0.137132 0.0626502 0.0149184
threshold=0.9440889787800163 0.95484567955787047 0.98414157747755648 0.93333949859840659 0.93026084278574339 0.90832581549917513 0.96611721130302686
decision_type=2 2 2 2 2 2 2
left_child=3 -2 6 4 5 -1 -3
right_child=1 2 -4 -5 -6 -7 -8
leaf_value=-0.00031047892093026173 0.00026414976008602985 -0.00013351661287863692 0.0014190811601360487 -0.00033482272379933289 0.00098219867891134044 -0.00069693596389180153 -0.0015376419138634738
leaf_weight=548 48 32 52 57 54 76 33
leaf_count=548 48 32 52 57 54 76 33
internal_value=-0.000222223 0.000833333 -0.000363248 -0.000459184 -0.000287611 -0.000496795 -0.00173077
internal_weight=900 165 117 735 678 624 65
internal_count=900 165 117 735 678 624 65
is_linear=0
shrinkage=0.05


Tree=63
num_leaves=9
num_cat=0
split_feature=0 0 1 0 0 0 1 0
split_gain=0.107143 0.17316 0.172616 0.154678 0.112782 0.0705739 0.0619138 0.0576037
threshold=0.94798276126024816 0.92887906123796093 0.9230861307353565 0.95571671679163572 0.96611721130302686 0.98031255238263004 0.81869943768103592 0.92012803845376034
decision_type=2 2 2 2 2 2 2 2
left_child=1 2 6 -2 -5 -6 -1 -4
right_child=3 -3 7 4 5 -7 -8 -9
leaf_value=-0.0025038420129765426 0.00085905927379537061 -0.00019724708970420002 0.0010704741135976303 -0.00012238712211525284 0.0020609029710469485 -0.00025745644129978598 -0.00029552204153712866 0.00017859183765192249
leaf_weight=36 30 96 32 30 39 45 561 31
leaf_count=36 30 96 32 30 39 45 561 31
internal_value=-0.000277778 -0.000515874 -0.000227273 0.000972222 0.000131578 0.00107143 -0.00048995 0.0022619
internal_weight=900 756 660 144 114 84 597 63
internal_count=900 756 660 144 114 84 597 63
is_linear=0
shrinkage=0.05


Tree=64
num_leaves=5
num_cat=0
split_feature=1 0 1 0
split_gain=0.0740741 0.0748308 0.127883 0.227672
threshold=0.81869943768103592 0.82490097993460976 0.84366584023459457 0.84230742954678151
decision_type=2 2 2 2
left_child=-1 -2 -3 -4
right_child=1 2 3 -5
leaf_value=-0.002378649912327713 0.0037344688267291538 -0.00093096876993475908 0.0020359421414447745 -3.7105105270899743e-05
leaf_weight=36 32 60 30 742
leaf_count=36 32 60 30 742
internal_value=-0.000277778 -0.000185186 -0.000276443 -0.000103628
internal_weight=900 864 832 772
internal_count=900 864 832 772
is_linear=0
shrinkage=0.05


Tree=65
num_leaves=5
num_cat=0
split_feature=1 0 1 0
split_gain=0.0740741 0.0748308 0.127883 0.227672
threshold=0.81869943768103592 0.82490097993460976 0.84366584023459457 0.84230742954678151
decision_type=2 2 2 2
left_child=-1 -2 -3 -4
right_child=1 2 3 -5
leaf_value=-0.0022597174167113265 0.0035477453853926979 -0.00088442033143801843 0.0019341450343725365 -3.5249850007349948e-05
leaf_weight=36 32 60 30 742
leaf_count=36 32 60 30 742
internal_value=-0.000277778 -0.000185186 -0.000276443 -0.000103628
internal_weight=900 864 832 772
internal_count=900 864 832 772
is_linear=0
shrinkage=0.05


Tree=66
num_leaves=8
num_cat=0
split_feature=0 1 0 1 1 1 1
split_gain=0.149167 0.236613 0.130025 0.171805 0.0830317 0.0475706 0.0775653
threshold=0.9440889787800163 0.9588413258932672 0.92887906123796093 0.93026084278574339 0.8481843581443208 0.98414157747755648 0.97159906531809892
decision_type=2 2 2 2 2 2 2
left_child=2 -2 3 4 -1 6 -3
right_child=1 5 -4 -5 -6 -7 -8
leaf_value=-0.00078240921240215757 0.00017255947903964676 -2.6998152433169512e-05 -0.00028980287590983921 0.0015215516275860256 -0.0001280129661074352 0.0013646176719581571 -0.00084572821267673301
leaf_weight=152 34 47 75 36 472 52 32
leaf_count=152 34 47 75 36 472 52 32
internal_value=-0.000222223 0.00113636 -0.000527211 -0.000303031 -0.000496795 0.000171755 -0.000601266
internal_weight=900 165 735 660 624 131 79
internal_count=900 165 735 660 624 131 79
is_linear=0
shrinkage=0.05


Tree=67
num_leaves=5
num_cat=0
split_feature=1 0 1 0
split_gain=0.0740741 0.0748308 0.127883 0.227672
threshold=0.81869943768103592 0.82490097993460976 0.84366584023459457 0.84230742954678151
decision_type=2 2 2 2
left_child=-1 -2 -3 -4
right_child=1 2 3 -5
leaf_value=-0.0021076110852556507 0.0034094785767431694 -0.00080107885424601235 0.001849791218875125 -2.1522603453578558e-05
leaf_weight=36 32 60 30 742
leaf_count=36 32 60 30 742
internal_value=-0.000277778 -0.000185186 -0.000276443 -0.000103628
internal_weight=900 864 832 772
internal_count=900 864 832 772
is_linear=0
shrinkage=0.05


Tree=68
num_leaves=6
num_cat=0
split_feature=1 0 1 1 1
split_gain=0.0924666 0.101504 0.0909926 0.0822323 0.206192
threshold=0.8481843581443208 0.81867274572070892 0.85549074225172717 0.86260783453055689 0.86826472573550773
decision_type=2 2 2 2 2
left_child=1 -1 -2 -4 -5
right_child=2 -3 3 4 -6
leaf_value=-0.00058341346046378827 0.00025094992937103828 -0.00075420019435121785 -0.0011326869525388806 0.0015938153477763222 -2.2540675918614618e-05
leaf_weight=56 44 96 40 32 632
leaf_count=56 44 96 40 32 632
internal_value=-0.000388889 -0.00151316 -0.000160428 -0.000298296 -0.000165663
internal_weight=900 152 748 704 664
internal_count=900 152 748 704 664
is_linear=0
shrinkage=0.05


Tree=69
num_leaves=6
num_cat=0
split_feature=1 0 1 1 1
split_gain=0.0924666 0.101504 0.0909926 0.0822323 0.206192
threshold=0.8481843581443208 0.81867274572070892 0.85549074225172717 0.86260783453055689 0.86826472573550773
decision_type=2 2 2 2 2
left_child=1 -1 -2 -4 -5
right_child=2 -3 3 4 -6
leaf_value=-0.0005542427874406005 0.00023840243290248702 -0.00071649018463365577 -0.0010760526049119368 0.0015141245803875041 -2.1413642122681134e-05
leaf_weight=56 44 96 40 32 632
leaf_count=56 44 96 40 32 632
internal_value=-0.000388889 -0.00151316 -0.000160428 -0.000298296 -0.000165663
internal_weight=900 152 748 704 664
internal_count=900 152 748 704 664
is_linear=0
shrinkage=0.05


Tree=70
num_leaves=5
num_cat=0
split_feature=1 0 1 0
split_gain=0.0704167 0.0785256 0.121064 0.234631
threshold=0.81869943768103592 0.82490097993460976 0.84366584023459457 0.84230742954678151
decision_type=2 2 2 2
left_child=-1 -2 -3 -4
right_child=1 2 3 -5
leaf_value=-0.0019453477185976454 0.0032958874603012337 -0.00068749039258446669 0.0017875883667331051 -1.8248757378831325e-05
leaf_weight=36 32 60 30 742
leaf_count=36 32 60 30 742
internal_value=-0.000333334 -0.000243056 -0.000336539 -0.000168394
internal_weight=900 864 832 772
internal_count=900 864 832 772
is_linear=0
shrinkage=0.05


Tree=71
num_leaves=8
num_cat=0
split_feature=0 0 0 1 1 1 0
split_gain=0.0839777 0.151947 0.116741 0.187655 0.109402 0.0589117 0.0149184
threshold=0.94488344091848331 0.95484567955787047 0.92887906123796093 0.93026084278574339 0.98414157747755648 0.8481843581443208 0.96611721130302686
decision_type=2 2 2 2 2 2 2
left_child=2 -2 3 5 6 -1 -3
right_child=1 4 -4 -5 -6 -7 -8
leaf_value=-0.00063946644672596697 0.00022668917022182768 -0.00011156748679967965 -0.00016606866983785997 0.0014496603301504144 0.0013005730723039345 -0.00011742603385837513 -0.0015137145243812038
leaf_weight=152 45 32 78 36 52 472 33
leaf_count=152 45 32 78 36 52 472 33
internal_value=-0.000444445 0.000586419 -0.000670732 -0.000454546 -0.000363248 -0.000657052 -0.00173077
internal_weight=900 162 738 660 117 624 65
internal_count=900 162 738 660 117 624 65
is_linear=0
shrinkage=0.05


Tree=72
num_leaves=8
num_cat=0
split_feature=1 1 1 0 1 1 1
split_gain=0.194576 0.331314 0.106186 0.0944992 0.26537 0.0602371 0.0514245
threshold=0.94792648753925424 0.9588413258932672 0.96744013018650921 0.92887906123796093 0.92946417735555775 0.8481843581443208 0.97690166219795393
decision_type=2 2 2 2 2 2 2
left_child=3 -2 -3 4 5 -1 -4
right_child=1 2 6 -5 -6 -7 -8
leaf_value=-0.00060749312438966867 7.508504802281335e-05 -0.00060836210228520926 0.00114489342681926 -0.00065600884093808265 0.0013961072244924018 -0.00010446258676068456 -0.00013692330862513646
leaf_weight=152 48 33 30 60 30 469 78
leaf_count=152 48 33 30 60 30 469 78
internal_value=-0.000222223 0.0012037 -1.77311e-05 -0.000601266 -0.000426268 -0.000648149 0.00074074
internal_weight=900 189 141 711 651 621 108
internal_count=900 189 141 711 651 621 108
is_linear=0
shrinkage=0.05


Tree=73
num_leaves=8
num_cat=0
split_feature=0 0 0 1 0 0 1
split_gain=0.161616 0.184965 0.121212 0.179643 0.120879 0.0705739 0.0704556
threshold=0.9440889787800163 0.95484567955787047 0.92887906123796093 0.93026084278574339 0.96611721130302686 0.98031255238263004 0.8481843581443208
decision_type=2 2 2 2 2 2 2
left_child=2 -2 3 6 -3 -6 -1
right_child=1 4 -4 -5 5 -7 -8
leaf_value=-0.00057711846817018464 0.00019207665523535145 -0.00016546061386037982 -0.00026657726707991493 0.0013073719524182785 0.0019257383156821069 -0.00036319295930904439 -0.0001063316028274224
leaf_weight=152 48 33 75 36 39 45 472
leaf_count=152 48 33 75 36 39 45 472
internal_value=-0.000277778 0.00113636 -0.000595239 -0.000378788 6.4102e-05 0.00107143 -0.000576924
internal_weight=900 165 735 660 117 84 624
internal_count=900 165 735 660 117 84 624
is_linear=0
shrinkage=0.05


Tree=74
num_leaves=8
num_cat=0
split_feature=1 1 0 1 1 1 1
split_gain=0.117021 0.203338 0.109018 0.247916 0.0619348 0.03026 0.0763889
threshold=0.94792648753925424 0.9588413258932672 0.92887906123796093 0.92946417735555775 0.81869943768103592 0.98414157747755648 0.97159906531809892
decision_type=2 2 2 2 2 2 2
left_child=2 -2 3 4 -1 6 -3
right_child=1 5 -4 -5 -6 -7 -8
leaf_value=-0.0017568764307034691 6.7621486609430425e-05 -3.5174215538112971e-05 -0.00060987953553718341 0.0012609332656468662 -0.00024584628224808561 0.0011003209877986197 -0.00085451309177837504
leaf_weight=36 48 48 60 30 585 60 33
leaf_count=36 48 48 60 30 585 60 33
internal_value=-0.000166667 0.000939153 -0.000460619 -0.000272658 -0.000487118 -1.77311e-05 -0.000648149
internal_weight=900 189 711 651 621 141 81
internal_count=900 189 711 651 621 141 81
is_linear=0
shrinkage=0.05


Tree=75
num_leaves=8
num_cat=0
split_feature=1 1 0 1 1 1 1
split_gain=0.105558 0.203338 0.116666 0.249002 0.0619138 0.03026 0.0763889
threshold=0.94792648753925424 0.9588413258932672 0.92887906123796093 0.9230861307353565 0.81869943768103592 0.98414157747755648 0.97159906531809892
decision_type=2 2 2 2 2 2 2
left_child=2 -2 3 4 -1 6 -3
right_child=1 5 -4 -5 -6 -7 -8
leaf_value=-0.0016690326091682974 6.4240412278964123e-05 -3.3415504761212819e-05 -0.00057938555876032585 0.0011852666467540506 -0.00023783888346150868 0.0010453049384086866 -0.00081178743718945956
leaf_weight=36 48 48 60 54 561 60 33
leaf_count=36 48 48 60 54 561 60 33
internal_value=-0.000111112 0.000939153 -0.000390296 -0.000195853 -0.00048995 -1.77311e-05 -0.000648149
internal_weight=900 189 711 651 597 141 81
internal_count=900 189 711 651 597 141 81
is_linear=0
shrinkage=0.05


Tree=76
num_leaves=5
num_cat=0
split_feature=1 0 1 0
split_gain=0.0778241 0.0712251 0.134889 0.0804771
threshold=0.81869943768103592 0.82490097993460976 0.84366584023459457 0.84230742954678151
decision_type=2 2 2 2
left_child=-1 -2 -3 -4
right_child=1 2 3 -5
leaf_value=-0.0015855809787098829 0.0032464812475359486 -0.00053772771270547135 0.0017618077132099846 -1.358211438350099e-05
leaf_weight=36 32 60 30 742
leaf_count=36 32 60 30 742
internal_value=-0.000222223 -0.000127315 -0.000216347 -3.88607e-05
internal_weight=900 864 832 772
internal_count=900 864 832 772
is_linear=0
shrinkage=0.05


Tree=77
num_leaves=8
num_cat=0
split_feature=1 1 0 1 1 1 1
split_gain=0.129074 0.203338 0.101629 0.256568 0.0719728 0.03026 0.0763889
threshold=0.94792648753925424 0.9588413258932672 0.92887906123796093 0.92946417735555775 0.8481843581443208 0.98414157747755648 0.97159906531809892
decision_type=2 2 2 2 2 2 2
left_child=2 -2 3 4 -1 6 -3
right_child=1 5 -4 -5 -6 -7 -8
leaf_value=-0.00054683837736773278 6.1707497384182422e-05 -3.1065623803981941e-05 -0.00054973717510313773 0.001139302375745996 -0.00010697768491391333 0.00099371879720742138 -0.000770518959610822
leaf_weight=152 48 48 60 30 469 60 33
leaf_count=152 48 48 60 30 469 60 33
internal_value=-0.000222223 0.000939153 -0.000530943 -0.000349463 -0.000567633 -1.77311e-05 -0.000648149
internal_weight=900 189 711 651 621 141 81
internal_count=900 189 711 651 621 141 81
is_linear=0
shrinkage=0.05


Tree=78
num_leaves=9
num_cat=0
split_feature=1 1 0 1 1 0 0 0
split_gain=0.129074 0.173512 0.101629 0.256568 0.0719728 0.0625108 0.0705739 0.0536797
threshold=0.94792648753925424 0.95713500491092918 0.92887906123796093 0.92946417735555775 0.8481843581443208 0.96611721130302686 0.98031255238263004 0.95484567955787047
decision_type=2 2 2 2 2 2 2 2
left_child=2 -2 3 4 -1 7 -7 -3
right_child=1 5 -4 -5 -6 6 -8 -9
leaf_value=-0.00051949645849934845 0.00010188620780583469 -3.5366613756380086e-06 -0.000522250316347983 0.0010823372569586961 -0.0001016288006682172 0.0016893581964214364 -0.00050132144179515503 -0.00014707205012357561
leaf_weight=152 39 35 60 30 469 39 45 31
leaf_count=152 39 35 60 30 469 39 45 31
internal_value=-0.000222223 0.000939153 -0.000530943 -0.000349463 -0.000567633 0.000166666 0.00107143 -0.000984849
internal_weight=900 189 711 651 621 150 84 66
internal_count=900 189 711 651 621 150 84 66
is_linear=0
shrinkage=0.05


Tree=79
num_leaves=8
num_cat=0
split_feature=0 0 1 0 1 0 0
split_gain=0.098648 0.151235 0.0997879 0.0675507 0.171805 0.0626502 0.0205128
threshold=0.94488344091848331 0.95776440901518634 0.98414157747755648 0.92887906123796093 0.93026084278574339 0.90832581549917513 0.93925910034093818
decision_type=2 2 2 2 2 2 2
left_child=3 -2 -3 4 5 -1 -5
right_child=1 2 -4 6 -6 -7 -8
leaf_value=-0.00021426949333782538 0.00012933153984036051 -0.00015307943859410589 0.0011493568292594957 -0.00027496264419796246 0.0010092904832612595 -0.00058140368415129148 -8.3385630520646747e-06
leaf_weight=548 54 57 51 48 36 76 30
leaf_count=548 54 57 51 48 36 76 30
internal_value=-0.000222223 0.000895061 -0.000185186 -0.00046748 -0.000303031 -0.000496795 -0.00185897
internal_weight=900 162 108 738 660 624 78
internal_count=900 162 108 738 660 624 78
is_linear=0
shrinkage=0.05


Tree=80
num_leaves=5
num_cat=0
split_feature=1 0 1 0
split_gain=0.0778241 0.0712251 0.134889 0.0804771
threshold=0.81869943768103592 0.82490097993460976 0.84366584023459457 0.84230742954678151
decision_type=2 2 2 2
left_child=-1 -2 -3 -4
right_child=1 2 3 -5
leaf_value=-0.0014422717133141473 0.0031481874016193959 -0.00044681111060995704 0.0017141600292030258 -1.1800946899417088e-05
leaf_weight=36 32 60 30 742
leaf_count=36 32 60 30 742
internal_value=-0.000222223 -0.000127315 -0.000216347 -3.88607e-05
internal_weight=900 864 832 772
internal_count=900 864 832 772
is_linear=0
shrinkage=0.05


Tree=81
num_leaves=6
num_cat=0
split_feature=1 0 1 1 1
split_gain=0.111647 0.101504 0.0802975 0.0931852 0.190636
threshold=0.8481843581443208 0.81867274572070892 0.85549074225172717 0.86260783453055689 0.86826472573550773
decision_type=2 2 2 2 2
left_child=1 -1 -2 -4 -5
right_child=2 -3 3 4 -6
leaf_value=-0.00017141523487835229 0.00029040297059425795 -0.00049440327369882915 -0.00095832931532944263 0.0015023390107050125 -1.2263471771301554e-05
leaf_weight=56 44 96 40 32 632
leaf_count=56 44 96 40 32 632
internal_value=-0.000277778 -0.00151316 -2.67386e-05 -0.000156251 -1.50608e-05
internal_weight=900 152 748 704 664
internal_count=900 152 748 704 664
is_linear=0
shrinkage=0.05


Tree=82
num_leaves=6
num_cat=0
split_feature=1 0 1 1 1
split_gain=0.111647 0.101504 0.0802975 0.0931852 0.190636
threshold=0.8481843581443208 0.81867274572070892 0.85549074225172717 0.86260783453055689 0.86826472573550773
decision_type=2 2 2 2 2
left_child=1 -1 -2 -4 -5
right_child=2 -3 3 4 -6
leaf_value=-0.00016284447313443217 0.00027588282206454602 -0.00046968311001388541 -0.00091041284956296933 0.0014272220601697617 -1.165029818273095e-05
leaf_weight=56 44 96 40 32 632
leaf_count=56 44 96 40 32 632
internal_value=-0.000277778 -0.00151316 -2.67386e-05 -0.000156251 -1.50608e-05
internal_weight=900 152 748 704 664
internal_count=900 152 748 704 664
is_linear=0
shrinkage=0.05


Tree=83
num_leaves=6
num_cat=0
split_feature=1 0 1 1 1
split_gain=0.111647 0.101504 0.0802975 0.0931852 0.190636
threshold=0.8481843581443208 0.81867274572070892 0.85549074225172717 0.86260783453055689 0.86826472573550773
decision_type=2 2 2 2 2
left_child=1 -1 -2 -4 -5
right_child=2 -3 3 4 -6
leaf_value=-0.00015470224947771138 0.00026208868096131658 -0.00044619895451318841 -0.00086489220708482197 0.001355860957161276 -1.1067783273588877e-05
leaf_weight=56 44 96 40 32 632
leaf_count=56 44 96 40 32 632
internal_value=-0.000277778 -0.00151316 -2.67386e-05 -0.000156251 -1.50608e-05
internal_weight=900 152 748 704 664
internal_count=900 152 748 704 664
is_linear=0
shrinkage=0.05


Tree=84
num_leaves=10
num_cat=0
split_feature=1 1 1 0 1 0 1 1 1
split_gain=0.111664 0.110409 0.0895105 0.0797153 0.101906 0.0666667 0.0621285 0.0455679 0.0531401
threshold=0.94032520331121749 0.96141174231625548 0.95403060347569946 0.92245553895117605 0.9230861307353565 0.93974632136408642 0.81869943768103592 0.98414157747755648 0.97159906531809892
decision_type=2 2 2 2 2 2 2 2 2
left_child=3 2 5 4 6 -2 -1 8 -3
right_child=1 7 -4 -5 -6 -7 -8 -9 -10
leaf_value=-0.0013457100297739168 1.2596801551181966e-05 0.00037224875194615415 9.266444542989084e-05 -0.0011387799283533839 0.00098009499495407023 -0.00056115160100532664 -0.00020174001409474043 0.00091397021298020862 -0.00071464631218803865
leaf_weight=36 30 36 39 46 30 30 560 60 33
leaf_count=36 30 36 39 46 30 30 560 60 33
internal_value=-0.000166667 0.000789473 0.00204545 -0.000491072 -0.000343451 0.000833333 -0.000486578 -0.000174419 -0.00105073
internal_weight=900 228 99 672 626 60 596 129 69
internal_count=900 228 99 672 626 60 596 129 69
is_linear=0
shrinkage=0.05


Tree=85
num_leaves=9
num_cat=0
split_feature=1 1 0 1 1 1 1 1
split_gain=0.111664 0.160337 0.0797153 0.101906 0.0628205 0.0621285 0.04 0.0578947
threshold=0.94032520331121749 0.95713500491092918 0.92245553895117605 0.9230861307353565 0.94569502242516201 0.81869943768103592 0.98414157747755648 0.97159906531809892
decision_type=2 2 2 2 2 2 2 2
left_child=2 4 3 5 -2 -1 7 -3
right_child=1 6 -4 -5 -6 -7 -8 -9
leaf_value=-0.0012784245282852214 -7.1322490192010144e-05 -8.224451934023741e-07 -0.0010818409319357182 0.00093109024520636485 6.3191691412437868e-05 -0.00019165301339000109 0.00086827170233120263 -0.00067891399657863402
leaf_weight=36 30 57 46 30 48 560 60 33
leaf_count=36 30 57 46 30 48 560 60 33
internal_value=-0.000166667 0.000789473 -0.000491072 -0.000343451 0.0026282 -0.000486578 -0.000166667 -0.000833334
internal_weight=900 228 672 626 78 596 150 90
internal_count=900 228 672 626 78 596 150 90
is_linear=0
shrinkage=0.05


Tree=86
num_leaves=10
num_cat=0
split_feature=1 1 0 1 1 0 0 1 0
split_gain=0.153184 0.124372 0.0797153 0.101906 0.0628205 0.0625108 0.0705739 0.0621285 0.0536797
threshold=0.94032520331121749 0.95713500491092918 0.92245553895117605 0.9230861307353565 0.94569502242516201 0.96611721130302686 0.98031255238263004 0.81869943768103592 0.95484567955787047
decision_type=2 2 2 2 2 2 2 2 2
left_child=2 4 3 7 -2 8 -7 -1 -3
right_child=1 5 -4 -5 -6 6 -8 -9 -10
leaf_value=-0.0012145033018709618 -6.775636568240823e-05 -7.2609239131363596e-06 -0.0010277488853389306 0.00088453573294604315 6.0032106841815604e-05 0.0014742156723057326 -0.00062049618192756568 -0.00018207036272050261 -0.00014829666601896553
leaf_weight=36 30 35 46 30 48 39 45 560 31
leaf_count=36 30 35 46 30 48 39 45 560 31
internal_value=-0.000111112 0.00100877 -0.000491072 -0.000343451 0.0026282 0.000166666 0.00107143 -0.000486578 -0.000984849
internal_weight=900 228 672 626 78 150 84 596 66
internal_count=900 228 672 626 78 150 84 596 66
is_linear=0
shrinkage=0.05


Tree=87
num_leaves=9
num_cat=0
split_feature=1 1 0 1 0 1 1 1
split_gain=0.138363 0.166364 0.0857295 0.0962616 0.068009 0.0536245 0.0455679 0.0531401
threshold=0.94032520331121749 0.96141174231625548 0.92245553895117605 0.9230861307353565 0.87807222185131051 0.95147729791040569 0.98414157747755648 0.97159906531809892
decision_type=2 2 2 2 2 2 2 2
left_child=2 5 3 4 -1 -2 7 -3
right_child=1 6 -4 -5 -6 -7 -8 -9
leaf_value=-0.00016410320489209176 1.2269661626488604e-05 0.00034081089952865164 -0.00097636144107198235 0.00084030894629873751 -0.00061525980828325299 5.2148665589652867e-05 0.0008558829263110246 -0.00063755346344875898
leaf_weight=380 51 36 46 30 216 48 60 33
leaf_count=380 51 36 46 30 216 48 60 33
internal_value=-5.55562e-05 0.00100877 -0.000416667 -0.000263579 -0.000402685 0.0025505 -0.000174419 -0.00105073
internal_weight=900 228 672 626 596 99 129 69
internal_count=900 228 672 626 596 99 129 69
is_linear=0
shrinkage=0.05


Tree=88
num_leaves=9
num_cat=0
split_feature=1 1 0 1 0 1 1 1
split_gain=0.138363 0.166364 0.0857295 0.0962616 0.068009 0.0536245 0.0455679 0.0531401
threshold=0.94032520331121749 0.96141174231625548 0.92245553895117605 0.9230861307353565 0.87807222185131051 0.95147729791040569 0.98414157747755648 0.97159906531809892
decision_type=2 2 2 2 2 2 2 2
left_child=2 5 3 4 -1 -2 7 -3
right_child=1 6 -4 -5 -6 -7 -8 -9
leaf_value=-0.00015589804464748527 1.1656178545164354e-05 0.00032377035455221953 -0.00092754336901837995 0.00079829349898380159 -0.00058449681786909037 4.9541232310174988e-05 0.00081308877999547446 -0.00060567579027631657
leaf_weight=380 51 36 46 30 216 48 60 33
leaf_count=380 51 36 46 30 216 48 60 33
internal_value=-5.55562e-05 0.00100877 -0.000416667 -0.000263579 -0.000402685 0.0025505 -0.000174419 -0.00105073
internal_weight=900 228 672 626 596 99 129 69
internal_count=900 228 672 626 596 99 129 69
is_linear=0
shrinkage=0.05


Tree=89
num_leaves=10
num_cat=0
split_feature=1 1 0 1 1 1 0 0 0
split_gain=0.124295 0.124372 0.0919624 0.0907777 0.0729147 0.0628205 0.0625108 0.0705739 0.0536797
threshold=0.94032520331121749 0.95713500491092918 0.92245553895117605 0.9230861307353565 0.81869943768103592 0.94569502242516201 0.96611721130302686 0.98031255238263004 0.95484567955787047
decision_type=2 2 2 2 2 2 2 2 2
left_child=2 5 3 4 -1 -2 8 -8 -3
right_child=1 6 -4 -5 -6 -7 7 -9 -10
leaf_value=-0.0011377780743004329 -6.5564839406878137e-05 -1.1982372612466027e-05 -0.00088116620056746255 0.00075837882403460854 -0.00015476768679162698 5.3306879793472213e-05 0.0013220782328870382 -0.0006729199581465118 -0.00017411089542206383
leaf_weight=36 30 35 46 30 560 48 39 45 31
leaf_count=36 30 35 46 30 560 48 39 45 31
internal_value=-5.96046e-10 0.00100877 -0.000342263 -0.000183707 -0.000318793 0.0026282 0.000166666 0.00107143 -0.000984849
internal_weight=900 228 672 626 596 78 150 84 66
internal_count=900 228 672 626 596 78 150 84 66
is_linear=0
shrinkage=0.05


Tree=90
num_leaves=9
num_cat=0
split_feature=1 1 0 1 1 1 1 1
split_gain=0.124295 0.166364 0.0919624 0.0907777 0.0729147 0.0536245 0.0455679 0.0531401
threshold=0.94032520331121749 0.96141174231625548 0.92245553895117605 0.9230861307353565 0.81869943768103592 0.95147729791040569 0.98414157747755648 0.97159906531809892
decision_type=2 2 2 2 2 2 2 2
left_child=2 5 3 4 -1 -2 7 -3
right_child=1 6 -4 -5 -6 -7 -8 -9
leaf_value=-0.0010808891705854085 1.1379815065581739e-05 0.00029758504870478489 -0.00083710789053909052 0.00072045988283287745 -0.00014702930245204303 4.4398826704989795e-05 0.00080608033890302579 -0.00056668645599139422
leaf_weight=36 51 36 46 30 560 48 60 33
leaf_count=36 51 36 46 30 560 48 60 33
internal_value=-5.96046e-10 0.00100877 -0.000342263 -0.000183707 -0.000318793 0.0025505 -0.000174419 -0.00105073
internal_weight=900 228 672 626 596 99 129 69
internal_count=900 228 672 626 596 99 129 69
is_linear=0
shrinkage=0.05


Tree=91
num_leaves=9
num_cat=0
split_feature=1 1 0 1 1 1 1 1
split_gain=0.124295 0.166364 0.0919624 0.0907777 0.0729147 0.0536245 0.0455679 0.0531401
threshold=0.94032520331121749 0.96141174231625548 0.92245553895117605 0.9230861307353565 0.81869943768103592 0.95147729791040569 0.98414157747755648 0.97159906531809892
decision_type=2 2 2 2 2 2 2 2
left_child=2 5 3 4 -1 -2 7 -3
right_child=1 6 -4 -5 -6 -7 -8 -9
leaf_value=-0.0010268447120561409 1.0810824312301531e-05 0.00028270579626954451 -0.00079525249601213326 0.00068443688869122843 -0.00013967783732944159 4.2178885369743403e-05 0.00076577632195787846 -0.0005383521331918218
leaf_weight=36 51 36 46 30 560 48 60 33
leaf_count=36 51 36 46 30 560 48 60 33
internal_value=-5.96046e-10 0.00100877 -0.000342263 -0.000183707 -0.000318793 0.0025505 -0.000174419 -0.00105073
internal_weight=900 228 672 626 596 99 129 69
internal_count=900 228 672 626 596 99 129 69
is_linear=0
shrinkage=0.05


Tree=92
num_leaves=9
num_cat=0
split_feature=1 1 0 1 1 0 0 1
split_gain=0.167921 0.122402 0.0919624 0.0907777 0.0729147 0.0709487 0.0705739 0.0536245
threshold=0.94032520331121749 0.96141174231625548 0.92245553895117605 0.9230861307353565 0.81869943768103592 0.96611721130302686 0.98031255238263004 0.95147729791040569
decision_type=2 2 2 2 2 2 2 2
left_child=2 7 3 4 -1 -3 -7 -2
right_child=1 5 -4 -5 -6 6 -8 -9
leaf_value=-0.00097550247645333268 1.0270283096691441e-05 -0.00024716317403270736 -0.00075548987121152884 0.00065021504425667189 -0.00013269394546296717 0.001182339294820338 -0.00071786679328222913 4.0069941101257117e-05
leaf_weight=36 51 45 46 30 560 39 45 48
leaf_count=36 51 45 46 30 560 39 45 48
internal_value=5.5555e-05 0.00122807 -0.000342263 -0.000183707 -0.000318793 0.000213178 0.00107143 0.0025505
internal_weight=900 228 672 626 596 129 84 99
internal_count=900 228 672 626 596 129 84 99
is_linear=0
shrinkage=0.05


Tree=93
num_leaves=9
num_cat=0
split_feature=1 1 0 1 1 1 1 1
split_gain=0.124295 0.166364 0.0919624 0.0907777 0.0729147 0.0536245 0.0455679 0.0531401
threshold=0.94032520331121749 0.96141174231625548 0.92245553895117605 0.9230861307353565 0.81869943768103592 0.95147729791040569 0.98414157747755648 0.97159906531809892
decision_type=2 2 2 2 2 2 2 2
left_child=2 5 3 4 -1 -2 7 -3
right_child=1 6 -4 -5 -6 -7 -8 -9
leaf_value=-0.00092672735263066861 9.7567689418596345e-06 0.00026305991411878263 -0.00071771537765095159 0.00061770429204383872 -0.00012605924818981704 3.806644404619847e-05 0.00076007685412703878 -0.00049907636783059768
leaf_weight=36 51 36 46 30 560 48 60 33
leaf_count=36 51 36 46 30 560 48 60 33
internal_value=-5.96046e-10 0.00100877 -0.000342263 -0.000183707 -0.000318793 0.0025505 -0.000174419 -0.00105073
internal_weight=900 228 672 626 596 99 129 69
internal_count=900 228 672 626 596 99 129 69
is_linear=0
shrinkage=0.05


Tree=94
num_leaves=7
num_cat=0
split_feature=1 0 0 1 1 0
split_gain=0.0966625 0.200886 0.0904018 0.0834629 0.160337 0.0925538
threshold=0.84366584023459457 0.84230742954678151 0.81867274572070892 0.94032520331121749 0.95713500491092918 0.92245553895117605
decision_type=2 2 2 2 2 2
left_child=2 -2 -1 5 -5 -3
right_child=1 3 -4 4 -6 -7
leaf_value=0.00022196855760295305 0.0017171878215229649 -9.2840454977794981e-05 -0.00032591062599141577 3.2665016706536457e-05 -1.3605099814555583e-05 -0.00068182960876840288
leaf_weight=56 30 468 72 78 150 46
leaf_count=56 30 468 72 78 150 46
internal_value=-5.55562e-05 0.00015544 -0.00132813 -6.73914e-06 0.000789473 -0.000359923
internal_weight=900 772 128 742 228 514
internal_count=900 772 128 742 228 514
is_linear=0
shrinkage=0.05


Tree=95
num_leaves=6
num_cat=0
split_feature=1 0 1 1 1
split_gain=0.121914 0.101504 0.0752005 0.0989184 0.183087
threshold=0.8481843581443208 0.81867274572070892 0.85549074225172717 0.86260783453055689 0.86826472573550773
decision_type=2 2 2 2 2
left_child=1 -1 -2 -4 -5
right_child=2 -3 3 4 -6
leaf_value=0.00021087012972280679 0.00033341090266068802 -0.00032780884248941326 -0.00073722094098314104 0.0013724945650506392 -1.5683203226960365e-05
leaf_weight=56 44 96 40 32 632
leaf_count=56 44 96 40 32 632
internal_value=-0.000222223 -0.00151316 4.01064e-05 -8.52279e-05 6.02404e-05
internal_weight=900 152 748 704 664
internal_count=900 152 748 704 664
is_linear=0
shrinkage=0.05


Tree=96
num_leaves=7
num_cat=0
split_feature=1 0 0 0 1 0
split_gain=0.0884069 0.207425 0.0904018 0.0709689 0.127101 0.0172043
threshold=0.84366584023459457 0.84230742954678151 0.81867274572070892 0.85353732852725295 0.86826472573550773 0.84740643857046938
decision_type=2 2 2 2 2 2
left_child=2 -2 -1 5 -5 -3
right_child=1 3 -4 4 -6 -7
leaf_value=0.00020032662323666867 0.0016295353410090711 -0.0010561027177890038 -0.00029322465256737543 0.0005763617814306415 -1.2221581565088957e-05 -0.00075644268838120368
leaf_weight=56 30 30 72 50 630 32
leaf_count=56 30 30 72 50 630 32
internal_value=-0.000111112 9.0673e-05 -0.00132813 -7.41246e-05 7.35288e-05 -0.00169355
internal_weight=900 772 128 742 680 62
internal_count=900 772 128 742 680 62
is_linear=0
shrinkage=0.05


Tree=97
num_leaves=10
num_cat=0
split_feature=1 1 1 0 0 1 1 1 1
split_gain=0.153184 0.166364 0.0820814 0.107498 0.101504 0.078679 0.0536245 0.0455679 0.0531401
threshold=0.94032520331121749 0.96141174231625548 0.8481843581443208 0.92245553895117605 0.81867274572070892 0.85549074225172717 0.95147729791040569 0.98414157747755648 0.97159906531809892
decision_type=2 2 2 2 2 2 2 2 2
left_child=2 6 4 5 -1 -4 -2 8 -3
right_child=1 7 3 -5 -6 -7 -8 -9 -10
leaf_value=0.00019031029207483582 9.0309188990331972e-06 0.00025198241264317336 0.00035730196783289513 -0.00064634288909037885 -0.00029675716773657217 -7.2547201565366023e-05 3.5925110248153759e-05 0.0007241485056510167 -0.00047204705520874639
leaf_weight=56 51 36 44 46 96 430 48 60 33
leaf_count=56 51 36 44 46 96 430 48 60 33
internal_value=-0.000111112 0.00100877 -0.000491072 -0.000192308 -0.00151316 3.1645e-05 0.0025505 -0.000174419 -0.00105073
internal_weight=900 228 672 520 152 474 99 129 69
internal_count=900 228 672 520 152 474 99 129 69
is_linear=0
shrinkage=0.05


Tree=98
num_leaves=6
num_cat=0
split_feature=1 0 1 1 1
split_gain=0.121914 0.101504 0.0752005 0.0989184 0.183087
threshold=0.8481843581443208 0.81867274572070892 0.85549074225172717 0.86260783453055689 0.86826472573550773
decision_type=2 2 2 2 2
left_child=1 -1 -2 -4 -5
right_child=2 -3 3 4 -6
leaf_value=0.00018079477747109403 0.00033943686944125004 -0.00028191930934974297 -0.00065891039943665743 0.0012786791078048423 -5.0199046687733567e-06
leaf_weight=56 44 96 40 32 632
leaf_count=56 44 96 40 32 632
internal_value=-0.000222223 -0.00151316 4.01064e-05 -8.52279e-05 6.02404e-05
internal_weight=900 152 748 704 664
internal_count=900 152 748 704 664
is_linear=0
shrinkage=0.05


Tree=99
num_leaves=6
num_cat=0
split_feature=1 0 1 1 1
split_gain=0.132633 0.101504 0.0702707 0.104823 0.17569
threshold=0.8481843581443208 0.81867274572070892 0.85549074225172717 0.86260783453055689 0.86826472573550773
decision_type=2 2 2 2 2
left_child=1 -1 -2 -4 -5
right_child=2 -3 3 4 -6
leaf_value=0.00017175503859753768 0.00032246502596918668 -0.00026782334388225637 -0.00062596487946482433 0.0012147451524146039 -4.7689094353316149e-06
leaf_weight=56 44 96 40 32 632
leaf_count=56 44 96 40 32 632
internal_value=-0.000166667 -0.00151316 0.000106951 -1.42051e-05 0.000135542
internal_weight=900 152 748 704 664
internal_count=900 152 748 704 664
is_linear=0
shrinkage=0.05


Tree=100
num_leaves=6
num_cat=0
split_feature=1 0 1 1 1
split_gain=0.132633 0.101504 0.0702707 0.104823 0.17569
threshold=0.8481843581443208 0.81867274572070892 0.85549074225172717 0.86260783453055689 0.86826472573550773
decision_type=2 2 2 2 2
left_child=1 -1 -2 -4 -5
right_child=2 -3 3 4 -6
leaf_value=0.00016316728666765942 0.00030634177467072564 -0.00025443217668814634 -0.0005946666354915809 0.0011540078947938684 -4.5304639635641806e-06
leaf_weight=56 44 96 40 32 632
leaf_count=56 44 96 40 32 632
internal_value=-0.000166667 -0.00151316 0.000106951 -1.42051e-05 0.000135542
internal_weight=900 152 748 704 664
internal_count=900 152 748 704 664
is_linear=0
shrinkage=0.05


Tree=101
num_leaves=6
num_cat=0
split_feature=1 0 1 1 0
split_gain=0.132633 0.121935 0.127528 0.174944 0.101504
threshold=0.8481843581443208 0.84740643857046938 0.86260783453055689 0.86826472573550773 0.81867274572070892
decision_type=2 2 2 2 2
left_child=4 -2 -3 -4 -1
right_child=1 2 3 -5 -6
leaf_value=0.00015500892233427673 0.00083652716404851381 -0.00060975754103497761 0.0010963075000541779 -3.6114539786782927e-06 -0.00024171056785373681
leaf_weight=56 37 49 32 630 96
leaf_count=56 37 49 32 630 96
internal_value=-0.000166667 0.000106951 -3.86785e-05 0.000143504 -0.00151316
internal_weight=900 748 711 662 152
internal_count=900 748 711 662 152
is_linear=0
shrinkage=0.05


Tree=102
num_leaves=10
num_cat=0
split_feature=1 0 1 0 0 1 1 0 0
split_gain=0.122286 0.184418 0.0914176 0.0588068 0.0585162 0.0514205 0.0635232 0.0870983 0.0193452
threshold=0.89034450932051734 0.88832994701862733 0.91440113575143955 0.900372256663722 0.92245553895117605 0.87751906566028259 0.81869943768103592 0.82490097993460976 0.87409445602060332
decision_type=2 2 2 2 2 2 2 2 2
left_child=5 -2 3 -3 -4 6 -1 -8 -7
right_child=1 2 4 -5 -6 8 7 -9 -10
leaf_value=-0.00095510106638452838 0.0045010798334148873 -0.0011388657411876113 0.00048733191722898328 -0.00075952097844665396 7.0357370199823121e-07 -0.00035801011439072646 0.0030203006810261058 -0.00011343813845752783 -0.0022427343999810662
leaf_weight=36 30 64 84 46 264 32 32 260 52
leaf_count=36 30 64 84 46 264 32 32 260 52
internal_value=-0.000166667 0.000368852 0.000120087 -0.00113636 0.000517241 -0.000800971 -0.000518293 -0.000273973 -0.00190476
internal_weight=900 488 458 110 348 412 328 292 84
internal_count=900 488 458 110 348 412 328 292 84
is_linear=0
shrinkage=0.05


Tree=103
num_leaves=8
num_cat=0
split_feature=1 1 0 1 1 1 1
split_gain=0.102567 0.223131 0.087492 0.10214 0.0619348 0.04 0.0578947
threshold=0.94569502242516201 0.95713500491092918 0.92887906123796093 0.92946417735555775 0.81869943768103592 0.98414157747755648 0.97159906531809892
decision_type=2 2 2 2 2 2 2
left_child=2 -2 3 4 -1 6 -3
right_child=1 5 -4 -5 -6 -7 -8
leaf_value=-0.00090734601306530216 4.3847261387048828e-05 1.2781948741469813e-07 -0.00043230087856703568 0.00057301364024928429 -8.3002288919207991e-05 0.0006888024382856895 -0.00044758334453108843
leaf_weight=36 48 57 51 30 585 60 33
leaf_count=36 48 57 51 30 585 60 33
internal_value=-0.000222223 0.000782828 -0.000505699 -0.000349463 -0.000487118 -0.000166667 -0.000833334
internal_weight=900 198 702 651 621 150 90
internal_count=900 198 702 651 621 150 90
is_linear=0
shrinkage=0.05


Tree=104
num_leaves=10
num_cat=0
split_feature=0 0 0 0 1 0 0 0 1
split_gain=0.129074 0.094068 0.120879 0.0852065 0.0781719 0.201726 0.0705739 0.0670635 0.0514205
threshold=0.93974632136408642 0.95484567955787047 0.96611721130302686 0.92887906123796093 0.89034450932051734 0.88832994701862733 0.98031255238263004 0.94763638717981535 0.87751906566028259
decision_type=2 2 2 2 2 2 2 2 2
left_child=3 7 -3 4 8 -6 -4 -2 -1
right_child=1 2 6 -5 5 -7 -8 -9 -10
leaf_value=-0.00010939623678924982 3.2075278737013615e-07 -0.00020933704948241651 0.00102579704303268 -0.00015279885538533989 0.0042801759561901026 -2.3812314783372425e-05 -0.00078768799137374224 0.00074222346952658176 -0.0019956750531134569
leaf_weight=328 42 33 39 51 30 218 45 30 84
leaf_count=328 42 33 39 51 30 218 45 30 84
internal_value=-0.000222223 0.000939153 6.4102e-05 -0.000530943 -0.000378788 0.00032258 0.00107143 0.00236111 -0.000800971
internal_weight=900 189 117 711 660 248 84 72 412
internal_count=900 189 117 711 660 248 84 72 412
is_linear=0
shrinkage=0.05


Tree=105
num_leaves=9
num_cat=0
split_feature=1 1 0 1 0 1 1 1
split_gain=0.13346 0.217268 0.093853 0.0975276 0.365969 0.0705071 0.03026 0.0763889
threshold=0.94569502242516201 0.9588413258932672 0.92887906123796093 0.88516588153222397 0.88351031830143134 0.87751906566028259 0.98414157747755648 0.97159906531809892
decision_type=2 2 2 2 2 2 2 2
left_child=2 -2 3 5 -5 -1 7 -3
right_child=1 6 -4 4 -6 -7 -8 -9
leaf_value=-0.00010392642494978511 1.5326397224425907e-05 -5.8941609218221474e-05 -0.00040304589186941961 0.00339761718538442 -2.3048171396039543e-05 -0.0021961708592594044 0.00068921306712843708 -0.00041473732483041651
leaf_weight=328 57 48 51 31 240 52 60 33
leaf_count=328 57 48 51 31 240 52 60 33
internal_value=-0.000111112 0.00103535 -0.000434474 -0.000272658 0.000452029 -0.000789474 -1.77311e-05 -0.000648149
internal_weight=900 198 702 651 271 380 141 81
internal_count=900 198 702 651 271 380 141 81
is_linear=0
shrinkage=0.05


Tree=106
num_leaves=8
num_cat=0
split_feature=1 1 0 1 0 1 1
split_gain=0.13346 0.217268 0.093853 0.0967081 0.0675427 0.03026 0.0763889
threshold=0.94569502242516201 0.9588413258932672 0.92887906123796093 0.92946417735555775 0.90832581549917513 0.98414157747755648 0.97159906531809892
decision_type=2 2 2 2 2 2 2
left_child=2 -2 3 4 -1 6 -3
right_child=1 5 -4 -5 -6 -7 -8
leaf_value=-3.5142225054627945e-05 1.456007736320302e-05 -5.5994528757308174e-05 -0.00038289359727594944 0.00054670598254578939 -0.00048678633519125486 0.00065475241377200969 -0.00039400045858889454
leaf_weight=547 57 48 51 30 74 60 33
leaf_count=547 57 48 51 30 74 60 33
internal_value=-0.000111112 0.00103535 -0.000434474 -0.000272658 -0.000406603 -1.77311e-05 -0.000648149
internal_weight=900 198 702 651 621 141 81
internal_count=900 198 702 651 621 141 81
is_linear=0
shrinkage=0.05


Tree=107
num_leaves=8
num_cat=0
split_feature=1 1 0 1 0 0 0
split_gain=0.183258 0.177186 0.093853 0.0967081 0.0675427 0.0448462 0.0705739
threshold=0.94569502242516201 0.9588413258932672 0.92887906123796093 0.92946417735555775 0.90832581549917513 0.96611721130302686 0.98031255238263004
decision_type=2 2 2 2 2 2 2
left_child=2 -2 3 4 -1 -3 -7
right_child=1 5 -4 -5 -6 6 -8
leaf_value=-3.3385113801896468e-05 1.3832073495047385e-05 -0.00020203072096677268 -0.0003637489174121494 0.00051937068341850474 -0.00046244701843169286 0.00091460339188661241 -0.00081550186585008797
leaf_weight=547 57 57 51 30 74 39 45
leaf_count=547 57 57 51 30 74 39 45
internal_value=-5.55562e-05 0.00128788 -0.000434474 -0.000272658 -0.000406603 0.000336879 0.00107143
internal_weight=900 198 702 651 621 141 84
internal_count=900 198 702 651 621 141 84
is_linear=0
shrinkage=0.05


Tree=108
num_leaves=11
num_cat=0
split_feature=1 0 1 1 1 0 0 0 0 0
split_gain=0.0982294 0.184418 0.0914176 0.0633492 0.0777515 0.216569 0.0904018 0.0588068 0.0516265 0.0193452
threshold=0.89034450932051734 0.88832994701862733 0.91440113575143955 0.87751906566028259 0.84366584023459457 0.84230742954678151 0.81867274572070892 0.900372256663722 0.91208355066392677 0.87409445602060332
decision_type=2 2 2 2 2 2 2 2 2 2
left_child=3 -2 7 4 6 -6 -1 -3 -4 -5
right_child=1 2 8 9 5 -7 -8 -9 -10 -11
leaf_value=0.00019447666917329388 0.0039937809042382786 -0.0010720029484304727 0.0004457655504852998 -0.0002488009593093619 0.0015427256116074741 -0.00036251663977500685 -0.0001875167702648617 -0.00071162542382656186 8.2669462087528568e-06 -0.0019731898429502094
leaf_weight=56 30 64 30 32 30 170 72 46 318 52
leaf_count=56 30 64 30 32 30 170 72 46 318 52
internal_value=-0.000111112 0.000368852 0.000120087 -0.000679612 -0.000365854 0.000249999 -0.00132813 -0.00113636 0.000517241 -0.00190476
internal_weight=900 488 458 412 328 200 128 110 348 84
internal_count=900 488 458 412 328 200 128 110 348 84
is_linear=0
shrinkage=0.05


Tree=109
num_leaves=10
num_cat=0
split_feature=1 0 0 0 1 1 0 1 0
split_gain=0.168879 0.165054 0.0627469 0.153483 0.0514205 0.112148 0.101504 0.0681818 0.0193452
threshold=0.89034450932051734 0.88832994701862733 0.89734208908851432 0.90832581549917513 0.87751906566028259 0.8481843581443208 0.81867274572070892 0.85549074225172717 0.87409445602060332
decision_type=2 2 2 2 2 2 2 2 2
left_child=4 -2 -3 -4 5 6 -1 -7 -6
right_child=1 2 3 -5 8 7 -8 -9 -10
leaf_value=0.00018475283571463033 0.0037940918590263634 -0.001223861929874065 0.0005325199246469126 2.7886929960470202e-06 -0.00023636091134389455 0.00030208585347853937 -0.00019633467954918715 -0.00014843823948315995 -0.0018745303508026969
leaf_weight=56 30 46 67 345 32 44 96 132 52
leaf_count=56 30 46 67 345 32 44 96 132 52
internal_value=-5.55562e-05 0.00057377 0.000338427 0.00053398 -0.000800971 -0.000518293 -0.00151316 0.000340908 -0.00190476
internal_weight=900 488 458 412 412 328 152 176 84
internal_count=900 488 458 412 412 328 152 176 84
is_linear=0
shrinkage=0.05


Tree=110
num_leaves=6
num_cat=0
split_feature=1 0 1 1 1
split_gain=0.121914 0.101504 0.0752005 0.0989184 0.183087
threshold=0.8481843581443208 0.81867274572070892 0.85549074225172717 0.86260783453055689 0.86826472573550773
decision_type=2 2 2 2 2
left_child=1 -1 -2 -4 -5
right_child=2 -3 3 4 -6
leaf_value=0.00017551519392889939 0.00028698156080461071 -0.00018651794557172918 -0.00048498316130372036 0.0010909543904129961 -4.3421830804717797e-06
leaf_weight=56 44 96 40 32 632
leaf_count=56 44 96 40 32 632
internal_value=-0.000222223 -0.00151316 4.01064e-05 -8.52279e-05 6.02404e-05
internal_weight=900 152 748 704 664
internal_count=900 152 748 704 664
is_linear=0
shrinkage=0.05


Tree=111
num_leaves=10
num_cat=0
split_feature=1 1 1 0 0 1 1 1 1
split_gain=0.130478 0.0991614 0.100876 0.0763348 0.0641724 0.113678 0.0601931 0.0455679 0.0531401
threshold=0.94008382389170242 0.96141174231625548 0.95403060347569946 0.93925910034093818 0.92245553895117605 0.9230861307353565 0.8481843581443208 0.98414157747755648 0.97159906531809892
decision_type=2 2 2 2 2 2 2 2 2
left_child=4 2 3 -2 5 6 -1 8 -3
right_child=1 7 -4 -5 -6 -7 -8 -9 -10
leaf_value=-0.00015899838724999784 9.1987657624817661e-06 0.00023682072806348407 2.9778632328214541e-05 -0.00063822787042584989 -0.00056406775116876599 0.00049306647644135903 -3.5025120102360468e-05 0.00065812901126750779 -0.00036453457241732992
leaf_weight=152 30 36 39 33 43 30 444 60 33
leaf_count=152 30 36 39 33 43 30 444 60 33
internal_value=-0.000277778 0.000746753 0.00191176 0.000674603 -0.00063154 -0.000503195 -0.000654363 -0.000174419 -0.00105073
internal_weight=900 231 102 63 669 626 596 129 69
internal_count=900 231 102 63 669 626 596 129 69
is_linear=0
shrinkage=0.05


Tree=112
num_leaves=10
num_cat=0
split_feature=1 1 1 0 1 1 1 1 0
split_gain=0.174678 0.151237 0.0683562 0.0641724 0.113678 0.0601931 0.0455679 0.0531401 0.0160535
threshold=0.94008382389170242 0.96141174231625548 0.94569502242516201 0.92245553895117605 0.9230861307353565 0.8481843581443208 0.98414157747755648 0.97159906531809892 0.94586767779954906
decision_type=2 2 2 2 2 2 2 2 2
left_child=3 2 -2 4 5 -1 7 -3 -4
right_child=1 6 8 -5 -6 -7 -8 -9 -10
leaf_value=-0.00015104846788749904 -4.2021516856353665e-05 0.00022497969166031338 2.4348742792054815e-05 -0.00053586436361032625 0.00046841315261929317 -3.3273864097243524e-05 0.00062522256070413312 -0.00034630784379646729 2.1397511936549486e-05
leaf_weight=152 33 36 30 43 30 444 60 33 39
leaf_count=152 33 36 30 43 30 444 60 33 39
internal_value=-0.000222223 0.000963203 0.00240196 -0.00063154 -0.000503195 -0.000654363 -0.000174419 -0.00105073 0.0032971
internal_weight=900 231 102 669 626 596 129 69 69
internal_count=900 231 102 669 626 596 129 69 69
is_linear=0
shrinkage=0.05


Tree=113
num_leaves=11
num_cat=0
split_feature=1 0 1 1 0 1 1 0 1 0
split_gain=0.173555 0.174601 0.110352 0.150757 0.0809812 0.040735 0.0804134 0.101504 0.092803 0.0193452
threshold=0.89034450932051734 0.88832994701862733 0.94008382389170242 0.96141174231625548 0.92245553895117605 0.87751906566028259 0.8481843581443208 0.81867274572070892 0.85549074225172717 0.87409445602060332
decision_type=2 2 2 2 2 2 2 2 2 2
left_child=5 -2 4 -4 -3 6 7 -1 -8 -7
right_child=1 2 3 -5 -6 9 8 -9 -10 -11
leaf_value=0.00018224177698932843 0.0036080193244390521 -3.1099968490488905e-06 1.5278301636849553e-05 -5.8308474751177632e-05 -0.00050907114542981093 -0.00022091080741269738 0.00027604743197435735 -0.0001616897055362665 -0.00011335222023383476 -0.0017771717748985641
leaf_weight=56 30 187 101 127 43 32 44 96 132 52
leaf_count=56 30 187 101 127 43 32 44 96 132 52
internal_value=-0.000166667 0.000471311 0.000229257 0.00100877 -0.000543479 -0.000922331 -0.000670732 -0.00151316 5.68176e-05 -0.00190476
internal_weight=900 488 458 228 230 412 328 152 176 84
internal_count=900 488 458 228 230 412 328 152 176 84
is_linear=0
shrinkage=0.05


Tree=114
num_leaves=11
num_cat=0
split_feature=1 0 1 1 0 1 1 0 1 0
split_gain=0.173555 0.174601 0.110352 0.150757 0.0809812 0.040735 0.0804134 0.101504 0.092803 0.0193452
threshold=0.89034450932051734 0.88832994701862733 0.94008382389170242 0.96141174231625548 0.92245553895117605 0.87751906566028259 0.8481843581443208 0.81867274572070892 0.85549074225172717 0.87409445602060332
decision_type=2 2 2 2 2 2 2 2 2 2
left_child=5 -2 4 -4 -3 6 7 -1 -8 -7
right_child=1 2 3 -5 -6 9 8 -9 -10 -11
leaf_value=0.00017312968813986177 0.0034276183582171021 -2.9544970065964461e-06 1.451438655500785e-05 -5.5393051013618151e-05 -0.00048361758815831783 -0.00020986526704206183 0.00026224506037563725 -0.00015360522025945067 -0.00010768460922214542 -0.0016883131861536362
leaf_weight=56 30 187 101 127 43 32 44 96 132 52
leaf_count=56 30 187 101 127 43 32 44 96 132 52
internal_value=-0.000166667 0.000471311 0.000229257 0.00100877 -0.000543479 -0.000922331 -0.000670732 -0.00151316 5.68176e-05 -0.00190476
internal_weight=900 488 458 228 230 412 328 152 176 84
internal_count=900 488 458 228 230 412 328 152 176 84
is_linear=0
shrinkage=0.05


Tree=115
num_leaves=11
num_cat=0
split_feature=1 0 1 1 0 1 1 0 1 0
split_gain=0.173555 0.174601 0.110352 0.150757 0.0809812 0.040735 0.0804134 0.101504 0.092803 0.0193452
threshold=0.89034450932051734 0.88832994701862733 0.94008382389170242 0.96141174231625548 0.92245553895117605 0.87751906566028259 0.8481843581443208 0.81867274572070892 0.85549074225172717 0.87409445602060332
decision_type=2 2 2 2 2 2 2 2 2 2
left_child=5 -2 4 -4 -3 6 7 -1 -8 -7
right_child=1 2 3 -5 -6 9 8 -9 -10 -11
leaf_value=0.00016447320373286814 0.003256237440306245 -2.8067721562663463e-06 1.3788667227259064e-05 -5.2623398462935526e-05 -0.00045943670875040323 -0.0001993720036899603 0.00024913280735685509 -0.00014592495924647952 -0.00010230037876103696 -0.0016038975268459568
leaf_weight=56 30 187 101 127 43 32 44 96 132 52
leaf_count=56 30 187 101 127 43 32 44 96 132 52
internal_value=-0.000166667 0.000471311 0.000229257 0.00100877 -0.000543479 -0.000922331 -0.000670732 -0.00151316 5.68176e-05 -0.00190476
internal_weight=900 488 458 228 230 412 328 152 176 84
internal_count=900 488 458 228 230 412 328 152 176 84
is_linear=0
shrinkage=0.05


Tree=116
num_leaves=9
num_cat=0
split_feature=0 0 0 1 1 0 1 1
split_gain=0.165434 0.0864198 0.104321 0.0649334 0.0867323 0.203466 0.0514205 0.0505676
threshold=0.93974632136408642 0.95776440901518634 0.94798276126024816 0.94098979449099385 0.89034450932051734 0.89084961854006528 0.87751906566028259 0.98414157747755648
decision_type=2 2 2 2 2 2 2 2
left_child=3 2 -2 4 6 -6 -1 -3
right_child=1 7 -4 -5 5 -7 -8 -9
leaf_value=-2.8221929981192552e-05 3.1743819897399513e-06 -0.00017692543895825769 0.00039100088383542397 -0.00014472889052389996 0.0022587143958306042 -5.6519355014523596e-06 -0.001333169198105435 0.00067306843016517928
leaf_weight=328 45 57 36 37 41 221 84 51
leaf_count=328 45 57 36 37 41 221 84 51
internal_value=-0.000111112 0.0012037 0.00243827 -0.000460619 -0.000348665 0.000362595 -0.000800971 0.000277777
internal_weight=900 189 81 711 674 262 412 108
internal_count=900 189 81 711 674 262 412 108
is_linear=0
shrinkage=0.05


Tree=117
num_leaves=10
num_cat=0
split_feature=1 0 1 0 0 1 1 0 0
split_gain=0.122286 0.184418 0.0914176 0.0588068 0.0516265 0.0514205 0.0635232 0.0870983 0.0193452
threshold=0.89034450932051734 0.88832994701862733 0.91440113575143955 0.900372256663722 0.91208355066392677 0.87751906566028259 0.81869943768103592 0.82490097993460976 0.87409445602060332
decision_type=2 2 2 2 2 2 2 2 2
left_child=5 -2 3 -3 -4 6 -1 -8 -7
right_child=1 2 4 -5 -6 8 7 -9 -10
leaf_value=-0.00088470224151026569 0.0029804898484994042 -0.00095285148607557324 0.00040120949516836424 -0.0006983119304279084 1.1129432520787836e-05 -0.00012274494360019246 0.0028507122323225332 -2.2303646116746321e-05 -0.0014570441905983856
leaf_weight=36 30 64 30 46 318 32 32 260 52
leaf_count=36 30 64 30 46 318 32 32 260 52
internal_value=-0.000166667 0.000368852 0.000120087 -0.00113636 0.000517241 -0.000800971 -0.000518293 -0.000273973 -0.00190476
internal_weight=900 488 458 110 348 412 328 292 84
internal_count=900 488 458 110 348 412 328 292 84
is_linear=0
shrinkage=0.05


Tree=118
num_leaves=10
num_cat=0
split_feature=1 0 1 0 1 1 1 0 0
split_gain=0.144644 0.174601 0.0569959 0.0999767 0.0733626 0.0514205 0.0635232 0.0870983 0.0193452
threshold=0.89034450932051734 0.88832994701862733 0.94008382389170242 0.92245553895117605 0.9568910876236022 0.87751906566028259 0.81869943768103592 0.82490097993460976 0.87409445602060332
decision_type=2 2 2 2 2 2 2 2 2
left_child=5 -2 3 -3 -4 6 -1 -8 -7
right_child=1 2 4 -5 -6 8 7 -9 -10
leaf_value=-0.0008404671294347521 0.0028314653560744391 1.507993443626059e-05 3.2096513646627285e-05 -0.00043713593222999639 -2.3200001721643223e-06 -0.00011660769642018216 0.0027081766207064043 -2.1188463810907694e-05 -0.001384191981068469
leaf_weight=36 30 187 77 43 151 32 32 260 52
leaf_count=36 30 187 77 43 151 32 32 260 52
internal_value=-0.000111112 0.000471311 0.000229257 -0.000326088 0.000789473 -0.000800971 -0.000518293 -0.000273973 -0.00190476
internal_weight=900 488 458 230 228 412 328 292 84
internal_count=900 488 458 230 228 412 328 292 84
is_linear=0
shrinkage=0.05


Tree=119
num_leaves=10
num_cat=0
split_feature=1 0 1 0 1 1 1 0 0
split_gain=0.122286 0.0580714 0.0569959 0.0999767 0.0733626 0.0514205 0.0635232 0.0870983 0.0193452
threshold=0.89034450932051734 0.88832994701862733 0.94008382389170242 0.92245553895117605 0.9568910876236022 0.87751906566028259 0.81869943768103592 0.82490097993460976 0.87409445602060332
decision_type=2 2 2 2 2 2 2 2 2
left_child=5 -2 3 -3 -4 6 -1 -8 -7
right_child=1 2 4 -5 -6 8 7 -9 -10
leaf_value=-0.00079844377296301458 0.0026898920882707207 1.4325937714446613e-05 3.0491687964294175e-05 -0.00041527913561849398 -2.2040001635545379e-06 -0.00011077731159917265 0.0025727677896710821 -2.0129040620360723e-05 -0.0013149823820150475
leaf_weight=36 30 187 77 43 151 32 32 260 52
leaf_count=36 30 187 77 43 151 32 32 260 52
internal_value=-0.000166667 0.000368852 0.000229257 -0.000326088 0.000789473 -0.000800971 -0.000518293 -0.000273973 -0.00190476
internal_weight=900 488 458 230 228 412 328 292 84
internal_count=900 488 458 230 228 412 328 292 84
is_linear=0
shrinkage=0.05


end of trees

feature_importances:
Column_0=429
Column_1=377

parameters:
[boosting: gbdt]
[objective: quantile]
[metric: quantile]
[tree_learner: serial]
[device_type: cpu]
[data_sample_strategy: bagging]
[data: ]
[valid: ]
[num_iterations: 120]
[learning_rate: 0.05]
[num_leaves: 12]
[num_threads: 2]
[seed: 26170]
[deterministic: 0]
[force_col_wise: 0]
[force_row_wise: 0]
[histogram_pool_size: -1]
[max_depth: 4]
[min_data_in_leaf: 30]
[min_sum_hessian_in_leaf: 0.001]
[bagging_fraction: 1]
[pos_bagging_fraction: 1]
[neg_bagging_fraction: 1]
[bagging_freq: 0]
[bagging_seed: 13002]
[bagging_by_query: 0]
[feature_fraction: 1]
[feature_fraction_bynode: 1]
[feature_fraction_seed: 3933]
[extra_trees: 0]
[extra_seed: 13870]
[early_stopping_round: 0]
[early_stopping_min_delta: 0]
[first_metric_only: 0]
[max_delta_step: 0]
[lambda_l1: 0]
[lambda_l2: 0]
[linear_lambda: 0]
[min_gain_to_split: 0]
[drop_rate: 0.1]
[max_drop: 50]
[skip_drop: 0.5]
[xgboost_dart_mode: 0]
[uniform_drop: 0]
[drop_seed: 25549]
[top_rate: 0.2]
[other_rate: 0.1]
[min_data_per_group: 100]
[max_cat_threshold: 32]
[cat_l2: 10]
[cat_smooth: 10]
[max_cat_to_onehot: 4]
[top_k: 20]
[monotone_constraints: ]
[monotone_constraints_method: basic]
[monotone_penalty: 0]
[feature_contri: ]
[forcedsplits_filename: ]
[refit_decay_rate: 0.9]
[cegb_tradeoff: 1]
[cegb_penalty_split: 0]
[cegb_penalty_feature_lazy: ]
[cegb_penalty_feature_coupled: ]
[path_smooth: 0]
[interaction_constraints: ]
[verbosity: -1]
[saved_feature_importance_type: 0]
[use_quantized_grad: 0]
[num_grad_quant_bins: 4]
[quant_train_renew_leaf: 0]
[stochastic_rounding: 1]
[linear_tree: 0]
[max_bin: 255]
[max_bin_by_feature: ]
[min_data_in_bin: 3]
[bin_construct_sample_cnt: 200000]
[data_random_seed: 19962]
[is_enable_sparse: 1]
[enable_bundle: 1]
[use_missing: 1]
[zero_as_missing: 0]
[feature_pre_filter: 1]
[pre_partition: 0]
[two_round: 0]
[header: 0]
[label_column: ]
[weight_column: ]
[group_column: ]
[ignore_column: ]
[categorical_feature: ]
[forcedbins_filename: ]
[precise_float_parser: 0]
[parser_config_file: ]
[objective_seed: 31251]
[num_class: 1]
[is_unbalance: 0]
[scale_pos_weight: 1]
[sigmoid: 1]
[boost_from_average: 1]
[reg_sqrt: 0]
[alpha: 0.95]
[fair_c: 1]
[poisson_max_delta_step: 0.7]
[tweedie_variance_power: 1.5]
[lambdarank_truncation_level: 30]
[lambdarank_norm: 1]
[label_gain: ]
[lambdarank_position_bias_regularization: 0]
[eval_at: ]
[multi_error_top_k: 1]
[auc_mu_weights: ]
[num_machines: 1]
[local_listen_port: 12400]
[time_out: 120]
[machine_list_filename: ]
[machines: ]
[gpu_platform_id: -1]
[gpu_device_id: -1]
[gpu_device_id_list: ]
[gpu_use_dp: 0]
[num_gpu: 1]

end of parameters

pandas_categorical:null
