tree
version=v4
num_class=1
num_tree_per_iteration=1
label_index=0
max_feature_idx=1
objective=quantile
feature_names=Column_0 Column_1
feature_infos=[1.5338379282914254:2.390175182614501] [1.5428884655994211:2.4082642922270256]
tree_sizes=707 762 843 848 759 762 759 762 760 761 841 757 592 667 589 589 591 593 589 589 674 673 591 589 588 588 670 671 672 670 671 671 671 671 671 672 672 933 672 934 847 932 935 677 853 676 933 677 855 933 937 674 1027 1193 935 935 680 1196 682 938 682 678 678 679 678 936 1097 848 938 855 854 683 683 681 681 681 680 683 1021 680 680 939 937 767 849 851 852 855 770 767 769 772 772 766 938 768 940 767 1108 1025 939 1109 1196 1107 941 1024 941 1191 766 942 942 680 1034 843 1024 842 1015 1017 1089 1015

Tree=0
num_leaves=7
num_cat=0
split_feature=0 1 0 1 1 0
split_gain=8.28448 0.342577 0.187726 0.256286 0.0599445 0.0867071
threshold=2.0337156746350886 1.8303084631485877 1.8181444435395613 1.858964100326949 1.7382607172741147 1.7634724780698872
decision_type=2 2 2 2 2 2
left_child=1 4 -3 -4 -1 -6
right_child=-2 2 3 -5 5 -7
leaf_value=2.1741237364896238 2.1953998092767435 2.1859689946880452 2.1728860151495923 2.1853981631822004 2.1834655575556616 2.175579182170329
leaf_weight=180 30 31 85 270 110 194
leaf_count=180 30 31 85 270 110 194
internal_value=2.18408 2.18319 2.1843 2.18398 2.1823 2.18273
internal_weight=900 870 386 355 484 304
internal_count=900 870 386 355 484 304
is_linear=0
shrinkage=1


Tree=1
num_leaves=7
num_cat=0
split_feature=0 1 0 1 1 0
split_gain=6.3467 0.342577 0.187726 0.256286 0.0599445 0.0867071
threshold=2.0337156746350886 1.8303084631485877 1.8181444435395613 1.858964100326949 1.7382607172741147 1.7634724780698872
decision_type=2 2 2 2 2 2
left_child=1 4 -3 -4 -1 -6
right_child=-2 2 3 -5 5 -7
leaf_value=-0.0094592475341065199 0.010753021613657055 0.0017937477543935598 -0.010635082807136632 0.001251457823840907 -0.00058451752137063113 -0.0080765741374366536
leaf_weight=180 30 31 85 270 110 194
leaf_count=180 30 31 85 270 110 194
internal_value=-0.000111112 -0.000890805 0.000220207 -0.000105634 -0.00177686 -0.00134868
internal_weight=900 870 386 355 484 304
internal_count=900 870 386 355 484 304
is_linear=0
shrinkage=0.05


Tree=2
num_leaves=8
num_cat=0
split_feature=0 1 0 0 0 1 1
split_gain=4.61337 0.337975 0.106221 0.663257 0.0929293 0.0333718 0.0999035
threshold=2.0337156746350886 1.7839643158461789 1.9198033264926044 1.8996778900236648 1.972962484080008 1.7382607172741147 1.7581534107825745
decision_type=2 2 2 2 2 2 2
left_child=1 5 3 -3 -4 -1 -7
right_child=-2 2 4 -5 -6 6 -8
leaf_value=-0.0089862851574011859 0.010215370532974211 -0.0005734571517124643 -0.0058055646363329057 0.0052354963091367336 0.0014188811928654401 -0.00031919740566774827 -0.014141647392507029
leaf_weight=180 30 413 69 30 30 56 92
leaf_count=180 30 413 69 30 30 56 92
internal_value=-0.000111112 -0.000775863 -9.22569e-06 0.00032167 -0.0014899 -0.00204268 -0.00148649
internal_weight=900 870 542 443 99 328 148
internal_count=900 870 542 443 99 328 148
is_linear=0
shrinkage=0.05


Tree=3
num_leaves=8
num_cat=0
split_feature=0 1 0 1 1 1 0
split_gain=3.85015 0.289201 0.0764791 0.227811 0.145886 0.0593276 0.200366
threshold=2.0337156746350886 1.7839643158461789 1.799025774876531 1.858964100326949 1.8056570637922491 1.7382607172741147 1.7371590847838811
decision_type=2 2 2 2 2 2 2
left_child=1 5 4 -4 -3 -1 -7
right_child=-2 2 3 -5 -6 6 -8
leaf_value=-0.0085369708995311384 0.0097046020063255023 -0.0020276176164532034 -0.0095903793328915403 0.0010534770849933168 0.00044801353419883592 0.00018534993076377803 -0.014392184458309393
leaf_weight=180 30 62 179 271 30 30 118
leaf_count=180 30 62 179 271 30 30 118
internal_value=-0.000111112 -0.000718391 -9.22569e-06 -0.000277778 0.00130435 -0.00189024 -0.00114865
internal_weight=900 870 542 450 92 328 148
internal_count=900 870 542 450 92 328 148
is_linear=0
shrinkage=0.05


Tree=4
num_leaves=7
num_cat=0
split_feature=0 1 0 1 1 0
split_gain=2.00923 0.319245 0.408174 0.241708 0.0982801 0.164413
threshold=2.0337156746350886 1.8193263597578098 1.814009825463045 1.858964100326949 1.7382607172741147 1.7371590847838811
decision_type=2 2 2 2 2 2
left_child=1 4 -3 -4 -1 -6
right_child=-2 2 3 -5 5 -7
leaf_value=-0.0081101223545545723 0.0092193719060092334 0.0028689847099860333 -0.00953971676230554 0.0010341815517284712 0.00017608243422559909 -0.012360953374879769
leaf_weight=180 30 39 117 270 30 234
leaf_count=180 30 39 117 270 30 234
internal_value=-0.000222223 -0.00066092 0.000316901 -0.000174419 -0.0015991 -0.000984849
internal_weight=900 870 426 387 444 264
internal_count=900 870 426 387 444 264
is_linear=0
shrinkage=0.05


Tree=5
num_leaves=7
num_cat=0
split_feature=0 1 0 1 1 0
split_gain=2.00923 0.319245 0.408174 0.197137 0.0982801 0.164413
threshold=2.0337156746350886 1.8193263597578098 1.814009825463045 1.8560705354410769 1.7382607172741147 1.7371590847838811
decision_type=2 2 2 2 2 2
left_child=1 4 -3 -4 -1 -6
right_child=-2 2 3 -5 5 -7
leaf_value=-0.0077046162368268334 0.0087584033107087622 0.0027255354744867401 -0.009118151010905939 0.00059220976755907653 0.00016727831251432909 -0.011742905706135787
leaf_weight=180 30 39 105 282 30 234
leaf_count=180 30 39 105 282 30 234
internal_value=-0.000222223 -0.00066092 0.000316901 -0.000174419 -0.0015991 -0.000984849
internal_weight=900 870 426 387 444 264
internal_count=900 870 426 387 444 264
is_linear=0
shrinkage=0.05


Tree=6
num_leaves=7
num_cat=0
split_feature=0 1 0 1 1 0
split_gain=1.53257 0.319245 0.408174 0.197137 0.0982801 0.164413
threshold=2.0337156746350886 1.8193263597578098 1.814009825463045 1.8560705354410769 1.7382607172741147 1.7371590847838811
decision_type=2 2 2 2 2 2
left_child=1 4 -3 -4 -1 -6
right_child=-2 2 3 -5 5 -7
leaf_value=-0.0073193854249854924 0.00832048314517333 0.0025892587007623983 -0.008662243460360642 0.00056259927918112516 0.0001589143968886204 -0.011155760420828997
leaf_weight=180 30 39 105 282 30 234
leaf_count=180 30 39 105 282 30 234
internal_value=-0.000277778 -0.00066092 0.000316901 -0.000174419 -0.0015991 -0.000984849
internal_weight=900 870 426 387 444 264
internal_count=900 870 426 387 444 264
is_linear=0
shrinkage=0.05


Tree=7
num_leaves=7
num_cat=0
split_feature=0 1 0 1 1 0
split_gain=1.53257 0.247205 0.236451 0.197137 0.0840149 0.218854
threshold=2.0337156746350886 1.8193263597578098 1.814009825463045 1.8560705354410769 1.7175435778443564 1.7267735887531106
decision_type=2 2 2 2 2 2
left_child=1 4 -3 -4 -1 -6
right_child=-2 2 3 -5 5 -7
leaf_value=-0.0069534152588474289 0.0079044589879146542 0.0024597957657242712 -0.0082291312873426174 0.00053446931522205807 0.00022648594263462797 -0.010594434290796043
leaf_weight=140 30 39 105 282 41 263
leaf_count=140 30 39 105 282 41 263
internal_value=-0.000277778 -0.00066092 0.00019953 -0.000174419 -0.00148649 -0.00101974
internal_weight=900 870 426 387 444 304
internal_count=900 870 426 387 444 304
is_linear=0
shrinkage=0.05


Tree=8
num_leaves=7
num_cat=0
split_feature=0 0 0 1 0 0
split_gain=1.50207 0.178209 0.0967742 0.15669 0.00694444 0.0173611
threshold=2.0337156746350886 1.7062020170724219 1.7267735887531106 1.7839643158461789 1.6619109980431956 1.6410350978087973
decision_type=2 2 2 2 2 2
left_child=1 4 -3 -4 5 -1
right_child=-2 2 3 -5 -6 -7
leaf_value=-0.0047555587038321748 0.0075092360385189188 0.00018998921030258156 -0.011270069538648847 -6.73902426420568e-06 -0.0071181980302253535 -0.01080596182859004
leaf_weight=40 30 44 147 535 72 32
leaf_count=40 30 44 147 535 72 32
internal_value=-0.000166667 -0.000545978 -0.000227273 -0.000373901 -0.00215278 -0.00180556
internal_weight=900 870 726 682 144 72
internal_count=900 870 726 682 144 72
is_linear=0
shrinkage=0.05


Tree=9
num_leaves=7
num_cat=0
split_feature=0 1 0 1 0 1
split_gain=1.48693 0.137447 0.245578 0.11538 0.101434 0.284878
threshold=2.0337156746350886 1.8560705354410769 1.8566255388137289 1.9111304608730657 1.8193982060279352 1.8193263597578098
decision_type=2 2 2 2 2 2
left_child=1 4 -3 -4 5 -1
right_child=-2 2 3 -5 -6 -7
leaf_value=-0.0034455932735610868 0.0071337742365929829 0.0038072458593692684 -0.0089129042398152121 0.0029931320316116672 -0.008062460713609854 0.0022146814889774723
leaf_weight=444 30 49 103 142 88 44
leaf_count=444 30 49 103 142 88 44
internal_value=-0.000111112 -0.000488506 0.000391156 -0.000255103 -0.000937501 -0.000655738
internal_weight=900 870 294 245 576 488
internal_count=900 870 294 245 576 488
is_linear=0
shrinkage=0.05


Tree=10
num_leaves=8
num_cat=0
split_feature=0 1 0 0 0 0 1
split_gain=1.50207 0.156199 0.263456 0.481667 0.0929293 0.092187 0.115679
threshold=2.0337156746350886 1.8708278347861855 1.9198033264926044 1.8996778900236648 1.972962484080008 1.8333561520146213 1.8364065504826435
decision_type=2 2 2 2 2 2 2
left_child=1 5 3 -3 -4 6 -1
right_child=-2 2 4 -5 -6 -7 -8
leaf_value=-0.0025978089161174875 0.0067770855247633269 0.0016714853263901425 -0.0058534529048178468 0.0046355549933783102 0.0010097706329205813 -0.0072088197310166136 0.0012368218741504865
leaf_weight=504 30 120 69 30 30 85 32
leaf_count=504 30 120 69 30 30 85 32
internal_value=-0.000166667 -0.000545978 0.000512048 0.00183333 -0.0014899 -0.00097021 -0.000727613
internal_weight=900 870 249 150 99 621 536
internal_count=900 870 249 150 99 621 536
is_linear=0
shrinkage=0.05


Tree=11
num_leaves=7
num_cat=0
split_feature=0 1 0 0 0 1
split_gain=1.42716 0.17406 0.196599 0.17415 0.125228 0.479121
threshold=2.0337156746350886 1.8560705354410769 1.8566255388137289 1.8938165041425241 1.8193982060279352 1.8245703473595711
decision_type=2 2 2 2 2 2
left_child=1 4 -3 -4 5 -1
right_child=-2 2 3 -5 -6 -7
leaf_value=-0.0025797427040071719 0.0064382312485251614 0.0035463491912126571 -0.0086113161976189845 0.0019638158988123378 -0.0076662224595882168 0.0020593066778445009
leaf_weight=457 30 49 98 147 88 31
leaf_count=457 30 49 98 147 88 31
internal_value=0.000111111 -0.000258621 0.000731292 0.000153061 -0.000763889 -0.00045082
internal_weight=900 870 294 245 576 488
internal_count=900 870 294 245 576 488
is_linear=0
shrinkage=0.05


Tree=12
num_leaves=5
num_cat=0
split_feature=0 1 1 1
split_gain=1.47188 0.126305 0.0795756 0.106523
threshold=2.0337156746350886 1.6726336132619457 1.6923819608059603 1.8560705354410769
decision_type=2 2 2 2
left_child=1 -1 -3 -4
right_child=-2 2 3 -5
leaf_value=-0.0088083781417314551 0.0061163196860988924 0.00034927735667501428 -0.0022948569723507352 5.518326151651564e-05
leaf_weight=68 30 32 476 294
leaf_count=68 30 32 476 294
internal_value=-5.55562e-05 -0.000431035 -0.000255612 -0.000357143
internal_weight=900 870 802 770
internal_count=900 870 802 770
is_linear=0
shrinkage=0.05


Tree=13
num_leaves=6
num_cat=0
split_feature=0 1 0 0 0
split_gain=1.44199 0.140729 0.083433 0.461275 0.0929293
threshold=2.0337156746350886 1.6726336132619457 1.9198033264926044 1.8938165041425241 1.972962484080008
decision_type=2 2 2 2 2
left_child=1 -1 3 -3 -4
right_child=-2 2 4 -5 -6
leaf_value=-0.0083679592346448846 0.0058105037017939457 -0.0015766619210155729 -0.0056617302175933975 0.00442623366952688 0.00085833214325812266
leaf_weight=68 30 655 69 48 30
leaf_count=68 30 655 69 48 30
internal_value=5.5555e-05 -0.000316093 -0.000130923 6.04546e-05 -0.0014899
internal_weight=900 870 802 703 99
internal_count=900 870 802 703 99
is_linear=0
shrinkage=0.05


Tree=14
num_leaves=5
num_cat=0
split_feature=0 1 1 1
split_gain=1.42716 0.148233 0.0678582 0.0922256
threshold=2.0337156746350886 1.6726336132619457 1.6923819608059603 1.7175435778443564
decision_type=2 2 2 2
left_child=1 -1 -3 -4
right_child=-2 2 3 -5
leaf_value=-0.007949561272912643 0.0055199785167042497 0.00041064658489203733 -0.01339862262764715 -0.00017919748683047757
leaf_weight=68 30 32 40 730
leaf_count=68 30 32 40 730
internal_value=0.000111111 -0.000258621 -6.85791e-05 -0.000162338
internal_weight=900 870 802 770
internal_count=900 870 802 770
is_linear=0
shrinkage=0.05


Tree=15
num_leaves=5
num_cat=0
split_feature=0 1 1 1
split_gain=1.0305 0.148233 0.0678582 0.0922256
threshold=2.0337156746350886 1.6726336132619457 1.6923819608059603 1.7175435778443564
decision_type=2 2 2 2
left_child=1 -1 -3 -4
right_child=-2 2 3 -5
leaf_value=-0.0075520832092670137 0.0052439795908690414 0.00039011425564744375 -0.012728691496264788 -0.00017023761248894777
leaf_weight=68 30 32 40 730
leaf_count=68 30 32 40 730
internal_value=5.5555e-05 -0.000258621 -6.85791e-05 -0.000162338
internal_weight=900 870 802 770
internal_count=900 870 802 770
is_linear=0
shrinkage=0.05


Tree=16
num_leaves=5
num_cat=0
split_feature=0 1 1 1
split_gain=0.698276 0.148233 0.0678582 0.0922256
threshold=2.0337156746350886 1.6726336132619457 1.6923819608059603 1.7175435778443564
decision_type=2 2 2 2
left_child=1 -1 -3 -4
right_child=-2 2 3 -5
leaf_value=-0.0071744790488036617 0.0049817806113255925 0.00037060854286506879 -0.01209225692145155 -0.0001617257318644967
leaf_weight=68 30 32 40 730
leaf_count=68 30 32 40 730
internal_value=-5.96046e-10 -0.000258621 -6.85791e-05 -0.000162338
internal_weight=900 870 802 770
internal_count=900 870 802 770
is_linear=0
shrinkage=0.05


Tree=17
num_leaves=5
num_cat=0
split_feature=0 1 1 1
split_gain=0.698276 0.148233 0.0678582 0.0922256
threshold=2.0337156746350886 1.6726336132619457 1.6923819608059603 1.7175435778443564
decision_type=2 2 2 2
left_child=1 -1 -3 -4
right_child=-2 2 3 -5
leaf_value=-0.0068157550963634742 0.0047326915807593076 0.00035207811572180917 -0.011487644075378967 -0.00015363944527126263
leaf_weight=68 30 32 40 730
leaf_count=68 30 32 40 730
internal_value=-5.96046e-10 -0.000258621 -6.85791e-05 -0.000162338
internal_weight=900 870 802 770
internal_count=900 870 802 770
is_linear=0
shrinkage=0.05


Tree=18
num_leaves=5
num_cat=0
split_feature=0 1 0 1
split_gain=0.687969 0.155932 0.141338 0.0956802
threshold=2.0337156746350886 1.6726336132619457 1.6839654898854342 1.7175435778443564
decision_type=2 2 2 2
left_child=1 -1 -3 -4
right_child=-2 2 3 -5
leaf_value=-0.0064749673415452902 0.0044960570017213318 0.00046386924937258215 -0.012853339931791769 -0.00014224215567449405
leaf_weight=68 30 36 41 725
leaf_count=68 30 36 41 725
internal_value=5.5555e-05 -0.00020115 -6.23501e-06 -0.000150131
internal_weight=900 870 802 766
internal_count=900 870 802 766
is_linear=0
shrinkage=0.05


Tree=19
num_leaves=5
num_cat=0
split_feature=0 1 0 1
split_gain=0.687969 0.155932 0.141338 0.0956802
threshold=2.0337156746350886 1.6726336132619457 1.6839654898854342 1.7175435778443564
decision_type=2 2 2 2
left_child=1 -1 -3 -4
right_child=-2 2 3 -5
leaf_value=-0.0061512189744680201 0.0042712541516352733 0.00044067578690396405 -0.012210672935202178 -0.00013513004789076965
leaf_weight=68 30 36 41 725
leaf_count=68 30 36 41 725
internal_value=5.5555e-05 -0.00020115 -6.23501e-06 -0.000150131
internal_weight=900 870 802 766
internal_count=900 870 802 766
is_linear=0
shrinkage=0.05


Tree=20
num_leaves=6
num_cat=0
split_feature=0 0 0 0 1
split_gain=0.454933 0.100027 0.293429 0.128174 0.0209877
threshold=1.9929506875876892 1.9198033264926044 1.8938165041425241 1.8681831506617248 1.9655929544032491
decision_type=2 2 2 2 2
left_child=1 2 3 -1 -3
right_child=-2 4 -4 -5 -6
leaf_value=-0.00036551054858587599 0.0047926601721783157 -0.0070367965435103267 0.0042520306100515938 -0.0080696765018839055 -0.0050025574676140884
leaf_weight=663 48 51 48 60 30
leaf_count=663 48 51 48 60 30
internal_value=5.5555e-05 -0.000211268 -3.56686e-05 -0.000286999 -0.00188272
internal_weight=900 852 771 723 81
internal_count=900 852 771 723 81
is_linear=0
shrinkage=0.05


Tree=21
num_leaves=6
num_cat=0
split_feature=0 0 0 0 1
split_gain=0.454933 0.100027 0.293429 0.128174 0.0209877
threshold=1.9929506875876892 1.9198033264926044 1.8938165041425241 1.8681831506617248 1.9655929544032491
decision_type=2 2 2 2 2
left_child=1 2 3 -1 -3
right_child=-2 4 -4 -5 -6
leaf_value=-0.0003472350211565748 0.0045530271635693962 -0.0066849567163348002 0.0040394290795490173 -0.0076661926767897185 -0.0047524295942333872
leaf_weight=663 48 51 48 60 30
leaf_count=663 48 51 48 60 30
internal_value=5.5555e-05 -0.000211268 -3.56686e-05 -0.000286999 -0.00188272
internal_weight=900 852 771 723 81
internal_count=900 852 771 723 81
is_linear=0
shrinkage=0.05


Tree=22
num_leaves=5
num_cat=0
split_feature=0 1 0 1
split_gain=0.444323 0.0925091 0.191095 0.0932889
threshold=1.9929506875876892 1.6565874936003 1.6619109980431956 1.8193263597578098
decision_type=2 2 2 2
left_child=1 -1 -3 -4
right_child=-2 2 3 -5
leaf_value=-0.0077163970945893562 0.0043253758053909365 0.00047426708720373165 -0.0025319072422100028 0.00019358821950400608
leaf_weight=40 48 32 374 406
leaf_count=40 48 32 374 406
internal_value=0.000111111 -0.000152583 -3.69464e-05 -0.000192308
internal_weight=900 852 812 780
internal_count=900 852 812 780
is_linear=0
shrinkage=0.05


Tree=23
num_leaves=5
num_cat=0
split_feature=0 1 0 0
split_gain=0.433838 0.0971923 0.184931 0.0923752
threshold=1.9929506875876892 1.6565874936003 1.6619109980431956 1.9476968607350129
decision_type=2 2 2 2
left_child=1 -1 -3 -4
right_child=-2 2 3 -5
leaf_value=-0.0073305772398598815 0.0041091070151213892 0.00045055373284355415 -0.00019770508415567305 -0.0049089391438098323
leaf_weight=40 48 32 741 39
leaf_count=40 48 32 741 39
internal_value=0.000166666 -9.38973e-05 2.46299e-05 -0.000128206
internal_weight=900 852 812 780
internal_count=900 852 812 780
is_linear=0
shrinkage=0.05


Tree=24
num_leaves=5
num_cat=0
split_feature=0 1 0 0
split_gain=0.433838 0.0971923 0.184931 0.0923752
threshold=1.9929506875876892 1.6565874936003 1.6619109980431956 1.9476968607350129
decision_type=2 2 2 2
left_child=1 -1 -3 -4
right_child=-2 2 3 -5
leaf_value=-0.0069640483778668832 0.0039036516643653216 0.00042802604620138329 -0.00018781982994789761 -0.004663492186619345
leaf_weight=40 48 32 741 39
leaf_count=40 48 32 741 39
internal_value=0.000166666 -9.38973e-05 2.46299e-05 -0.000128206
internal_weight=900 852 812 780
internal_count=900 852 812 780
is_linear=0
shrinkage=0.05


Tree=25
num_leaves=5
num_cat=0
split_feature=0 1 0 0
split_gain=0.433838 0.0971923 0.184931 0.0923752
threshold=1.9929506875876892 1.6565874936003 1.6619109980431956 1.9476968607350129
decision_type=2 2 2 2
left_child=1 -1 -3 -4
right_child=-2 2 3 -5
leaf_value=-0.0066158459589735321 0.0037084690811470542 0.00040662474389130767 -0.00017842883845050429 -0.004430317577288379
leaf_weight=40 48 32 741 39
leaf_count=40 48 32 741 39
internal_value=0.000166666 -9.38973e-05 2.46299e-05 -0.000128206
internal_weight=900 852 812 780
internal_count=900 852 812 780
is_linear=0
shrinkage=0.05


Tree=26
num_leaves=6
num_cat=0
split_feature=0 0 0 0 0
split_gain=0.260423 0.0993192 0.140263 0.144696 0.134127
threshold=1.9929506875876892 1.9476968607350129 1.8938165041425241 1.8681831506617248 1.9198033264926044
decision_type=2 2 2 2 2
left_child=1 2 3 -1 -4
right_child=-2 -3 4 -5 -6
leaf_value=2.819880467042202e-05 0.0035230456270897111 -0.0042088016984239696 0.0038559759022240626 -0.0072643647662977489 -0.006270397857847932
leaf_weight=663 48 39 48 60 42
leaf_count=663 48 39 48 60 42
internal_value=0.000166666 -3.52119e-05 8.30252e-05 -0.000148687 0.00194444
internal_weight=900 852 813 723 90
internal_count=900 852 813 723 90
is_linear=0
shrinkage=0.05


Tree=27
num_leaves=6
num_cat=0
split_feature=0 0 0 0 0
split_gain=0.260423 0.0993192 0.140263 0.144696 0.134127
threshold=1.9929506875876892 1.9476968607350129 1.8938165041425241 1.8681831506617248 1.9198033264926044
decision_type=2 2 2 2 2
left_child=1 2 3 -1 -4
right_child=-2 -3 4 -5 -6
leaf_value=2.6788864436900985e-05 0.0033468933457352309 -0.003998361613502777 0.0036631771071128586 -0.0069011465279828601 -0.0059568779649555427
leaf_weight=663 48 39 48 60 42
leaf_count=663 48 39 48 60 42
internal_value=0.000166666 -3.52119e-05 8.30252e-05 -0.000148687 0.00194444
internal_weight=900 852 813 723 90
internal_count=900 852 813 723 90
is_linear=0
shrinkage=0.05


Tree=28
num_leaves=6
num_cat=0
split_feature=0 0 0 0 0
split_gain=0.260423 0.0993192 0.140263 0.144696 0.134127
threshold=1.9929506875876892 1.9476968607350129 1.8938165041425241 1.8681831506617248 1.9198033264926044
decision_type=2 2 2 2 2
left_child=1 2 3 -1 -4
right_child=-2 -3 4 -5 -6
leaf_value=2.5449421215052671e-05 0.0031795486784484692 -0.0037984435328276334 0.0034800182517572111 -0.0065560892015837265 -0.0056590340667077577
leaf_weight=663 48 39 48 60 42
leaf_count=663 48 39 48 60 42
internal_value=0.000166666 -3.52119e-05 8.30252e-05 -0.000148687 0.00194444
internal_weight=900 852 813 723 90
internal_count=900 852 813 723 90
is_linear=0
shrinkage=0.05


Tree=29
num_leaves=6
num_cat=0
split_feature=0 0 0 0 0
split_gain=0.260423 0.0993192 0.140263 0.144696 0.134127
threshold=1.9929506875876892 1.9476968607350129 1.8938165041425241 1.8681831506617248 1.9198033264926044
decision_type=2 2 2 2 2
left_child=1 2 3 -1 -4
right_child=-2 -3 4 -5 -6
leaf_value=2.41769501543101e-05 0.0030205712445260553 -0.0036085213561862562 0.0033060173391693537 -0.0062282847415045415 -0.0053760823633723703
leaf_weight=663 48 39 48 60 42
leaf_count=663 48 39 48 60 42
internal_value=0.000166666 -3.52119e-05 8.30252e-05 -0.000148687 0.00194444
internal_weight=900 852 813 723 90
internal_count=900 852 813 723 90
is_linear=0
shrinkage=0.05


Tree=30
num_leaves=6
num_cat=0
split_feature=0 0 0 0 0
split_gain=0.260423 0.0993192 0.140263 0.144696 0.134127
threshold=1.9929506875876892 1.9476968607350129 1.8938165041425241 1.8681831506617248 1.9198033264926044
decision_type=2 2 2 2 2
left_child=1 2 3 -1 -4
right_child=-2 -3 4 -5 -6
leaf_value=2.2968102646593551e-05 0.0028695426822997481 -0.0034280952883769533 0.0031407164722108806 -0.005916870504429305 -0.0051072782452037616
leaf_weight=663 48 39 48 60 42
leaf_count=663 48 39 48 60 42
internal_value=0.000166666 -3.52119e-05 8.30252e-05 -0.000148687 0.00194444
internal_weight=900 852 813 723 90
internal_count=900 852 813 723 90
is_linear=0
shrinkage=0.05


Tree=31
num_leaves=6
num_cat=0
split_feature=0 0 0 0 1
split_gain=0.25241 0.104105 0.131148 0.134127 0.0887858
threshold=1.9929506875876892 1.9476968607350129 1.8938165041425241 1.9198033264926044 1.8932474830800052
decision_type=2 2 2 2 2
left_child=1 2 4 -4 -1
right_child=-2 -3 3 -5 -6
leaf_value=-2.2115085540160541e-05 0.0027260655481847703 -0.0032566905239581169 0.0029836806486003287 -0.0048519143329435639 -0.0055968094926168218
leaf_weight=687 48 39 48 42 36
leaf_count=687 48 39 48 42 36
internal_value=0.000222222 2.34736e-05 0.000144526 0.00194444 -7.95303e-05
internal_weight=900 852 813 90 723
internal_count=900 852 813 90 723
is_linear=0
shrinkage=0.05


Tree=32
num_leaves=6
num_cat=0
split_feature=0 0 0 0 1
split_gain=0.25241 0.104105 0.131148 0.134127 0.0887858
threshold=1.9929506875876892 1.9476968607350129 1.8938165041425241 1.9198033264926044 1.8932474830800052
decision_type=2 2 2 2 2
left_child=1 2 4 -4 -1
right_child=-2 -3 3 -5 -6
leaf_value=-2.1009331263151775e-05 0.0025897622707755372 -0.0030938559977602199 0.0028344966161703237 -0.0046093186162963875 -0.0053169690179859889
leaf_weight=687 48 39 48 42 36
leaf_count=687 48 39 48 42 36
internal_value=0.000222222 2.34736e-05 0.000144526 0.00194444 -7.95303e-05
internal_weight=900 852 813 90 723
internal_count=900 852 813 90 723
is_linear=0
shrinkage=0.05


Tree=33
num_leaves=6
num_cat=0
split_feature=0 0 0 0 1
split_gain=0.131021 0.104105 0.131148 0.134127 0.0887858
threshold=1.9929506875876892 1.9476968607350129 1.8938165041425241 1.9198033264926044 1.8932474830800052
decision_type=2 2 2 2 2
left_child=1 2 4 -4 -1
right_child=-2 -3 3 -5 -6
leaf_value=-1.9958864699994561e-05 0.0024602741572367702 -0.0029391631978722189 0.002692771785361803 -0.0043788526854815716 -0.0050511205670866919
leaf_weight=687 48 39 48 42 36
leaf_count=687 48 39 48 42 36
internal_value=0.000166666 2.34736e-05 0.000144526 0.00194444 -7.95303e-05
internal_weight=900 852 813 90 723
internal_count=900 852 813 90 723
is_linear=0
shrinkage=0.05


Tree=34
num_leaves=6
num_cat=0
split_feature=0 0 0 0 1
split_gain=0.131021 0.104105 0.131148 0.134127 0.0887858
threshold=1.9929506875876892 1.9476968607350129 1.8938165041425241 1.9198033264926044 1.8932474830800052
decision_type=2 2 2 2 2
left_child=1 2 4 -4 -1
right_child=-2 -3 3 -5 -6
leaf_value=-1.8960921464990765e-05 0.0023372604493749403 -0.0027922050379786123 0.002558133196093704 -0.0041599100512074829 -0.0047985645387323469
leaf_weight=687 48 39 48 42 36
leaf_count=687 48 39 48 42 36
internal_value=0.000166666 2.34736e-05 0.000144526 0.00194444 -7.95303e-05
internal_weight=900 852 813 90 723
internal_count=900 852 813 90 723
is_linear=0
shrinkage=0.05


Tree=35
num_leaves=6
num_cat=0
split_feature=0 0 0 0 1
split_gain=0.131021 0.104105 0.131148 0.134127 0.0887858
threshold=1.9929506875876892 1.9476968607350129 1.8938165041425241 1.9198033264926044 1.8932474830800052
decision_type=2 2 2 2 2
left_child=1 2 4 -4 -1
right_child=-2 -3 3 -5 -6
leaf_value=-1.8012875391744932e-05 0.0022203974269062016 -0.0026525947860796873 0.0024302265362890155 -0.0039519145486471173 -0.0045586363117957321
leaf_weight=687 48 39 48 42 36
leaf_count=687 48 39 48 42 36
internal_value=0.000166666 2.34736e-05 0.000144526 0.00194444 -7.95303e-05
internal_weight=900 852 813 90 723
internal_count=900 852 813 90 723
is_linear=0
shrinkage=0.05


Tree=36
num_leaves=6
num_cat=0
split_feature=0 0 0 0 1
split_gain=0.131021 0.104105 0.131148 0.134127 0.0887858
threshold=1.9929506875876892 1.9476968607350129 1.8938165041425241 1.9198033264926044 1.8932474830800052
decision_type=2 2 2 2 2
left_child=1 2 4 -4 -1
right_child=-2 -3 3 -5 -6
leaf_value=-1.7112231622159168e-05 0.0021093775555608824 -0.0025199650467756965 0.0023087152094745547 -0.0037543188212147529 -0.0043307044962059551
leaf_weight=687 48 39 48 42 36
leaf_count=687 48 39 48 42 36
internal_value=0.000166666 2.34736e-05 0.000144526 0.00194444 -7.95303e-05
internal_weight=900 852 813 90 723
internal_count=900 852 813 90 723
is_linear=0
shrinkage=0.05


Tree=37
num_leaves=9
num_cat=0
split_feature=1 0 1 0 0 1 0 0
split_gain=0.0802778 0.211635 0.541454 0.191765 0.168829 0.130536 0.13586 0.0179487
threshold=1.8560705354410769 1.8193982060279352 1.8193263597578098 1.8566255388137289 1.7267735887531106 1.8903266083264827 1.9198033264926044 1.8668689667377012
decision_type=2 2 2 2 2 2 2 2
left_child=1 2 4 -2 -1 7 -7 -5
right_child=3 -3 -4 5 -6 6 -8 -9
leaf_value=0.00027725552382189608 0.0035458492021106253 -0.0065702837755881455 0.002262220298289376 -0.0091837114364412119 -0.0086468077141818034 0.0013911366969409471 -0.00023363004783614195 -0.0075892139641935783
leaf_weight=181 49 88 44 30 263 81 129 35
leaf_count=181 49 88 44 30 263 81 129 35
internal_value=0.000111111 -0.000243056 0.000163934 0.00074074 -0.000360361 0.000227272 0.000833333 -0.00173077
internal_weight=900 576 488 324 444 275 210 65
internal_count=900 576 488 324 444 275 210 65
is_linear=0
shrinkage=0.05


Tree=38
num_leaves=6
num_cat=0
split_feature=0 0 0 0 1
split_gain=0.131021 0.104105 0.131148 0.134127 0.0887858
threshold=1.9929506875876892 1.9476968607350129 1.8938165041425241 1.9198033264926044 1.8932474830800052
decision_type=2 2 2 2 2
left_child=1 2 4 -4 -1
right_child=-2 -3 3 -5 -6
leaf_value=-5.4944610326815198e-05 0.0020155901801746485 -0.0023822852920450943 0.0021237226141537892 -0.0035549213777622104 -0.0041837261062427069
leaf_weight=687 48 39 48 42 36
leaf_count=687 48 39 48 42 36
internal_value=0.000166666 2.34736e-05 0.000144526 0.00194444 -7.95303e-05
internal_weight=900 852 813 90 723
internal_count=900 852 813 90 723
is_linear=0
shrinkage=0.05


Tree=39
num_leaves=9
num_cat=0
split_feature=1 0 1 0 0 1 0 0
split_gain=0.0802778 0.211635 0.541454 0.191765 0.168829 0.130536 0.13586 0.0179487
threshold=1.8560705354410769 1.8193982060279352 1.8193263597578098 1.8566255388137289 1.7267735887531106 1.8903266083264827 1.9198033264926044 1.8668689667377012
decision_type=2 2 2 2 2 2 2 2
left_child=1 2 4 -2 -1 7 -7 -5
right_child=3 -3 -4 5 -6 6 -8 -9
leaf_value=0.00026613997814715136 0.0033713039725214292 -0.0062390223562923865 0.0021518565138912496 -0.0087217786341028166 -0.0082117200979563657 0.0012153937313862098 -0.00032272805445305864 -0.0072070060354675475
leaf_weight=181 49 88 44 30 263 81 129 35
leaf_count=181 49 88 44 30 263 81 129 35
internal_value=0.000111111 -0.000243056 0.000163934 0.00074074 -0.000360361 0.000227272 0.000833333 -0.00173077
internal_weight=900 576 488 324 444 275 210 65
internal_count=900 576 488 324 444 275 210 65
is_linear=0
shrinkage=0.05


Tree=40
num_leaves=8
num_cat=0
split_feature=0 0 1 0 1 0 1
split_gain=0.0882988 0.21551 0.165375 0.120288 0.220138 0.155034 0.0329117
threshold=1.8938165041425241 1.9198033264926044 1.964146132249486 1.8681831506617248 1.8766815509774866 1.8193982060279352 2.0111218137283586
decision_type=2 2 2 2 2 2 2
left_child=3 -2 -3 4 5 -1 -4
right_child=1 2 6 -5 -6 -7 -8
leaf_value=-4.7331454783666074e-06 0.0019567667968767746 -0.0035099151779263149 -0.00091636917790813635 -0.0040595269740909094 0.0035036451095559573 -0.0055150378761117391 0.0021488726108046387
leaf_weight=488 48 48 38 60 31 144 43
leaf_count=488 48 48 38 60 31 144 43
internal_value=-0.000111112 0.00088983 -0.000174419 -0.000356156 -0.000162142 -0.000363925 0.0012037
internal_weight=900 177 129 723 663 632 81
internal_count=900 177 129 723 663 632 81
is_linear=0
shrinkage=0.05


Tree=41
num_leaves=9
num_cat=0
split_feature=1 0 1 0 0 1 0 0
split_gain=0.0950694 0.195668 0.350507 0.191765 0.168829 0.130536 0.13586 0.0179487
threshold=1.8560705354410769 1.8193982060279352 1.8193263597578098 1.8566255388137289 1.7267735887531106 1.8903266083264827 1.9198033264926044 1.8668689667377012
decision_type=2 2 2 2 2 2 2 2
left_child=1 2 4 -2 -1 7 -7 -5
right_child=3 -3 -4 5 -6 6 -8 -9
leaf_value=0.0002530696365137037 0.0032981167499609994 -0.0056986233735108298 0.0020445003454705917 -0.0080099378085920943 -0.0078008974357846265 0.0010567857049730448 -0.00041403528227064169 -0.0066436793849896343
leaf_weight=181 49 88 44 30 263 81 129 35
leaf_count=181 49 88 44 30 263 81 129 35
internal_value=5.5555e-05 -0.000329862 6.14748e-05 0.00074074 -0.000360361 0.000227272 0.000833333 -0.00173077
internal_weight=900 576 488 324 444 275 210 65
internal_count=900 576 488 324 444 275 210 65
is_linear=0
shrinkage=0.05


Tree=42
num_leaves=9
num_cat=0
split_feature=1 0 1 0 0 1 0 1
split_gain=0.110532 0.200736 0.211075 0.157963 0.152191 0.119468 0.13586 0.0169399
threshold=1.858964100326949 1.8193982060279352 1.8245703473595711 1.8572094655546116 1.7267735887531106 1.8903266083264827 1.9198033264926044 1.8780508868844039
decision_type=2 2 2 2 2 2 2 2
left_child=1 2 4 -2 -1 7 -7 -5
right_child=3 -3 -4 5 -6 6 -8 -9
leaf_value=0.00024041615468801741 0.0042760907128869393 -0.005297734800685113 0.0019307158560119147 -0.006236394442397564 -0.0022466408242531261 0.0010039464197243821 -0.00039333351815711297 -0.0068342746855208913
leaf_weight=181 41 100 31 30 276 81 129 31
leaf_count=181 41 100 31 30 276 81 129 31
internal_value=-5.55562e-05 -0.000459184 -4.09842e-05 0.000705128 -0.000311817 0.000267527 0.000833333 -0.00168033
internal_weight=900 588 488 312 457 271 210 61
internal_count=900 588 488 312 457 271 210 61
is_linear=0
shrinkage=0.05


Tree=43
num_leaves=6
num_cat=0
split_feature=0 0 0 0 0
split_gain=0.0601565 0.0900854 0.0878318 0.105388 0.098167
threshold=1.9929506875876892 1.9476968607350129 1.8852147320829342 1.915216058122458 1.8681831506617248
decision_type=2 2 2 2 2
left_child=1 2 4 -4 -1
right_child=-2 -3 3 -5 -6
leaf_value=-0.00021859147332461073 0.0018638718833697118 -0.0021608477258034278 0.0012005617995356932 -0.0011179185346554398 -0.0051102150976769234
leaf_weight=663 48 39 57 48 45
leaf_count=663 48 39 57 48 45
internal_value=-5.55562e-05 -0.000152583 -3.9976e-05 0.00130952 -0.000240114
internal_weight=900 852 813 105 708
internal_count=900 852 813 105 708
is_linear=0
shrinkage=0.05


Tree=44
num_leaves=8
num_cat=0
split_feature=1 0 1 0 0 1 0
split_gain=0.0852034 0.146739 0.183464 0.1343 0.132232 0.148785 0.146889
threshold=1.8708278347861855 1.8384285024603522 1.8403290802594208 1.7267735887531106 1.8650731810112795 1.8903266083264827 1.9198033264926044
decision_type=2 2 2 2 2 2 2
left_child=1 2 3 -1 -2 -6 -7
right_child=4 -3 -4 -5 5 6 -8
leaf_value=0.00023932492061986616 0.0054708504695028665 -0.0050840899371510971 0.00087888927968376735 -0.0021781821501819462 -0.0061011229794479156 0.00098168210583432654 -0.00046686043641774866
leaf_weight=181 32 69 33 338 39 79 129
leaf_count=181 32 69 33 338 39 79 129
internal_value=-5.96046e-10 -0.000326088 -5.43484e-05 -0.000284201 0.000725806 0.000334008 0.000865384
internal_weight=900 621 552 519 279 247 208
internal_count=900 621 552 519 279 247 208
is_linear=0
shrinkage=0.05


Tree=45
num_leaves=6
num_cat=0
split_feature=0 0 0 0 0
split_gain=0.0641002 0.0856374 0.0899166 0.134127 0.128174
threshold=1.9929506875876892 1.9476968607350129 1.8938165041425241 1.915216058122458 1.8681831506617248
decision_type=2 2 2 2 2
left_child=1 2 4 -4 -1
right_child=-2 -3 3 -5 -6
leaf_value=-0.00011084128140987078 0.0017940213110221046 -0.0020294623176923656 0.0020169996897044574 -0.0010857571781452515 -0.0040529227065761652
leaf_weight=663 48 39 42 48 60
leaf_count=663 48 39 42 48 60
internal_value=-0.000111112 -0.000211268 -0.000101477 0.00138889 -0.000286999
internal_weight=900 852 813 90 723
internal_count=900 852 813 90 723
is_linear=0
shrinkage=0.05


Tree=46
num_leaves=9
num_cat=0
split_feature=1 0 1 0 0 1 0 0
split_gain=0.0950694 0.195668 0.350507 0.191765 0.168829 0.130536 0.13586 0.0179487
threshold=1.8560705354410769 1.8193982060279352 1.8193263597578098 1.8566255388137289 1.7267735887531106 1.8903266083264827 1.9198033264926044 1.8668689667377012
decision_type=2 2 2 2 2 2 2 2
left_child=1 2 4 -2 -1 7 -7 -5
right_child=3 -3 -4 5 -6 6 -8 -9
leaf_value=0.00023290073865935907 0.0028000941953977049 -0.0049873497219099523 0.0019250732458180647 -0.0070738780435339434 -0.0071731397775369084 0.00074378691898443951 -0.0005332184801479789 -0.0052517181294589078
leaf_weight=181 49 88 44 30 263 81 129 35
leaf_count=181 49 88 44 30 263 81 129 35
internal_value=5.5555e-05 -0.000329862 6.14748e-05 0.00074074 -0.000360361 0.000227272 0.000833333 -0.00173077
internal_weight=900 576 488 324 444 275 210 65
internal_count=900 576 488 324 444 275 210 65
is_linear=0
shrinkage=0.05


Tree=47
num_leaves=6
num_cat=0
split_feature=0 0 0 0 0
split_gain=0.0601565 0.0900854 0.0878318 0.105388 0.098167
threshold=1.9929506875876892 1.9476968607350129 1.8852147320829342 1.915216058122458 1.8681831506617248
decision_type=2 2 2 2 2
left_child=1 2 4 -4 -1
right_child=-2 -3 3 -5 -6
leaf_value=-5.2852136070338755e-05 0.0017309811694784024 -0.0019013282778003405 0.00095341027383273331 -0.0010463110349281308 -0.004225296975951919
leaf_weight=663 48 39 57 48 45
leaf_count=663 48 39 57 48 45
internal_value=-5.55562e-05 -0.000152583 -3.9976e-05 0.00130952 -0.000240114
internal_weight=900 852 813 105 708
internal_count=900 852 813 105 708
is_linear=0
shrinkage=0.05


Tree=48
num_leaves=8
num_cat=0
split_feature=1 0 1 0 1 0 0
split_gain=0.0852034 0.146739 0.183464 0.132232 0.148785 0.146889 0.0817876
threshold=1.8708278347861855 1.8384285024603522 1.8403290802594208 1.8650731810112795 1.8903266083264827 1.9198033264926044 1.7159204121355478
decision_type=2 2 2 2 2 2 2
left_child=1 2 6 -2 -5 -6 -1
right_child=3 -3 -4 4 5 -7 -8
leaf_value=0.00022910452617793959 0.0052876521000620787 -0.0043188453144191556 0.00074687582428266419 -0.0051195699398761674 0.00076255852761204952 -0.0005931066146144915 -0.0012366099791906277
leaf_weight=158 32 69 33 39 79 129 361
leaf_count=158 32 69 33 39 79 129 361
internal_value=-5.96046e-10 -0.000326088 -5.43484e-05 0.000725806 0.000334008 0.000865384 -0.000284201
internal_weight=900 621 552 279 247 208 519
internal_count=900 621 552 279 247 208 519
is_linear=0
shrinkage=0.05


Tree=49
num_leaves=9
num_cat=0
split_feature=1 0 1 0 0 1 0 0
split_gain=0.0667361 0.228227 0.317573 0.191765 0.151139 0.130536 0.13586 0.0179487
threshold=1.8560705354410769 1.8193982060279352 1.8193263597578098 1.8566255388137289 1.7742951361621071 1.8903266083264827 1.9198033264926044 1.8668689667377012
decision_type=2 2 2 2 2 2 2 2
left_child=1 2 4 -2 -1 7 -7 -5
right_child=3 -3 -4 5 -6 6 -8 -9
leaf_value=5.4327217261104781e-05 0.002470881428590799 -0.0047082202344679103 0.0018784164949274169 -0.006501599268832781 -0.0072510706319625908 0.00062079913296297278 -0.00056345128388377572 -0.0045338997303492725
leaf_weight=325 49 88 44 30 119 81 129 35
leaf_count=325 49 88 44 30 119 81 129 35
internal_value=0.000166666 -0.000156251 0.000266393 0.00074074 -0.000135136 0.000227272 0.000833333 -0.00173077
internal_weight=900 576 488 324 444 275 210 65
internal_count=900 576 488 324 444 275 210 65
is_linear=0
shrinkage=0.05


Tree=50
num_leaves=9
num_cat=0
split_feature=1 0 1 0 0 1 0 1
split_gain=0.0567111 0.235586 0.176179 0.175952 0.151139 0.0979081 0.115238 0.0169399
threshold=1.858964100326949 1.8193982060279352 1.8193263597578098 1.8572094655546116 1.7742951361621071 1.8903266083264827 1.915216058122458 1.8780508868844039
decision_type=2 2 2 2 2 2 2 2
left_child=1 2 4 -2 -1 7 -7 -5
right_child=3 -3 -4 5 -6 6 -8 -9
leaf_value=5.1610856398040518e-05 0.0036304110883627729 -0.0041998320198708651 0.0017844956701810429 -0.0042548257467534866 -0.00688851710036446 0.00090065510303957035 -0.00021961523441960484 -0.0048000779165952691
leaf_weight=325 41 100 44 30 119 75 135 31
leaf_count=325 41 100 44 30 119 75 135 31
internal_value=-5.96046e-10 -0.000289116 0.000163934 0.000544871 -0.000135136 8.30252e-05 0.000595237 -0.00168033
internal_weight=900 588 488 312 444 271 210 61
internal_count=900 588 488 312 444 271 210 61
is_linear=0
shrinkage=0.05


Tree=51
num_leaves=6
num_cat=0
split_feature=0 0 0 0 0
split_gain=0.0641002 0.0856374 0.0899166 0.134127 0.128174
threshold=1.9929506875876892 1.9476968607350129 1.8938165041425241 1.915216058122458 1.8681831506617248
decision_type=2 2 2 2 2
left_child=1 2 4 -4 -1
right_child=-2 -3 3 -5 -6
leaf_value=-0.00013219856963300679 0.0017132407676503766 -0.001737453207264439 0.0017170892073976375 -0.0010077340110520483 -0.003200912268923719
leaf_weight=663 48 39 42 48 60
leaf_count=663 48 39 42 48 60
internal_value=-0.000111112 -0.000211268 -0.000101477 0.00138889 -0.000286999
internal_weight=900 852 813 90 723
internal_count=900 852 813 90 723
is_linear=0
shrinkage=0.05


Tree=52
num_leaves=10
num_cat=0
split_feature=1 0 1 0 0 1 0 0 1
split_gain=0.0852034 0.153072 0.339423 0.166812 0.132232 0.148785 0.146889 0.0657221 0.119655
threshold=1.8708278347861855 1.7742951361621071 1.77604739765085 1.7368794635884708 1.8650731810112795 1.8903266083264827 1.9198033264926044 1.8384285024603522 1.8403290802594208
decision_type=2 2 2 2 2 2 2 2 2
left_child=1 2 3 -1 -2 -6 -7 8 -3
right_child=4 7 -4 -5 5 6 -8 -9 -10
leaf_value=0.00018289152082724821 0.0051041131306876417 -0.0017775132050065646 0.0057520384624971978 -0.0088443616686779258 -0.0042641095555810303 0.00057174978197020146 -0.00060995999635111715 -0.0035919026495164516 0.00066695938917560316
leaf_weight=205 32 194 32 88 39 79 129 69 33
leaf_count=205 32 194 32 88 39 79 129 69 33
internal_value=-5.96046e-10 -0.000326088 0.000423076 -0.000110922 0.000725806 0.000334008 0.000865384 -0.00114865 -0.000737886
internal_weight=900 621 325 293 279 247 208 296 227
internal_count=900 621 325 293 279 247 208 296 227
is_linear=0
shrinkage=0.05


Tree=53
num_leaves=12
num_cat=0
split_feature=0 0 1 0 1 0 1 1 1 1 0
split_gain=0.0864419 0.176639 0.165375 0.102844 0.241185 0.11926 0.107779 0.132709 0.0429646 0.0329117 0.0282828
threshold=1.8852147320829342 1.9198033264926044 1.964146132249486 1.7267735887531106 1.7175435778443564 1.6619109980431956 1.7839643158461789 1.7966772320663209 1.7581534107825745 2.0111218137283586 1.8996778900236648
decision_type=2 2 2 2 2 2 2 2 2 2 2
left_child=3 10 -3 4 5 -1 8 -8 -5 -4 -2
right_child=1 2 9 6 -6 -7 7 -9 -10 -11 -12
leaf_value=0.00013529609715764348 0.00013760799288087798 -0.0029318543387778506 -0.00031620230228293774 -0.0080873331467578094 0.00098366969029576863 -0.0070179464755575549 0.0085010304177076008 -0.00081205363834773846 -0.0075004549360764734 0.0018760022660014944 0.001109020839920416
leaf_weight=69 33 48 38 57 48 71 40 333 90 43 30
leaf_count=69 33 48 38 57 48 71 40 333 90 43 30
internal_value=-5.55562e-05 0.000885416 -0.000174419 -0.000310735 0.000691489 -0.000357143 -0.000673078 -0.00022118 -0.00181973 0.0012037 0.00305555
internal_weight=900 192 129 708 188 140 520 373 147 81 63
internal_count=900 192 129 708 188 140 520 373 147 81 63
is_linear=0
shrinkage=0.05


Tree=54
num_leaves=9
num_cat=0
split_feature=0 1 1 0 1 0 1 1
split_gain=0.0617893 0.523923 0.208959 0.19691 0.142265 0.0963588 0.0980735 0.0218997
threshold=1.7368794635884708 1.7382607172741147 1.7826350189511462 1.7791757764143805 1.8560705354410769 1.7091537599056055 1.6726336132619457 1.7581534107825745
decision_type=2 2 2 2 2 2 2 2
left_child=1 5 7 -4 -5 6 -1 -2
right_child=2 -3 3 4 -6 -7 -8 -9
leaf_value=-0.0044566067530514624 -0.0097489894517596154 0.0015201530240930778 0.0055884979237095468 -0.0016408911690641182 0.00013902288503552968 -0.011936807823725727 0.00030136706689418114 -0.0071828350585081864
leaf_weight=68 33 33 30 226 313 38 73 86
leaf_count=68 33 33 30 226 313 38 73 86
internal_value=5.5555e-05 0.000801886 -0.000174419 0.000224077 4.63762e-06 -0.000265364 0.000336879 -0.00207983
internal_weight=900 212 688 569 539 179 141 119
internal_count=900 212 688 569 539 179 141 119
is_linear=0
shrinkage=0.05


Tree=55
num_leaves=9
num_cat=0
split_feature=1 0 0 1 0 1 0 0
split_gain=0.0834568 0.212853 0.180328 0.200917 0.161955 0.107419 0.115238 0.0179487
threshold=1.8560705354410769 1.8566255388137289 1.8193982060279352 1.8193263597578098 1.7368794635884708 1.8903266083264827 1.915216058122458 1.8668689667377012
decision_type=2 2 2 2 2 2 2 2
left_child=2 -2 3 4 -1 7 -7 -3
right_child=1 5 -4 -5 -6 6 -8 -9
leaf_value=0.000238688065074542 0.0019809335748856502 -0.0057466711057744925 -0.0040619398645073959 0.0018950701086663632 -0.006100524134198421 0.00073533347969987131 -0.00032995625661890924 -0.0036976439175715869
leaf_weight=205 49 30 88 44 239 75 135 35
leaf_count=205 49 30 88 44 239 75 135 35
internal_value=-5.55562e-05 0.000586419 -0.000416667 -4.09842e-05 -0.000360361 4.54539e-05 0.000595237 -0.00173077
internal_weight=900 324 576 488 444 275 210 65
internal_count=900 324 576 488 444 275 210 65
is_linear=0
shrinkage=0.05


Tree=56
num_leaves=6
num_cat=0
split_feature=0 0 0 0 0
split_gain=0.0641002 0.0856374 0.0960197 0.105388 0.093051
threshold=1.9929506875876892 1.9476968607350129 1.8852147320829342 1.915216058122458 1.7368794635884708
decision_type=2 2 2 2 2
left_child=1 2 4 -4 -1
right_child=-2 -3 3 -5 -6
leaf_value=0.000213392358529988 0.0015738232843645235 -0.0015947257633903257 0.00057792831225917946 -0.00094044378996051704 -0.00066657024816546085
leaf_weight=212 48 39 57 48 496
leaf_count=212 48 39 57 48 496
internal_value=-0.000111112 -0.000211268 -0.000101477 0.00130952 -0.000310735
internal_weight=900 852 813 105 708
internal_count=900 852 813 105 708
is_linear=0
shrinkage=0.05


Tree=57
num_leaves=12
num_cat=0
split_feature=0 0 1 0 1 1 0 0 1 0 1
split_gain=0.0864419 0.176639 0.165375 0.093051 0.317948 0.121756 0.253787 0.0963588 0.0329117 0.0282828 0.0218997
threshold=1.8852147320829342 1.9198033264926044 1.964146132249486 1.7368794635884708 1.7382607172741147 1.7826350189511462 1.7791757764143805 1.7091537599056055 2.0111218137283586 1.8996778900236648 1.7581534107825745
decision_type=2 2 2 2 2 2 2 2 2 2 2
left_child=3 9 -3 4 7 10 -7 -1 -4 -2 -5
right_child=1 2 8 5 -6 6 -8 -9 -10 -11 -12
leaf_value=0.00018554161057145928 5.8113359387085051e-05 -0.0027286927637617531 -0.00021601633079146936 -0.0089231852600534459 0.0014215413517081816 0.0056474277466422428 -0.000537306409416112 -0.011362571453719683 0.0017130576570623638 0.00098095556407464825 -0.0064853385864645846
leaf_weight=141 33 48 38 33 33 30 347 38 43 30 86
leaf_count=141 33 48 38 33 33 30 347 38 43 30 86
internal_value=-5.55562e-05 0.000885416 -0.000174419 -0.000310735 0.000566037 -0.000685484 -0.000245359 -0.000265364 0.0012037 0.00305555 -0.00207983
internal_weight=900 192 129 708 212 496 377 179 81 63 119
internal_count=900 192 129 708 212 496 377 179 81 63 119
is_linear=0
shrinkage=0.05


Tree=58
num_leaves=6
num_cat=0
split_feature=0 0 0 0 0
split_gain=0.0641002 0.0856374 0.0960197 0.105388 0.093051
threshold=1.9929506875876892 1.9476968607350129 1.8852147320829342 1.915216058122458 1.7368794635884708
decision_type=2 2 2 2 2
left_child=1 2 4 -4 -1
right_child=-2 -3 3 -5 -6
leaf_value=0.00019344566007490133 0.0014094792372931714 -0.0015041886586812494 0.00049998411844247585 -0.00087755042900631197 -0.00085918625013630041
leaf_weight=212 48 39 57 48 496
leaf_count=212 48 39 57 48 496
internal_value=-0.000111112 -0.000211268 -0.000101477 0.00130952 -0.000310735
internal_weight=900 852 813 105 708
internal_count=900 852 813 105 708
is_linear=0
shrinkage=0.05


Tree=59
num_leaves=9
num_cat=0
split_feature=1 0 0 1 1 0 0 0
split_gain=0.0834568 0.212853 0.180328 0.200917 0.163317 0.27907 0.161955 0.0664282
threshold=1.8560705354410769 1.8566255388137289 1.8193982060279352 1.8193263597578098 1.9111304608730657 1.9198033264926044 1.7368794635884708 1.8681831506617248
decision_type=2 2 2 2 2 2 2 2
left_child=2 -2 3 6 7 -6 -1 -3
right_child=1 4 -4 -5 5 -7 -8 -9
leaf_value=0.00019713468036197492 0.0019850400415272682 -0.004076596211376511 -0.0037556897258961431 0.0019034697486189464 0.0013388316589284745 -0.00072496113751314474 -0.0053949431732501834 -0.0031725833999510129
leaf_weight=205 49 38 88 44 43 129 239 65
leaf_count=205 49 38 88 44 43 129 239 65
internal_value=-5.55562e-05 0.000586419 -0.000416667 -4.09842e-05 4.54539e-05 0.000988371 -0.000360361 -0.00152913
internal_weight=900 324 576 488 275 172 444 103
internal_count=900 324 576 488 275 172 444 103
is_linear=0
shrinkage=0.05


Tree=60
num_leaves=6
num_cat=0
split_feature=0 0 0 0 0
split_gain=0.0641002 0.0856374 0.0960197 0.105388 0.093051
threshold=1.9929506875876892 1.9476968607350129 1.8852147320829342 1.915216058122458 1.7368794635884708
decision_type=2 2 2 2 2
left_child=1 2 4 -4 -1
right_child=-2 -3 3 -5 -6
leaf_value=0.00017391664305305482 0.0013752533323041667 -0.0013927311688715306 0.00040804332957393723 -0.00086449805874921903 -0.00057102412706459447
leaf_weight=212 48 39 57 48 496
leaf_count=212 48 39 57 48 496
internal_value=-0.000111112 -0.000211268 -0.000101477 0.00130952 -0.000310735
internal_weight=900 852 813 105 708
internal_count=900 852 813 105 708
is_linear=0
shrinkage=0.05


Tree=61
num_leaves=6
num_cat=0
split_feature=0 0 0 0 0
split_gain=0.068169 0.0813021 0.0726876 0.0886642 0.0243867
threshold=1.9929506875876892 1.9476968607350129 1.9040603120006481 1.7368794635884708 1.9249649335159054
decision_type=2 2 2 2 2
left_child=1 2 3 -1 -4
right_child=-2 -3 4 -5 -6
leaf_value=0.00016522081090039392 0.001306490665688948 -0.001323094610427944 0.0008195648305236781 -0.00048456372796706746 0.00012447199475611599
leaf_weight=212 48 39 30 538 33
leaf_count=212 48 39 30 538 33
internal_value=-0.000166667 -0.000269954 -0.000162977 -0.000300001 0.00146825
internal_weight=900 852 813 750 63
internal_count=900 852 813 750 63
is_linear=0
shrinkage=0.05


Tree=62
num_leaves=6
num_cat=0
split_feature=0 0 0 0 0
split_gain=0.0601565 0.0900854 0.0878318 0.105388 0.098167
threshold=1.9929506875876892 1.9476968607350129 1.8852147320829342 1.915216058122458 1.8681831506617248
decision_type=2 2 2 2 2
left_child=1 2 4 -4 -1
right_child=-2 -3 3 -5 -6
leaf_value=-7.2565379026543652e-05 0.0012411661324044981 -0.0012569398799065379 0.00039196494585127791 -0.00085008725323954437 -0.002961174803259612
leaf_weight=663 48 39 57 48 45
leaf_count=663 48 39 57 48 45
internal_value=-5.55562e-05 -0.000152583 -3.9976e-05 0.00130952 -0.000240114
internal_weight=900 852 813 105 708
internal_count=900 852 813 105 708
is_linear=0
shrinkage=0.05


Tree=63
num_leaves=6
num_cat=0
split_feature=0 0 0 0 0
split_gain=0.0601565 0.0900854 0.0878318 0.105388 0.098167
threshold=1.9929506875876892 1.9476968607350129 1.8852147320829342 1.915216058122458 1.8681831506617248
decision_type=2 2 2 2 2
left_child=1 2 4 -4 -1
right_child=-2 -3 3 -5 -6
leaf_value=-6.8937110075215809e-05 0.0011791078257842708 -0.0011940928859112132 0.00037236669855871527 -0.00080758289057756736 -0.0028131160630966412
leaf_weight=663 48 39 57 48 45
leaf_count=663 48 39 57 48 45
internal_value=-5.55562e-05 -0.000152583 -3.9976e-05 0.00130952 -0.000240114
internal_weight=900 852 813 105 708
internal_count=900 852 813 105 708
is_linear=0
shrinkage=0.05


Tree=64
num_leaves=6
num_cat=0
split_feature=0 0 0 0 0
split_gain=0.0601565 0.0900854 0.144742 0.0831169 0.0755391
threshold=1.9929506875876892 1.9476968607350129 1.9040603120006481 1.9249649335159054 1.7368794635884708
decision_type=2 2 2 2 2
left_child=1 2 4 -4 -1
right_child=-2 -3 3 -5 -6
leaf_value=0.00016403489481046425 0.0011201524344950536 -0.001134388241615647 0.00074037000677700253 0.00020113190220916318 -0.00045326041711363083
leaf_weight=212 48 39 30 33 538
leaf_count=212 48 39 30 33 538
internal_value=-5.55562e-05 -0.000152583 -3.9976e-05 0.0022619 -0.000233334
internal_weight=900 852 813 63 750
internal_count=900 852 813 63 750
is_linear=0
shrinkage=0.05


Tree=65
num_leaves=9
num_cat=0
split_feature=1 0 0 1 0 1 0 0
split_gain=0.0696373 0.212853 0.195668 0.188345 0.12851 0.107419 0.115238 0.0179487
threshold=1.8560705354410769 1.8566255388137289 1.8193982060279352 1.8193263597578098 1.7368794635884708 1.8903266083264827 1.915216058122458 1.8668689667377012
decision_type=2 2 2 2 2 2 2 2
left_child=2 -2 3 4 -1 7 -7 -3
right_child=1 5 -4 -5 -6 6 -8 -9
leaf_value=0.00016919445336076411 0.0019683055775132452 -0.0050698370564687071 -0.0034853877015389822 0.0018908137992503346 -0.0050426784765253037 0.00047625062845102641 -0.00032617266998806243 -0.0028868224493844913
leaf_weight=205 49 30 88 44 239 75 135 35
leaf_count=205 49 30 88 44 239 75 135 35
internal_value=-5.96046e-10 0.000586419 -0.000329862 6.14748e-05 -0.000247748 4.54539e-05 0.000595237 -0.00173077
internal_weight=900 324 576 488 444 275 210 65
internal_count=900 324 576 488 444 275 210 65
is_linear=0
shrinkage=0.05


Tree=66
num_leaves=11
num_cat=0
split_feature=0 0 1 0 1 1 0 0 1 1
split_gain=0.072 0.166667 0.15 0.10284 0.317948 0.110669 0.26392 0.0963588 0.0362155 0.0218997
threshold=1.9040603120006481 1.9249649335159054 1.964146132249486 1.7368794635884708 1.7382607172741147 1.7826350189511462 1.7791757764143805 1.7091537599056055 2.0111218137283586 1.7581534107825745
decision_type=2 2 2 2 2 2 2 2 2 2
left_child=3 -2 -3 4 7 9 -7 -1 -4 -5
right_child=1 2 8 5 -6 6 -8 -9 -10 -11
leaf_value=0.00013019229736989008 0.0006806405782448571 -0.002360704885989673 0.00020212814740604366 -0.0078296680639928559 0.0013043920514497914 0.0060124142923680523 -0.00015450133853043999 -0.010840515113706685 0.0013419640905689893 -0.0055137137240833913
leaf_weight=141 30 40 38 33 33 30 389 38 42 86
leaf_count=141 30 40 38 33 33 30 389 38 42 86
internal_value=-0.000166667 0.000833333 -5.96046e-10 -0.000366667 0.000566037 -0.000734201 -0.000352029 -0.000265364 0.00125 -0.00207983
internal_weight=900 150 120 750 212 538 419 179 80 119
internal_count=900 150 120 750 212 538 419 179 80 119
is_linear=0
shrinkage=0.05


Tree=67
num_leaves=8
num_cat=0
split_feature=0 0 1 0 1 0 1
split_gain=0.0811268 0.0803929 0.192234 0.109047 0.0729897 0.248804 0.0597072
threshold=1.9929506875876892 1.7159204121355478 1.7162519537799785 1.6619109980431956 1.7826350189511462 1.7791757764143805 1.7581534107825745
decision_type=2 2 2 2 2 2 2
left_child=1 2 3 -1 6 -6 -3
right_child=-2 4 -4 -5 5 -7 -8
leaf_value=0.00016249928809023795 0.0010133552417412378 -0.0066215560660686781 0.00075018521892347082 -0.00398429783533461 0.0054372371251383443 -0.00011017395099059925 -0.005170931662952738
leaf_weight=69 48 79 30 65 31 491 87
leaf_count=69 48 79 30 65 31 491 87
internal_value=-0.000333334 -0.00044601 0.00054878 -0.000261195 -0.00068314 -0.000392721 -0.00159639
internal_weight=900 852 164 134 688 522 166
internal_count=900 852 164 134 688 522 166
is_linear=0
shrinkage=0.05


Tree=68
num_leaves=9
num_cat=0
split_feature=0 1 1 1 0 1 1 1
split_gain=0.0789851 0.317948 0.144997 0.125445 0.0963588 0.0980735 0.0927703 0.0221729
threshold=1.7368794635884708 1.7382607172741147 1.7839643158461789 1.7966772320663209 1.7091537599056055 1.6726336132619457 1.812388948981329 1.7581534107825745
decision_type=2 2 2 2 2 2 2 2
left_child=1 4 7 -4 5 -1 -5 -2
right_child=2 -3 3 6 -6 -7 -8 -9
leaf_value=-0.0043263643290537114 -0.0071071068574897756 0.0014228155670857074 0.0079274126946053958 -0.0063524847299253201 -0.010063451992718703 0.00019371079989464714 -2.7230910050784146e-05 -0.0049220785854960369
leaf_weight=68 33 33 40 48 38 73 477 90
leaf_count=68 33 33 40 48 38 73 477 90
internal_value=-0.000277778 0.000566037 -0.000537791 -0.000199116 -0.000265364 0.000336879 -0.000404763 -0.0020935
internal_weight=900 212 688 565 179 141 525 123
internal_count=900 212 688 565 179 141 525 123
is_linear=0
shrinkage=0.05


Tree=69
num_leaves=8
num_cat=0
split_feature=0 0 1 1 0 0 1
split_gain=0.0723631 0.0903623 0.317948 0.123758 0.253212 0.0963588 0.0218997
threshold=1.9929506875876892 1.7368794635884708 1.7382607172741147 1.7826350189511462 1.7791757764143805 1.7091537599056055 1.7581534107825745
decision_type=2 2 2 2 2 2 2
left_child=1 2 5 6 -5 -1 -3
right_child=-2 3 -4 4 -6 -7 -8
leaf_value=7.6488276636534986e-05 0.00096404902515671636 -0.0067517515146152899 0.0013516747887314235 0.005043561086762462 -0.00010330370793851752 -0.0095602793930827656 -0.0047333775254567835
leaf_weight=141 48 33 33 30 491 38 86
leaf_count=141 48 33 33 30 491 38 86
internal_value=-0.000222223 -0.000328639 0.000566037 -0.000625001 -0.000292707 -0.000265364 -0.00207983
internal_weight=900 852 212 640 521 179 119
internal_count=900 852 212 640 521 179 119
is_linear=0
shrinkage=0.05


Tree=70
num_leaves=8
num_cat=0
split_feature=0 0 1 1 1 0 1
split_gain=0.0723631 0.0903623 0.317948 0.131341 0.133603 0.0963588 0.0221729
threshold=1.9929506875876892 1.7368794635884708 1.7382607172741147 1.7839643158461789 1.7966772320663209 1.7091537599056055 1.7581534107825745
decision_type=2 2 2 2 2 2 2
left_child=1 2 5 6 -5 -1 -3
right_child=-2 3 -4 4 -6 -7 -8
leaf_value=7.2663862804713897e-05 0.00091584657389888805 -0.006414163938884521 0.0012840910492948627 0.0072788640055370113 -0.00010639296713419922 -0.0090822654234286315 -0.0044393057799483994
leaf_weight=141 48 33 33 40 477 38 90
leaf_count=141 48 33 33 40 477 38 90
internal_value=-0.000222223 -0.000328639 0.000566037 -0.000625001 -0.000275629 -0.000265364 -0.0020935
internal_weight=900 852 212 640 517 179 123
internal_count=900 852 212 640 517 179 123
is_linear=0
shrinkage=0.05


Tree=71
num_leaves=6
num_cat=0
split_feature=0 0 0 1 1
split_gain=0.068169 0.0813021 0.0609655 0.317948 0.163491
threshold=1.9929506875876892 1.9476968607350129 1.7368794635884708 1.7382607172741147 1.7826350189511462
decision_type=2 2 2 2 2
left_child=1 2 3 -1 -4
right_child=-2 -3 4 -5 -6
leaf_value=-0.0018537934720597442 0.00087005424520393896 -0.0010541115266000435 -0.0043315794036101864 0.001219886496830121 -1.3548526968882289e-05
leaf_weight=179 48 39 119 33 482
leaf_count=179 48 39 119 33 482
internal_value=-0.000166667 -0.000269954 -0.000162977 0.000566037 -0.000420134
internal_weight=900 852 813 212 601
internal_count=900 852 813 212 601
is_linear=0
shrinkage=0.05


Tree=72
num_leaves=6
num_cat=0
split_feature=0 0 0 1 1
split_gain=0.068169 0.0813021 0.0609655 0.317948 0.163491
threshold=1.9929506875876892 1.9476968607350129 1.7368794635884708 1.7382607172741147 1.7826350189511462
decision_type=2 2 2 2 2
left_child=1 2 3 -1 -4
right_child=-2 -3 4 -5 -6
leaf_value=-0.0017611037984567584 0.0008265515329437484 -0.0010014059502700511 -0.0041150004334296721 0.0011588921719886197 -1.2871100620443475e-05
leaf_weight=179 48 39 119 33 482
leaf_count=179 48 39 119 33 482
internal_value=-0.000166667 -0.000269954 -0.000162977 0.000566037 -0.000420134
internal_weight=900 852 813 212 601
internal_count=900 852 813 212 601
is_linear=0
shrinkage=0.05


Tree=73
num_leaves=6
num_cat=0
split_feature=0 0 1 0 1
split_gain=0.0723631 0.0770793 0.0657176 0.0738178 0.0323232
threshold=1.9929506875876892 1.9476968607350129 1.9215427528701425 1.7159204121355478 1.9405056652486579
decision_type=2 2 2 2 2
left_child=1 2 3 -1 -4
right_child=-2 -3 4 -5 -6
leaf_value=0.00024415906925389643 0.00078522395629656075 -0.00095133565275655756 0.0032044761152097757 -0.00037725103610200859 0.00095902342201487848
leaf_weight=162 48 39 30 585 36
leaf_count=162 48 39 30 585 36
internal_value=-0.000222223 -0.000328639 -0.000224478 -0.0003581 0.00128788
internal_weight=900 852 813 747 66
internal_count=900 852 813 747 66
is_linear=0
shrinkage=0.05


Tree=74
num_leaves=6
num_cat=0
split_feature=0 0 0 0 0
split_gain=0.068169 0.0813021 0.104572 0.105388 0.0862796
threshold=1.9929506875876892 1.9476968607350129 1.8852147320829342 1.915216058122458 1.8681831506617248
decision_type=2 2 2 2 2
left_child=1 2 4 -4 -1
right_child=-2 -3 3 -5 -6
leaf_value=-6.1629465170540259e-05 0.00074596275848172802 -0.00090376887011873748 0.00034175772233153843 -0.00078856044195479806 -0.0025792415832334948
leaf_weight=663 48 39 57 48 45
leaf_count=663 48 39 57 48 45
internal_value=-0.000166667 -0.000269954 -0.000162977 0.00130952 -0.000381357
internal_weight=900 852 813 105 708
internal_count=900 852 813 105 708
is_linear=0
shrinkage=0.05


Tree=75
num_leaves=6
num_cat=0
split_feature=0 0 1 0 1
split_gain=0.0723631 0.0770793 0.0657176 0.0738178 0.0323232
threshold=1.9929506875876892 1.9476968607350129 1.9215427528701425 1.7159204121355478 1.9405056652486579
decision_type=2 2 2 2 2
left_child=1 2 3 -1 -4
right_child=-2 -3 4 -5 -6
leaf_value=0.00023503258904974955 0.00070866462055764804 -0.00085858042661279832 0.0030271644233327067 -0.00035530701103837255 0.00095050027301186383
leaf_weight=162 48 39 30 585 36
leaf_count=162 48 39 30 585 36
internal_value=-0.000222223 -0.000328639 -0.000224478 -0.0003581 0.00128788
internal_weight=900 852 813 747 66
internal_count=900 852 813 747 66
is_linear=0
shrinkage=0.05


Tree=76
num_leaves=6
num_cat=0
split_feature=0 0 0 0 0
split_gain=0.0601565 0.0900854 0.0878318 0.105388 0.098167
threshold=1.9929506875876892 1.9476968607350129 1.8852147320829342 1.915216058122458 1.8681831506617248
decision_type=2 2 2 2 2
left_child=1 2 4 -4 -1
right_child=-2 -3 3 -5 -6
leaf_value=-4.0782641360090474e-05 0.00067323138952976645 -0.00081565140528216951 0.00030861058532532241 -0.00079665743350766205 -0.002432514153519917
leaf_weight=663 48 39 57 48 45
leaf_count=663 48 39 57 48 45
internal_value=-5.55562e-05 -0.000152583 -3.9976e-05 0.00130952 -0.000240114
internal_weight=900 852 813 105 708
internal_count=900 852 813 105 708
is_linear=0
shrinkage=0.05


Tree=77
num_leaves=6
num_cat=0
split_feature=0 0 1 0 1
split_gain=0.0641002 0.0856374 0.0554626 0.0807916 0.0323232
threshold=1.9929506875876892 1.9476968607350129 1.9215427528701425 1.7368794635884708 1.9405056652486579
decision_type=2 2 2 2 2
left_child=1 2 3 -1 -4
right_child=-2 -3 4 -5 -6
leaf_value=0.00018599217486656855 0.00063956982005328232 -0.00077486883501807222 0.0028603756728998067 -0.00087793038851413305 0.00094280813103666194
leaf_weight=209 48 39 30 538 36
leaf_count=209 48 39 30 538 36
internal_value=-0.000111112 -0.000211268 -0.000101477 -0.000224231 0.00128788
internal_weight=900 852 813 747 66
internal_count=900 852 813 747 66
is_linear=0
shrinkage=0.05


Tree=78
num_leaves=10
num_cat=0
split_feature=1 0 0 1 0 1 0 0 0
split_gain=0.0696373 0.212853 0.116854 0.107419 0.115238 0.0848242 0.146606 0.103065 0.0179487
threshold=1.8560705354410769 1.8566255388137289 1.8278940770138712 1.8903266083264827 1.915216058122458 1.8193263597578098 1.814965092193169 1.7159204121355478 1.8668689667377012
decision_type=2 2 2 2 2 2 2 2 2
left_child=2 -2 5 8 -5 7 -7 -1 -3
right_child=1 3 -4 4 -6 6 -8 -9 -10
leaf_value=0.00023177275292747855 0.001981936450858539 -0.0047042990514243105 -0.0027981487388047195 0.00035378103897797282 -0.00010581252976209032 0.0026601335001090044 -0.0039810755209071184 -0.002108408775875553 -0.0023849679931831906
leaf_weight=158 49 30 56 75 135 30 46 286 35
leaf_count=158 49 30 56 75 135 30 46 286 35
internal_value=-5.96046e-10 0.000586419 -0.000329862 4.54539e-05 0.000595237 -9.61544e-05 0.00144737 -0.000360361 -0.00173077
internal_weight=900 324 576 275 210 520 76 444 65
internal_count=900 324 576 275 210 520 76 444 65
is_linear=0
shrinkage=0.05


Tree=79
num_leaves=6
num_cat=0
split_feature=0 0 0 0 0
split_gain=0.0601565 0.0900854 0.0878318 0.105388 0.098167
threshold=1.9929506875876892 1.9476968607350129 1.8852147320829342 1.915216058122458 1.8681831506617248
decision_type=2 2 2 2 2
left_child=1 2 4 -4 -1
right_child=-2 -3 3 -5 -6
leaf_value=-7.9908990105203833e-05 0.00061288195553871935 -0.00073083476677906491 0.00028200458770115053 -0.00079867434189598687 -0.002175131088907213
leaf_weight=663 48 39 57 48 45
leaf_count=663 48 39 57 48 45
internal_value=-5.55562e-05 -0.000152583 -3.9976e-05 0.00130952 -0.000240114
internal_weight=900 852 813 105 708
internal_count=900 852 813 105 708
is_linear=0
shrinkage=0.05


Tree=80
num_leaves=6
num_cat=0
split_feature=0 0 0 0 0
split_gain=0.0601565 0.0900854 0.0878318 0.105388 0.098167
threshold=1.9929506875876892 1.9476968607350129 1.8852147320829342 1.915216058122458 1.8681831506617248
decision_type=2 2 2 2 2
left_child=1 2 4 -4 -1
right_child=-2 -3 3 -5 -6
leaf_value=-7.5913540599936415e-05 0.0005822378577617865 -0.00069429302844010727 0.00026790435831608938 -0.00075874062480117785 -0.0020663745344618582
leaf_weight=663 48 39 57 48 45
leaf_count=663 48 39 57 48 45
internal_value=-5.55562e-05 -0.000152583 -3.9976e-05 0.00130952 -0.000240114
internal_weight=900 852 813 105 708
internal_count=900 852 813 105 708
is_linear=0
shrinkage=0.05


Tree=81
num_leaves=9
num_cat=0
split_feature=0 1 1 0 0 1 1 1
split_gain=0.0508649 0.317948 0.178295 0.214856 0.0963588 0.0980735 0.0733558 0.0218997
threshold=1.7368794635884708 1.7382607172741147 1.7826350189511462 1.7791757764143805 1.7091537599056055 1.6726336132619457 1.812388948981329 1.7581534107825745
decision_type=2 2 2 2 2 2 2 2
left_child=1 4 7 -4 5 -1 -5 -2
right_child=2 -3 3 6 -6 -7 -8 -9
leaf_value=-0.0039686949534903041 -0.0054722701576500167 0.0011755694707212478 0.0046276174059652576 -0.0050498393470450381 -0.0083283862303856863 0.00032537641901061976 -3.9588685965457479e-06 -0.0036535577758962548
leaf_weight=68 33 33 30 66 38 73 473 86
leaf_count=68 33 33 30 66 38 73 473 86
internal_value=-0.000111112 0.000566037 -0.000319768 4.83298e-05 -0.000265364 0.000336879 -0.000180891 -0.00207983
internal_weight=900 212 688 569 179 141 539 119
internal_count=900 212 688 569 179 141 539 119
is_linear=0
shrinkage=0.05


Tree=82
num_leaves=9
num_cat=0
split_feature=0 1 1 0 0 1 1 1
split_gain=0.0508649 0.317948 0.178295 0.214856 0.0963588 0.0980735 0.0733558 0.0218997
threshold=1.7368794635884708 1.7382607172741147 1.7826350189511462 1.7791757764143805 1.7091537599056055 1.6726336132619457 1.812388948981329 1.7581534107825745
decision_type=2 2 2 2 2 2 2 2
left_child=1 4 7 -4 5 -1 -5 -2
right_child=2 -3 3 6 -6 -7 -8 -9
leaf_value=-0.0037702602058157899 -0.0051986566497675196 0.0011167909971851891 0.004396236535666999 -0.0047973473796927959 -0.0079119669188663973 0.0003091075980600818 -3.7609251667208164e-06 -0.0034708798871014414
leaf_weight=68 33 33 30 66 38 73 473 86
leaf_count=68 33 33 30 66 38 73 473 86
internal_value=-0.000111112 0.000566037 -0.000319768 4.83298e-05 -0.000265364 0.000336879 -0.000180891 -0.00207983
internal_weight=900 212 688 569 179 141 539 119
internal_count=900 212 688 569 179 141 539 119
is_linear=0
shrinkage=0.05


Tree=83
num_leaves=7
num_cat=0
split_feature=0 1 1 1 1 1
split_gain=0.0582164 0.0757748 0.114899 0.111716 0.107801 0.106714
threshold=1.6502690070762926 1.7839643158461789 1.7581534107825745 1.7966772320663209 1.812388948981329 1.7501404106418337
decision_type=2 2 2 2 2 2
left_child=-1 2 5 -3 -5 -2
right_child=1 3 -4 4 -6 -7
leaf_value=0.00029864919477386962 -0.0018370138391313317 0.0066639056819963296 -0.0027278476503184239 -0.0053318387495207798 -1.1520467608454153e-05 0.0024835453862143753
leaf_weight=52 154 40 92 48 483 31
leaf_count=52 154 40 92 48 483 31
internal_value=-0.000277778 -0.000377359 -0.00105596 -4.81617e-05 -0.000240114 -0.000337838
internal_weight=900 848 277 571 531 185
internal_count=900 848 277 571 531 185
is_linear=0
shrinkage=0.05


Tree=84
num_leaves=8
num_cat=0
split_feature=0 1 0 1 1 1 1
split_gain=0.0543013 0.0510618 0.131296 0.201495 0.111716 0.107801 0.0221729
threshold=1.6502690070762926 1.7839643158461789 1.7368794635884708 1.7358123375235437 1.7966772320663209 1.812388948981329 1.7581534107825745
decision_type=2 2 2 2 2 2 2
left_child=-1 2 3 -2 -3 -6 -4
right_child=1 4 6 -5 5 -7 -8
leaf_value=0.00028371673503517725 -0.0019818688669168967 0.006330710397896522 -0.0050165758109858285 0.00106639103718371 -0.0050652468120447446 -1.0944444228037753e-05 -0.0031035406409948953
leaf_weight=52 121 40 33 33 48 483 90
leaf_count=52 121 40 33 33 48 483 90
internal_value=-0.000222223 -0.000318397 -0.000875452 9.7402e-05 -4.81617e-05 -0.000240114 -0.0020935
internal_weight=900 848 277 154 571 531 123
internal_count=900 848 277 154 571 531 123
is_linear=0
shrinkage=0.05


Tree=85
num_leaves=8
num_cat=0
split_feature=0 1 1 0 1 1 1
split_gain=0.0505225 0.0564818 0.190319 0.127284 0.201495 0.107801 0.0218997
threshold=1.6502690070762926 1.7826350189511462 1.7966772320663209 1.7368794635884708 1.7358123375235437 1.812388948981329 1.7581534107825745
decision_type=2 2 2 2 2 2 2
left_child=-1 3 -3 4 -2 -4 -5
right_child=1 2 5 6 -6 -7 -8
leaf_value=0.00026953089828340944 -0.0018827754235710534 0.0051740313113699662 -0.004811984471442511 -0.0047657470204365325 0.0010130714853245223 -1.0397222016626628e-05 -0.0030057664781806938
leaf_weight=52 121 44 48 33 33 483 86
leaf_count=52 121 44 48 33 33 483 86
internal_value=-0.000166667 -0.000259435 2.17385e-05 -0.000851649 9.7402e-05 -0.000240114 -0.00207983
internal_weight=900 848 575 273 154 531 119
internal_count=900 848 575 273 154 531 119
is_linear=0
shrinkage=0.05


Tree=86
num_leaves=8
num_cat=0
split_feature=0 1 0 1 1 1 1
split_gain=0.0543013 0.0510618 0.131296 0.201495 0.111716 0.107801 0.0221729
threshold=1.6502690070762926 1.7839643158461789 1.7368794635884708 1.7358123375235437 1.7966772320663209 1.812388948981329 1.7581534107825745
decision_type=2 2 2 2 2 2 2
left_child=-1 2 3 -2 -3 -6 -4
right_child=1 4 6 -5 5 -7 -8
leaf_value=0.00025605435336923895 -0.001788636652392511 0.0057554733124331797 -0.0045274596694147061 0.00096241791105828711 -0.0045713852478703864 -9.8773609157927206e-06 -0.0027980752850361168
leaf_weight=52 121 40 33 33 48 483 90
leaf_count=52 121 40 33 33 48 483 90
internal_value=-0.000222223 -0.000318397 -0.000875452 9.7402e-05 -4.81617e-05 -0.000240114 -0.0020935
internal_weight=900 848 277 154 571 531 123
internal_count=900 848 277 154 571 531 123
is_linear=0
shrinkage=0.05


Tree=87
num_leaves=8
num_cat=0
split_feature=0 1 0 1 0 0 0
split_gain=0.0622678 0.0844741 0.124123 0.100221 0.0779719 0.0853202 0.0222187
threshold=1.6502690070762926 1.8193263597578098 1.814009825463045 1.8470266142895928 1.7634724780698872 1.7537416467684699 1.7843972463289923
decision_type=2 2 2 2 2 2 2
left_child=-1 4 -3 -4 5 -2 -6
right_child=1 2 3 -5 6 -7 -8
leaf_value=0.00024325163570078031 -0.00072271276590536021 0.0017797276663823096 -0.0035524842861407759 1.0394158770408954e-05 -0.0021409340515986483 0.0055665301318766243 -0.0034781795776097526
leaf_weight=52 205 38 77 340 71 34 83
leaf_count=52 205 38 77 340 71 34 83
internal_value=-0.000333334 -0.000436321 2.74719e-05 -0.000221823 -0.000973283 -0.00040795 -0.00185065
internal_weight=900 848 455 417 393 239 154
internal_count=900 848 455 417 393 239 154
is_linear=0
shrinkage=0.05


Tree=88
num_leaves=7
num_cat=0
split_feature=0 1 0 1 0 1
split_gain=0.0543013 0.0481448 0.19935 0.164986 0.0767863 0.0518757
threshold=1.6502690070762926 1.8444866505855595 1.8390810763116987 1.8708278347861855 1.8193982060279352 1.7826350189511462
decision_type=2 2 2 2 2 2
left_child=-1 4 -3 -4 5 -2
right_child=1 2 3 -5 -6 -7
leaf_value=0.0002310890539157335 -0.0010666278130369625 0.00081167586802652076 -0.0022266536387060697 1.2173124253022048e-05 -0.0047211909979630491 6.0989806320790737e-05
leaf_weight=52 273 31 65 267 50 162
leaf_count=52 273 31 65 267 50 162
internal_value=-0.000222223 -0.000318397 0.000117079 -0.000240964 -0.00064433 -0.000431035
internal_weight=900 848 363 332 485 435
internal_count=900 848 363 332 485 435
is_linear=0
shrinkage=0.05


Tree=89
num_leaves=7
num_cat=0
split_feature=0 1 0 0 1 1
split_gain=0.0543013 0.0597526 0.11084 0.108 0.0825397 0.0611718
threshold=1.6502690070762926 1.858964100326949 1.8553243262420429 1.8278940770138712 1.8903266083264827 1.7826350189511462
decision_type=2 2 2 2 2 2
left_child=-1 3 -3 5 -4 -2
right_child=1 2 4 -5 -6 -7
leaf_value=0.00021953460121995014 -0.0010132964223851175 0.0031882447282639455 -0.0018459592933628413 -0.0023088002860501143 1.1035327663257245e-05 7.2020384978366668e-05
leaf_weight=52 273 38 63 68 210 196
leaf_count=52 273 38 63 68 210 196
internal_value=-0.000222223 -0.000318397 0.000233118 -0.000637803 -0.000119048 -0.000367804
internal_weight=900 848 311 537 273 469
internal_count=900 848 311 537 273 469
is_linear=0
shrinkage=0.05


Tree=90
num_leaves=7
num_cat=0
split_feature=0 1 0 0 1 1
split_gain=0.0505225 0.0671559 0.178262 0.116945 0.211088 0.109312
threshold=1.6502690070762926 1.8708278347861855 1.8650731810112795 1.8384285024603522 1.8403290802594208 1.8903266083264827
decision_type=2 2 2 2 2 2
left_child=-1 3 -3 4 -2 -4
right_child=1 2 5 -5 -6 -7
leaf_value=0.00020855787115894262 -0.00072897069550264182 0.0049796284409427891 -0.0022795603699767852 -0.0021899544034307251 0.00064850634217861636 1.0836323213603684e-05
leaf_weight=52 468 31 39 69 33 208
leaf_count=52 468 31 39 69 33 208
internal_value=-0.000166667 -0.000259435 0.000377697 -0.000570176 -0.000304392 -7.08508e-05
internal_weight=900 848 278 570 501 247
internal_count=900 848 278 570 501 247
is_linear=0
shrinkage=0.05


Tree=91
num_leaves=7
num_cat=0
split_feature=0 1 0 1 0 1
split_gain=0.0505225 0.0671394 0.185285 0.0869969 0.0767863 0.0518757
threshold=1.6502690070762926 1.8444866505855595 1.8390810763116987 1.8708278347861855 1.8193982060279352 1.7826350189511462
decision_type=2 2 2 2 2 2
left_child=-1 4 -3 -4 5 -2
right_child=1 2 3 -5 -6 -7
leaf_value=0.00019812997760100212 -0.00092618306649072484 0.00073506573826732924 -0.0019453538821355026 1.0470885496537372e-05 -0.0043868114336202968 9.0787831530961122e-05
leaf_weight=52 273 31 65 267 50 162
leaf_count=52 273 31 65 267 50 162
internal_value=-0.000166667 -0.000259435 0.00025482 -9.0362e-05 -0.00064433 -0.000431035
internal_weight=900 848 363 332 485 435
internal_count=900 848 363 332 485 435
is_linear=0
shrinkage=0.05


Tree=92
num_leaves=7
num_cat=0
split_feature=0 1 0 1 0 1
split_gain=0.0505225 0.0671394 0.185285 0.0869969 0.0767863 0.0518757
threshold=1.6502690070762926 1.8444866505855595 1.8390810763116987 1.8708278347861855 1.8193982060279352 1.7826350189511462
decision_type=2 2 2 2 2 2
left_child=-1 4 -3 -4 5 -2
right_child=1 2 3 -5 -6 -7
leaf_value=0.00018822347872096088 -0.00087987391316619401 0.00069831245135395788 -0.0018480861880287272 9.9473412217154421e-06 -0.0041674708619392712 8.6248439954419865e-05
leaf_weight=52 273 31 65 267 50 162
leaf_count=52 273 31 65 267 50 162
internal_value=-0.000166667 -0.000259435 0.00025482 -9.0362e-05 -0.00064433 -0.000431035
internal_weight=900 848 363 332 485 435
internal_count=900 848 363 332 485 435
is_linear=0
shrinkage=0.05


Tree=93
num_leaves=7
num_cat=0
split_feature=0 1 0 0 1 1
split_gain=0.0543013 0.0597526 0.11084 0.108 0.0825397 0.0611718
threshold=1.6502690070762926 1.858964100326949 1.8553243262420429 1.8278940770138712 1.8903266083264827 1.7826350189511462
decision_type=2 2 2 2 2 2
left_child=-1 3 -3 5 -4 -2
right_child=1 2 4 -5 -6 -7
leaf_value=0.00017881230478491392 -0.00083588021750788757 0.0028007163101303138 -0.00147311300429593 -0.0019574425960447407 8.9208337835115287e-06 7.3378633905022726e-05
leaf_weight=52 273 38 63 68 210 196
leaf_count=52 273 38 63 68 210 196
internal_value=-0.000222223 -0.000318397 0.000233118 -0.000637803 -0.000119048 -0.000367804
internal_weight=900 848 311 537 273 469
internal_count=900 848 311 537 273 469
is_linear=0
shrinkage=0.05


Tree=94
num_leaves=9
num_cat=0
split_feature=0 1 1 0 1 0 1 1
split_gain=0.0508649 0.317948 0.178295 0.214856 0.107998 0.0963588 0.0980735 0.0218997
threshold=1.7368794635884708 1.7382607172741147 1.7826350189511462 1.7791757764143805 1.8444866505855595 1.7091537599056055 1.6726336132619457 1.7581534107825745
decision_type=2 2 2 2 2 2 2 2
left_child=1 5 7 -4 -5 6 -1 -2
right_child=2 -3 3 4 -6 -7 -8 -9
leaf_value=-0.0037105247007531931 -0.0039924094412442422 0.0012229742602051215 0.0029068488148213294 -0.0014026059021850234 3.1959067200351942e-05 -0.006902018797468411 0.0004826260716773348 -0.0023359860810354682
leaf_weight=68 33 33 30 186 353 38 73 86
leaf_count=68 33 33 30 186 353 38 73 86
internal_value=-0.000111112 0.000566037 -0.000319768 4.83298e-05 -0.000180891 -0.000265364 0.000336879 -0.00207983
internal_weight=900 212 688 569 539 179 141 119
internal_count=900 212 688 569 539 179 141 119
is_linear=0
shrinkage=0.05


Tree=95
num_leaves=7
num_cat=0
split_feature=0 1 0 1 0 1
split_gain=0.0543013 0.0834179 0.185285 0.0869969 0.0684915 0.14661
threshold=1.6502690070762926 1.8444866505855595 1.8390810763116987 1.8708278347861855 1.8193982060279352 1.8193263597578098
decision_type=2 2 2 2 2 2
left_child=-1 4 -3 -4 5 -2
right_child=1 2 3 -5 -6 -7
leaf_value=0.00014574038596180068 -0.00078405667399540342 0.00066660308518470086 -0.0017069894727561848 7.4059791114288926e-06 -0.0038367884309174153 0.0023137771990941469
leaf_weight=52 393 31 65 267 50 42
leaf_count=52 393 31 65 267 50 42
internal_value=-0.000222223 -0.000318397 0.00025482 -9.0362e-05 -0.000747423 -0.000545978
internal_weight=900 848 363 332 485 435
internal_count=900 848 363 332 485 435
is_linear=0
shrinkage=0.05


Tree=96
num_leaves=9
num_cat=0
split_feature=0 1 1 0 1 1 1 1
split_gain=0.0595535 0.317948 0.163876 0.0963588 0.0980735 0.0829233 0.118543 0.0218997
threshold=1.7368794635884708 1.7382607172741147 1.7826350189511462 1.7091537599056055 1.6726336132619457 1.7966772320663209 1.8444866505855595 1.7581534107825745
decision_type=2 2 2 2 2 2 2 2
left_child=1 3 7 4 -1 -4 -7 -2
right_child=2 -3 5 -5 -6 6 -8 -9
leaf_value=-0.00353228548501362 -0.0037535861354822606 0.0012010283808946405 0.0043229272014706109 -0.0065177150238952195 0.00046980365009196071 -0.0018787230926146866 1.2450447238350796e-05 -0.0021799839432839253
leaf_weight=68 33 33 44 38 73 168 357 86
leaf_count=68 33 33 44 38 73 168 357 86
internal_value=-0.000166667 0.000566037 -0.000392442 -0.000265364 0.000336879 -3.95437e-05 -0.000214286 -0.00207983
internal_weight=900 212 688 179 141 569 525 119
internal_count=900 212 688 179 141 569 525 119
is_linear=0
shrinkage=0.05


Tree=97
num_leaves=7
num_cat=0
split_feature=0 1 0 1 0 1
split_gain=0.0543013 0.0834179 0.185285 0.0869969 0.0684915 0.14661
threshold=1.6502690070762926 1.8444866505855595 1.8390810763116987 1.8708278347861855 1.8193982060279352 1.8193263597578098
decision_type=2 2 2 2 2 2
left_child=-1 4 -3 -4 5 -2
right_child=1 2 3 -5 -6 -7
leaf_value=0.00011496318415911097 -0.00073728580283101636 0.00063265040856353805 -0.0016222625214802938 6.413157793937438e-06 -0.0035510128547408047 0.0022920244937701842
leaf_weight=52 393 31 65 267 50 42
leaf_count=52 393 31 65 267 50 42
internal_value=-0.000222223 -0.000318397 0.00025482 -9.0362e-05 -0.000747423 -0.000545978
internal_weight=900 848 363 332 485 435
internal_count=900 848 363 332 485 435
is_linear=0
shrinkage=0.05


Tree=98
num_leaves=11
num_cat=0
split_feature=1 0 1 0 0 1 0 0 1 0
split_gain=0.075625 0.15676 0.181672 0.142023 0.098018 0.0905314 0.126546 0.077193 0.168298 0.018408
threshold=1.8560705354410769 1.7159204121355478 1.7114049371714659 1.8553243262420429 1.6619109980431956 1.8903266083264827 1.8947738417270068 1.8193982060279352 1.8193263597578098 1.8662556304644045
decision_type=2 2 2 2 2 2 2 2 2 2
left_child=1 2 4 -2 -1 9 -7 8 -3 -5
right_child=3 7 -4 5 -6 6 -8 -9 -10 -11
leaf_value=0.0001242058594922207 0.0018879844148806378 -0.0016201612856302978 0.0012138296906864408 -0.0016140044485721862 -0.0057950156681501946 0.00061162074837359237 -1.6945316719534606e-05 -0.0023034147203280539 0.0021310362214861682 -0.0017007796835451132
leaf_weight=69 47 286 30 30 59 36 174 88 44 37
leaf_count=69 47 286 30 30 59 36 174 88 44 37
internal_value=-0.000333334 -0.000677084 0.000664556 0.000277777 -0.000156251 -0.00015343 0.000357142 -0.00118421 -0.000833334 -0.00175373
internal_weight=900 576 158 324 128 277 210 418 330 67
internal_count=900 576 158 324 128 277 210 418 330 67
is_linear=0
shrinkage=0.05


Tree=99
num_leaves=10
num_cat=0
split_feature=0 1 1 0 1 1 0 0 1
split_gain=0.160914 0.482102 0.144997 0.121954 0.124396 0.0503212 0.101234 0.0746825 0.0221729
threshold=1.7368794635884708 1.7382607172741147 1.7839643158461789 1.7091537599056055 1.6706751715568109 1.8444866505855595 1.785921737730269 1.8692670141818712 1.7581534107825745
decision_type=2 2 2 2 2 2 2 2 2
left_child=1 3 8 4 -1 6 -4 -7 -2
right_child=2 -3 5 -5 -6 7 -8 -9 -10
leaf_value=-0.0058009054288682086 -0.0034480344742850821 0.0012021695508007389 0.0050516520499991561 -0.006071226324244618 0.00029378907069514578 0.0001456535510578484 -0.0011702031490403288 -2.1078143548469075e-05 -0.0018957095224611199
leaf_weight=64 33 33 37 38 77 123 171 234 90
leaf_count=64 33 33 37 38 77 123 171 234 90
internal_value=-0.000166667 0.00103774 -0.000537791 1.39659e-05 0.000691489 -0.000199116 -0.000817308 0.000161064 -0.0020935
internal_weight=900 212 688 179 141 565 208 357 123
internal_count=900 212 688 179 141 565 208 357 123
is_linear=0
shrinkage=0.05


Tree=100
num_leaves=9
num_cat=0
split_feature=0 1 1 0 1 1 1 1
split_gain=0.0689269 0.317948 0.150064 0.0963588 0.0980735 0.0900603 0.101396 0.0218997
threshold=1.7368794635884708 1.7382607172741147 1.7826350189511462 1.7091537599056055 1.6726336132619457 1.7966772320663209 1.812388948981329 1.7581534107825745
decision_type=2 2 2 2 2 2 2 2
left_child=1 3 7 4 -1 -4 -7 -2
right_child=2 -3 5 -5 -6 6 -8 -9
leaf_value=-0.0030775843915020864 -0.003275632750570827 0.0011420610732607061 0.0040241759831745024 -0.0057676650080323872 0.00041491807517298683 -0.0037719779313408982 -1.5306376748378621e-05 -0.001858326915573605
leaf_weight=68 33 33 44 38 73 48 477 86
leaf_count=68 33 33 44 38 73 48 477 86
internal_value=-0.000222223 0.000566037 -0.000465117 -0.000265364 0.000336879 -0.000127417 -0.000309524 -0.00207983
internal_weight=900 212 688 179 141 569 525 119
internal_count=900 212 688 179 141 569 525 119
is_linear=0
shrinkage=0.05


Tree=101
num_leaves=11
num_cat=0
split_feature=0 1 1 0 1 1 1 0 1 1
split_gain=0.10269 0.1612 0.130267 0.129278 0.281836 0.0755524 0.0958691 0.0403278 0.0807363 0.0322663
threshold=1.7159204121355478 1.7162519537799785 1.8444866505855595 1.6839654898854342 1.6706751715568109 1.8774006761836459 1.9215427528701425 1.8193982060279352 1.8193263597578098 1.858964100326949
decision_type=2 2 2 2 2 2 2 2 2 2
left_child=1 3 7 4 -1 9 -7 8 -2 -4
right_child=2 -3 5 -5 -6 6 -8 -9 -10 -11
leaf_value=-0.005356980937849698 -0.0014973354308132397 0.0010727259814789949 -1.3425625295613371e-05 -0.0043033534580975506 0.00058522125640626604 -0.00069502894112644564 0.00034604299422098957 -0.0031990159996979246 0.0021301469342967952 0.0026211458965073875
leaf_weight=64 286 30 52 35 35 101 151 50 42 54
leaf_count=64 286 30 52 35 35 101 151 50 42 54
internal_value=-0.000277778 0.000853658 -0.000529892 0.00011194 0.00103535 0.000153631 -0.000317461 -0.00117725 -0.00097561 0.00127358
internal_weight=900 164 736 134 99 358 252 378 328 106
internal_count=900 164 736 134 99 358 252 378 328 106
is_linear=0
shrinkage=0.05


Tree=102
num_leaves=12
num_cat=0
split_feature=0 1 1 0 1 0 0 1 1 0 1
split_gain=0.104063 0.285561 0.174267 0.121954 0.124396 0.0782505 0.13728 0.123457 0.0503535 0.101234 0.0221729
threshold=1.7368794635884708 1.7382607172741147 1.8444866505855595 1.7091537599056055 1.6706751715568109 1.915216058122458 1.8938165041425241 1.964146132249486 1.7839643158461789 1.785921737730269 1.7581534107825745
decision_type=2 2 2 2 2 2 2 2 2 2 2
left_child=1 3 8 4 -1 6 -4 -7 10 -10 -2
right_child=2 -3 5 -5 -6 7 -8 -9 9 -11 -12
leaf_value=-0.005089131890957211 -0.0030369843415016294 0.0011084236119125142 1.4962234283358496e-05 -0.0053044345619601627 0.00027675331337840734 -0.0022054436673168277 0.00063615189981618137 0.00083950827517539949 0.0046727274198811401 -0.0011020831855081629 -0.0016331409290187171
leaf_weight=64 33 33 180 38 77 54 42 81 37 171 90
leaf_count=64 33 33 180 38 77 54 42 81 37 171 90
internal_value=-0.000166667 0.000801886 -0.000465117 1.39659e-05 0.000691489 0.00030112 0.000878378 -0.000648149 -0.00129154 -0.000817308 -0.0020935
internal_weight=900 212 688 179 141 357 222 135 331 208 123
internal_count=900 212 688 179 141 357 222 135 331 208 123
is_linear=0
shrinkage=0.05


Tree=103
num_leaves=11
num_cat=0
split_feature=0 1 1 1 1 1 0 0 1 1
split_gain=0.081402 0.137071 0.117127 0.159507 0.0755524 0.0958691 0.0625 0.0385517 0.0833333 0.0322663
threshold=1.7133503654337512 1.8444866505855595 1.6706751715568109 1.6923819608059603 1.8774006761836459 1.9215427528701425 1.6325811357390492 1.8193982060279352 1.8193263597578098 1.858964100326949
decision_type=2 2 2 2 2 2 2 2 2 2
left_child=2 7 6 -4 9 -6 -1 8 -2 -3
right_child=1 4 3 -5 5 -7 -8 -9 -10 -11
leaf_value=0.0002273958171020149 -0.0012294605781082665 -1.3502455745005918e-05 0.00049654062408142061 0.00016816162874552735 -0.00066102560578430909 0.00036797339275588745 -0.011353360775969391 -0.002983961040437617 0.002078743746857359 0.002489340489967845
leaf_weight=32 294 52 36 56 101 151 32 50 42 54
leaf_count=32 294 52 36 56 101 151 32 50 42 54
internal_value=-0.000333334 -0.000551076 0.000705128 0.00184783 0.000153631 -0.000317461 -0.000937501 -0.00120466 -0.00101191 0.00127358
internal_weight=900 744 156 92 358 252 64 386 336 106
internal_count=900 744 156 92 358 252 64 386 336 106
is_linear=0
shrinkage=0.05


Tree=104
num_leaves=9
num_cat=0
split_feature=0 1 1 0 1 1 1 1
split_gain=0.0815567 0.285561 0.139176 0.121954 0.124396 0.109182 0.106638 0.0205943
threshold=1.7368794635884708 1.7382607172741147 1.7795897694647902 1.7091537599056055 1.6706751715568109 1.7916373477300847 1.8444866505855595 1.7581534107825745
decision_type=2 2 2 2 2 2 2 2
left_child=1 3 7 4 -1 -4 -7 -2
right_child=2 -3 5 -5 -6 6 -8 -9
leaf_value=-0.0048460450872644502 -0.0028236620955211333 0.0010865230427427603 0.00028461602196676317 -0.0050476209152994257 0.00024137239158336231 -0.00074807183110797801 3.3542058310347902e-05 -0.0019050892713779956
leaf_weight=64 33 33 40 38 77 188 357 70
leaf_count=64 33 33 40 38 77 188 357 70
internal_value=-5.55562e-05 0.000801886 -0.000319768 1.39659e-05 0.000691489 -2.13681e-05 -0.000206423 -0.00201456
internal_weight=900 212 688 179 141 585 545 103
internal_count=900 212 688 179 141 585 545 103
is_linear=0
shrinkage=0.05


Tree=105
num_leaves=10
num_cat=0
split_feature=0 0 0 1 0 1 1 0 1
split_gain=0.0647141 0.119269 0.0959866 0.241894 0.177226 0.114844 0.0859818 0.122867 0.0354574
threshold=1.8533005261737141 1.8333561520146213 1.9198033264926044 1.9111304608730657 1.8692670141818712 1.964146132249486 1.8405742671219494 1.7133503654337512 2.0370632377836464
decision_type=2 2 2 2 2 2 2 2 2
left_child=1 6 3 4 -2 -4 7 -1 -7
right_child=2 -3 5 -5 -6 8 -8 -9 -10
leaf_value=9.23292117588891e-05 0.0021223209345807219 -0.0013421032024655446 -0.002181733156720727 0.00056287003220498828 -0.001707413610672342 -0.00010144240479267107 0.00058925811915371733 -0.00083429582442702999 0.0014245930474841579
leaf_weight=150 53 64 48 43 63 46 31 367 35
leaf_count=150 53 64 48 43 63 46 31 367 35
internal_value=-0.000166667 -0.000457517 0.000451388 0.00127358 8.62063e-05 -0.000562016 -0.000218979 -0.000372341 0.000586419
internal_weight=900 612 288 159 116 129 548 517 81
internal_count=900 612 288 159 116 129 548 517 81
is_linear=0
shrinkage=0.05


Tree=106
num_leaves=9
num_cat=0
split_feature=0 1 0 1 1 1 1 1
split_gain=0.116344 0.285561 0.121954 0.124396 0.105671 0.132518 0.0797747 0.0205943
threshold=1.7368794635884708 1.7382607172741147 1.7091537599056055 1.6706751715568109 1.7795897694647902 1.7916373477300847 1.9215427528701425 1.7581534107825745
decision_type=2 2 2 2 2 2 2 2
left_child=1 2 3 -1 7 -6 -7 -2
right_child=4 -3 -4 -5 5 6 -8 -9
leaf_value=-0.0046083592934891724 -0.0026407641995237307 0.0010553791987772236 -0.0047998563301224024 0.00022468731141626194 0.00031210001208977422 -0.00039112427279580593 0.00034662559000942015 -0.0017681200165877533
leaf_weight=64 33 33 38 77 40 395 150 70
leaf_count=64 33 33 38 77 40 395 150 70
internal_value=-0.000222223 0.000801886 1.39659e-05 0.000691489 -0.000537791 -0.000277778 -0.000481652 -0.00201456
internal_weight=900 212 179 141 688 585 545 103
internal_count=900 212 179 141 688 585 545 103
is_linear=0
shrinkage=0.05


Tree=107
num_leaves=12
num_cat=0
split_feature=0 0 1 0 1 1 0 0 1 1 0
split_gain=0.0700753 0.221576 0.114844 0.107158 0.117127 0.159507 0.0625 0.0580461 0.178994 0.0354574 0.0282828
threshold=1.8852147320829342 1.9198033264926044 1.964146132249486 1.7133503654337512 1.6706751715568109 1.6923819608059603 1.6325811357390492 1.8681831506617248 1.8708278347861855 2.0370632377836464 1.8996778900236648
decision_type=2 2 2 2 2 2 2 2 2 2 2
left_child=3 10 -3 4 6 -6 -1 8 -5 -4 -2
right_child=1 2 9 7 5 -7 -8 -9 -10 -11 -12
leaf_value=0.00068412978469665077 0.00011599160866203551 -0.0020899777783851595 -0.00011370156405351227 -0.00054109012873463085 0.00044379414713942007 0.0001318341015703323 -0.010317588978721183 -0.0013175507327905806 0.0025460505724685511 0.0013360321156094762 0.00032929507930772435
leaf_weight=32 33 48 46 468 36 56 32 45 39 35 30
leaf_count=32 33 48 46 468 36 56 32 45 39 35 30
internal_value=-0.000222223 0.000624999 -0.000562016 -0.000451978 0.000705128 0.00184783 -0.000937501 -0.000778986 -0.000626233 0.000586419 0.00305555
internal_weight=900 192 129 708 156 92 64 552 507 81 63
internal_count=900 192 129 708 156 92 64 552 507 81 63
is_linear=0
shrinkage=0.05


Tree=108
num_leaves=7
num_cat=0
split_feature=1 1 1 0 1 0
split_gain=0.0672222 0.266944 0.0760526 0.0763256 0.107622 0.0625
threshold=1.6923819608059603 1.6706751715568109 1.7175435778443564 1.7267735887531106 1.7795897694647902 1.6325811357390492
decision_type=2 2 2 2 2 2
left_child=1 5 -2 -4 -5 -1
right_child=2 -3 3 4 -6 -7
leaf_value=0.00064992329546181707 -0.0043864365703610679 0.00042160443978245238 0.00088402407598119005 -0.0016455549512564669 -2.119201864620308e-06 -0.009801709529785119
leaf_weight=32 40 36 48 127 585 32
leaf_count=32 40 36 48 127 585 32
internal_value=-0.000222223 0.000999999 -0.000375001 -0.000263158 -0.000393259 -0.000937501
internal_weight=900 100 800 760 712 64
internal_count=900 100 800 760 712 64
is_linear=0
shrinkage=0.05


Tree=109
num_leaves=9
num_cat=0
split_feature=0 1 1 0 1 1 1 1
split_gain=0.0595535 0.140193 0.127496 0.121954 0.124396 0.11671 0.0873025 0.0205943
threshold=1.7368794635884708 1.7382607172741147 1.7795897694647902 1.7091537599056055 1.6706751715568109 1.7916373477300847 1.8444866505855595 1.7581534107825745
decision_type=2 2 2 2 2 2 2 2
left_child=1 3 7 4 -1 -4 -7 -2
right_child=2 -3 5 -5 -6 6 -8 -9
leaf_value=-0.0044446439828226382 -0.0023993937355479989 0.00097200506970494609 0.00032365547801524734 -0.0043471333901767533 0.00025412687218249596 -0.00062223676816147808 1.9159140328929463e-05 -0.0015703817617588147
leaf_weight=64 33 33 40 38 77 188 357 70
leaf_count=64 33 33 40 38 77 188 357 70
internal_value=-0.000166667 0.000566037 -0.000392442 1.39659e-05 0.000691489 -0.000106838 -0.000298166 -0.00201456
internal_weight=900 212 688 179 141 585 545 103
internal_count=900 212 688 179 141 585 545 103
is_linear=0
shrinkage=0.05


Tree=110
num_leaves=9
num_cat=0
split_feature=0 1 1 0 1 1 1 1
split_gain=0.0595535 0.140193 0.127496 0.121954 0.124396 0.11671 0.0873025 0.0205943
threshold=1.7368794635884708 1.7382607172741147 1.7795897694647902 1.7091537599056055 1.6706751715568109 1.7916373477300847 1.8444866505855595 1.7581534107825745
decision_type=2 2 2 2 2 2 2 2
left_child=1 3 7 4 -1 -4 -7 -2
right_child=2 -3 5 -5 -6 6 -8 -9
leaf_value=-0.0042224117836815013 -0.0022794240487705995 0.00092340481621969249 0.00030747270411448372 -0.0041297767206679142 0.00024142052857337024 -0.00059112492975340702 1.8201183312484164e-05 -0.0014918626736708787
leaf_weight=64 33 33 40 38 77 188 357 70
leaf_count=64 33 33 40 38 77 188 357 70
internal_value=-0.000166667 0.000566037 -0.000392442 1.39659e-05 0.000691489 -0.000106838 -0.000298166 -0.00201456
internal_weight=900 212 688 179 141 585 545 103
internal_count=900 212 688 179 141 585 545 103
is_linear=0
shrinkage=0.05


Tree=111
num_leaves=6
num_cat=0
split_feature=0 0 1 1 0
split_gain=0.0430031 0.0938752 0.148047 0.112356 0.0849602
threshold=2.0130860333931575 1.9476968607350129 1.9215427528701425 1.8932474830800052 1.9224059918242944
decision_type=2 2 2 2 2
left_child=1 2 3 -1 -4
right_child=-2 -3 4 -5 -6
leaf_value=-6.526598283305945e-05 0.00083604434980945265 -0.00068765729091988534 0.0023574230886339144 -0.0027634922011126649 -0.00012449865340476569
leaf_weight=687 39 48 31 60 35
leaf_count=687 39 48 31 60 35
internal_value=-0.000277778 -0.000351336 -0.000224478 -0.000425034 0.00204545
internal_weight=900 861 813 747 66
internal_count=900 861 813 747 66
is_linear=0
shrinkage=0.05


Tree=112
num_leaves=10
num_cat=0
split_feature=1 0 0 0 0 1 0 1 0
split_gain=0.0742997 0.187064 0.0980639 0.0992152 0.0902958 0.178516 0.0555144 0.0834468 0.0438406
threshold=1.8444866505855595 1.8384285024603522 1.8493669386947207 1.8692670141818712 1.7133503654337512 1.6889265129112347 1.8193982060279352 1.7795897694647902 1.6325811357390492
decision_type=2 2 2 2 2 2 2 2 2
left_child=4 -2 -3 -4 5 8 7 -6 -1
right_child=1 2 3 -5 6 -7 -8 -9 -10
leaf_value=0.0010540432181555968 0.00065631340292650797 -0.0025226696243717695 0.0013905839232176414 -8.6913133436296544e-05 -0.0010247772178614389 0.00067014989349486066 -0.0026310318533669373 -9.5017684490195076e-05 -0.007624584354139579
leaf_weight=32 30 34 66 234 158 58 50 178 60
leaf_count=32 30 34 66 234 158 58 50 178 60
internal_value=-0.000166667 0.000384615 4.49096e-05 0.000333333 -0.000541045 0.000499999 -0.000945596 -0.000714286 -0.000869566
internal_weight=900 364 334 300 536 150 386 336 92
internal_count=900 364 334 300 536 150 386 336 92
is_linear=0
shrinkage=0.05


Tree=113
num_leaves=8
num_cat=0
split_feature=0 1 1 0 1 0 0
split_gain=0.0761247 0.2 0.0566091 0.136166 0.0866053 0.082829 0.113114
threshold=1.6642995333162467 1.6565874936003 1.8708278347861855 1.8333561520146213 1.8364065504826435 1.8681831506617248 1.8852147320829342
decision_type=2 2 2 2 2 2 2
left_child=1 -1 3 4 -2 -4 -7
right_child=2 -3 5 -5 -6 6 -8
leaf_value=-0.0035358306376726879 -0.00035549215950919102 0.00044556346823776806 0.0019426304270596436 -0.0010440812920590578 0.00052668527957787825 -0.0017519998324570605 0.00013787018659169433
leaf_weight=40 427 40 42 85 32 42 192
leaf_count=40 427 40 42 85 32 42 192
internal_value=-0.000222223 0.00125 -0.000365854 -0.000661765 -0.000321351 0.000217391 -0.000149573
internal_weight=900 80 820 544 459 276 234
internal_count=900 80 820 544 459 276 234
is_linear=0
shrinkage=0.05


Tree=114
num_leaves=10
num_cat=0
split_feature=0 1 1 1 0 0 0 0 1
split_gain=0.0882396 0.167294 0.099724 0.0914326 0.181685 0.106014 0.0651524 0.0625 0.0547796
threshold=1.7133503654337512 1.6706751715568109 1.6923819608059603 1.8444866505855595 1.8410440312453931 1.8533005261737141 1.8193982060279352 1.6325811357390492 1.7382607172741147
decision_type=2 2 2 2 2 2 2 2 2
left_child=1 7 -3 6 -5 -6 8 -1 -2
right_child=3 2 -4 4 5 -7 -8 -9 -10
leaf_value=0.0010885512953144338 -0.0038834410515065001 0.00065828311927105263 0.00021139706981316252 0.00054875724220014197 -0.0023470761174640498 9.7833175431477745e-05 -0.0024627694716891331 -0.0085135843585873155 -0.00014492329286268485
leaf_weight=32 33 36 56 31 39 288 50 32 303
leaf_count=32 33 36 56 31 39 288 50 32 303
internal_value=-5.55562e-05 0.00102564 0.0023913 -0.000282259 0.000293295 -5.35174e-05 -0.000816063 -0.000937501 -0.000565477
internal_weight=900 156 92 744 358 327 386 64 336
internal_count=900 156 92 744 358 327 386 64 336
is_linear=0
shrinkage=0.05


Tree=115
num_leaves=8
num_cat=0
split_feature=0 1 1 0 0 0 1
split_gain=0.0598645 0.2 0.0902607 0.17028 0.0875758 0.0769718 0.0510525
threshold=1.6642995333162467 1.6565874936003 1.8444866505855595 1.8399659668133286 1.8493669386947207 1.8193982060279352 1.7175435778443564
decision_type=2 2 2 2 2 2 2
left_child=1 -1 5 -4 -5 6 -2
right_child=2 -3 3 4 -6 -7 -8
leaf_value=-0.0034134666705547771 -0.0039318618878074378 0.00039037113886232559 0.00052131938009012844 -0.0023436203087012887 0.0001013342944680381 -0.0023396309981046719 -9.3888224482114341e-05
leaf_weight=40 64 40 31 30 300 50 345
leaf_count=40 64 40 31 30 300 50 345
internal_value=-5.55562e-05 0.00125 -0.000182927 0.000408587 7.5757e-05 -0.000648149 -0.000421761
internal_weight=900 80 820 361 330 459 409
internal_count=900 80 820 361 330 459 409
is_linear=0
shrinkage=0.05


Tree=116
num_leaves=10
num_cat=0
split_feature=0 1 1 1 1 1 1 1 0
split_gain=0.0794045 0.167294 0.099724 0.0833386 0.102259 0.0847807 0.131811 0.084142 0.0625
threshold=1.7133503654337512 1.6706751715568109 1.6923819608059603 1.7795897694647902 1.7916373477300847 1.7581534107825745 1.7501404106418337 1.812388948981329 1.6325811357390492
decision_type=2 2 2 2 2 2 2 2 2
left_child=1 8 -3 5 -5 6 -2 -6 -1
right_child=3 2 -4 4 7 -7 -8 -9 -10
leaf_value=0.0011192107836497452 -0.0029194294887659902 0.00065905882208081544 0.00018736188554593637 0.00032982843611762612 -0.0022170382179363588 -0.0009244361001141566 0.0019795629327450603 1.1951959750694916e-05 -0.0080028180875569149
leaf_weight=32 56 36 56 40 68 72 30 478 32
leaf_count=32 56 36 56 40 68 72 30 478 32
internal_value=-5.96046e-10 0.00102564 0.0023913 -0.000215054 5.97264e-05 -0.00123418 -0.000174419 -0.000119048 -0.000937501
internal_weight=900 156 92 744 586 158 86 546 64
internal_count=900 156 92 744 586 158 86 546 64
is_linear=0
shrinkage=0.05


Tree=117
num_leaves=10
num_cat=0
split_feature=0 1 1 1 1 1 0 1 1
split_gain=0.0882396 0.167294 0.129089 0.102259 0.099724 0.084142 0.0625 0.0476891 0.0651602
threshold=1.7133503654337512 1.6706751715568109 1.7795897694647902 1.7916373477300847 1.6923819608059603 1.812388948981329 1.6325811357390492 1.7581534107825745 1.7382607172741147
decision_type=2 2 2 2 2 2 2 2 2
left_child=1 6 7 -4 -3 -5 -1 8 -2
right_child=2 4 3 5 -6 -7 -8 -9 -10
leaf_value=0.0010632502444672582 -0.0035386031132687702 0.00062610588097677911 0.00031333701431173963 -0.0021061863070395447 0.00017799379126864079 1.1354361763155472e-05 -0.0076026771831790713 -0.00087821429510844819 0.00041028713006763018
leaf_weight=32 33 36 40 68 56 478 32 72 53
leaf_count=32 33 36 40 68 56 478 32 72 53
internal_value=-5.55562e-05 0.00102564 -0.000282259 5.97264e-05 0.0023913 -0.000119048 -0.000937501 -0.00155063 -0.000755815
internal_weight=900 156 744 586 92 546 64 158 86
internal_count=900 156 744 586 92 546 64 158 86
is_linear=0
shrinkage=0.05


Tree=118
num_leaves=11
num_cat=0
split_feature=0 1 1 1 1 1 1 0 1 1
split_gain=0.107668 0.184451 0.116217 0.102259 0.0850694 0.17212 0.084142 0.0625 0.0539241 0.0398174
threshold=1.7159204121355478 1.6706751715568109 1.7795897694647902 1.7916373477300847 1.6923819608059603 1.7162519537799785 1.812388948981329 1.6325811357390492 1.7581534107825745 1.7501404106418337
decision_type=2 2 2 2 2 2 2 2 2 2
left_child=1 7 8 -4 -3 -6 -5 -1 9 -2
right_child=2 4 3 6 5 -7 -8 -9 -10 -11
leaf_value=0.001010087732243899 -0.0027594672337439285 0.00059480058692794292 0.00029767016359614974 -0.0020008769916875688 -0.0027837033661390152 0.00074928864315981401 1.0786643674993e-05 -0.0072225433240201229 -0.0010424952501436641 0.0018600704296044103
leaf_weight=32 49 36 40 68 34 30 478 32 71 30
leaf_count=32 49 36 40 68 34 30 478 32 71 30
internal_value=-5.96046e-10 0.00115854 -0.000258153 5.97264e-05 0.0025 0.00140625 -0.000119048 -0.000937501 -0.0015 -0.000601266
internal_weight=900 164 736 586 100 64 546 64 150 79
internal_count=900 164 736 586 100 64 546 64 150 79
is_linear=0
shrinkage=0.05


Tree=119
num_leaves=10
num_cat=0
split_feature=0 1 1 1 1 1 1 0 1
split_gain=0.0871384 0.13937 0.131755 0.127729 0.136742 0.101905 0.0846114 0.0625 0.0386794
threshold=1.7267735887531106 1.6706751715568109 1.7795897694647902 1.6923819608059603 1.7175435778443564 1.7916373477300847 1.812388948981329 1.6325811357390492 1.7581534107825745
decision_type=2 2 2 2 2 2 2 2 2
left_child=1 7 8 -3 -5 -4 -7 -1 -2
right_child=2 3 5 4 -6 6 -8 -9 -10
leaf_value=0.00095958334563170551 -0.0015050051624249086 0.00056506055758155063 0.00028278665541634217 -0.0032432660576415273 0.00074157783794679257 -0.0019008331421031942 1.0500772172975639e-05 -0.0068614161578191201 -0.0011907949138415799
leaf_weight=32 57 36 40 40 48 68 477 32 70
leaf_count=32 57 36 40 40 48 68 477 32 70
internal_value=-5.96046e-10 0.000957446 -0.00025281 0.00193548 0.00090909 6.4102e-05 -0.000114679 -0.000937501 -0.0017126
internal_weight=900 188 712 124 88 585 545 64 127
internal_count=900 188 712 124 88 585 545 64 127
is_linear=0
shrinkage=0.05


end of trees

feature_importances:
Column_0=441
Column_1=345

parameters:
[boosting: gbdt]
[objective: quantile]
[metric: quantile]
[tree_learner: serial]
[device_type: cpu]
[data_sample_strategy: bagging]
[data: ]
[valid: ]
[num_iterations: 120]
[learning_rate: 0.05]
[num_leaves: 12]
[num_threads: 2]
[seed: 26170]
[deterministic: 0]
[force_col_wise: 0]
[force_row_wise: 0]
[histogram_pool_size: -1]
[max_depth: 4]
[min_data_in_leaf: 30]
[min_sum_hessian_in_leaf: 0.001]
[bagging_fraction: 1]
[pos_bagging_fraction: 1]
[neg_bagging_fraction: 1]
[bagging_freq: 0]
[bagging_seed: 13002]
[bagging_by_query: 0]
[feature_fraction: 1]
[feature_fraction_bynode: 1]
[feature_fraction_seed: 3933]
[extra_trees: 0]
[extra_seed: 13870]
[early_stopping_round: 0]
[early_stopping_min_delta: 0]
[first_metric_only: 0]
[max_delta_step: 0]
[lambda_l1: 0]
[lambda_l2: 0]
[linear_lambda: 0]
[min_gain_to_split: 0]
[drop_rate: 0.1]
[max_drop: 50]
[skip_drop: 0.5]
[xgboost_dart_mode: 0]
[uniform_drop: 0]
[drop_seed: 25549]
[top_rate: 0.2]
[other_rate: 0.1]
[min_data_per_group: 100]
[max_cat_threshold: 32]
[cat_l2: 10]
[cat_smooth: 10]
[max_cat_to_onehot: 4]
[top_k: 20]
[monotone_constraints: ]
[monotone_constraints_method: basic]
[monotone_penalty: 0]
[feature_contri: ]
[forcedsplits_filename: ]
[refit_decay_rate: 0.9]
[cegb_tradeoff: 1]
[cegb_penalty_split: 0]
[cegb_penalty_feature_lazy: ]
[cegb_penalty_feature_coupled: ]
[path_smooth: 0]
[interaction_constraints: ]
[verbosity: -1]
[saved_feature_importance_type: 0]
[use_quantized_grad: 0]
[num_grad_quant_bins: 4]
[quant_train_renew_leaf: 0]
[stochastic_rounding: 1]
[linear_tree: 0]
[max_bin: 255]
[max_bin_by_feature: ]
[min_data_in_bin: 3]
[bin_construct_sample_cnt: 200000]
[data_random_seed: 19962]
[is_enable_sparse: 1]
[enable_bundle: 1]
[use_missing: 1]
[zero_as_missing: 0]
[feature_pre_filter: 1]
[pre_partition: 0]
[two_round: 0]
[header: 0]
[label_column: ]
[weight_column: ]
[group_column: ]
[ignore_column: ]
[categorical_feature: ]
[forcedbins_filename: ]
[precise_float_parser: 0]
[parser_config_file: ]
[objective_seed: 31251]
[num_class: 1]
[is_unbalance: 0]
[scale_pos_weight: 1]
[sigmoid: 1]
[boost_from_average: 1]
[reg_sqrt: 0]
[alpha: 0.95]
[fair_c: 1]
[poisson_max_delta_step: 0.7]
[tweedie_variance_power: 1.5]
[lambdarank_truncation_level: 30]
[lambdarank_norm: 1]
[label_gain: ]
[lambdarank_position_bias_regularization: 0]
[eval_at: ]
[multi_error_top_k: 1]
[auc_mu_weights: ]
[num_machines: 1]
[local_listen_port: 12400]
[time_out: 120]
[machine_list_filename: ]
[machines: ]
[gpu_platform_id: -1]
[gpu_device_id: -1]
[gpu_device_id_list: ]
[gpu_use_dp: 0]
[num_gpu: 1]

end of parameters

pandas_categorical:null
