tree
version=v4
num_class=1
num_tree_per_iteration=1
label_index=0
max_feature_idx=1
objective=quantile
feature_names=Column_0 Column_1
feature_infos=[0.38515422804004418:1.3998326804665999] [0.40493564526078007:1.4093741566609903]
tree_sizes=1126 1168 1180 1163 1180 1159 1181 1176 1182 1181 1178 1172 1184 1185 1183 1182 1183 1182 1186 1183 1099 1182 1181 1089 1183 1188 1187 1180 1184 1093 1099 1187 1191 1101 924 1187 1193 1022 1018 1006 1102 1105 1196 1103 1200 1189 1187 1018 846 842 932 1019 849 848 1019 852 855 856 938 939 850 934 852 842 1022 846 848 934 1017 844 669 851 850 937 1024 936 941 936 937 681 679 681 853 673 673 681 679 681 680 850 848 847 595 598 598 595 942 598 598 594 599 595 598 594 671 596 594 596 678 597 598 594 593 597 680 586 596 680 596 596

Tree=0
num_leaves=12
num_cat=0
split_feature=1 1 0 0 1 1 1 0 0 1 1
split_gain=119.122 7.95079 5.29064 2.0267 1.47964 1.13636 0.680098 0.597601 0.344304 1.21269 0.0181406
threshold=0.61641876254911432 0.58324386251320937 0.62390526276324954 0.57262940457065103 0.59513831241370796 0.62464152842966669 0.64641613619073091 0.60985255141299477 0.55215977911376368 0.55820445292710352 0.6613447202330619
decision_type=2 2 2 2 2 2 2 2 2 2 2
left_child=1 8 5 -3 -5 -2 -4 -7 9 -1 -8
right_child=2 3 6 4 -6 7 10 -9 -10 -11 -12
leaf_value=0.69800594449043274 0.7026732861995697 0.70257498025894161 0.70355997681617732 0.70048482418060298 0.70189760029315951 0.70448097884655003 0.70427250564098354 0.70383228659629826 0.69996781647205353 0.70049683749675751 0.70694783776998515
leaf_weight=216 36 36 31 31 101 31 45 65 69 39 200
leaf_count=216 36 36 31 31 101 31 45 65 69 39 200
internal_value=0.702519 0.685954 0.722494 0.694781 0.691913 0.714261 0.726432 0.717102 0.681377 0.682225 0.727315
internal_weight=900 492 408 168 132 132 276 96 324 255 245
internal_count=900 492 408 168 132 132 276 96 324 255 245
is_linear=0
shrinkage=1


Tree=1
num_leaves=12
num_cat=0
split_feature=1 1 0 0 1 1 1 1 0 0 1
split_gain=116.083 7.15175 6.12693 5.53846 1.0931 1.01393 0.786713 0.680098 0.493595 0.453563 0.0181406
threshold=0.61489117519150083 0.59460263062127983 0.62390526276324954 0.5839463926020062 0.62464152842966669 0.58324386251320937 0.60731714124602998 0.64641613619073091 0.60985255141299477 0.55215977911376368 0.6613447202330619
decision_type=2 2 2 2 2 2 2 2 2 2 2
left_child=1 5 4 -3 -2 9 -5 -4 -6 -1 -9
right_child=2 3 7 6 8 -7 -8 10 -10 -11 -12
leaf_value=-0.0038471572101116181 0.00014691203832626343 0.00102435603737831 0.00098926812410354836 -0.001106863170862199 0.0018642200529575327 -0.0012775754928588845 -0.0002718944847583782 0.0016661705076694512 0.0012479624152183511 -0.0024232842028141023 0.0042077360302209882
leaf_weight=255 44 32 31 39 31 56 33 45 65 69 200
leaf_count=255 44 32 31 39 31 56 33 45 65 69 200
internal_value=0.000222222 -0.0164256 0.0195913 -0.00480769 0.0110714 -0.0196053 -0.0125 0.023913 0.0140625 -0.020679 0.0247959
internal_weight=900 484 416 104 140 380 72 276 96 324 245
internal_count=900 484 416 104 140 380 72 276 96 324 245
is_linear=0
shrinkage=0.05


Tree=2
num_leaves=12
num_cat=0
split_feature=1 1 0 0 1 1 1 0 1 0 1
split_gain=110.27 7.73003 6.32473 2.2224 1.72357 0.821023 0.680098 0.537372 1.28252 0.31539 0.0181406
threshold=0.61641876254911432 0.58324386251320937 0.62390526276324954 0.57262940457065103 0.59513831241370796 0.62464152842966669 0.64641613619073091 0.55475019026531636 0.55945572129905308 0.60985255141299477 0.6613447202330619
decision_type=2 2 2 2 2 2 2 2 2 2 2
left_child=1 7 5 -3 -5 -2 -4 8 -1 -7 -8
right_child=2 3 6 4 -6 9 10 -9 -10 -11 -12
leaf_value=-0.0039021891728043545 0.00013956643640994915 0.00011740016937256126 0.00093980471789837381 -0.0018682481050491307 -0.00053464641422033561 0.0017710090503096577 0.001582861982285977 -0.0023021199926733962 -0.0015459601953625669 0.0011855642944574307 0.0039973492287099397
leaf_weight=228 36 36 31 31 101 31 45 63 33 65 200
leaf_count=228 36 36 31 31 101 31 45 63 33 65 200
internal_value=0.000388889 -0.0155488 0.0196078 -0.00684524 -0.00984848 0.0106061 0.023913 -0.0200617 -0.0190613 0.0130208 0.0247959
internal_weight=900 492 408 168 132 132 276 324 261 96 245
internal_count=900 492 408 168 132 132 276 324 261 96 245
is_linear=0
shrinkage=0.05


Tree=3
num_leaves=12
num_cat=0
split_feature=1 1 0 0 1 1 1 0 1 0 1
split_gain=107.496 6.76049 6.46232 1.96272 1.54839 0.864278 0.763636 0.537372 1.28252 0.241191 0.177118
threshold=0.61489117519150083 0.58324386251320937 0.62390526276324954 0.57262940457065103 0.59513831241370796 0.64641613619073091 0.62464152842966669 0.55475019026531636 0.55945572129905308 0.60985255141299477 0.66610492919518915
decision_type=2 2 2 2 2 2 2 2 2 2 2
left_child=1 7 6 -3 -5 -4 -2 8 -1 -8 -7
right_child=2 3 5 4 -6 10 9 -9 -10 -11 -12
leaf_value=-0.0037070797141641357 0.0001325881145894492 0.0001115301609039332 0.0008928144820034567 -0.0017748356997966731 -0.00058438685275614694 0.001591114513017239 0.0016824585977941731 -0.0021870139930397271 -0.0014686621855944382 0.001126286079734562 0.0040972260752692837
leaf_weight=228 44 36 31 31 93 66 31 63 33 65 179
leaf_count=228 44 36 31 31 93 66 31 63 33 65 179
internal_value=0.000111111 -0.0159091 0.01875 -0.0075 -0.0104839 0.0231884 0.01 -0.0200617 -0.0190613 0.0125 0.0241837
internal_weight=900 484 416 160 124 276 140 324 261 96 245
internal_count=900 484 416 160 124 276 140 324 261 96 245
is_linear=0
shrinkage=0.05


Tree=4
num_leaves=12
num_cat=0
split_feature=1 1 0 0 1 1 1 0 0 1 0
split_gain=104.109 6.76465 6.63593 1.84518 1.68011 0.824925 0.796543 3.45946 0.951278 0.609956 1.06689
threshold=0.61489117519150083 0.58324386251320937 0.62390526276324954 0.57262940457065103 0.59513831241370796 0.64641613619073091 0.63024457374338971 0.6081229627810617 0.61574548249327932 0.52380723204672308 0.55808614999060213
decision_type=2 2 2 2 2 2 2 2 2 2 2
left_child=1 9 6 -3 -5 -4 7 -2 -8 -1 -11
right_child=2 3 5 4 -6 -7 8 -9 -10 10 -12
leaf_value=-0.0055313201689161321 0.0011214963475242202 0.00010595365285873682 0.00084817375790328118 -0.001686093914806841 -0.00055516751011833729 0.0030586269213166099 0.0014917104003205894 -0.00013076975371688617 0.001182079171873629 -0.0022081242942251222 -0.0020776632933877381
leaf_weight=100 37 36 31 31 93 245 31 37 35 177 47
leaf_count=100 37 36 31 31 93 245 31 37 35 177 47
internal_value=0.000166667 -0.0155992 0.0185096 -0.0071875 -0.0100806 0.0230072 0.00964286 0.00608108 0.0136364 -0.0197531 -0.0183036
internal_weight=900 484 416 160 124 276 140 74 66 324 224
internal_count=900 484 416 160 124 276 140 74 66 324 224
is_linear=0
shrinkage=0.05


Tree=5
num_leaves=12
num_cat=0
split_feature=1 1 0 0 1 1 1 0 1 0 1
split_gain=100.58 8.83126 4.5361 4.27636 2.73668 1.37334 1.23968 1.93939 0.534066 2.81667 0.491979
threshold=0.6203316838240478 0.59460263062127983 0.62390526276324954 0.5839463926020062 0.60819950863162064 0.6469144278710296 0.57218962985574928 0.56350395367450512 0.63282833507244829 0.61195959523939347 0.52040407304027358
decision_type=2 2 2 2 2 2 2 2 2 2 2
left_child=1 6 8 -3 -5 -4 10 -8 9 -2 -1
right_child=2 3 5 4 -6 -7 7 -9 -10 -11 -12
leaf_value=-0.0053315741167729693 0.0013044198560174525 0.0010568482743641362 0.00077601001595356827 -0.00096780997346435083 -4.1120030069730085e-05 0.0029865775880948634 -0.00033470075943972666 -0.0016017892190664962 0.001361667973747477 -7.245412672497453e-05 -0.0024318084464734382
leaf_weight=88 30 32 34 43 57 242 33 75 52 30 184
leaf_count=88 30 32 34 43 57 242 33 75 52 30 184
internal_value=0 -0.0145508 0.019201 -0.00340909 -0.0085 0.0226449 -0.0184211 -0.0138889 0.0107143 0.0075 -0.0202206
internal_weight=900 512 388 132 100 276 380 108 112 60 272
internal_count=900 512 388 132 100 276 380 108 112 60 272
is_linear=0
shrinkage=0.05


Tree=6
num_leaves=12
num_cat=0
split_feature=1 1 1 0 0 0 1 1 1 0 1
split_gain=94.856 7.01254 6.33947 2.74448 2.1039 1.90414 1.8525 1.35448 0.863924 1.37036 0.182382
threshold=0.61641876254911432 0.58324386251320937 0.63282833507244829 0.6081229627810617 0.57262940457065103 0.64965930932545046 0.59513831241370796 0.66078366370795416 0.52380723204672308 0.55808614999060213 0.68194884710111403
decision_type=2 2 2 2 2 2 2 2 2 2 2
left_child=1 8 3 -2 -3 7 -6 -4 -1 -10 -7
right_child=2 4 5 -5 6 10 -8 -9 9 -11 -12
leaf_value=-0.004988175454631677 0.0011264938389294709 0.0001646670782409654 0.0012940514231914559 -6.8831420388726358e-05 -0.0015216997581131708 0.0012125246632942732 -0.00040254587669237844 0.0012060724604973372 -0.0019761276571901966 -0.0018521897063946803 0.0041554188389429595
leaf_weight=100 31 36 110 50 31 39 101 31 177 47 147
leaf_count=100 31 36 110 50 31 39 101 31 177 47 147
internal_value=-5.55556e-05 -0.0148374 0.0177696 0.00524691 -0.00654762 0.0208716 -0.0094697 0.0164894 -0.0191358 -0.0174107 0.0241935
internal_weight=900 492 408 81 168 327 132 141 324 224 186
internal_count=900 492 408 81 168 327 132 141 324 224 186
is_linear=0
shrinkage=0.05


Tree=7
num_leaves=12
num_cat=0
split_feature=1 1 0 0 1 1 1 1 0 1 0
split_gain=94.0144 8.81613 4.11743 3.88172 2.87972 1.48876 1.08388 1.7489 0.517166 0.182382 0.111186
threshold=0.62464152842966669 0.59460263062127983 0.5839463926020062 0.64965930932545046 0.60819950863162064 0.52380723204672308 0.63282833507244829 0.66078366370795416 0.57262940457065103 0.68194884710111403 0.48802742093771173
decision_type=2 2 2 2 2 2 2 2 2 2 2
left_child=1 5 -3 6 -4 10 -2 -8 -7 -5 -1
right_child=3 2 4 9 -6 8 7 -9 -10 -11 -12
leaf_value=-0.0052465848443413454 0.00072901597692140441 0.0010397407410523446 -0.00089929218095651246 0.001151898430129561 -1.893673473162272e-05 -0.00169148993182216 0.0012293488520318807 0.0011457688374724717 -0.0016691187770701554 0.0039476478969958095 -0.0039793006745482201
leaf_weight=59 45 32 43 39 73 248 110 31 32 147 41
leaf_count=59 45 32 43 39 73 248 110 31 32 147 41
internal_value=-0.000166667 -0.0137311 -0.00337838 0.019086 -0.00775862 -0.0177632 0.0139785 0.0161348 -0.0158929 0.0241935 -0.023
internal_weight=900 528 148 372 116 380 186 141 280 186 100
internal_count=900 528 148 372 116 380 186 141 280 186 100
is_linear=0
shrinkage=0.05


Tree=8
num_leaves=12
num_cat=0
split_feature=1 1 0 0 1 1 1 1 0 1 0
split_gain=90.5637 8.64268 4.08871 3.60577 3.35804 0.999344 1.63265 0.933345 0.981997 0.182382 0.111186
threshold=0.62464152842966669 0.57532612863082744 0.64965930932545046 0.56721421492838064 0.59460263062127983 0.63282833507244829 0.66078366370795416 0.52380723204672308 0.55475019026531636 0.68194884710111403 0.48802742093771173
decision_type=2 2 2 2 2 2 2 2 2 2 2
left_child=1 7 5 -3 -5 -2 -7 10 -9 -4 -1
right_child=2 3 9 4 -6 6 -8 8 -10 -11 -12
leaf_value=-0.0049842556021242775 0.00069256517807533282 0.00029178941342022371 0.0010943035086230847 -0.0014042468925726304 -0.00019148411777500929 0.001167881409430288 0.0010884803955988453 -0.0018736636276358966 -0.0020431292595192497 0.0037502655021460218 -0.0037803356408208089
leaf_weight=59 45 32 39 65 143 110 31 156 32 147 41
leaf_count=59 45 32 39 65 143 110 31 156 32 147 41
internal_value=5.55556e-05 -0.0132576 0.0189516 -0.00625 -0.00865385 0.0137097 0.0157801 -0.0190972 -0.0170213 0.0241935 -0.023
internal_weight=900 528 372 240 208 186 141 288 188 186 100
internal_count=900 528 372 240 208 186 141 288 188 186 100
is_linear=0
shrinkage=0.05


Tree=9
num_leaves=12
num_cat=0
split_feature=1 1 0 0 1 1 0 1 1 0 1
split_gain=86.0834 7.65777 4.50508 3.64583 3.24622 1.58032 2.61282 1.63265 1.19908 1.20275 0.421147
threshold=0.6203316838240478 0.57532612863082744 0.64965930932545046 0.56721421492838064 0.59197920020506622 0.63282833507244829 0.61195959523939347 0.66078366370795416 0.52380723204672308 0.54975243375952876 0.68452953482469547
decision_type=2 2 2 2 2 2 2 2 2 2 2
left_child=1 8 5 -3 -5 6 -2 -7 -1 -10 -4
right_child=2 3 10 4 -6 7 -8 -9 9 -11 -12
leaf_value=-0.0042884162780193469 0.0011824782951908059 0.00027719994274921225 0.0010586452047253226 -0.0015024772740792503 -0.0002435738879213334 0.0011094873389587757 -0.00016014245641360336 0.0010340563758189038 -0.0016990635963577861 -0.0019671060578697551 0.0038099177877610746
leaf_weight=100 30 32 45 57 135 110 31 31 139 49 141
leaf_count=100 30 32 45 57 135 110 31 31 139 49 141
internal_value=0.000277778 -0.0131836 0.0180412 -0.00625 -0.00885417 0.0128713 0.00614754 0.0157801 -0.0185764 -0.0162234 0.0236559
internal_weight=900 512 388 224 192 202 61 141 288 188 186
internal_count=900 512 388 224 192 202 61 141 288 188 186
is_linear=0
shrinkage=0.05


Tree=10
num_leaves=12
num_cat=0
split_feature=1 1 0 0 1 1 1 1 0 1 0
split_gain=81.9163 7.77273 4.2112 2.90909 1.9024 1.83168 1.40497 1.73233 1.01359 0.17915 0.111186
threshold=0.62138001605485405 0.58628412721769985 0.6601092379141198 0.57525163732164086 0.52380723204672308 0.60819950863162064 0.63282833507244829 0.66328099719020195 0.55808614999060213 0.69136411057803682 0.48802742093771173
decision_type=2 2 2 2 2 2 2 2 2 2 2
left_child=1 4 6 -3 10 -5 -2 -8 -6 -4 -1
right_child=2 3 9 5 8 -7 7 -9 -10 -11 -12
leaf_value=-0.0045206220081170983 0.00060710282010313925 0.0005307232701759313 0.0019279456438972527 -0.0007849639714934076 -0.0016141104165398991 -2.4305701738852606e-05 0.0010540129720108371 0.00077938814781242094 -0.0015549461328650039 0.0038760780086597338 -0.0033768980448788013
leaf_weight=59 57 32 38 82 177 62 126 45 63 118 41
leaf_count=59 57 32 38 82 177 62 126 45 63 118 41
internal_value=0.000222222 -0.0127907 0.0177083 -0.00426136 -0.0172059 -0.00729167 0.0133772 0.0156433 -0.0147917 0.0240385 -0.023
internal_weight=900 516 384 176 340 144 228 171 240 156 100
internal_count=900 516 384 176 340 144 228 171 240 156 100
is_linear=0
shrinkage=0.05


Tree=11
num_leaves=12
num_cat=0
split_feature=1 1 0 0 1 1 0 1 1 1 0
split_gain=76.2509 9.07146 3.37814 2.09097 3.48275 1.28253 1.1719 0.970907 1.31488 0.457014 0.111186
threshold=0.62464152842966669 0.57286660157313962 0.66130246817597504 0.56721421492838064 0.59197920020506622 0.52380723204672308 0.54975243375952876 0.66741414579164904 0.63282833507244829 0.69854055930590786 0.48802742093771173
decision_type=2 2 2 2 2 2 2 2 2 2 2
left_child=1 5 7 -3 -5 10 -7 8 -2 -4 -1
right_child=2 3 9 4 -6 6 -8 -9 -10 -11 -12
leaf_value=-0.004294590907711243 0.00060372161207947195 0.00011779252449981848 0.0017944980491366698 -0.0013824981734167742 -0.00013850984554675816 -0.0015674674600859196 -0.0019276892763957832 0.00100572795501378 0.00094972087770348881 0.0042734046629028027 -0.0032080531426348594
leaf_weight=59 45 44 52 57 151 138 38 30 144 101 41
leaf_count=59 45 44 52 57 151 138 38 30 144 101 41
internal_value=0 -0.0122159 0.0173387 -0.00535714 -0.00745192 -0.0184783 -0.0159091 0.0133562 0.0146825 0.0230392 -0.023
internal_weight=900 528 372 252 208 276 176 219 189 153 100
internal_count=900 528 372 252 208 276 176 219 189 153 100
is_linear=0
shrinkage=0.05


Tree=12
num_leaves=12
num_cat=0
split_feature=1 1 0 0 1 1 1 1 0 1 0
split_gain=74.8701 9.07146 3.70425 2.09097 3.48275 1.28253 1.27246 1.22328 1.1719 0.457014 0.111186
threshold=0.62464152842966669 0.57286660157313962 0.66130246817597504 0.56721421492838064 0.59197920020506622 0.52380723204672308 0.66741414579164904 0.63282833507244829 0.54975243375952876 0.69854055930590786 0.48802742093771173
decision_type=2 2 2 2 2 2 2 2 2 2 2
left_child=1 5 6 -3 -5 10 7 -2 -7 -4 -1
right_child=2 3 9 4 -6 8 -8 -9 -10 -11 -12
leaf_value=-0.0040798613623256822 0.0005735355314754998 0.00011190289827482658 0.0017047731466798362 -0.0013133732647459375 -0.00013158435326942054 -0.0014890940870816217 0.00095544155726309257 0.00090223483381831346 -0.0018313048125759958 0.0040597344297576615 -0.0030476504855031176
leaf_weight=59 45 44 52 57 151 138 30 144 38 101 41
leaf_count=59 45 44 52 57 151 138 30 144 38 101 41
internal_value=-0.000111111 -0.0122159 0.0170699 -0.00535714 -0.00745192 -0.0184783 0.0128995 0.014418 -0.0159091 0.0230392 -0.023
internal_weight=900 528 372 252 208 276 219 189 176 153 100
internal_count=900 528 372 252 208 276 219 189 176 153 100
is_linear=0
shrinkage=0.05


Tree=13
num_leaves=12
num_cat=0
split_feature=1 1 0 0 1 1 0 1 0 1 0
split_gain=71.1989 8.57739 4.40156 2.09097 3.48275 1.09887 1.13738 1.0411 1.4914 0.457014 0.262626
threshold=0.62464152842966669 0.57286660157313962 0.66130246817597504 0.56721421492838064 0.59197920020506622 0.52040407304027358 0.54975243375952876 0.66741414579164904 0.61293501030676201 0.69854055930590786 0.47210282998746428
decision_type=2 2 2 2 2 2 2 2 2 2 2
left_child=1 5 7 -3 -5 10 -7 8 -2 -4 -1
right_child=2 3 9 4 -6 6 -8 -9 -10 -11 -12
leaf_value=-0.0045621010398568312 0.0015275372380344821 0.00010630775336108734 0.0016195344893458448 -0.0012477046015086425 -0.00012500513560594894 -0.001468763380415833 -0.0017397395719471965 0.00090766947939993625 0.00060909188579373608 0.0038567477082697755 -0.0033078524207772412
leaf_weight=36 31 44 52 57 151 150 38 30 158 101 52
leaf_count=36 31 44 52 57 151 150 38 30 158 101 52
internal_value=-0.000222222 -0.0120265 0.0165323 -0.00535714 -0.00745192 -0.0181159 -0.0159574 0.0119863 0.0133598 0.0230392 -0.0227273
internal_weight=900 528 372 252 208 276 188 219 189 153 88
internal_count=900 528 372 252 208 276 188 219 189 153 88
is_linear=0
shrinkage=0.05


Tree=14
num_leaves=12
num_cat=0
split_feature=1 1 0 0 1 1 1 0 1 0 0
split_gain=66.3201 8.72904 3.75018 2.43597 1.8743 1.77276 0.982581 1.53982 0.908905 0.82672 0.262626
threshold=0.62464152842966669 0.58628412721769985 0.66130246817597504 0.57525163732164086 0.60819950863162064 0.52040407304027358 0.66328099719020195 0.61293501030676201 0.70388743480077698 0.55808614999060213 0.47210282998746428
decision_type=2 2 2 2 2 2 2 2 2 2 2
left_child=1 5 6 -3 -5 10 7 -2 -4 -7 -1
right_child=2 3 8 4 -6 9 -8 -9 -10 -11 -12
leaf_value=-0.004333995987863987 0.0014511603761327597 0.00065135527383023979 0.0014586890501981171 -0.00072157339384051888 -2.2753164426098093e-06 -0.0013071386493337335 0.00061486504522137442 0.00057863729150404997 0.0040235796505921854 -0.0013924341650443817 -0.0031424597997383786
leaf_weight=36 31 32 64 82 74 189 48 140 89 63 52
leaf_count=36 31 32 64 82 74 189 48 140 89 63 52
internal_value=-0.000444444 -0.0118371 0.0157258 -0.00319149 -0.00576923 -0.0166176 0.0115297 0.0133041 0.021732 -0.0144841 -0.0227273
internal_weight=900 528 372 188 156 340 219 171 153 252 88
internal_count=900 528 372 188 156 340 219 171 153 252 88
is_linear=0
shrinkage=0.05


Tree=15
num_leaves=12
num_cat=0
split_feature=1 1 0 0 1 1 0 1 0 1 0
split_gain=64.96 8.21342 3.75018 3.73389 2.9533 1.96898 1.80815 0.982581 1.53982 0.908905 0.257123
threshold=0.62464152842966669 0.59197920020506622 0.66130246817597504 0.5839463926020062 0.60819950863162064 0.54229505910719633 0.53794693496047297 0.66328099719020195 0.61293501030676201 0.70388743480077698 0.51237655051139164
decision_type=2 2 2 2 2 2 2 2 2 2 2
left_child=1 5 7 -3 -5 10 -7 8 -2 -4 -1
right_child=2 3 9 4 -6 6 -8 -9 -10 -11 -12
leaf_value=-0.0029853368097514602 0.0013786023573261197 0.00086025100860722683 0.0013857545976882131 -0.00073749283663606671 -8.8291593274170143e-06 -0.00024669111303861623 -0.0010620953195529749 0.00058412179296030706 0.00054970542692884541 0.0038224006680625758 -0.0022368902020889095
leaf_weight=108 31 40 64 43 73 41 175 48 140 89 48
leaf_count=108 31 40 64 43 73 41 175 48 140 89 48
internal_value=-0.000277778 -0.011553 0.0157258 -0.00192308 -0.00646552 -0.0155914 -0.0125 0.0115297 0.0133041 0.021732 -0.0198718
internal_weight=900 528 372 156 116 372 216 219 171 153 156
internal_count=900 528 372 156 116 372 216 219 171 153 156
is_linear=0
shrinkage=0.05


Tree=16
num_leaves=12
num_cat=0
split_feature=1 1 0 0 1 1 0 1 1 0 0
split_gain=61.2889 7.94593 3.84623 2.33395 1.67183 1.62842 1.11243 1.09978 0.845755 1.72361 0.390625
threshold=0.62464152842966669 0.58628412721769985 0.66130246817597504 0.57525163732164086 0.60819950863162064 0.52040407304027358 0.55808614999060213 0.70388743480077698 0.66328099719020195 0.61293501030676201 0.67641831653482531
decision_type=2 2 2 2 2 2 2 2 2 2 2
left_child=1 5 8 -3 -5 -1 -7 10 9 -2 -4
right_child=2 3 7 4 -6 6 -8 -9 -10 -11 -12
leaf_value=-0.0031098074789287335 0.0013096722394598137 0.00062383361791237271 0.0015245963580962918 -0.00064050502024377018 -1.7200926541088847e-06 -0.0011606400051255073 -0.0012697076908145144 0.0036312806346594454 0.00055491570331229199 0.0005222201555824008 0.00078904771792816242
leaf_weight=88 31 32 32 82 74 189 63 89 48 140 32
leaf_count=88 31 32 32 82 74 189 63 89 48 140 32
internal_value=-0.000222222 -0.0111742 0.0153226 -0.00292553 -0.00544872 -0.0157353 -0.0136905 0.0214052 0.0110731 0.0127193 0.0164063
internal_weight=900 528 372 188 156 340 252 153 219 171 64
internal_count=900 528 372 188 156 340 252 153 219 171 64
is_linear=0
shrinkage=0.05


Tree=17
num_leaves=12
num_cat=0
split_feature=1 1 0 0 1 1 0 1 1 0 0
split_gain=59.4377 7.33189 3.9435 1.93078 3.45067 1.11539 1.58236 0.960684 0.737559 2.00095 0.390625
threshold=0.62464152842966669 0.57104904579449567 0.66130246817597504 0.56314184541518342 0.59326110550390743 0.52040407304027358 0.54975243375952876 0.70388743480077698 0.66741414579164904 0.61293501030676201 0.67641831653482531
decision_type=2 2 2 2 2 2 2 2 2 2 2
left_child=1 5 8 -3 -5 -1 -7 10 9 -2 -4
right_child=2 3 7 4 -6 6 -8 -9 -10 -11 -12
leaf_value=-0.002954317104982296 0.0012441886274868253 0.000347529963389584 0.0014483665401914759 -0.00087927908834073421 -0.00010486761756237084 -0.001265641163652015 -0.0015019823064360395 0.0034497166029264729 0.00077459087835524132 0.00049610914780327808 0.00074959533203175228
leaf_weight=88 31 36 32 75 149 149 31 89 30 158 32
leaf_count=88 31 36 32 75 149 149 31 89 30 158 32
internal_value=-0.000388889 -0.0111742 0.0149194 -0.00519231 -0.00691964 -0.0169776 -0.0147222 0.0210784 0.0106164 0.0117725 0.0164063
internal_weight=900 528 372 260 224 268 180 153 219 189 64
internal_count=900 528 372 260 224 268 180 153 219 189 64
is_linear=0
shrinkage=0.05


Tree=18
num_leaves=12
num_cat=0
split_feature=1 1 0 0 1 1 0 1 1 0 0
split_gain=57.7246 7.82563 3.9435 1.86154 2.95587 0.960684 0.944896 2.07513 0.737559 2.00095 0.390625
threshold=0.62464152842966669 0.57104904579449567 0.66130246817597504 0.56721421492838064 0.59326110550390743 0.70388743480077698 0.54975243375952876 0.55368093876237545 0.66741414579164904 0.61293501030676201 0.67641831653482531
decision_type=2 2 2 2 2 2 2 2 2 2 2
left_child=1 6 8 -3 -5 10 7 -1 9 -2 -4
right_child=2 3 5 4 -6 -7 -8 -9 -10 -11 -12
leaf_value=-0.0020872120922522052 0.0011819791961124816 0.00022921150404733859 0.0013759482131819045 -0.00092225148856084349 -0.0001028518281988411 0.0032772307727801488 -0.0014268831911142367 -0.00020713152271671366 0.00073586133443748203 0.00047130369041311352 0.00071211556543016312
leaf_weight=196 31 52 32 61 147 89 31 41 30 158 32
leaf_count=196 31 52 32 61 147 89 31 41 30 158 32
internal_value=-0.000166667 -0.0107955 0.0149194 -0.00461538 -0.00673077 0.0210784 -0.016791 -0.0157173 0.0106164 0.0117725 0.0164063
internal_weight=900 528 372 260 208 153 268 237 219 189 64
internal_count=900 528 372 260 208 153 268 237 219 189 64
is_linear=0
shrinkage=0.05


Tree=19
num_leaves=12
num_cat=0
split_feature=1 1 0 0 1 1 0 1 0 1 1
split_gain=54.9245 5.40681 5.19243 2.22315 2.10521 1.17644 3.35511 1.1113 1.27353 1.04652 0.912247
threshold=0.61489117519150083 0.57104904579449567 0.66130246817597504 0.56314184541518342 0.58628412721769985 0.63176616037248057 0.60645645924628155 0.52040407304027358 0.54975243375952876 0.70822265998246714 0.66328099719020195
decision_type=2 2 2 2 2 2 2 2 2 2 2
left_child=1 7 5 -3 -5 6 -2 -1 -9 -4 -7
right_child=2 3 9 4 -6 10 -8 8 -10 -11 -12
leaf_value=-0.002702240645120574 0.00089569999969166822 0.00031869289001773831 0.0012372730087206298 -0.0010295800181795989 -0.00026374580182797204 0.00070366350273196607 -0.00037903316238263596 -0.0010979985008568061 -0.0013555390315585225 0.003145268149908809 0.00046522329187144722
leaf_weight=88 31 36 73 42 138 132 52 149 31 80 48
leaf_count=88 31 36 73 42 138 132 52 149 31 80 48
internal_value=-0.000222222 -0.0116736 0.013101 -0.00578704 -0.00805556 0.0088403 0.00391566 -0.0164179 -0.0141667 0.0204248 0.0111111
internal_weight=900 484 416 216 180 263 83 268 180 153 180
internal_count=900 484 416 216 180 263 83 268 180 153 180
is_linear=0
shrinkage=0.05


Tree=20
num_leaves=11
num_cat=0
split_feature=1 1 0 1 0 1 1 1 0 1
split_gain=47.9136 6.7403 3.08073 2.26985 1.90696 4.47111 1.80995 0.988737 1.29654 0.140625
threshold=0.62138001605485405 0.57104904579449567 0.71033678749387186 0.71609596950114029 0.60042122000999243 0.60819950863162064 0.656500042894404 0.50468395134605226 0.54975243375952876 0.4871822435127221
decision_type=2 2 2 2 2 2 2 2 2 2
left_child=1 7 3 6 5 -3 -2 9 -9 -1
right_child=2 4 -4 -5 -6 -7 -8 8 -10 -11
leaf_value=-0.0037729707307135821 0.00045916722070269426 -0.00044923630471889188 0.0048822239620979705 -0.0001235722915832127 -0.00054904902570895864 0.00061627668401691431 0.00098214932867925209 -0.0010756486723258075 -0.0012877620799805979 -0.0025008825205450561
leaf_weight=32 156 183 48 30 32 33 150 173 31 32
leaf_count=32 156 183 48 30 32 33 150 173 31 32
internal_value=-0.000222222 -0.0101744 0.013151 0.0114583 -0.00423387 -0.0025463 0.0127451 -0.0156716 -0.0139706 -0.0210938
internal_weight=900 516 384 336 248 216 306 268 204 64
internal_count=900 516 384 336 248 216 306 268 204 64
is_linear=0
shrinkage=0.05


Tree=21
num_leaves=12
num_cat=0
split_feature=1 1 0 0 1 1 1 0 0 1 1
split_gain=46.3575 6.3876 3.29024 1.75552 2.05629 1.38562 1.05795 1.386 0.794746 0.469385 0.858715
threshold=0.6203316838240478 0.57104904579449567 0.66130246817597504 0.56721421492838064 0.59197920020506622 0.72088605153500895 0.50468395134605226 0.53794693496047297 0.6793611707372158 0.63176616037248057 0.64350680265211357
decision_type=2 2 2 2 2 2 2 2 2 2 2
left_child=1 6 9 -3 -5 8 -1 -8 -4 -2 -11
right_child=2 3 5 4 -6 -7 7 -9 -10 10 -12
leaf_value=-0.0027766892289574213 0.00014069266279183591 0.00022937428949459937 0.0012672415447704034 -0.00083687011985372208 -0.00015506631367201429 0.0045949798628013632 -0.0010306406056268147 -0.0012167762045870612 0.00058021850728645077 0.00077296116743837411 0.00051707113061997829
leaf_weight=64 55 52 42 57 135 53 133 71 58 57 123
leaf_count=64 55 52 42 57 135 53 133 71 58 57 123
internal_value=-0.000277778 -0.0101563 0.0127577 -0.00430328 -0.00651042 0.0184641 -0.0154851 -0.0137255 0.015 0.00904255 0.0102778
internal_weight=900 512 388 244 192 153 268 204 100 235 180
internal_count=900 512 388 244 192 153 268 204 100 235 180
is_linear=0
shrinkage=0.05


Tree=22
num_leaves=12
num_cat=0
split_feature=1 1 0 0 1 1 0 1 0 1 1
split_gain=43.7433 5.34385 3.91369 1.78526 3.82633 1.52765 1.00779 0.841165 3.46305 0.667779 0.485138
threshold=0.61489117519150083 0.54229505910719633 0.66130246817597504 0.59349181083383307 0.59197920020506622 0.72088605153500895 0.68652909909295745 0.63176616037248057 0.60721094057294256 0.64350680265211357 0.4871822435127221
decision_type=2 2 2 2 2 2 2 2 2 2 2
left_child=1 10 7 4 -3 6 -4 8 -2 -9 -1
right_child=2 3 5 -5 -6 -7 -8 9 -10 -11 -12
leaf_value=-0.0034454877327300295 0.00078968773819694808 -0.00066992566970949243 0.0012692404308764561 -0.00077845954781843309 0.00011916623010739259 0.0043652308696612964 0.00049469116245326461 0.00073431310906645346 -0.00041374804773270383 0.00049121757408898128 -0.0015969670612517529
leaf_weight=32 34 216 57 30 82 53 43 57 49 123 124
leaf_count=32 34 216 57 30 82 53 43 57 49 123 124
internal_value=-0.000111111 -0.0103306 0.0117788 -0.00670732 -0.00553691 0.0181373 0.0145 0.00807985 0.00391566 0.01 -0.0179487
internal_weight=900 484 416 328 298 153 100 263 83 180 156
internal_count=900 484 416 328 298 153 100 263 83 180 156
is_linear=0
shrinkage=0.05


Tree=23
num_leaves=11
num_cat=0
split_feature=1 1 0 1 1 1 0 0 1 0
split_gain=39.9979 6.24449 3.59652 2.32494 2.21742 1.73611 3.61 2.20686 0.485138 0.756048
threshold=0.62138001605485405 0.54229505910719633 0.71614174360998772 0.71654083775513 0.656500042894404 0.5853731208284213 0.57382372208435484 0.55808614999060213 0.4871822435127221 0.50498516571883456
decision_type=2 2 2 2 2 2 2 2 2 2
left_child=1 8 3 4 -2 7 -7 -3 -1 -10
right_child=2 5 -4 -5 -6 6 -8 -9 9 -11
leaf_value=-0.0032732133460935289 0.00037959615423206197 -0.00050935141887025197 0.0043950706798235543 -0.0001897994736120151 0.00087918447990288921 0.00089177665369180039 -0.00025268677821608246 -0.0010436092870885927 -0.0012544391981925724 -0.001617722126270127
leaf_weight=32 156 121 45 30 153 30 150 59 60 64
leaf_count=32 156 121 45 30 153 30 150 59 60 64
internal_value=-0.0005 -0.00959302 0.0117188 0.00995575 0.011246 -0.00597222 -0.0025 -0.00944444 -0.0179487 -0.0165323
internal_weight=900 516 384 339 309 360 180 180 156 124
internal_count=900 516 384 339 309 360 180 180 156 124
is_linear=0
shrinkage=0.05


Tree=24
num_leaves=12
num_cat=0
split_feature=1 1 0 0 1 1 1 0 0 1 1
split_gain=35.1876 4.98087 4.72254 2.2436 2.65679 1.78353 1.03198 4.40192 0.739191 0.573522 0.54345
threshold=0.60819950863162064 0.54229505910719633 0.66130246817597504 0.53794693496047297 0.57104904579449567 0.73433823272989318 0.62464152842966669 0.60042122000999243 0.6785038778169159 0.66610492919518915 0.4871822435127221
decision_type=2 2 2 2 2 2 2 2 2 2 2
left_child=1 10 6 -3 -5 8 7 -2 -4 -8 -1
right_child=2 3 5 4 -6 -7 9 -9 -10 -11 -12
leaf_value=-0.0031095526787888518 0.00059989219290510496 0.00013368826057518214 0.001161819185337487 -0.001076858417912313 -0.00040349544446655061 0.0043153061046679762 0.00050939290199907841 -0.00041249309492575329 0.00059687306732641445 0.00028240370191426892 -0.001445314675077597
leaf_weight=32 33 41 39 71 184 44 180 43 70 39 124
leaf_count=32 33 41 39 71 184 44 180 43 70 39 124
internal_value=-0.000555556 -0.0103982 0.009375 -0.00658784 -0.00833333 0.0165033 0.00567797 0.000657895 0.0130734 0.00742009 -0.0176282
internal_weight=900 452 448 296 255 153 295 76 109 219 156
internal_count=900 452 448 296 255 153 295 76 109 219 156
is_linear=0
shrinkage=0.05


Tree=25
num_leaves=12
num_cat=0
split_feature=1 1 0 1 0 1 1 0 1 0 1
split_gain=35.1911 4.69587 4.15951 1.92337 1.79619 4.83366 0.62223 0.924004 0.570165 3.26667 0.787001
threshold=0.60819950863162064 0.54229505910719633 0.66130246817597504 0.73433823272989318 0.5839463926020062 0.59326110550390743 0.50468395134605226 0.50749297034957919 0.6203316838240478 0.5997151743879513 0.66610492919518915
decision_type=2 2 2 2 2 2 2 2 2 2 2
left_child=1 6 8 -4 5 -3 -1 -8 9 -2 -10
right_child=2 4 3 -5 -6 -7 7 -9 10 -11 -12
leaf_value=-0.0023576639353678516 0.00059672748173784105 -0.00057303660388452471 0.0008662914191425509 0.0040995407994345754 -0.00063522172428731594 0.00090693574236874188 -0.00035883428427657129 -0.0015061564468625333 0.00044899984547163433 -0.00051071456505342734 0.0002682835168185571
leaf_weight=64 30 219 109 44 44 33 32 60 196 30 39
leaf_count=64 30 219 109 44 44 33 32 60 196 30 39
internal_value=-0.000444444 -0.0102876 0.00948661 0.0161765 -0.00658784 -0.00496032 -0.0173077 -0.0146739 0.00601695 0.00166667 0.00712766
internal_weight=900 452 448 153 296 252 156 92 295 60 235
internal_count=900 452 448 153 296 252 156 92 295 60 235
is_linear=0
shrinkage=0.05


Tree=26
num_leaves=12
num_cat=0
split_feature=1 1 0 0 1 0 0 1 0 1 0
split_gain=32.4822 4.54243 4.44171 2.19593 1.92337 1.45428 0.535004 0.456079 1.43115 0.421491 0.675
threshold=0.60819950863162064 0.54104024878941603 0.66130246817597504 0.53454856728856892 0.73433823272989318 0.5839463926020062 0.6785038778169159 0.66610492919518915 0.60042122000999243 0.4871822435127221 0.50498516571883456
decision_type=2 2 2 2 2 2 2 2 2 2 2
left_child=1 9 7 -3 6 -5 -4 8 -2 -1 -11
right_child=2 3 4 5 -6 -7 -8 -9 -10 10 -12
leaf_value=-0.0028361918480810156 0.00060171265472805944 0.00028750120506920165 0.0010604136551134846 -0.00048034059668118916 0.0038945637594628491 -0.00060346063807295016 0.00052371484300297038 0.00025486934097763151 0.00016823651858304258 -0.0010515390490379555 -0.0014148224256554211
leaf_weight=32 37 30 39 226 44 44 70 39 219 60 60
leaf_count=32 37 30 39 226 44 44 70 39 219 60 60
internal_value=-0.000277778 -0.00973451 0.00926339 -0.00616667 0.0161765 -0.00759259 0.0126147 0.00567797 0.00644531 -0.0167763 -0.0154167
internal_weight=900 452 448 300 153 270 109 295 256 152 120
internal_count=900 452 448 300 153 270 109 295 256 152 120
is_linear=0
shrinkage=0.05


Tree=27
num_leaves=12
num_cat=0
split_feature=1 0 1 0 1 1 0 1 0 0 0
split_gain=29.1652 4.64747 3.94737 2.00334 3.06213 1.92337 0.535004 0.443059 2.95998 0.895337 0.420505
threshold=0.60849958901343504 0.66130246817597504 0.54104024878941603 0.58833888820480762 0.59326110550390743 0.73433823272989318 0.6785038778169159 0.63176616037248057 0.60645645924628155 0.63054987475206381 0.5138714383717623
decision_type=2 2 2 2 2 2 2 2 2 2 2
left_child=2 7 10 4 -4 6 -3 8 -2 -9 -1
right_child=1 5 3 -5 -6 -7 -8 9 -10 -11 -12
leaf_value=-0.0013580153802050189 0.00050997557643654994 0.0010073929723578123 -0.00052446069180940309 -0.00056246642828146625 0.00047389733211118949 0.003699835571489707 0.00049752910085282265 0.00062513230438686622 -0.00041515937311266963 0.00024958952669389969 -0.0015066902259005144
leaf_weight=119 59 39 224 36 44 44 70 84 52 96 33
leaf_count=119 59 39 224 36 44 44 70 84 52 96 33
internal_value=0 0.00912162 -0.00888158 -0.00559211 -0.00410448 0.0161765 0.0126147 0.00541237 0.00292793 0.00694444 -0.0154605
internal_weight=900 444 456 304 268 153 109 291 111 180 152
internal_count=900 444 456 304 268 153 109 291 111 180 152
is_linear=0
shrinkage=0.05


Tree=28
num_leaves=12
num_cat=0
split_feature=1 0 1 0 0 1 0 1 1 0 0
split_gain=27.0344 4.74971 3.61509 2.02815 1.6423 1.39691 0.67831 0.536045 0.30622 1.13001 0.359854
threshold=0.60819950863162064 0.71614174360998772 0.54104024878941603 0.53454856728856892 0.66130246817597504 0.57995184959271862 0.6785038778169159 0.62138001605485405 0.52040407304027358 0.5138714383717623 0.47411334966051039
decision_type=2 2 2 2 2 2 2 2 2 2 2
left_child=2 4 8 -4 7 -5 -6 -2 10 -10 -1
right_child=1 -3 3 5 6 -7 -8 -9 9 -11 -12
leaf_value=-0.0021407230032568338 7.448137236820696e-06 0.0033748548340796214 0.00029934917940621641 -0.00061834343015988453 0.00095702332373991952 -0.00021184057172723148 0.00053351244782714471 0.00037334357769711057 -0.00025967591862139928 -0.0014313557146054868 -0.0016909218716259389
leaf_weight=39 64 45 30 130 39 140 69 231 31 33 49
leaf_count=39 64 45 30 130 39 140 69 231 31 33 49
internal_value=-0.000222222 0.00848214 -0.00884956 -0.00566667 0.00676179 -0.00703704 0.012037 0.00483051 -0.0151316 -0.0125 -0.0170455
internal_weight=900 448 452 300 403 270 108 295 152 64 88
internal_count=900 448 452 300 403 270 108 295 152 64 88
is_linear=0
shrinkage=0.05


Tree=29
num_leaves=11
num_cat=0
split_feature=1 0 1 0 0 1 1 1 0 1
split_gain=24.0032 4.56573 3.01571 1.9737 1.57211 1.53897 0.6 0.591608 0.4888 1.50521
threshold=0.60819950863162064 0.72724928590674842 0.54104024878941603 0.53454856728856892 0.6601092379141198 0.57995184959271862 0.69245827774891211 0.62464152842966669 0.50749297034957919 0.50468395134605226
decision_type=2 2 2 2 2 2 2 2 2 2
left_child=2 4 8 -4 7 -5 -6 -2 9 -1
right_child=1 -3 3 5 6 -7 -8 -9 -10 -11
leaf_value=-0.0020269130771202212 7.0757303749779954e-06 0.0057026064451931764 0.00028438172043590559 -0.00058742625865189086 0.00068153887204443209 -0.00020124854314087227 0.00082049645447958568 0.00035743758398147364 -0.0012792229382953158 -0.00013586875501930273
leaf_weight=64 76 36 30 130 40 140 80 216 56 32
leaf_count=64 76 36 30 130 40 140 80 216 56 32
internal_value=-0.000277778 0.00792411 -0.00840708 -0.0055 0.00643204 -0.00685185 0.01125 0.00445205 -0.0141447 -0.0119792
internal_weight=900 448 452 300 412 270 120 292 152 96
internal_count=900 448 452 300 412 270 120 292 152 96
is_linear=0
shrinkage=0.05


Tree=30
num_leaves=11
num_cat=0
split_feature=1 0 1 0 1 0 0 1 0 1
split_gain=21.7671 3.45586 3.25276 1.86704 1.84373 1.28078 0.625 0.539414 0.4888 1.50521
threshold=0.60819950863162064 0.72724928590674842 0.54104024878941603 0.53454856728856892 0.57995184959271862 0.6601092379141198 0.67313245111264475 0.62464152842966669 0.50749297034957919 0.50468395134605226
decision_type=2 2 2 2 2 2 2 2 2 2
left_child=2 5 8 -4 -5 7 -7 -2 9 -1
right_child=1 -3 3 4 -6 6 -8 -9 -10 -11
leaf_value=-0.0019255674232642101 6.7219438562304834e-06 0.0054174761229335185 0.00027016263441411169 -0.0005580549457192941 -0.00019118611598382962 0.0013595861855424886 0.00046892081938900988 0.00033956570478240193 -0.001215261791380551 -0.00012907531726834011
leaf_weight=64 76 36 30 130 140 30 90 216 56 32
leaf_count=64 76 36 30 130 140 30 90 216 56 32
internal_value=-0.000444444 0.00736607 -0.00818584 -0.00516667 -0.00648148 0.00606796 0.0104167 0.00428082 -0.0141447 -0.0119792
internal_weight=900 448 452 300 270 412 120 292 152 96
internal_count=900 448 452 300 270 412 120 292 152 96
is_linear=0
shrinkage=0.05


Tree=31
num_leaves=12
num_cat=0
split_feature=1 1 0 1 0 1 0 1 0 1 0
split_gain=20.5354 2.89006 3.1202 2.89986 2.64866 1.4034 0.86965 0.676916 1.5438 0.489629 3.56749
threshold=0.60819950863162064 0.55368093876237545 0.54834700485297538 0.57995184959271862 0.6601092379141198 0.73594397471065265 0.67313245111264475 0.51501691375262848 0.52784727594205672 0.62464152842966669 0.5997151743879513
decision_type=2 2 2 2 2 2 2 2 2 2 2
left_child=1 7 -3 -4 9 6 -6 -1 -9 10 -2
right_child=4 2 3 -5 5 -7 -8 8 -10 -11 -12
leaf_value=-0.0017671422692259382 0.00053707430399730922 0.00032265742548546198 -0.00073084014720211092 -0.00020476747685116425 0.0012916068762653665 0.0029300858816405095 0.00035749470079839423 -0.00054417135363867279 -0.0015446740858555742 0.00032258741954327988 -0.00038959825037169772
leaf_weight=76 31 39 78 139 30 41 85 81 39 216 45
leaf_count=76 31 39 78 139 30 41 85 81 39 216 45
internal_value=-0.000666667 -0.00818584 -0.0046875 -0.00702765 0.00691964 0.0121795 0.00934783 -0.0127551 -0.0104167 0.00410959 0.000657895
internal_weight=900 452 256 217 448 156 115 196 120 292 76
internal_count=900 452 256 217 448 156 115 196 120 292 76
is_linear=0
shrinkage=0.05


Tree=32
num_leaves=12
num_cat=0
split_feature=1 1 0 0 1 1 0 0 1 1 0
split_gain=19.0539 2.57699 2.24458 1.86704 1.84373 1.20641 0.976044 0.563575 1.93711 0.324236 2.81667
threshold=0.60819950863162064 0.54104024878941603 0.6601092379141198 0.53454856728856892 0.57995184959271862 0.73594397471065265 0.67313245111264475 0.5138714383717623 0.52040407304027358 0.6203316838240478 0.5997151743879513
decision_type=2 2 2 2 2 2 2 2 2 2 2
left_child=1 7 9 -3 -5 6 -4 8 -1 10 -2
right_child=2 3 5 4 -6 -7 -8 -9 -10 -11 -12
leaf_value=-0.0014282457684168109 0.00048339069031945182 0.00030887563868076118 0.0012270265324520969 -0.00049361019107322377 -0.00017138843634208201 0.0027835815875584813 0.00033961996575847535 -0.0012078551247094839 -9.475931852460096e-05 0.00028989789115069778 -0.00050067181960654632
leaf_weight=88 30 30 30 130 140 41 85 33 31 232 30
leaf_count=88 30 30 30 130 140 41 85 33 31 232 30
internal_value=-0.000611111 -0.00785398 0.00669643 -0.00516667 -0.00648148 0.0115385 0.00891304 -0.0131579 -0.0115546 0.00410959 0.000833333
internal_weight=900 452 448 300 270 156 115 152 119 292 60
internal_count=900 452 448 300 270 156 115 152 119 292 60
is_linear=0
shrinkage=0.05


Tree=33
num_leaves=11
num_cat=0
split_feature=1 1 0 0 1 1 0 1 0 0
split_gain=17.6304 2.51054 2.05508 1.22561 4.55514 0.929833 0.976044 0.323793 1.51667 0.214549
threshold=0.60819950863162064 0.51119918519055629 0.6601092379141198 0.5839463926020062 0.59326110550390743 0.73594397471065265 0.67313245111264475 0.66267804102767225 0.60042122000999243 0.47411334966051039
decision_type=2 2 2 2 2 2 2 2 2 2
left_child=1 9 7 4 -3 6 -4 8 -2 -1
right_child=2 3 5 -5 -6 -7 -8 -9 -10 -11
leaf_value=-0.0016762934261926321 0.00048605105428147226 -0.00045657002972126495 0.0011656752058294918 -0.00052205182156279115 0.00091093267568105878 0.0026444025081805546 0.00032263896747055103 0.00014550478873630592 6.1741290947395222e-05 -0.0016910044363331045
leaf_weight=39 37 303 30 44 33 41 85 51 204 33
leaf_count=39 37 303 30 44 33 41 85 51 204 33
internal_value=-0.000444444 -0.0074115 0.00658482 -0.00578947 -0.0047619 0.0112179 0.00891304 0.00410959 0.00487552 -0.0159722
internal_weight=900 452 448 380 336 156 115 292 241 72
internal_count=900 452 448 380 336 156 115 292 241 72
is_linear=0
shrinkage=0.05


Tree=34
num_leaves=9
num_cat=0
split_feature=1 1 0 0 1 1 1 0
split_gain=16.797 2.51054 1.87783 1.22561 3.80627 0.982135 1.22013 0.214549
threshold=0.60819950863162064 0.51119918519055629 0.7416483592067501 0.5839463926020062 0.59326110550390743 0.73094233129484543 0.64760462754221082 0.47411334966051039
decision_type=2 2 2 2 2 2 2 2
left_child=1 7 5 4 -3 6 -2 -1
right_child=2 3 -4 -5 -6 -7 -8 -9
leaf_value=-0.0015924787548829977 6.3384884742334613e-05 -0.00043374152823520419 0.022325567988583601 -0.00049594923048464914 0.00086538604189700388 -0.00025322024208258577 0.0004992227135956484 -0.0016064542145164508
leaf_weight=39 193 303 30 44 33 30 195 33
leaf_count=39 193 303 30 44 33 30 195 33
internal_value=-0.000611111 -0.0074115 0.00625 -0.00578947 -0.0047619 0.00538278 0.0060567 -0.0159722
internal_weight=900 452 448 380 336 418 388 72
internal_count=900 452 448 380 336 418 388 72
is_linear=0
shrinkage=0.05


Tree=35
num_leaves=12
num_cat=0
split_feature=1 1 0 1 0 0 1 0 0 0 1
split_gain=15.1953 2.24067 1.89825 1.03351 4.3054 2.60814 0.857106 0.785678 0.326729 0.236286 2.90363
threshold=0.60819950863162064 0.51119918519055629 0.6601092379141198 0.5853731208284213 0.57525163732164086 0.55885131267300003 0.73594397471065265 0.67313245111264475 0.47411334966051039 0.63054987475206381 0.65620360331807392
decision_type=2 2 2 2 2 2 2 2 2 2 2
left_child=1 8 9 5 -5 -3 7 -4 -1 -2 -11
right_child=2 3 6 4 -6 -7 -8 -9 -10 10 -12
leaf_value=-0.001512854817138848 0.00017773049546119247 -0.0003819919734299987 0.0010824303098582401 0.00038850481599847497 -0.00030463866618834215 -0.0007546091475515188 0.0020123507381678953 0.00028154588341724465 -0.0015261315037906288 -0.00046149442719730098 0.00060078023369500863
leaf_weight=39 199 208 30 34 82 56 41 85 33 34 59
leaf_count=39 199 208 30 34 82 56 41 85 33 34 59
internal_value=-0.000722222 -0.00719027 0.00580357 -0.00565789 -0.00172414 -0.00738636 0.0102564 0.00804348 -0.0152778 0.00342466 0.00134409
internal_weight=900 452 448 380 116 264 156 115 72 292 93
internal_count=900 452 448 380 116 264 156 115 72 292 93
is_linear=0
shrinkage=0.05


Tree=36
num_leaves=12
num_cat=0
split_feature=1 1 0 1 0 0 0 0 0 1 0
split_gain=13.9248 2.42832 1.8162 0.920458 4.46647 2.76824 0.673077 1.09375 0.326729 0.269909 3.10141
threshold=0.60819950863162064 0.51119918519055629 0.6601092379141198 0.57532612863082744 0.56721421492838064 0.54975243375952876 0.7416483592067501 0.7035753984914469 0.47411334966051039 0.63282833507244829 0.60645645924628155
decision_type=2 2 2 2 2 2 2 2 2 2 2
left_child=1 8 9 5 -5 -3 7 -4 -1 10 -2
right_child=2 3 6 4 -6 -7 -8 -9 -10 -11 -12
leaf_value=-0.0014372120762819074 0.00041578756948482679 -0.00035578539667001087 0.00056318285612382002 0.00073593188187162379 -0.00028171111332877532 -0.00071246381848222295 0.021108672052246025 7.4447762287463418e-05 -0.0014498249286010957 0.00035844634571864935 -0.00028663544342639736
leaf_weight=39 63 167 96 30 134 49 30 30 33 171 58
leaf_count=39 63 167 96 30 134 49 30 30 33 171 58
internal_value=-0.000666667 -0.00685841 0.00558036 -0.00526316 -0.00243902 -0.00740741 0.0099359 0.00833333 -0.0152778 0.00325342 0.00144628
internal_weight=900 452 448 380 164 216 156 126 72 292 121
internal_count=900 452 448 380 164 216 156 126 72 292 121
is_linear=0
shrinkage=0.05


Tree=37
num_leaves=10
num_cat=0
split_feature=1 1 0 0 1 1 1 1 0
split_gain=12.7959 2.18043 3.54201 1.42917 3.30994 1.36398 1.31959 0.821823 1.93889
threshold=0.5853731208284213 0.62464152842966669 0.57382372208435484 0.55885131267300003 0.56544995465341696 0.59849696296307842 0.4871822435127221 0.75187372991695456 0.61293501030676201
decision_type=2 2 2 2 2 2 2 2 2
left_child=3 2 -2 4 6 -4 -1 8 -3
right_child=1 7 5 -5 -6 -7 -8 -9 -10
leaf_value=-0.0018511099558776946 0.00092593042696232644 0.00089010198168154033 -0.00057886831638240819 -0.00069621988993487935 0.00066101035507473151 -1.191176664325222e-05 -0.00067985209710612067 -4.0125073849550667e-05 0.00031249459125527458
leaf_weight=32 30 31 41 56 32 121 216 45 296
leaf_count=32 30 31 41 56 32 121 216 45 296
internal_value=-0.00105556 0.0035461 -0.00078125 -0.00877976 -0.00732143 -0.0037037 -0.00927419 0.00577957 0.00665138
internal_weight=900 564 192 336 280 162 248 372 327
internal_count=900 564 192 336 280 162 248 372 327
is_linear=0
shrinkage=0.05


Tree=38
num_leaves=10
num_cat=0
split_feature=1 1 0 1 1 0 1 1 0
split_gain=11.0703 2.11506 3.22311 1.57926 1.55493 1.42871 2.58247 0.866298 1.57822
threshold=0.5853731208284213 0.63282833507244829 0.57382372208435484 0.4871822435127221 0.5974021595584037 0.55885131267300003 0.56544995465341696 0.75187372991695456 0.63005146017771219
decision_type=2 2 2 2 2 2 2 2 2
left_child=3 2 -2 -1 -4 6 -5 8 -3
right_child=1 7 4 5 -6 -7 -8 -9 -10
leaf_value=-0.001758554458083811 0.00087963390561421057 0.0010833369851593944 -0.00059954621545282307 -0.00064585949225081654 -7.1534534681338977e-07 -0.00066140889543813699 0.00062795983732099605 -3.8118820157073688e-05 0.00029373333414024484
leaf_weight=32 30 63 35 216 172 56 32 45 219
leaf_count=32 30 63 35 216 172 56 32 45 219
internal_value=-0.001 0.00328014 -0.000316456 -0.00818452 -0.00253623 -0.00707237 -0.00544355 0.00588685 0.00691489
internal_weight=900 564 237 336 207 304 248 327 282
internal_count=900 564 237 336 207 304 248 327 282
is_linear=0
shrinkage=0.05


Tree=39
num_leaves=10
num_cat=0
split_feature=1 1 1 0 1 0 1 1 0
split_gain=9.93326 1.84953 1.78075 2.47005 1.23698 0.879274 2.69297 0.874668 2.36347
threshold=0.59197920020506622 0.4871822435127221 0.63767090966571094 0.5839463926020062 0.60819950863162064 0.56721421492838064 0.57428973916796633 0.75187372991695456 0.63005146017771219
decision_type=2 2 2 2 2 2 2 2 2
left_child=1 -1 3 -2 -5 6 -3 8 -4
right_child=2 5 7 4 -6 -7 -8 -9 -10
leaf_value=-0.00167062673517962 0.00091835134336519801 -0.00053752840829355837 0.0010865734810423134 -0.00036802585695223103 -2.7330641671485803e-07 -0.00050441137183433466 0.0004007160401198029 -3.6212879149222224e-05 0.0002790466674332304
leaf_weight=32 40 252 42 43 139 57 31 45 219
leaf_count=32 40 252 42 43 139 57 31 45 219
internal_value=-0.001 -0.00725806 0.00340909 0 -0.00247253 -0.00617647 -0.00503534 0.00588235 0.00699234
internal_weight=900 372 528 222 182 340 283 306 261
internal_count=900 372 528 222 182 340 283 306 261
is_linear=0
shrinkage=0.05


Tree=40
num_leaves=11
num_cat=0
split_feature=1 1 0 1 1 0 1 1 0 1
split_gain=9.82642 2.15525 1.9329 2.32049 1.34089 3.44045 1.60053 0.874668 2.36347 0.395425
threshold=0.60460407172077235 0.50784004989673692 0.58189582909572735 0.5853731208284213 0.63767090966571094 0.59472180839682298 0.61594927768509034 0.75187372991695456 0.63005146017771219 0.4871822435127221
decision_type=2 2 2 2 2 2 2 2 2 2
left_child=1 9 3 -3 5 -2 -7 8 -6 -1
right_child=4 2 -4 -5 7 6 -8 -9 -10 -11
leaf_value=-0.0015870953984206404 0.00083699662501281473 -0.00036590010118952025 -0.00082208840215649561 0.00019499057808788635 0.0010322448069901957 -0.0006252532550612977 -2.5964109587883757e-07 -3.4402235191760558e-05 0.00026509433406156634 -0.0010087177571557638
leaf_weight=32 31 267 31 62 42 30 105 45 219 36
leaf_count=32 31 267 31 62 42 30 105 45 219 36
internal_value=-0.00105556 -0.00654206 -0.005 -0.00387538 0.00391949 0.000301205 -0.00314815 0.00588235 0.00699234 -0.0147059
internal_weight=900 428 360 329 472 166 135 306 261 68
internal_count=900 428 360 329 472 166 135 306 261 68
is_linear=0
shrinkage=0.05


Tree=41
num_leaves=11
num_cat=0
split_feature=1 1 0 1 0 0 1 0 1 0
split_gain=8.35716 2.15237 2.11751 2.33556 1.40627 0.793407 0.693913 0.654357 2.86251 0.250204
threshold=0.61276453727864066 0.50784004989673692 0.59271296263859818 0.60003621966905829 0.6601092379141198 0.67313245111264475 0.70601705525831349 0.60645645924628155 0.63024457374338971 0.47210282998746428
decision_type=2 2 2 2 2 2 2 2 2 2
left_child=1 9 3 -3 7 -6 -7 -2 -9 -1
right_child=4 2 -4 -5 5 6 -8 8 -10 -11
leaf_value=-0.0013624461067809292 0.00044160194292152403 -0.00026207645796506862 -0.00072094813646388371 0.00037737941567186353 0.0009426312052146224 3.4926772031718127e-05 0.00080743849956874678 -0.000384766290821742 0.00023115752752868592 -0.0010960371440706218
leaf_weight=36 52 340 31 41 30 41 85 43 169 32
leaf_count=36 52 340 31 41 30 41 85 43 169 32
internal_value=-0.00122222 -0.00572917 -0.00436893 -0.00334646 0.00392857 0.00769231 0.00595238 0.00170455 0.000471698 -0.0139706
internal_weight=900 480 412 381 420 156 126 264 212 68
internal_count=900 480 412 381 420 156 126 264 212 68
is_linear=0
shrinkage=0.05


Tree=42
num_leaves=12
num_cat=0
split_feature=1 1 0 1 0 0 1 0 1 0 1
split_gain=7.3105 1.28403 1.38372 1.24361 0.96804 0.727793 1.88521 0.667063 0.593407 0.586325 0.631057
threshold=0.61276453727864066 0.5292117733921603 0.59271296263859818 0.60003621966905829 0.6601092379141198 0.60721094057294256 0.63936321592770518 0.49997707701748567 0.4871822435127221 0.67313245111264475 0.71511347557433635
decision_type=2 2 2 2 2 2 2 2 2 2 2
left_child=1 7 3 -3 5 -2 -7 8 -1 -6 -11
right_child=4 2 -4 -5 9 6 -8 -9 -10 10 -12
leaf_value=-0.0014396183231605631 0.00041952184577544741 -0.00021341561745800985 -0.00068490072964069173 0.00035851044488827144 0.0008954996449538899 -0.00014228374566689907 0.00030654660697667648 -0.00086957175788987822 -0.00045347259292247144 4.4301067156859997e-05 0.0010472361673523917
leaf_weight=32 56 288 31 41 30 83 125 36 52 58 68
leaf_count=32 56 288 31 41 30 83 125 36 52 58 68
internal_value=-0.000888889 -0.00510417 -0.00361111 -0.00265957 0.00392857 0.00208333 0.000721154 -0.00958333 -0.00714286 0.00705128 0.00555556
internal_weight=900 480 360 329 420 264 208 120 84 156 126
internal_count=900 480 360 329 420 264 208 120 84 156 126
is_linear=0
shrinkage=0.05


Tree=43
num_leaves=11
num_cat=0
split_feature=1 1 0 1 0 0 1 0 1 0
split_gain=6.95365 1.15203 1.2629 1.39197 1.04326 0.605973 2.26104 0.586325 0.631057 0.222426
threshold=0.61276453727864066 0.50784004989673692 0.59271296263859818 0.60003621966905829 0.6601092379141198 0.60645645924628155 0.62886358559877054 0.67313245111264475 0.71511347557433635 0.47210282998746428
decision_type=2 2 2 2 2 2 2 2 2 2
left_child=1 9 3 -3 5 -2 -7 -6 -9 -1
right_child=4 2 -4 -5 7 6 -8 8 -10 -11
leaf_value=-0.0012428252808428686 0.00039854575348667598 -0.00023830185419391472 -0.00065065569315865828 0.00034058492264386068 0.00085072466270619262 -0.00046231966977497153 0.00021326547775610551 4.2086013799019778e-05 0.00099487435898477374 -0.0010185616572209678
leaf_weight=36 52 340 31 41 30 40 172 58 68 32
leaf_count=36 52 340 31 41 30 40 172 58 68 32
internal_value=-0.000888889 -0.005 -0.00400485 -0.00321522 0.00380952 0.00189394 0.000707547 0.00705128 0.00555556 -0.0110294
internal_weight=900 480 412 381 420 264 212 156 126 68
internal_count=900 480 412 381 420 264 212 156 126 68
is_linear=0
shrinkage=0.05


Tree=44
num_leaves=12
num_cat=0
split_feature=1 1 0 1 0 1 0 0 1 0 1
split_gain=6.90871 1.16969 4.01925 1.84915 0.979125 1.66398 0.659031 0.803474 2.80167 0.64768 0.507107
threshold=0.61997280401981703 0.55368093876237545 0.54588130252051503 0.5694336914169541 0.52784727594205672 0.5292117733921603 0.6601092379141198 0.61973745944545899 0.63936321592770518 0.67313245111264475 0.71511347557433635
decision_type=2 2 2 2 2 2 2 2 2 2 2
left_child=1 4 -3 -4 5 -1 7 -2 -9 -8 -11
right_child=6 2 3 -5 -6 -7 9 8 -10 10 -12
leaf_value=-0.00075751005113033074 0.00028161576819805967 0.00055927900190329012 -0.0006991739959453791 -8.3919299692547533e-05 -0.0012142087241834632 0.00023305746047885822 0.00080818842957088304 -0.00038713925641228886 0.00025742659521139081 3.9981713109066286e-05 0.00094513064103553257
leaf_weight=120 86 32 39 241 39 37 30 30 120 58 68
leaf_count=120 86 32 39 241 39 37 30 30 120 58 68
internal_value=-0.000777778 -0.00462598 -0.00272436 -0.00464286 -0.00765306 -0.00589172 0.00420918 0.00254237 0.000333333 0.00673077 0.00515873
internal_weight=900 508 312 280 196 157 392 236 150 156 126
internal_count=900 508 312 280 196 157 392 236 150 156 126
is_linear=0
shrinkage=0.05


Tree=45
num_leaves=12
num_cat=0
split_feature=1 1 0 1 0 1 0 0 0 1 1
split_gain=5.98965 1.247 3.94288 1.46719 0.979125 1.66398 0.592423 0.779548 0.739062 2.66667 0.357542
threshold=0.61997280401981703 0.55368093876237545 0.54588130252051503 0.5694336914169541 0.52784727594205672 0.5292117733921603 0.6601092379141198 0.67313245111264475 0.61973745944545899 0.63936321592770518 0.71908889045846924
decision_type=2 2 2 2 2 2 2 2 2 2 2
left_child=1 4 -3 -4 5 -1 8 -8 -2 -10 -9
right_child=6 2 3 -5 -6 -7 7 10 9 -11 -12
leaf_value=-0.00071963454857381379 0.00026753497978815598 0.00053131505180812331 -0.00066421529614810746 -7.9723334707920704e-05 -0.0011534982879742917 0.00022140458745491533 0.00076777900809233974 3.9921165652695438e-05 -0.00036778229359167304 0.00024455526545081875 0.00091584488103566009
leaf_weight=120 86 32 39 241 39 37 30 67 30 120 59
leaf_count=120 86 32 39 241 39 37 30 67 30 120 59
internal_value=-0.000944444 -0.00452756 -0.0025641 -0.00446429 -0.00765306 -0.00589172 0.00369898 0.00608974 0.00211864 0 0.00436508
internal_weight=900 508 312 280 196 157 392 156 236 150 126
internal_count=900 508 312 280 196 157 392 156 236 150 126
is_linear=0
shrinkage=0.05


Tree=46
num_leaves=12
num_cat=0
split_feature=1 1 0 1 0 1 0 0 1 0 0
split_gain=5.0043 1.00949 3.23663 1.526 1.1251 1.44318 0.690162 0.51728 1.48599 0.731438 0.437781
threshold=0.61997280401981703 0.55368093876237545 0.54588130252051503 0.5694336914169541 0.52784727594205672 0.5292117733921603 0.6601092379141198 0.69828673348179526 0.69245827774891211 0.72377146229857081 0.60895139160511735
decision_type=2 2 2 2 2 2 2 2 2 2 2
left_child=1 4 -3 -4 5 -1 10 8 -8 -9 -2
right_child=6 2 3 -5 -6 -7 7 9 -10 -11 -12
leaf_value=-0.00068365282114512269 0.00061974244299728702 0.00050474929921771612 -0.00063100453134070093 -7.5737167972522729e-05 -0.0010958233735755775 0.0002103343580821704 4.1734997383857664e-05 -3.8490497324655815e-05 0.00081497156801222943 0.0030940270760717427 2.7003592800917131e-05
leaf_weight=120 40 32 39 241 39 37 40 30 47 39 196
leaf_count=120 40 32 39 241 39 37 40 30 47 39 196
internal_value=-0.00105556 -0.00433071 -0.0025641 -0.00428571 -0.00714286 -0.00525478 0.00318878 0.00576923 0.00833333 0.00253623 0.00148305
internal_weight=900 508 312 280 196 157 392 156 87 69 236
internal_count=900 508 312 280 196 157 392 156 87 69 236
is_linear=0
shrinkage=0.05


Tree=47
num_leaves=10
num_cat=0
split_feature=1 1 0 1 0 1 1 0 1
split_gain=4.15603 1.12511 3.23663 1.526 1.05085 1.11851 0.803882 2.35114 2.367
threshold=0.61997280401981703 0.55368093876237545 0.54588130252051503 0.5694336914169541 0.52784727594205672 0.5292117733921603 0.737381268077272 0.60985255141299477 0.63936321592770518
decision_type=2 2 2 2 2 2 2 2 2
left_child=1 4 -3 -4 5 -1 7 -2 -9
right_child=6 2 3 -5 -6 -7 -8 8 -10
leaf_value=-0.00064947018008786614 0.00090918586058695572 0.00047951183425682943 -0.00059945430477366672 -7.1950309573898255e-05 -0.0010410322048967969 0.00019981764017806272 -0.00014293178696341282 -0.00010943693441120561 0.00024845953314680538
leaf_weight=120 30 32 39 241 39 37 51 69 242
leaf_count=120 30 32 39 241 39 37 51 69 242
internal_value=-0.00144444 -0.00442913 -0.0025641 -0.00428571 -0.00739796 -0.00557325 0.00242347 0.00329912 0.00200965
internal_weight=900 508 312 280 196 157 392 341 311
internal_count=900 508 312 280 196 157 392 341 311
is_linear=0
shrinkage=0.05


Tree=48
num_leaves=8
num_cat=0
split_feature=1 0 1 0 1 0 1
split_gain=3.80643 1.15509 1.53367 1.38565 0.721478 2.62161 3.08676
threshold=0.61276453727864066 0.59271296263859818 0.60003621966905829 0.5790682771877026 0.737381268077272 0.60645645924628155 0.63024457374338971
decision_type=2 2 2 2 2 2 2
left_child=1 2 3 -1 5 -2 -7
right_child=4 -3 -4 -5 -6 6 -8
leaf_value=-0.00021406860165264219 0.00070669396414701493 -0.00060255640290338142 0.00033912218210900851 -0.00067126914482825708 -0.00013578519761524023 -0.00035863367582735786 0.00020856244451641914
leaf_weight=378 40 31 41 30 51 43 286
leaf_count=378 40 31 41 30 51 43 286
internal_value=-0.00133333 -0.004375 -0.00373051 -0.00465686 0.00214286 0.00291328 0.00144377
internal_weight=900 480 449 408 420 369 329
internal_count=900 480 449 408 420 369 329
is_linear=0
shrinkage=0.05


Tree=49
num_leaves=8
num_cat=0
split_feature=1 0 1 0 1 0 1
split_gain=3.47346 1.34207 3.09178 0.994841 0.68134 1.67483 3.208
threshold=0.60819950863162064 0.5839463926020062 0.59326110550390743 0.57239151068458194 0.737381268077272 0.60042122000999243 0.62138001605485405
decision_type=2 2 2 2 2 2 2
left_child=1 2 3 -1 5 -2 -7
right_child=4 -3 -4 -5 -6 6 -8
leaf_value=-0.00025622052692496621 0.00034680968733892818 -0.00035759991221386846 0.00090956597511142605 -0.00044244814066938534 -0.00012899593773447738 -0.00047481798252809739 0.00018112419458435892
leaf_weight=345 37 44 33 30 51 31 329
leaf_count=345 37 44 33 30 51 31 329
internal_value=-0.00111111 -0.00420354 -0.00330882 -0.0046 0.00200893 0.00270781 0.00166667
internal_weight=900 452 408 375 448 397 360
internal_count=900 452 408 375 448 397 360
is_linear=0
shrinkage=0.05


Tree=50
num_leaves=9
num_cat=0
split_feature=1 1 0 1 1 0 1 0
split_gain=3.47057 1.02756 1.16952 1.85592 0.803882 2.35114 1.60164 0.20915
threshold=0.61997280401981703 0.50784004989673692 0.50956758487434761 0.54104024878941603 0.737381268077272 0.60985255141299477 0.63936321592770518 0.47210282998746428
decision_type=2 2 2 2 2 2 2 2
left_child=1 7 -3 -4 5 -2 -7 -1
right_child=4 2 3 -5 -6 6 -8 -9
leaf_value=-0.0010166561803249875 0.00087260204161975505 0.00034331889879469227 -0.00072566192375658485 -8.444540726476325e-05 -0.00012254614084775128 -0.00012344941964568257 0.00021655222453442757 -0.00080360573788418321
leaf_weight=36 30 32 52 356 51 69 242 32
leaf_count=36 30 32 52 356 51 69 242 32
internal_value=-0.00111111 -0.00383858 -0.00295455 -0.00367647 0.00242347 0.00329912 0.00200965 -0.00955882
internal_weight=900 508 440 408 392 341 311 68
internal_count=900 508 440 408 392 341 311 68
is_linear=0
shrinkage=0.05


Tree=51
num_leaves=10
num_cat=0
split_feature=1 1 0 0 1 1 1 0 1
split_gain=3.08976 0.870594 2.36827 1.49154 2.29688 1.33029 0.735356 1.89284 1.52592
threshold=0.61997280401981703 0.54104024878941603 0.53794693496047297 0.50749297034957919 0.50468395134605226 0.56011460921138356 0.737381268077272 0.60985255141299477 0.63936321592770518
decision_type=2 2 2 2 2 2 2 2 2
left_child=1 3 -3 4 -1 -4 7 -2 -9
right_child=6 2 5 -5 -6 -7 -8 8 -10
leaf_value=-0.00076342545098997407 0.00082897193953876684 0.00050043293014970789 -0.00093969163263440958 -0.00068937882756875683 0.0004328967888013902 -7.1126175893831967e-05 -0.00011641883380536511 -0.00011727694866339733 0.0002057246133077062
leaf_weight=64 30 45 37 56 32 274 51 69 242
leaf_count=64 30 45 37 56 32 274 51 69 242
internal_value=-0.00116667 -0.00374016 -0.00238764 -0.00690789 -0.003125 -0.00393891 0.00216837 0.00300587 0.00184887
internal_weight=900 508 356 152 96 311 392 341 311
internal_count=900 508 356 152 96 311 392 341 311
is_linear=0
shrinkage=0.05


Tree=52
num_leaves=8
num_cat=0
split_feature=1 0 1 0 1 0 1
split_gain=2.73108 0.821297 1.19135 1.58594 0.669882 1.98653 1.37998
threshold=0.61997280401981703 0.59886539720433396 0.60662447801960173 0.5839463926020062 0.737381268077272 0.60985255141299477 0.63936321592770518
decision_type=2 2 2 2 2 2 2
left_child=1 2 3 -1 5 -2 -7
right_child=4 -3 -4 -5 -6 6 -8
leaf_value=-0.00017561951016472623 0.00078752334256182725 -0.00037907210900895442 0.00018458135285678303 -0.00033194133744525179 -0.00011059789211509408 -0.00011141310123022886 0.00019543838264232118
leaf_weight=408 30 30 34 36 51 69 242
leaf_count=408 30 30 34 36 51 69 242
internal_value=-0.00122222 -0.00364173 -0.00313808 -0.00382883 0.00191327 0.00271261 0.00152733
internal_weight=900 508 478 444 392 341 311
internal_count=900 508 478 444 392 341 311
is_linear=0
shrinkage=0.05


Tree=53
num_leaves=8
num_cat=0
split_feature=1 0 1 0 1 0 1
split_gain=2.55716 1.39875 1.60683 1.34594 0.66116 2.74048 2.26034
threshold=0.61276453727864066 0.59271296263859818 0.60003621966905829 0.57382372208435484 0.737381268077272 0.60645645924628155 0.62886358559877054
decision_type=2 2 2 2 2 2 2
left_child=1 2 3 -1 5 -2 -7
right_child=4 -3 -4 -5 -6 6 -8
leaf_value=-0.00016181063350382275 0.00055424674445223867 -0.00059121955561007306 0.00034243189221402903 -0.00045345627113240199 -0.00010506799750933937 -0.00039114089539201428 0.00015927740976935946
leaf_weight=357 40 31 41 51 51 40 289
leaf_count=357 40 31 41 51 51 40 289
internal_value=-0.000944444 -0.0034375 -0.00272829 -0.00367647 0.00190476 0.00264228 0.00113982
internal_weight=900 480 449 408 420 369 329
internal_count=900 480 449 408 420 369 329
is_linear=0
shrinkage=0.05


Tree=54
num_leaves=10
num_cat=0
split_feature=1 1 0 0 1 1 1 0 1
split_gain=2.44846 0.90655 2.18577 1.64669 2.08333 1.17772 0.669882 1.55977 1.84184
threshold=0.61997280401981703 0.54104024878941603 0.53794693496047297 0.50749297034957919 0.50468395134605226 0.5694336914169541 0.737381268077272 0.61293501030676201 0.63767090966571094
decision_type=2 2 2 2 2 2 2 2 2
left_child=1 3 -3 4 -1 -4 7 -2 -9
right_child=6 2 5 -5 -6 -7 -8 8 -10
leaf_value=-0.00070838267125704628 0.0005086808331242809 0.00049228279082565445 -0.0004964961914290855 -0.00063803837900688616 0.00042812345654474893 -4.1554635295615318e-05 -9.9814597633873803e-05 -0.00030531604032051909 0.00017054163036115679
leaf_weight=64 47 45 67 56 32 244 51 42 252
leaf_count=64 47 45 67 56 32 244 51 42 252
internal_value=-0.00105556 -0.00334646 -0.00196629 -0.00657895 -0.00260417 -0.00345659 0.00191327 0.00271261 0.00136054
internal_weight=900 508 356 152 96 311 392 341 294
internal_count=900 508 356 152 96 311 392 341 294
is_linear=0
shrinkage=0.05


Tree=55
num_leaves=8
num_cat=0
split_feature=1 0 1 0 1 1 0
split_gain=2.51706 2.19685 2.39887 1.44747 1.62515 0.906463 0.461446
threshold=0.55368093876237545 0.54504748033801775 0.5694336914169541 0.52784727594205672 0.52710331900708562 0.62138001605485405 0.49356372979911672
decision_type=2 2 2 2 2 2 2
left_child=3 -2 -3 4 6 -4 -1
right_child=1 2 5 -5 -6 -7 -8
leaf_value=-0.0004161573222826731 0.00056442915384884444 -0.00048043025771448978 -4.957251398476914e-05 -0.00087256296947323402 0.00012885324791093723 0.00010328985229614563 -0.00057973203621192182
leaf_weight=67 33 42 249 39 49 380 41
leaf_count=67 33 42 249 39 49 380 41
internal_value=-0.00111111 0.000284091 -0.00033532 -0.00612245 -0.00398089 0.000437202 -0.00740741
internal_weight=900 704 671 196 157 629 108
internal_count=900 704 671 196 157 629 108
is_linear=0
shrinkage=0.05


Tree=56
num_leaves=8
num_cat=0
split_feature=1 0 1 1 0 1 0
split_gain=2.18379 2.17214 1.95841 0.906463 0.839938 1.46919 0.954735
threshold=0.55368093876237545 0.54504748033801775 0.5694336914169541 0.62138001605485405 0.52784727594205672 0.5292117733921603 0.5022962110734136
decision_type=2 2 2 2 2 2 2
left_child=4 -2 -3 -4 5 6 -1
right_child=1 2 3 -5 -6 -7 -8
leaf_value=-0.00035857295282441527 0.00053620769615640447 -0.00045640874482876518 -4.7093888285532076e-05 9.8125359681339183e-05 -0.00082893482099957174 0.00020818859363220255 -0.00057986910512391467
leaf_weight=88 33 42 249 380 39 37 32
leaf_count=88 33 42 249 380 39 37 32
internal_value=-0.000944444 0.000355114 -0.000260805 0.000437202 -0.00561224 -0.00398089 -0.00666667
internal_weight=900 704 671 629 196 157 120
internal_count=900 704 671 629 196 157 120
is_linear=0
shrinkage=0.05


Tree=57
num_leaves=8
num_cat=0
split_feature=1 0 1 1 0 1 0
split_gain=2.18379 2.17214 1.95841 0.906463 0.839938 1.21566 0.345338
threshold=0.55368093876237545 0.54504748033801775 0.5694336914169541 0.62138001605485405 0.52784727594205672 0.52710331900708562 0.47916574904374909
decision_type=2 2 2 2 2 2 2
left_child=4 -2 -3 -4 5 6 -1
right_child=1 2 3 -5 -6 -7 -8
leaf_value=-0.00022116683564538109 0.0005093973113485861 -0.00043358830758732648 -4.4739193871257135e-05 9.3219091697271944e-05 -0.00078748807994959429 0.00011200115583377968 -0.00052175197914512976
leaf_weight=47 33 42 249 380 39 49 61
leaf_count=47 33 42 249 380 39 49 61
internal_value=-0.000944444 0.000355114 -0.000260805 0.000437202 -0.00561224 -0.00398089 -0.00694444
internal_weight=900 704 671 629 196 157 108
internal_count=900 704 671 629 196 157 108
is_linear=0
shrinkage=0.05


Tree=58
num_leaves=9
num_cat=0
split_feature=1 0 1 0 0 0 1 0
split_gain=2.00107 1.67835 1.69684 1.74107 1.52443 0.906459 1.10001 0.486197
threshold=0.55368093876237545 0.54504748033801775 0.5853731208284213 0.55945022956928303 0.57382372208435484 0.52784727594205672 0.52710331900708562 0.47916574904374909
decision_type=2 2 2 2 2 2 2 2
left_child=5 -2 3 -3 -4 6 7 -1
right_child=1 2 4 -5 -6 -7 -8 -9
leaf_value=-0.00021010849386311482 0.0004839274457811571 -1.3396830241679814e-06 0.00036883224937196983 -0.0004887935873820582 8.6780235909578181e-06 -0.00074811367595211677 0.00010640109804209154 -0.00049566438018787135
leaf_weight=47 33 60 33 52 526 39 49 61
leaf_count=47 33 60 33 52 526 39 49 61
internal_value=-0.000888889 0.000355114 -0.000186289 -0.00580357 0.000939177 -0.00535714 -0.00366242 -0.00648148
internal_weight=900 704 671 112 559 196 157 108
internal_count=900 704 671 112 559 196 157 108
is_linear=0
shrinkage=0.05


Tree=59
num_leaves=9
num_cat=0
split_feature=1 0 1 0 0 1 1 0
split_gain=1.95162 1.70007 1.58013 1.32249 0.906459 1.10001 0.499403 0.486197
threshold=0.55368093876237545 0.54504748033801775 0.62886358559877054 0.60645645924628155 0.52784727594205672 0.52710331900708562 0.737381268077272 0.47916574904374909
decision_type=2 2 2 2 2 2 2 2
left_child=4 -2 3 -3 5 7 -4 -1
right_child=1 2 6 -5 -6 -7 -8 -9
leaf_value=-0.00019960306916995686 0.00045973107349209789 -3.2165576046327969e-05 0.00014917281943974405 -0.00038752662443600487 -0.00071070799215451348 0.0001010810431399889 -8.5529216790708473e-05 -0.0004708811611784769
leaf_weight=47 33 290 294 40 39 49 47 61
leaf_count=47 33 290 294 40 39 49 47 61
internal_value=-0.000944444 0.000284091 -0.000260805 -0.00272727 -0.00535714 -0.00366242 0.0021261 -0.00648148
internal_weight=900 704 671 330 196 157 341 108
internal_count=900 704 671 330 196 157 341 108
is_linear=0
shrinkage=0.05


Tree=60
num_leaves=8
num_cat=0
split_feature=1 0 1 0 0 1 0
split_gain=1.78742 1.50418 3.15493 1.23469 0.800482 1.84607 0.784719
threshold=0.5853731208284213 0.55945022956928303 0.56722331098909329 0.53794693496047297 0.57382372208435484 0.5974021595584037 0.58955879413474788
decision_type=2 2 2 2 2 2 2
left_child=1 2 3 -1 -2 -6 -7
right_child=4 -3 -4 -5 5 6 -8
leaf_value=-0.00017752387041819752 0.00032416270472229725 -0.00046274562921063691 0.00074472599443640162 -0.00042128694603057738 -0.00037083975349161972 0.000674213092960535 1.9668581205434246e-05
leaf_weight=196 38 52 32 56 35 31 460
leaf_count=196 38 52 32 56 35 31 460
internal_value=-0.000833333 -0.00372024 -0.00228873 -0.00416667 0.000886525 0.000380228 0.00117108
internal_weight=900 336 284 252 564 526 491
internal_count=900 336 284 252 564 526 491
is_linear=0
shrinkage=0.05


Tree=61
num_leaves=9
num_cat=0
split_feature=1 0 0 1 0 1 0 0
split_gain=1.69557 1.54156 1.32327 1.25395 1.47613 1.02007 0.990744 0.0988562
threshold=0.54104024878941603 0.53454856728856892 0.51533429565009692 0.5694336914169541 0.55945022956928303 0.50784004989673692 0.54920612339136576 0.47210282998746428
decision_type=2 2 2 2 2 2 2 2
left_child=2 -2 5 6 -5 7 -3 -1
right_child=1 3 -4 4 -6 -7 -8 -9
leaf_value=-0.00079620483080276589 0.0008148362901886447 -0.00010431406843920411 -0.0007107053609119369 0.00072570934450629789 -1.356865056839629e-06 4.5201534783001489e-05 -0.00044130210169427146 -0.00056506523543635727
leaf_weight=36 32 52 30 32 602 54 30 32
leaf_count=36 32 52 30 32 602 54 30 32
internal_value=-0.000777778 0.000200535 -0.00559211 -0.00027933 0.000473186 -0.00327869 -0.00609756 -0.00735294
internal_weight=900 748 152 716 634 122 82 68
internal_count=900 748 152 716 634 122 82 68
is_linear=0
shrinkage=0.05


Tree=62
num_leaves=8
num_cat=0
split_feature=1 0 1 0 1 0 0
split_gain=1.65957 1.67835 1.56259 1.04711 1.23997 0.868574 0.375541
threshold=0.55368093876237545 0.54504748033801775 0.5694336914169541 0.52784727594205672 0.52710331900708562 0.5612016577610287 0.47916574904374909
decision_type=2 2 2 2 2 2 2
left_child=3 -2 -3 4 6 -4 -1
right_child=1 2 5 -5 -6 -7 -8
leaf_value=-0.00015249346041872893 0.00046302457054098748 -0.0003815626960683244 0.00044540663389475713 -0.00064894645736961469 0.00012010732817946957 -9.6400129628859691e-09 -0.00043653674027456236
leaf_weight=47 33 42 33 39 49 596 61
leaf_count=47 33 42 33 39 49 596 61
internal_value=-0.000777778 0.000355114 -0.000186289 -0.00484694 -0.00302548 0.000437202 -0.00601852
internal_weight=900 704 671 196 157 629 108
internal_count=900 704 671 196 157 629 108
is_linear=0
shrinkage=0.05


Tree=63
num_leaves=8
num_cat=0
split_feature=1 0 1 0 1 0 1
split_gain=1.64103 1.88203 1.39018 1.432 0.53744 1.7579 2.07911
threshold=0.61073729189183779 0.5908596547434587 0.60003621966905829 0.5790682771877026 0.737381268077272 0.60645645924628155 0.62886358559877054
decision_type=2 2 2 2 2 2 2
left_child=1 2 3 -1 5 -2 -7
right_child=4 -3 -4 -5 -6 6 -8
leaf_value=-7.9871857603872054e-05 0.0003068524176627563 -0.00040493379113827334 0.000766284613819182 -0.00054384453026664063 -0.00010662812708270297 -0.00036906539702098176 0.00011934645754556606
leaf_weight=378 52 30 30 30 51 40 289
leaf_count=378 52 30 30 30 51 40 289
internal_value=-0.000833333 -0.00288462 -0.00205479 -0.00281863 0.00138889 0.00203412 0.000683891
internal_weight=900 468 438 408 432 381 329
internal_count=900 468 438 408 432 381 329
is_linear=0
shrinkage=0.05


Tree=64
num_leaves=10
num_cat=0
split_feature=1 0 1 0 1 0 1 1 0
split_gain=1.50086 0.767047 2.23451 1.21105 0.650979 1.76444 2.43149 1.58384 0.0296316
threshold=0.63282833507244829 0.60569393002292282 0.61276453727864066 0.58833888820480762 0.737381268077272 0.63054987475206381 0.65620360331807392 0.64044338022401126 0.61210885355305311
decision_type=2 2 2 2 2 2 2 2 2
left_child=1 2 3 -1 5 7 -7 -2 -3
right_child=4 8 -4 -5 -6 6 -8 -9 -10
leaf_value=-7.5630457264988521e-05 0.00025317854799183361 -0.00011541823944420105 0.00035916679791719863 -0.00029658482999139204 -0.00010129672072856644 -0.0006398695039877806 0.00019155107717692412 0.00087165354508417507 -0.00055149788020331656
leaf_weight=422 36 30 32 58 51 34 176 30 31
leaf_count=422 36 30 32 58 51 34 176 30 31
internal_value=-0.000944444 -0.00248691 -0.00185547 -0.00270833 0.00175841 0.00271739 0.00047619 0.00984848 -0.00778689
internal_weight=900 573 512 480 327 276 210 66 61
internal_count=900 573 512 480 327 276 210 66 61
is_linear=0
shrinkage=0.05


Tree=65
num_leaves=8
num_cat=0
split_feature=1 0 1 0 1 0 1
split_gain=1.45927 1.03511 0.931065 1.55164 0.548092 1.7836 1.5924
threshold=0.61997280401981703 0.59886539720433396 0.60662447801960173 0.58149187020489712 0.737381268077272 0.61293501030676201 0.63767090966571094
decision_type=2 2 2 2 2 2 2
left_child=1 2 3 -1 5 -2 -7
right_child=4 -3 -4 -5 -6 6 -8
leaf_value=-6.2110318560634767e-05 0.00045951101942095509 -0.00030386896455369131 0.0002116333032688822 -0.00030761717991565631 -9.6231884692138403e-05 -0.00033221584972340515 0.0001037519003470544
leaf_weight=394 47 30 34 50 51 42 252
leaf_count=394 47 30 34 50 51 42 252
internal_value=-0.000888889 -0.00265748 -0.00209205 -0.0027027 0.00140306 0.0021261 0.000680272
internal_weight=900 508 478 444 392 341 294
internal_count=900 508 478 444 392 341 294
is_linear=0
shrinkage=0.05


Tree=66
num_leaves=8
num_cat=0
split_feature=1 0 1 0 1 0 1
split_gain=1.324 0.997969 1.30208 1.1945 0.553432 2.38304 1.54076
threshold=0.62886358559877054 0.60569393002292282 0.61276453727864066 0.59271296263859818 0.737381268077272 0.61973745944545899 0.64044338022401126
decision_type=2 2 2 2 2 2 2
left_child=1 2 3 -1 5 -2 -7
right_child=4 -3 -4 -5 -6 6 -8
leaf_value=-6.2176758725646095e-05 0.00098008828430981576 -0.00032573394396999693 0.00033842785457858794 -0.00051662702640944416 -9.1420290457533421e-05 -0.00031560505723723378 9.8514624867313002e-05
leaf_weight=449 31 43 32 31 51 30 233
leaf_count=449 31 43 32 31 51 30 233
internal_value=-0.00105556 -0.00256757 -0.00195312 -0.00260417 0.00137681 0.00221088 0.000665399
internal_weight=900 555 512 480 345 294 263
internal_count=900 555 512 480 345 294 263
is_linear=0
shrinkage=0.05


Tree=67
num_leaves=9
num_cat=0
split_feature=1 0 1 0 0 1 1 0
split_gain=1.26116 1.67885 1.26699 1.46235 1.05388 1.88021 0.140625 0.0876216
threshold=0.54104024878941603 0.53454856728856892 0.56484877042109483 0.55535703195164687 0.50749297034957919 0.50468395134605226 0.4871822435127221 0.54359981146993985
decision_type=2 2 2 2 2 2 2 2
left_child=4 -2 7 -4 5 6 -1 -3
right_child=1 2 3 -5 -6 -7 -8 -9
leaf_value=-0.00085959257279360492 0.0008013049235167214 -0.00032873723358247124 0.00068219522326742334 -1.7248803660574465e-05 -0.0005716579231902386 0.00057601223640563475 -0.00027542804765669503 -0.00038752465604174061
leaf_weight=32 32 31 31 622 56 32 32 32
leaf_count=32 32 31 31 622 56 32 32 32
internal_value=-0.00111111 -0.00026738 -0.000768156 -0.000114855 -0.00526316 -0.00208333 -0.00703125 -0.00753968
internal_weight=900 748 716 653 152 96 64 63
internal_count=900 748 716 653 152 96 64 63
is_linear=0
shrinkage=0.05


Tree=68
num_leaves=10
num_cat=0
split_feature=1 0 1 0 1 0 1 1 0
split_gain=1.08652 0.818394 1.22513 1.27445 0.540987 1.31636 2.33782 0.977778 0.0296316
threshold=0.63282833507244829 0.60569393002292282 0.61276453727864066 0.59271296263859818 0.737381268077272 0.63054987475206381 0.65620360331807392 0.64044338022401126 0.61210885355305311
decision_type=2 2 2 2 2 2 2 2 2
left_child=1 2 3 -1 5 7 -7 -2 -3
right_child=4 8 -4 -5 -6 6 -8 -9 -10
leaf_value=-5.7837501588925426e-05 0.00026287391237154735 -0.00011547374106151421 0.00032236890203268809 -0.00048993323490594269 -8.5986835751628032e-05 -0.00061712691486608129 0.0001727226372403884 0.00081881998175227511 -0.0005554541677394387
leaf_weight=449 36 30 32 31 51 34 176 30 31
leaf_count=449 36 30 32 31 51 34 176 30 31
internal_value=-0.001 -0.00231239 -0.00166016 -0.00229167 0.00129969 0.00217391 0.000238095 0.00833333 -0.00778689
internal_weight=900 573 512 480 327 276 210 66 61
internal_count=900 573 512 480 327 276 210 66 61
is_linear=0
shrinkage=0.05


Tree=69
num_leaves=8
num_cat=0
split_feature=1 0 1 0 0 1 0
split_gain=1.17118 1.4267 1.69172 2.09814 0.377679 1.09834 1.56365
threshold=0.61997280401981703 0.59472180839682298 0.60460407172077235 0.58149187020489712 0.7416483592067501 0.73094233129484543 0.61293501030676201
decision_type=2 2 2 2 2 2 2
left_child=1 2 3 -1 5 6 -2
right_child=4 -3 -4 -5 -6 -7 -8
leaf_value=-4.7044721199757113e-05 0.000432682837736198 -0.00025506669386831103 0.00073003839734787912 -0.00051405702301425278 0.01973169811184803 -0.00062519171121072083 1.9724618032479492e-05
leaf_weight=394 47 51 30 33 30 30 285
leaf_count=394 47 51 30 33 30 30 285
internal_value=-0.000777778 -0.0023622 -0.00147702 -0.00228337 0.00127551 0.000828729 0.00165663
internal_weight=900 508 457 427 392 362 332
internal_count=900 508 457 427 392 362 332
is_linear=0
shrinkage=0.05


Tree=70
num_leaves=6
num_cat=0
split_feature=1 0 1 0 0
split_gain=1.02263 0.863269 1.45644 1.59969 0.034518
threshold=0.50784004989673692 0.50956758487434761 0.54104024878941603 0.53454856728856892 0.47210282998746428
decision_type=2 2 2 2 2
left_child=4 -2 -3 -4 -1
right_child=1 2 3 -5 -6
leaf_value=-0.00068655670685482397 0.00043609012912263493 -0.00053783091589129086 0.00076648378848032106 -2.5048260122947919e-05 -0.00048198015352078909
leaf_weight=36 32 52 32 716 32
leaf_count=36 32 52 32 716 32
internal_value=-0.000722222 -0.000240385 -0.0005625 0 -0.00661765
internal_weight=900 832 800 748 68
internal_count=900 832 800 748 68
is_linear=0
shrinkage=0.05


Tree=71
num_leaves=8
num_cat=0
split_feature=1 0 0 1 1 0 0
split_gain=1.09403 1.74395 1.27709 1.32033 1.12516 1.12202 0.939935
threshold=0.55368093876237545 0.54504748033801775 0.52784727594205672 0.53053868226836853 0.5694336914169541 0.50498516571883456 0.5612016577610287
decision_type=2 2 2 2 2 2 2
left_child=2 -2 3 5 -3 -1 -6
right_child=1 4 -4 -5 6 -7 -8
leaf_value=-0.00015320868924139088 0.00047973556856936164 -0.00035862222800173707 -0.00061221103933261083 0.00020914110884179271 0.0004095125347899853 -0.00058588073211682527 -2.1335772330752234e-05
leaf_weight=92 33 42 39 33 33 32 596
leaf_count=92 33 42 39 33 33 32 596
internal_value=-0.000777778 0.000142045 -0.00408163 -0.00207006 -0.000409836 -0.00443548 0.000119237
internal_weight=900 704 196 157 671 124 629
internal_count=900 704 196 157 671 124 629
is_linear=0
shrinkage=0.05


Tree=72
num_leaves=8
num_cat=0
split_feature=1 0 1 0 0 1 0
split_gain=0.985979 1.15088 1.15052 1.21596 0.367771 1.12414 1.95955
threshold=0.62886358559877054 0.60569393002292282 0.61276453727864066 0.58251866894072235 0.7416483592067501 0.73094233129484543 0.61973745944545899
decision_type=2 2 2 2 2 2 2
left_child=1 2 3 -1 5 6 -2
right_child=4 -3 -4 -5 -6 -7 -8
leaf_value=-4.5506310637113967e-05 0.00095784671742662477 -0.00032212605979952129 0.00032132299324715843 -0.00023856204977765194 0.018747432407878312 -0.00059161292402750147 3.0086209538654487e-05
leaf_weight=402 31 43 32 78 30 30 254
leaf_count=402 31 43 32 78 30 30 254
internal_value=-0.000722222 -0.00202703 -0.00136719 -0.00197917 0.00137681 0.000873016 0.00184211
internal_weight=900 555 512 480 345 315 285
internal_count=900 555 512 480 345 315 285
is_linear=0
shrinkage=0.05


Tree=73
num_leaves=9
num_cat=0
split_feature=1 0 1 0 1 1 0 1
split_gain=1.01458 0.841304 1.95465 1.97412 0.75284 0.511298 2.57934 1.64628
threshold=0.64760462754221082 0.61791310595012405 0.62138001605485405 0.60042122000999243 0.63936321592770518 0.75187372991695456 0.64427314792513946 0.66741414579164904
decision_type=2 2 2 2 2 2 2 2
left_child=1 2 3 -1 -3 6 -2 -8
right_child=5 4 -4 -5 -6 -7 7 -9
leaf_value=-4.9182841515982295e-05 0.0011913826339482959 -0.00036969612931622708 0.00025172552496046665 -0.00028661367533150406 -9.658720777240837e-05 -0.00064488250325617225 -0.00045644555901580011 0.00015947289914743925
leaf_weight=484 36 32 60 32 37 45 37 137
leaf_count=484 36 32 60 32 37 45 37 137
internal_value=-0.000611111 -0.00166667 -0.00104167 -0.00203488 -0.00688406 0.00205882 0.00309524 0.000574713
internal_weight=900 645 576 516 69 255 210 174
internal_count=900 645 576 516 69 255 210 174
is_linear=0
shrinkage=0.05


Tree=74
num_leaves=10
num_cat=0
split_feature=1 0 1 0 1 0 1 1 0
split_gain=0.886678 0.926078 1.12617 1.26071 0.540987 1.31636 2.33782 0.977778 0.0296316
threshold=0.63282833507244829 0.60569393002292282 0.61276453727864066 0.58251866894072235 0.737381268077272 0.63054987475206381 0.65620360331807392 0.64044338022401126 0.61210885355305311
decision_type=2 2 2 2 2 2 2 2 2
left_child=1 2 3 -1 5 7 -7 -2 -3
right_child=4 8 -4 -5 -6 6 -8 -9 -10
leaf_value=-4.0771853029455964e-05 0.00026804368346290962 -0.00011203648752331208 0.00031365175650598657 -0.00021823903436758165 -0.00048320916262823977 -0.00058526075857366633 0.00013584449264114897 0.00078253700329740947 -0.00054441156132546968
leaf_weight=402 36 30 32 78 51 34 176 30 31
leaf_count=402 36 30 32 78 51 34 176 30 31
internal_value=-0.000777778 -0.00196335 -0.00126953 -0.001875 0.00129969 0.00217391 0.000238095 0.00833333 -0.00778689
internal_weight=900 573 512 480 327 276 210 66 61
internal_count=900 573 512 480 327 276 210 66 61
is_linear=0
shrinkage=0.05


Tree=75
num_leaves=9
num_cat=0
split_feature=1 0 1 0 1 1 0 1
split_gain=1.01458 1.09123 1.71476 0.954705 0.571093 0.511298 2.57934 1.64628
threshold=0.64760462754221082 0.61791310595012405 0.62828737290417991 0.60569393002292282 0.63936321592770518 0.75187372991695456 0.64427314792513946 0.66741414579164904
decision_type=2 2 2 2 2 2 2 2
left_child=1 2 3 -1 -3 6 -2 -8
right_child=5 4 -4 -5 -6 -7 7 -9
leaf_value=-5.1906118571920512e-05 0.0011610765401795676 -0.000364613507023559 0.00073585611075698281 -0.00017381642705932012 -0.00013088469754866106 -0.00058847791996195504 -0.00044041550569706711 0.00014470702955801106
leaf_weight=512 36 32 31 33 37 45 37 137
leaf_count=512 36 32 31 33 37 45 37 137
internal_value=-0.000611111 -0.00166667 -0.000954861 -0.0016055 -0.0076087 0.00205882 0.00309524 0.000574713
internal_weight=900 645 576 545 69 255 210 174
internal_count=900 645 576 545 69 255 210 174
is_linear=0
shrinkage=0.05


Tree=76
num_leaves=9
num_cat=0
split_feature=1 0 1 0 0 1 0 0
split_gain=0.980025 1.65676 1.18904 1.55248 1.04524 1.22741 0.896037 0.822624
threshold=0.55368093876237545 0.54504748033801775 0.57532612863082744 0.56636038999451721 0.52784727594205672 0.53053868226836853 0.55475019026531636 0.50498516571883456
decision_type=2 2 2 2 2 2 2 2
left_child=4 -2 6 -4 5 7 -3 -1
right_child=1 2 3 -5 -6 -7 -8 -9
leaf_value=-0.00013617989859159298 0.00046511714632861971 -6.0607645665111678e-05 0.00072601670913284848 -3.1374000743628061e-06 -0.00057223213117825196 0.00020805240958742257 -0.00036821019410894219 -0.00054721833932325767
leaf_weight=92 33 33 30 576 39 33 32 32
leaf_count=92 33 33 30 576 39 33 32 32
internal_value=-0.000444444 0.000426136 -0.000111773 0.000577558 -0.00357143 -0.00175159 -0.00653846 -0.00403226
internal_weight=900 704 671 606 196 157 65 124
internal_count=900 704 671 606 196 157 65 124
is_linear=0
shrinkage=0.05


Tree=77
num_leaves=9
num_cat=0
split_feature=1 0 1 0 1 0 0 0
split_gain=0.945511 1.04524 1.22741 0.881528 0.94587 1.55248 0.822624 0.673441
threshold=0.55368093876237545 0.52784727594205672 0.53053868226836853 0.54504748033801775 0.57532612863082744 0.56636038999451721 0.50498516571883456 0.55475019026531636
decision_type=2 2 2 2 2 2 2 2
left_child=1 2 6 -2 7 -6 -1 -5
right_child=3 -3 -4 4 5 -7 -8 -9
leaf_value=-0.00012937090366201278 0.00044186128901219091 -0.0005436205246193371 0.00019764978910805087 -5.7577263381858316e-05 0.00068971587367620552 -2.9805300706425843e-06 -0.00051985742235709513 -0.00034979968440349566
leaf_weight=92 33 39 33 33 30 576 32 32
leaf_count=92 33 39 33 33 30 576 32 32
internal_value=-0.0005 -0.00357143 -0.00175159 0.000355114 -3.72578e-05 0.000577558 -0.00403226 -0.00576923
internal_weight=900 196 157 704 671 606 124 65
internal_count=900 196 157 704 671 606 124 65
is_linear=0
shrinkage=0.05


Tree=78
num_leaves=9
num_cat=0
split_feature=1 0 1 0 1 1 0 1
split_gain=0.891862 1.17832 1.79897 2.1034 0.571093 0.511298 2.57934 1.64628
threshold=0.64760462754221082 0.61791310595012405 0.62138001605485405 0.60042122000999243 0.63936321592770518 0.75187372991695456 0.64427314792513946 0.66741414579164904
decision_type=2 2 2 2 2 2 2 2
left_child=1 2 3 -1 -3 6 -2 -8
right_child=5 4 -4 -5 -6 -7 7 -9
leaf_value=-4.8049493331175919e-05 0.0011033286096778395 -0.00034607693516512943 0.00025579969832037198 -0.0002713744131414675 -0.00012403456616397746 -0.00055874812745660416 -0.00041808883390496158 0.00013777757458736107
leaf_weight=484 36 32 60 32 37 45 37 137
leaf_count=484 36 32 60 32 37 45 37 137
internal_value=-0.000444444 -0.00143411 -0.000694444 -0.00164729 -0.0076087 0.00205882 0.00309524 0.000574713
internal_weight=900 645 576 516 69 255 210 174
internal_count=900 645 576 516 69 255 210 174
is_linear=0
shrinkage=0.05


Tree=79
num_leaves=6
num_cat=0
split_feature=1 0 1 0 0
split_gain=0.800407 0.863269 1.35462 1.31306 0.0900735
threshold=0.50784004989673692 0.50956758487434761 0.5376825072039878 0.53454856728856892 0.47210282998746428
decision_type=2 2 2 2 2
left_child=4 -2 -3 -4 -1
right_child=1 2 3 -5 -6
leaf_value=-0.00061952006608304586 0.00044699442809553736 -0.00049144002194861924 0.00029568772002009361 -3.1723594562493851e-05 -0.00042517234041571377
leaf_weight=36 32 44 40 716 32
leaf_count=36 32 44 40 716 32
internal_value=-0.000666667 -0.000240385 -0.0005625 -6.61376e-05 -0.00588235
internal_weight=900 832 800 756 68
internal_count=900 832 800 756 68
is_linear=0
shrinkage=0.05


Tree=80
num_leaves=6
num_cat=0
split_feature=1 0 1 0 0
split_gain=0.800407 0.863269 1.35462 1.31306 0.0900735
threshold=0.50784004989673692 0.50956758487434761 0.5376825072039878 0.53454856728856892 0.47210282998746428
decision_type=2 2 2 2 2
left_child=4 -2 -3 -4 -1
right_child=1 2 3 -5 -6
leaf_value=-0.00058854406277889524 0.00042464470669075773 -0.00046686802085118553 0.00028090333401908918 -3.013741483436916e-05 -0.0004039137233949275
leaf_weight=36 32 44 40 716 32
leaf_count=36 32 44 40 716 32
internal_value=-0.000666667 -0.000240385 -0.0005625 -6.61376e-05 -0.00588235
internal_weight=900 832 800 756 68
internal_count=900 832 800 756 68
is_linear=0
shrinkage=0.05


Tree=81
num_leaves=6
num_cat=0
split_feature=1 0 1 0 0
split_gain=0.800407 0.863269 1.13086 1.6193 0.0900735
threshold=0.50784004989673692 0.50956758487434761 0.54104024878941603 0.53454856728856892 0.47210282998746428
decision_type=2 2 2 2 2
left_child=4 -2 -3 -4 -1
right_child=1 2 3 -5 -6
leaf_value=-0.00055911685963995212 0.00040341247135621818 -0.00044352461980862737 0.00073893138689845041 -2.8630544092650426e-05 -0.00038371803722518362
leaf_weight=36 32 52 32 716 32
leaf_count=36 32 52 32 716 32
internal_value=-0.000666667 -0.000240385 -0.0005625 -6.68449e-05 -0.00588235
internal_weight=900 832 800 748 68
internal_count=900 832 800 748 68
is_linear=0
shrinkage=0.05


Tree=82
num_leaves=8
num_cat=0
split_feature=1 0 1 0 1 0 1
split_gain=0.713244 2.54337 1.91495 1.06934 0.476656 2.17809 2.59742
threshold=0.65620360331807392 0.63054987475206381 0.63604471916556415 0.61450075205699961 0.75187372991695456 0.65139966976620534 0.68700363934037534
decision_type=2 2 2 2 2 2 2
left_child=1 2 3 -1 5 -2 -7
right_child=4 -3 -4 -5 -6 6 -8
leaf_value=-3.9751002541649209e-05 0.00056425131656986927 -0.00058132676410464215 0.00061858176695877567 -0.00028767948572539507 -0.00052628614340929913 -0.00026425938079123468 0.00028962215939346003
leaf_weight=557 39 34 47 31 45 48 99
leaf_count=557 39 34 47 31 45 48 99
internal_value=-0.000555556 -0.00138266 -0.000669291 -0.00144558 0.00183983 0.00295699 0.000170068
internal_weight=900 669 635 588 231 186 147
internal_count=900 669 635 588 231 186 147
is_linear=0
shrinkage=0.05


Tree=83
num_leaves=6
num_cat=0
split_feature=1 0 1 0 0
split_gain=0.687969 1.41695 1.63951 2.15427 1.62853
threshold=0.83712260617217227 0.7035753984914469 0.68700363934037534 0.68652909909295745 0.65535017952527097
decision_type=2 2 2 2 2
left_child=1 2 4 -4 -1
right_child=-2 -3 3 -5 -6
leaf_value=-2.6341228072412905e-05 0.016839226148486718 -0.00062625361238499158 0.001002336466809839 -0.00016852490945079568 -0.00020354155386654305
leaf_weight=719 30 43 36 35 37
leaf_count=719 30 43 36 35 37
internal_value=-0.000777778 -0.00103448 -0.000574365 0.00669014 -0.00125661
internal_weight=900 870 827 71 756
internal_count=900 870 827 71 756
is_linear=0
shrinkage=0.05


Tree=84
num_leaves=6
num_cat=0
split_feature=1 0 1 0 0
split_gain=0.687969 0.77006 1.10985 1.62853 1.52203
threshold=0.83712260617217227 0.7035753984914469 0.68700363934037534 0.65535017952527097 0.68652909909295745
decision_type=2 2 2 2 2
left_child=1 2 3 -1 -4
right_child=-2 -3 4 -5 -6
leaf_value=-2.5024166668791151e-05 0.01599726484106238 -0.00059494093176574179 0.00095221964346934869 -0.0001933644761732134 -0.00016009866397825867
leaf_weight=719 30 43 36 37 35
leaf_count=719 30 43 36 37 35
internal_value=-0.000777778 -0.00103448 -0.000695284 -0.00125661 0.00528169
internal_weight=900 870 827 756 71
internal_count=900 870 827 756 71
is_linear=0
shrinkage=0.05


Tree=85
num_leaves=6
num_cat=0
split_feature=1 0 1 0 0
split_gain=0.5335 0.928894 0.963333 0.958683 0.0294118
threshold=0.50784004989673692 0.50956758487434761 0.53458327226470448 0.53794693496047297 0.47210282998746428
decision_type=2 2 2 2 2
left_child=4 -2 -3 -4 -1
right_child=1 2 3 -5 -6
leaf_value=-0.00052660519679381126 0.00038779766765255076 -0.00051569508007833225 0.00013263312538945582 -2.7893497518338697e-05 -0.00035997631549978263
leaf_weight=36 32 32 68 700 32
leaf_count=36 32 32 68 700 32
internal_value=-0.000888889 -0.000540865 -0.000875 -0.000520833 -0.00514706
internal_weight=900 832 800 768 68
internal_count=900 832 800 768 68
is_linear=0
shrinkage=0.05


Tree=86
num_leaves=6
num_cat=0
split_feature=1 0 1 0 0
split_gain=0.686936 1.26902 1.43321 0.88677 0.806891
threshold=0.52710331900708562 0.52188103734786229 0.55063878442630843 0.47916574904374909 0.54504748033801775
decision_type=2 2 2 2 2
left_child=3 -2 -3 -1 -4
right_child=1 2 4 -5 -6
leaf_value=2.8138849528219768e-05 0.00042453179466255269 -0.0004899749104086415 0.00026747821030913 -0.00033646893614172613 -2.3503944594985284e-05
leaf_weight=47 32 45 43 61 672
leaf_count=47 32 45 43 61 672
internal_value=-0.000888889 -0.000378788 -0.000789474 -0.00462963 -0.000244755
internal_weight=900 792 760 108 715
internal_count=900 792 760 108 715
is_linear=0
shrinkage=0.05


Tree=87
num_leaves=6
num_cat=0
split_feature=1 0 1 0 0
split_gain=0.547511 0.915577 0.977552 0.9131 0.0294118
threshold=0.50784004989673692 0.50956758487434761 0.53458327226470448 0.52851916915501063 0.47210282998746428
decision_type=2 2 2 2 2
left_child=4 -2 -3 -4 -1
right_child=1 2 3 -5 -6
leaf_value=-0.00050168187943053222 0.0003852312310770101 -0.00049211189753743667 0.00013608997411511116 -2.5323625412676523e-05 -0.00032515405291770887
leaf_weight=36 32 32 32 736 32
leaf_count=36 32 32 32 736 32
internal_value=-0.000833333 -0.000480769 -0.0008125 -0.000455729 -0.00514706
internal_weight=900 832 800 768 68
internal_count=900 832 800 768 68
is_linear=0
shrinkage=0.05


Tree=88
num_leaves=6
num_cat=0
split_feature=1 0 1 0 0
split_gain=0.420269 1.26902 1.40275 1.22378 1.03486
threshold=0.52710331900708562 0.52188103734786229 0.55368093876237545 0.54504748033801775 0.48396828574787093
decision_type=2 2 2 2 2
left_child=4 -2 -3 -4 -1
right_child=1 2 3 -5 -6
leaf_value=9.556365601892659e-06 0.00042433439627745373 -0.00047228066359396585 0.00038805866786293389 -1.9305077381681635e-05 -0.00033890705088849285
leaf_weight=51 32 57 32 671 57
leaf_count=51 32 57 32 671 57
internal_value=-0.000777778 -0.000378788 -0.000789474 -0.000177809 -0.0037037
internal_weight=900 792 760 703 108
internal_count=900 792 760 703 108
is_linear=0
shrinkage=0.05


Tree=89
num_leaves=8
num_cat=0
split_feature=1 0 1 0 1 0 0
split_gain=0.395834 0.971446 2.28554 1.75742 1.2381 0.880855 0.173091
threshold=0.52844907647556483 0.53794693496047297 0.56484877042109483 0.55535703195164687 0.54620305374997591 0.48396828574787093 0.49997707701748567
decision_type=2 2 2 2 2 2 2
left_child=5 4 -3 -4 -2 -1 -7
right_child=1 2 3 -5 -6 6 -8
leaf_value=9.0785473218002458e-06 2.605356858001451e-06 -0.00039628282491886436 0.00069416116948754769 -2.0097312225522693e-05 0.00068183220096389445 -0.00029195099772740262 -0.00028363622305996317
leaf_weight=51 52 48 30 622 32 32 33
leaf_count=51 52 48 30 622 32 32 33
internal_value=-0.000722222 -0.000318878 -0.000928571 -0.000153374 0.0047619 -0.00344828 -0.00730769
internal_weight=900 784 700 652 84 116 65
internal_count=900 784 700 652 84 116 65
is_linear=0
shrinkage=0.05


Tree=90
num_leaves=8
num_cat=0
split_feature=1 0 0 1 0 1 0
split_gain=0.497478 1.36287 1.01156 0.846883 1.5 0.759404 1.01411
threshold=0.55368093876237545 0.52903032988282417 0.54504748033801775 0.53168301420265884 0.50749297034957919 0.5694336914169541 0.5612016577610287
decision_type=2 2 2 2 2 2 2
left_child=1 3 -2 4 -1 -4 -7
right_child=2 -3 5 -5 -6 6 -8
leaf_value=3.443451737761283e-06 0.00035599050118081954 -0.00050865405274763415 -0.00028774935273264134 9.1859229869650783e-05 -0.00060126419838314466 0.00041588187914001209 -1.6837024167221106e-05
leaf_weight=96 33 32 42 36 32 33 596
leaf_count=96 33 32 42 36 32 33 596
internal_value=-0.000833333 -0.00306122 -0.000213068 -0.00121951 -0.003125 -0.000633383 -0.000198728
internal_weight=900 196 704 164 128 671 629
internal_count=900 196 704 164 128 671 629
is_linear=0
shrinkage=0.05


Tree=91
num_leaves=8
num_cat=0
split_feature=1 0 0 1 0 1 0
split_gain=0.412353 1.01156 1.01146 0.846883 1.5 0.759404 1.01411
threshold=0.55368093876237545 0.54504748033801775 0.52903032988282417 0.53168301420265884 0.50749297034957919 0.5694336914169541 0.5612016577610287
decision_type=2 2 2 2 2 2 2
left_child=2 -2 3 4 -1 -3 -7
right_child=1 5 -4 -5 -6 6 -8
leaf_value=3.2712791508737741e-06 0.0003381909761217772 -0.00027336188509600735 -0.00048322135011025506 8.7266268376168254e-05 -0.00057120098846398797 0.0003950877851830126 -1.5995172958860326e-05
leaf_weight=96 33 42 32 36 32 33 596
leaf_count=96 33 42 32 36 32 33 596
internal_value=-0.000777778 -0.000213068 -0.00280612 -0.00121951 -0.003125 -0.000633383 -0.000198728
internal_weight=900 704 196 164 128 671 629
internal_count=900 704 196 164 128 671 629
is_linear=0
shrinkage=0.05


Tree=92
num_leaves=5
num_cat=0
split_feature=1 1 0 1
split_gain=0.527778 0.861049 1.22891 2.3304
threshold=0.75187372991695456 0.70601705525831349 0.67154362912944776 0.66741414579164904
decision_type=2 2 2 2
left_child=1 2 3 -1
right_child=-2 -3 -4 -5
leaf_value=-2.5662791169112076e-05 -0.00098943649817282439 0.0002971282998897096 -0.00022824105728871393 0.00090472042750825994
leaf_weight=717 45 54 44 40
leaf_count=717 45 54 44 40
internal_value=-0.000833333 -0.000555556 -0.000967541 -0.000495376
internal_weight=900 855 801 757
internal_count=900 855 801 757
is_linear=0
shrinkage=0.05


Tree=93
num_leaves=5
num_cat=0
split_feature=0 1 0 1
split_gain=0.363176 0.324134 0.638494 2.46147
threshold=0.70912095053751012 0.71221591833569209 0.67154362912944776 0.66741414579164904
decision_type=2 2 2 2
left_child=1 2 3 -1
right_child=-2 -3 -4 -5
leaf_value=-2.4379651610656473e-05 0.00017458326048880868 -0.00059408928594992813 -0.00015555897950904064 0.00094538794224428575
leaf_weight=717 51 36 55 41
leaf_count=717 51 36 55 41
internal_value=-0.000666667 -0.000912839 -0.000707257 -0.000329815
internal_weight=900 849 813 758
internal_count=900 849 813 758
is_linear=0
shrinkage=0.05


Tree=94
num_leaves=5
num_cat=0
split_feature=0 1 0 1
split_gain=0.363176 0.324134 0.638494 2.46147
threshold=0.70912095053751012 0.71221591833569209 0.67154362912944776 0.66741414579164904
decision_type=2 2 2 2
left_child=1 2 3 -1
right_child=-2 -3 -4 -5
leaf_value=-2.3160669030125593e-05 0.00016585409746436853 -0.00056438482165243058 -0.00014778103053358915 0.00089811854513207061
leaf_weight=717 51 36 55 41
leaf_count=717 51 36 55 41
internal_value=-0.000666667 -0.000912839 -0.000707257 -0.000329815
internal_weight=900 849 813 758
internal_count=900 849 813 758
is_linear=0
shrinkage=0.05


Tree=95
num_leaves=5
num_cat=0
split_feature=0 1 0 1
split_gain=0.363176 0.324134 0.434824 2.00794
threshold=0.70912095053751012 0.71221591833569209 0.67154362912944776 0.66741414579164904
decision_type=2 2 2 2
left_child=1 2 3 -1
right_child=-2 -3 -4 -5
leaf_value=-2.200263557862181e-05 0.00015756139259114901 -0.0005361655805698085 -0.00014039197900690971 0.0008532126178754651
leaf_weight=717 51 36 55 41
leaf_count=717 51 36 55 41
internal_value=-0.000666667 -0.000912839 -0.000707257 -0.000395778
internal_weight=900 849 813 758
internal_count=900 849 813 758
is_linear=0
shrinkage=0.05


Tree=96
num_leaves=9
num_cat=0
split_feature=1 0 0 1 0 1 0 0
split_gain=0.37718 1.07592 0.978212 0.804069 1.69418 0.772379 1.6276 0.673441
threshold=0.55368093876237545 0.52903032988282417 0.54504748033801775 0.57532612863082744 0.56636038999451721 0.53168301420265884 0.50749297034957919 0.55475019026531636
decision_type=2 2 2 2 2 2 2 2
left_child=1 5 -2 7 -5 6 -1 -4
right_child=2 -3 3 4 -6 -7 -8 -9
leaf_value=7.8680025627497763e-06 0.00032604171468511025 -0.00045429999523532164 -4.0306429975733861e-05 0.00061887446716467071 -1.0435126941499285e-05 8.7663242326779808e-05 -0.00053788065167136858 -0.00032474715915108143
leaf_weight=96 33 32 33 30 576 36 32 32
leaf_count=96 33 32 33 30 576 36 32 32
internal_value=-0.000611111 -0.00255102 -7.10227e-05 -0.000484352 8.25083e-05 -0.000914634 -0.00273438 -0.00576923
internal_weight=900 196 704 671 606 164 128 65
internal_count=900 196 704 671 606 164 128 65
is_linear=0
shrinkage=0.05


Tree=97
num_leaves=5
num_cat=0
split_feature=1 1 0 1
split_gain=0.393216 0.768334 0.978568 1.73251
threshold=0.75187372991695456 0.71511347557433635 0.68319404898402325 0.68498902675759465
decision_type=2 2 2 2
left_child=1 2 3 -1
right_child=-2 -3 -4 -5
leaf_value=-1.9486643710486806e-05 -0.00096434285444432224 0.00034207217538853585 -0.00015082871230467367 0.00081107374332876632
leaf_weight=750 45 36 34 35
leaf_count=750 45 36 34 35
internal_value=-0.000444444 -0.000204678 -0.000518926 -0.000159236
internal_weight=900 855 819 785
internal_count=900 855 819 785
is_linear=0
shrinkage=0.05


Tree=98
num_leaves=5
num_cat=0
split_feature=1 1 0 1
split_gain=0.393216 0.768334 0.978568 1.64314
threshold=0.75187372991695456 0.71511347557433635 0.68319404898402325 0.68626241609462768
decision_type=2 2 2 2
left_child=1 2 3 -1
right_child=-2 -3 -4 -5
leaf_value=-1.8690778030405752e-05 -0.00091612571172210448 0.00032496856661911049 -0.00014328727668944108 0.00079878785102893148
leaf_weight=753 45 36 34 32
leaf_count=753 45 36 34 32
internal_value=-0.000444444 -0.000204678 -0.000518926 -0.000159236
internal_weight=900 855 819 785
internal_count=900 855 819 785
is_linear=0
shrinkage=0.05


Tree=99
num_leaves=5
num_cat=0
split_feature=1 1 0 1
split_gain=0.505878 0.609653 1.34485 1.7229
threshold=0.737381268077272 0.70601705525831349 0.67154362912944776 0.66741414579164904
decision_type=2 2 2 2
left_child=1 2 3 -1
right_child=-2 -3 -4 -5
leaf_value=-1.7756239128885466e-05 -0.00032001420829192996 0.00038945673044959441 -0.00018581331335634776 0.00068587810290191009
leaf_weight=717 51 48 44 40
leaf_count=717 51 48 44 40
internal_value=-0.000555556 -0.000265018 -0.000593009 -9.90753e-05
internal_weight=900 849 801 757
internal_count=900 849 801 757
is_linear=0
shrinkage=0.05


Tree=100
num_leaves=5
num_cat=0
split_feature=1 1 0 1
split_gain=0.402865 0.755816 0.993008 1.62433
threshold=0.75187372991695456 0.71511347557433635 0.68319404898402325 0.68626241609462768
decision_type=2 2 2 2
left_child=1 2 3 -1
right_child=-2 -3 -4 -5
leaf_value=-1.6868427172439526e-05 -0.00085431871572140279 0.00028924730176567713 -0.00015559574937744626 0.00074634683873884557
leaf_weight=753 45 36 34 32
leaf_count=753 45 36 34 32
internal_value=-0.000388889 -0.000146199 -0.000457875 -9.55414e-05
internal_weight=900 855 819 785
internal_count=900 855 819 785
is_linear=0
shrinkage=0.05


Tree=101
num_leaves=5
num_cat=0
split_feature=1 1 0 1
split_gain=0.505878 0.609653 1.42589 1.61971
threshold=0.737381268077272 0.70601705525831349 0.66993913421827822 0.66741414579164904
decision_type=2 2 2 2
left_child=1 2 3 -1
right_child=-2 -3 -4 -5
leaf_value=-1.6025005813818939e-05 -0.00026129756209126168 0.00036664260511740934 -0.00013008510287412233 0.00080791355424216231
leaf_weight=717 51 48 47 37
leaf_count=717 51 48 47 37
internal_value=-0.000555556 -0.000265018 -0.000593009 -6.6313e-05
internal_weight=900 849 801 754
internal_count=900 849 801 754
is_linear=0
shrinkage=0.05


Tree=102
num_leaves=5
num_cat=0
split_feature=1 1 0 1
split_gain=0.402865 0.755816 0.993008 1.19683
threshold=0.75187372991695456 0.71511347557433635 0.68319404898402325 0.68626241609462768
decision_type=2 2 2 2
left_child=1 2 3 -1
right_child=-2 -3 -4 -5
leaf_value=-1.4866822512238365e-05 -0.00079853790183077042 0.0002564528064215199 -0.00016614809216444759 0.00070646287502417198
leaf_weight=753 45 36 34 32
leaf_count=753 45 36 34 32
internal_value=-0.000388889 -0.000146199 -0.000457875 -9.55414e-05
internal_weight=900 855 819 785
internal_count=900 855 819 785
is_linear=0
shrinkage=0.05


Tree=103
num_leaves=5
num_cat=0
split_feature=1 1 0 1
split_gain=0.529388 0.583696 1.46834 1.57787
threshold=0.737381268077272 0.70601705525831349 0.66993913421827822 0.66741414579164904
decision_type=2 2 2 2
left_child=1 2 3 -1
right_child=-2 -3 -4 -5
leaf_value=-1.4480414397516351e-05 -0.00020830578889515785 0.00034493175535955104 -0.00014639513012708606 0.00076826121765566921
leaf_weight=717 51 48 47 37
leaf_count=717 51 48 47 37
internal_value=-0.000444444 -0.000147232 -0.000468165 6.6313e-05
internal_weight=900 849 801 754
internal_count=900 849 801 754
is_linear=0
shrinkage=0.05


Tree=104
num_leaves=6
num_cat=0
split_feature=1 1 0 1 0
split_gain=0.422515 0.776839 1.91731 1.42233 0.825826
threshold=0.75187372991695456 0.6933419436571614 0.66511743309374793 0.66650100442737326 0.69640320753820795
decision_type=2 2 2 2 2
left_child=1 2 3 -1 -3
right_child=-2 4 -4 -5 -6
leaf_value=-1.3756393677638591e-05 -0.00074819571729446981 0.00044443370687171637 -0.00044018451979280785 0.00072984815677288326 -8.1928788768972926e-05
leaf_weight=711 45 37 32 31 44
leaf_count=711 45 37 32 31 44
internal_value=-0.000277778 -2.92398e-05 -0.000516796 0 0.00462963
internal_weight=900 855 774 742 81
internal_count=900 855 774 742 81
is_linear=0
shrinkage=0.05


Tree=105
num_leaves=5
num_cat=0
split_feature=1 1 0 1
split_gain=0.422515 0.731087 1.02221 1.25482
threshold=0.75187372991695456 0.71511347557433635 0.68319404898402325 0.68498902675759465
decision_type=2 2 2 2
left_child=1 2 3 -1
right_child=-2 -3 -4 -5
leaf_value=-1.2890107488311431e-05 -0.00071078593142974715 0.00023048001777091766 -0.00017099083588575372 0.0005971068452412299
leaf_weight=750 45 36 34 35
leaf_count=750 45 36 34 35
internal_value=-0.000277778 -2.92398e-05 -0.000335775 3.18471e-05
internal_weight=900 855 819 785
internal_count=900 855 819 785
is_linear=0
shrinkage=0.05


Tree=106
num_leaves=5
num_cat=0
split_feature=1 1 0 1
split_gain=0.482007 0.649398 1.02221 1.16485
threshold=0.7464519390496771 0.71511347557433635 0.68319404898402325 0.68626241609462768
decision_type=2 2 2 2
left_child=1 2 3 -1
right_child=-2 -3 -4 -5
leaf_value=-1.2067135608451185e-05 -0.00040009402593622624 0.0003050262014743066 -0.00016244129409146436 0.0006484979158402765
leaf_weight=753 48 33 34 32
leaf_count=753 48 33 34 32
internal_value=-0.000333333 -5.86854e-05 -0.000335775 3.18471e-05
internal_weight=900 852 819 785
internal_count=900 852 819 785
is_linear=0
shrinkage=0.05


Tree=107
num_leaves=5
num_cat=0
split_feature=1 1 0 1
split_gain=0.412632 0.513078 1.48979 1.38561
threshold=0.75187372991695456 0.70601705525831349 0.66993913421827822 0.67061039822211377
decision_type=2 2 2 2
left_child=1 2 3 -1
right_child=-2 -3 -4 -5
leaf_value=-1.1463778828030292e-05 -0.00065524193356145122 0.00021274683680200802 -0.00017934638568517514 0.0008907539563147715
leaf_weight=723 45 54 47 31
leaf_count=723 45 54 47 31
internal_value=-0.000333333 -8.77193e-05 -0.000405743 0.000132626
internal_weight=900 855 801 754
internal_count=900 855 801 754
is_linear=0
shrinkage=0.05


Tree=108
num_leaves=6
num_cat=0
split_feature=1 1 0 1 0
split_gain=0.422515 0.58462 2.19966 2.2027 1.02139
threshold=0.75187372991695456 0.6933419436571614 0.65535017952527097 0.65620360331807392 0.69640320753820795
decision_type=2 2 2 2 2
left_child=1 2 3 -1 -3
right_child=-2 4 -4 -5 -6
leaf_value=-1.4047768929642546e-05 -0.00062247983688337727 0.00040499464167373378 -0.00041210245143772918 0.00052472639002330574 -9.3010433573376128e-05
leaf_weight=669 45 37 54 51 44
leaf_count=669 45 37 54 51 44
internal_value=-0.000277778 -2.92398e-05 -0.000452196 0.000277778 0.00401235
internal_weight=900 855 774 720 81
internal_count=900 855 774 720 81
is_linear=0
shrinkage=0.05


Tree=109
num_leaves=5
num_cat=0
split_feature=0 0 1 0
split_gain=0.279961 0.405211 0.277577 1.45898
threshold=0.70912095053751012 0.68652909909295745 0.69136411057803682 0.65535017952527097
decision_type=2 2 2 2
left_child=1 2 3 -1
right_child=-2 -3 -4 -5
leaf_value=4.775646141924606e-06 3.5495844515448517e-05 -9.5775446508966638e-05 0.00027083848715258598 -0.00041596652566225914
leaf_weight=719 51 45 36 49
leaf_count=719 51 45 36 49
internal_value=-0.000166667 -0.000382803 -0.000124378 -0.000325521
internal_weight=900 849 804 768
internal_count=900 849 804 768
is_linear=0
shrinkage=0.05


Tree=110
num_leaves=5
num_cat=0
split_feature=0 0 1 0
split_gain=0.279961 0.405211 0.277577 1.45898
threshold=0.70912095053751012 0.68652909909295745 0.69136411057803682 0.65535017952527097
decision_type=2 2 2 2
left_child=1 2 3 -1
right_child=-2 -3 -4 -5
leaf_value=4.5368638348308737e-06 3.3721052289675815e-05 -9.0986674183518582e-05 0.00025729656279495637 -0.00039516819937914784
leaf_weight=719 51 45 36 49
leaf_count=719 51 45 36 49
internal_value=-0.000166667 -0.000382803 -0.000124378 -0.000325521
internal_weight=900 849 804 768
internal_count=900 849 804 768
is_linear=0
shrinkage=0.05


Tree=111
num_leaves=5
num_cat=0
split_feature=1 1 0 1
split_gain=0.432515 0.487951 1.18346 1.53658
threshold=0.75187372991695456 0.70601705525831349 0.66993913421827822 0.66741414579164904
decision_type=2 2 2 2
left_child=1 2 3 -1
right_child=-2 -3 -4 -5
leaf_value=-1.1726397186556659e-05 -0.0005948166898794683 0.0002096986472377549 -0.00017618069632640567 0.00062336396827333276
leaf_weight=717 45 54 47 37
leaf_count=717 45 54 47 37
internal_value=-0.000222222 2.92398e-05 -0.000280899 0.000198939
internal_weight=900 855 801 754
internal_count=900 855 801 754
is_linear=0
shrinkage=0.05


Tree=112
num_leaves=5
num_cat=0
split_feature=1 0 1 0
split_gain=0.579655 1.62663 0.881767 1.28121
threshold=0.83712260617217227 0.7035753984914469 0.70142156038245662 0.66993913421827822
decision_type=2 2 2 2
left_child=1 2 3 -1
right_child=-2 -3 -4 -5
leaf_value=4.6162152108730765e-06 0.015629210024509548 -0.00056507585538549405 0.00072191983347013049 -0.00024155843034259772
leaf_weight=754 30 43 35 38
leaf_count=754 30 43 35 38
internal_value=-0.000166667 -0.000402299 9.06892e-05 -0.000252525
internal_weight=900 870 827 792
internal_count=900 870 827 792
is_linear=0
shrinkage=0.05


Tree=113
num_leaves=5
num_cat=0
split_feature=0 1 0 1
split_gain=0.453313 0.635878 0.629227 1.69623
threshold=0.70912095053751012 0.71221591833569209 0.66993913421827822 0.66741414579164904
decision_type=2 2 2 2
left_child=1 2 3 -1
right_child=-2 -3 -4 -5
leaf_value=-1.1370888087769427e-05 5.7421344633229457e-05 -0.0006044937746220669 -6.0959336377069967e-05 0.00073397203362395025
leaf_weight=717 51 36 58 38
leaf_count=717 51 36 58 38
internal_value=-0.000166667 -0.000441696 -0.000153752 0.000231788
internal_weight=900 849 813 755
internal_count=900 849 813 755
is_linear=0
shrinkage=0.05


Tree=114
num_leaves=6
num_cat=0
split_feature=0 1 0 1 1
split_gain=0.442379 0.647448 0.486256 2.1725 1.56983
threshold=0.70912095053751012 0.71221591833569209 0.65535017952527097 0.6613447202330619 0.68700363934037534
decision_type=2 2 2 2 2
left_child=1 2 3 -1 -4
right_child=-2 -3 4 -5 -6
leaf_value=-1.0802343683380401e-05 5.4550277401566044e-05 -0.00057426908589096608 -0.00045934369560557967 0.00055526635741792729 0.00014868238384694311
leaf_weight=687 51 36 37 33 56
leaf_count=687 51 36 37 33 56
internal_value=-0.000111111 -0.000382803 -9.22509e-05 0.000347222 -0.00349462
internal_weight=900 849 813 720 93
internal_count=900 849 813 720 93
is_linear=0
shrinkage=0.05


Tree=115
num_leaves=5
num_cat=0
split_feature=0 1 0 1
split_gain=0.42091 0.6709 0.496276 0.942494
threshold=0.70912095053751012 0.71221591833569209 0.67983964219968696 0.64760462754221082
decision_type=2 2 2 2
left_child=1 2 3 -1
right_child=-2 -3 -4 -5
leaf_value=-1.7152170165490867e-05 5.1822763531489403e-05 -0.00054555563159641718 -6.5345488750562231e-05 9.9441122304061436e-05
leaf_weight=645 51 36 34 134
leaf_count=645 51 36 34 134
internal_value=0 -0.000265018 3.07503e-05 0.000288832
internal_weight=900 849 813 779
internal_count=900 849 813 779
is_linear=0
shrinkage=0.05


Tree=116
num_leaves=5
num_cat=0
split_feature=0 1 0 1
split_gain=0.410376 0.682783 0.506653 0.911135
threshold=0.70912095053751012 0.71221591833569209 0.67983964219968696 0.66650100442737326
decision_type=2 2 2 2
left_child=1 2 3 -1
right_child=-2 -3 -4 -5
leaf_value=-9.4046179909379475e-06 4.923162535491743e-05 -0.00051827785001659632 -6.2078214313032731e-05 0.00025596048249996176
leaf_weight=711 51 36 34 68
leaf_count=711 51 36 34 68
internal_value=5.55556e-05 -0.000206125 9.22509e-05 0.000353017
internal_weight=900 849 813 779
internal_count=900 849 813 779
is_linear=0
shrinkage=0.05


Tree=117
num_leaves=6
num_cat=0
split_feature=0 1 0 1 1
split_gain=0.431578 0.659122 0.503994 2.14849 1.56983
threshold=0.70912095053751012 0.71221591833569209 0.65535017952527097 0.6613447202330619 0.68700363934037534
decision_type=2 2 2 2 2
left_child=1 2 3 -1 -4
right_child=-2 -3 4 -5 -6
leaf_value=-8.9343870913916056e-06 4.6770044087174335e-05 -0.00049236395751576796 -0.00045414659106550183 0.00050973295930682456 0.00013554881711108635
leaf_weight=687 51 36 37 33 56
leaf_count=687 51 36 37 33 56
internal_value=-5.55556e-05 -0.00032391 -3.07503e-05 0.000416667 -0.00349462
internal_weight=900 849 813 720 93
internal_count=900 849 813 720 93
is_linear=0
shrinkage=0.05


Tree=118
num_leaves=5
num_cat=0
split_feature=0 1 0 1
split_gain=0.410376 0.682783 0.506653 0.911135
threshold=0.70912095053751012 0.71221591833569209 0.67983964219968696 0.66650100442737326
decision_type=2 2 2 2
left_child=1 2 3 -1
right_child=-2 -3 -4 -5
leaf_value=-8.4876677368228577e-06 4.443154188281673e-05 -0.00046774575963998144 -6.5751744452935415e-05 0.00023638501751940821
leaf_weight=711 51 36 34 68
leaf_count=711 51 36 34 68
internal_value=5.55556e-05 -0.000206125 9.22509e-05 0.000353017
internal_weight=900 849 813 779
internal_count=900 849 813 779
is_linear=0
shrinkage=0.05


Tree=119
num_leaves=5
num_cat=0
split_feature=1 1 0 1
split_gain=0.463216 0.451444 0.929284 1.49583
threshold=0.75187372991695456 0.70601705525831349 0.66993913421827822 0.66741414579164904
decision_type=2 2 2 2
left_child=1 2 3 -1
right_child=-2 -3 -4 -5
leaf_value=-7.3476471132982724e-06 -0.00078284464712597985 0.00024435143032395802 -0.00019604666433817864 0.00047242706046551344
leaf_weight=717 45 54 47 37
leaf_count=717 45 54 47 37
internal_value=-5.55556e-05 0.000204678 -9.3633e-05 0.000331565
internal_weight=900 855 801 754
internal_count=900 855 801 754
is_linear=0
shrinkage=0.05


end of trees

feature_importances:
Column_1=522
Column_0=415

parameters:
[boosting: gbdt]
[objective: quantile]
[metric: quantile]
[tree_learner: serial]
[device_type: cpu]
[data_sample_strategy: bagging]
[data: ]
[valid: ]
[num_iterations: 120]
[learning_rate: 0.05]
[num_leaves: 12]
[num_threads: 2]
[seed: 26170]
[deterministic: 0]
[force_col_wise: 0]
[force_row_wise: 0]
[histogram_pool_size: -1]
[max_depth: 4]
[min_data_in_leaf: 30]
[min_sum_hessian_in_leaf: 0.001]
[bagging_fraction: 1]
[pos_bagging_fraction: 1]
[neg_bagging_fraction: 1]
[bagging_freq: 0]
[bagging_seed: 13002]
[bagging_by_query: 0]
[feature_fraction: 1]
[feature_fraction_bynode: 1]
[feature_fraction_seed: 3933]
[extra_trees: 0]
[extra_seed: 13870]
[early_stopping_round: 0]
[early_stopping_min_delta: 0]
[first_metric_only: 0]
[max_delta_step: 0]
[lambda_l1: 0]
[lambda_l2: 0]
[linear_lambda: 0]
[min_gain_to_split: 0]
[drop_rate: 0.1]
[max_drop: 50]
[skip_drop: 0.5]
[xgboost_dart_mode: 0]
[uniform_drop: 0]
[drop_seed: 25549]
[top_rate: 0.2]
[other_rate: 0.1]
[min_data_per_group: 100]
[max_cat_threshold: 32]
[cat_l2: 10]
[cat_smooth: 10]
[max_cat_to_onehot: 4]
[top_k: 20]
[monotone_constraints: ]
[monotone_constraints_method: basic]
[monotone_penalty: 0]
[feature_contri: ]
[forcedsplits_filename: ]
[refit_decay_rate: 0.9]
[cegb_tradeoff: 1]
[cegb_penalty_split: 0]
[cegb_penalty_feature_lazy: ]
[cegb_penalty_feature_coupled: ]
[path_smooth: 0]
[interaction_constraints: ]
[verbosity: -1]
[saved_feature_importance_type: 0]
[use_quantized_grad: 0]
[num_grad_quant_bins: 4]
[quant_train_renew_leaf: 0]
[stochastic_rounding: 1]
[linear_tree: 0]
[max_bin: 255]
[max_bin_by_feature: ]
[min_data_in_bin: 3]
[bin_construct_sample_cnt: 200000]
[data_random_seed: 19962]
[is_enable_sparse: 1]
[enable_bundle: 1]
[use_missing: 1]
[zero_as_missing: 0]
[feature_pre_filter: 1]
[pre_partition: 0]
[two_round: 0]
[header: 0]
[label_column: ]
[weight_column: ]
[group_column: ]
[ignore_column: ]
[categorical_feature: ]
[forcedbins_filename: ]
[precise_float_parser: 0]
[parser_config_file: ]
[objective_seed: 31251]
[num_class: 1]
[is_unbalance: 0]
[scale_pos_weight: 1]
[sigmoid: 1]
[boost_from_average: 1]
[reg_sqrt: 0]
[alpha: 0.5]
[fair_c: 1]
[poisson_max_delta_step: 0.7]
[tweedie_variance_power: 1.5]
[lambdarank_truncation_level: 30]
[lambdarank_norm: 1]
[label_gain: ]
[lambdarank_position_bias_regularization: 0]
[eval_at: ]
[multi_error_top_k: 1]
[auc_mu_weights: ]
[num_machines: 1]
[local_listen_port: 12400]
[time_out: 120]
[machine_list_filename: ]
[machines: ]
[gpu_platform_id: -1]
[gpu_device_id: -1]
[gpu_device_id_list: ]
[gpu_use_dp: 0]
[num_gpu: 1]

end of parameters

pandas_categorical:null
