tree
version=v4
num_class=1
num_tree_per_iteration=1
label_index=0
max_feature_idx=1
objective=quantile
feature_names=Column_0 Column_1
feature_infos=[0.26661170635021009:0.44893534828970388] [0.26822837870517219:0.45177363478828148]
tree_sizes=726 938 849 938 849 940 850 943 943 858 863 858 947 860 772 774 940 940 940 940 939 938 940 941 941 942 1031 941 860 941 859 948 941 941 859 943 860 942 948 951 945 862 1126 942 1209 1129 950 862 861 861 862 860 860 947 948 949 945 859 859 595 599 861 859 861 1042 600 600 599 599 947 599 601 600 601 599 600 772 601 779 863 864 859 1113 1029 1116 1119 859 603 1031 1118 600 863 856 857 856 856 854 854 856 858 855 857 858 854 860 597 940 604 954 954 773 953 859 1027 1028 1114 1113 1121 773 1112

Tree=0
num_leaves=7
num_cat=0
split_feature=0 1 0 0 1 0
split_gain=1.93966 0.450219 0.543231 0.166856 0.0289816 0.125558
threshold=0.36588008808621048 0.32025689934062201 0.31798615536664726 0.34763990499632907 0.30228792876112426 0.30415595472450641
decision_type=2 2 2 2 2 2
left_child=1 4 -3 -4 -1 -6
right_child=-2 2 3 -5 5 -7
leaf_value=0.44283046364003786 0.44997319193251695 0.4490715576855685 0.44880349192723668 0.44585856264889967 0.44789842152295734 0.44379986816534894
leaf_weight=104 30 41 416 57 73 179
leaf_count=104 30 41 416 57 73 179
internal_value=0.448282 0.447851 0.448798 0.448319 0.446484 0.446774
internal_weight=900 870 514 473 356 252
internal_count=900 870 514 473 356 252
is_linear=0
shrinkage=1


Tree=1
num_leaves=9
num_cat=0
split_feature=0 1 0 1 0 0 1 0
split_gain=1.90533 0.435264 0.324543 1.04997 0.13316 0.0377639 0.128783 5.55112e-17
threshold=0.36588008808621048 0.31697828167171288 0.32183020602877338 0.32659295914036729 0.34763990499632907 0.30415595472450641 0.30228792876112426 0.3113280590012481
decision_type=2 2 2 2 2 2 2 2
left_child=1 5 3 -3 -4 6 -1 -7
right_child=-2 2 4 -5 -6 7 -8 -9
leaf_value=-0.0051791609599823934 0.0016064309178727588 8.3813655808065438e-05 0.0002730057761368643 0.0022101988368404104 -0.0023024669015636323 -0.0045200806135031607 -0.00036460097120887274 -0.0049399466942201186
leaf_weight=104 30 134 345 30 57 97 73 30
leaf_count=104 30 134 345 30 57 97 73 30
internal_value=0.000111111 -0.000316093 0.000503533 0.00237805 -0.000261195 -0.00184211 -0.00137006 -0.0025
internal_weight=900 870 566 164 402 304 177 127
internal_count=900 870 566 164 402 304 177 127
is_linear=0
shrinkage=0.05


Tree=2
num_leaves=8
num_cat=0
split_feature=0 1 0 1 0 1 0
split_gain=1.4569 0.317861 0.202601 0.33773 0.0590061 0.183432 5.55112e-17
threshold=0.36588008808621048 0.31697828167171288 0.34763990499632907 0.34622069534527394 0.30415595472450641 0.30206915994223621 0.3113280590012481
decision_type=2 2 2 2 2 2 2
left_child=1 4 3 -3 5 -1 -6
right_child=-2 2 -4 -5 6 -7 -8
leaf_value=-0.0052165500355854768 0.0015261093719791204 0.00010540904514144135 -0.0021873435564854493 0.0019509613179239105 -0.004294076582828002 0.00013680983883917761 -0.0046929493595091135
leaf_weight=100 30 449 57 60 97 77 30
leaf_count=100 30 449 57 60 97 77 30
internal_value=-5.96046e-10 -0.000373564 0.000326855 0.000643418 -0.00167763 -0.00108757 -0.0025
internal_weight=900 870 566 509 304 177 127
internal_count=900 870 566 509 304 177 127
is_linear=0
shrinkage=0.05


Tree=3
num_leaves=9
num_cat=0
split_feature=0 1 0 1 1 0 1 0
split_gain=1.44199 0.346495 0.169104 0.48249 0.192126 0.0590061 0.183432 5.55112e-17
threshold=0.36588008808621048 0.31697828167171288 0.32183020602877338 0.32659295914036729 0.34622069534527394 0.30415595472450641 0.30206915994223621 0.3113280590012481
decision_type=2 2 2 2 2 2 2 2
left_child=1 5 3 -3 -4 6 -1 -7
right_child=-2 2 4 -5 -6 7 -8 -9
leaf_value=-0.0049557225338062033 0.0014498039033801647 7.435252076058996e-05 -0.00051178580853467048 0.0020944184427413165 0.0013431308235340889 -0.0040793727536866031 0.00012996934689721859 -0.004458301891533659
leaf_weight=100 30 134 294 30 108 97 77 30
leaf_count=100 30 134 294 30 108 97 77 30
internal_value=5.5555e-05 -0.000316093 0.000415194 0.00176829 -0.000136817 -0.00167763 -0.00108757 -0.0025
internal_weight=900 870 566 164 402 304 177 127
internal_count=900 870 566 164 402 304 177 127
is_linear=0
shrinkage=0.05


Tree=4
num_leaves=8
num_cat=0
split_feature=0 1 0 1 0 1 0
split_gain=1.05579 0.317861 0.202601 0.33773 0.0590061 0.183432 5.55112e-17
threshold=0.36588008808621048 0.31697828167171288 0.34763990499632907 0.34622069534527394 0.30415595472450641 0.30206915994223621 0.3113280590012481
decision_type=2 2 2 2 2 2 2
left_child=1 4 3 -3 5 -1 -6
right_child=-2 2 -4 -5 6 -7 -8
leaf_value=-0.0047079364071158925 0.001377313708211156 9.642096684633894e-05 -0.0021451329198378835 0.0017862567108510087 -0.0038754041160022736 0.00012347087955235657 -0.0042353867969569751
leaf_weight=100 30 449 57 60 97 77 30
leaf_count=100 30 449 57 60 97 77 30
internal_value=-5.55562e-05 -0.000373564 0.000326855 0.000643418 -0.00167763 -0.00108757 -0.0025
internal_weight=900 870 566 509 304 177 127
internal_count=900 870 566 509 304 177 127
is_linear=0
shrinkage=0.05


Tree=5
num_leaves=9
num_cat=0
split_feature=0 1 0 1 1 0 1 0
split_gain=0.708659 0.346495 0.169104 0.48249 0.192126 0.0590061 0.183432 5.55112e-17
threshold=0.36588008808621048 0.31697828167171288 0.32183020602877338 0.32659295914036729 0.34622069534527394 0.30415595472450641 0.30206915994223621 0.3113280590012481
decision_type=2 2 2 2 2 2 2 2
left_child=1 5 3 -3 -4 6 -1 -7
right_child=-2 2 4 -5 -6 7 -8 -9
leaf_value=-0.004472539586760099 0.0013084480228005985 6.581384638024157e-05 -0.00049101756645025254 0.0019848764722619318 0.0011866614468148324 -0.003681633910202159 0.00011729733557473986 -0.0040236174571091276
leaf_weight=100 30 134 294 30 108 97 77 30
leaf_count=100 30 134 294 30 108 97 77 30
internal_value=-5.55562e-05 -0.000316093 0.000415194 0.00176829 -0.000136817 -0.00167763 -0.00108757 -0.0025
internal_weight=900 870 566 164 402 304 177 127
internal_count=900 870 566 164 402 304 177 127
is_linear=0
shrinkage=0.05


Tree=6
num_leaves=8
num_cat=0
split_feature=0 1 0 1 0 1 0
split_gain=0.719119 0.317861 0.202601 0.33773 0.0590061 0.183432 5.55112e-17
threshold=0.36588008808621048 0.31697828167171288 0.34763990499632907 0.34622069534527394 0.30415595472450641 0.30206915994223621 0.3113280590012481
decision_type=2 2 2 2 2 2 2
left_child=1 4 3 -3 5 -1 -6
right_child=-2 2 -4 -5 6 -7 -8
leaf_value=-0.0042489126074220949 0.0012430256216605679 8.830922618500715e-05 -0.0020972093461867321 0.0016376108029677152 -0.0034975522146920516 0.0001114324687960023 -0.0038224365842536717
leaf_weight=100 30 449 57 60 97 77 30
leaf_count=100 30 449 57 60 97 77 30
internal_value=-0.000111112 -0.000373564 0.000326855 0.000643418 -0.00167763 -0.00108757 -0.0025
internal_weight=900 870 566 509 304 177 127
internal_count=900 870 566 509 304 177 127
is_linear=0
shrinkage=0.05


Tree=7
num_leaves=9
num_cat=0
split_feature=0 1 0 1 1 0 1 0
split_gain=0.708659 0.346495 0.169104 0.48249 0.192126 0.0590061 0.183432 5.55112e-17
threshold=0.36588008808621048 0.31697828167171288 0.32183020602877338 0.32659295914036729 0.34622069534527394 0.30415595472450641 0.30206915994223621 0.3113280590012481
decision_type=2 2 2 2 2 2 2 2
left_child=1 5 3 -3 -4 6 -1 -7
right_child=-2 2 4 -5 -6 7 -8 -9
leaf_value=-0.0040364669770509903 0.0011808743405775396 5.8107692751976915e-05 -0.00047088214943699083 0.0018812171873395845 0.0010454478343257052 -0.0033226746039574486 0.00010586084535620109 -0.0036313147550409877
leaf_weight=100 30 134 294 30 108 97 77 30
leaf_count=100 30 134 294 30 108 97 77 30
internal_value=-5.55562e-05 -0.000316093 0.000415194 0.00176829 -0.000136817 -0.00167763 -0.00108757 -0.0025
internal_weight=900 870 566 164 402 304 177 127
internal_count=900 870 566 164 402 304 177 127
is_linear=0
shrinkage=0.05


Tree=8
num_leaves=9
num_cat=0
split_feature=0 1 0 1 1 0 1 0
split_gain=0.698276 0.376364 0.151948 0.846946 0.237603 0.0590061 0.183432 5.55112e-17
threshold=0.36588008808621048 0.31697828167171288 0.32569166958657864 0.32827179508797105 0.34622069534527394 0.30415595472450641 0.30206915994223621 0.3113280590012481
decision_type=2 2 2 2 2 2 2 2
left_child=1 5 3 -3 -4 6 -1 -7
right_child=-2 2 4 -5 -6 7 -8 -9
leaf_value=-0.0038346436281984394 0.0011218306235486614 -0.00028674378815968016 -0.0010240034419139261 0.002003389192938132 0.0010175246908635388 -0.0031565408737595753 0.00010056780308839173 -0.0034497490172889392
leaf_weight=100 30 196 220 44 106 97 77 30
leaf_count=100 30 196 220 44 106 97 77 30
internal_value=-5.96046e-10 -0.000258621 0.000503533 0.00145833 -0.000199387 -0.00167763 -0.00108757 -0.0025
internal_weight=900 870 566 240 326 304 177 127
internal_count=900 870 566 240 326 304 177 127
is_linear=0
shrinkage=0.05


Tree=9
num_leaves=8
num_cat=0
split_feature=0 1 0 1 0 1 0
split_gain=0.446897 0.242738 0.216148 0.48249 0.118776 0.0580495 0.165875
threshold=0.36588008808621048 0.31697828167171288 0.32183020602877338 0.32659295914036729 0.34763990499632907 0.30206915994223621 0.30066527814942673
decision_type=2 2 2 2 2 2 2
left_child=1 5 3 -3 -4 -1 -7
right_child=-2 2 4 -5 -6 6 -8
leaf_value=-0.0036429114467885163 0.0010657390923712289 6.9539497522361213e-05 -1.7092211709782743e-05 0.001686986868325699 -0.0020954975051368564 0.00047931025487264219 -0.0028759213723465573
leaf_weight=100 30 134 345 30 57 31 173
leaf_count=100 30 134 345 30 57 31 173
internal_value=-0.000166667 -0.000373564 0.000238515 0.00176829 -0.000385573 -0.00151316 -0.00102941
internal_weight=900 870 566 164 402 304 204
internal_count=900 870 566 164 402 304 204
is_linear=0
shrinkage=0.05


Tree=10
num_leaves=8
num_cat=0
split_feature=0 1 0 1 1 1 0
split_gain=0.446897 0.242738 0.138578 0.280457 0.126759 0.0580495 0.165875
threshold=0.36588008808621048 0.31697828167171288 0.32183020602877338 0.32659295914036729 0.34622069534527394 0.30206915994223621 0.30066527814942673
decision_type=2 2 2 2 2 2 2
left_child=1 5 3 -3 -4 -1 -7
right_child=-2 2 4 -5 -6 6 -8
leaf_value=-0.0034607658744490902 0.0010124521377526674 6.6062522646243021e-05 -0.00039528325928395728 0.0016026375249094144 0.00094315381865173187 0.00045534474212901048 -0.0027321253037292299
leaf_weight=100 30 134 294 30 108 31 173
leaf_count=100 30 134 294 30 108 31 173
internal_value=-0.000166667 -0.000373564 0.000238515 0.00146341 -0.000261195 -0.00151316 -0.00102941
internal_weight=900 870 566 164 402 304 204
internal_count=900 870 566 164 402 304 204
is_linear=0
shrinkage=0.05


Tree=11
num_leaves=8
num_cat=0
split_feature=1 0 0 1 1 0 0
split_gain=0.332918 0.168024 0.124415 0.111466 0.0580495 0.165875 0.0679769
threshold=0.31697828167171288 0.36588008808621048 0.31425004181982646 0.3277689758919124 0.30206915994223621 0.30066527814942673 0.30643690942737767
decision_type=2 2 2 2 2 2 2
left_child=4 2 -2 -4 -1 -6 -7
right_child=1 -3 3 -5 5 6 -8
leaf_value=-0.003287727580726635 0.00053170785855628788 0.00096182953086503269 -0.0020850748744952212 0.00068699926241870817 0.00043257750502256084 -0.0016297501892730808 -0.0028244134718107359
leaf_weight=100 35 30 162 369 31 75 98
leaf_count=100 35 30 162 369 31 75 98
internal_value=-0.000166667 0.000520134 0.000326855 0.000136534 -0.00151316 -0.00102941 -0.00163295
internal_weight=900 596 566 531 304 204 173
internal_count=900 596 566 531 304 204 173
is_linear=0
shrinkage=0.05


Tree=12
num_leaves=9
num_cat=0
split_feature=1 0 0 1 1 0 1 0
split_gain=0.306012 0.175844 0.138578 0.280457 0.126759 0.0563362 0.135017 0.0526217
threshold=0.31697828167171288 0.36588008808621048 0.32183020602877338 0.32659295914036729 0.34622069534527394 0.30643690942737767 0.30807399294811738 0.29103364351071453
decision_type=2 2 2 2 2 2 2 2
left_child=5 2 3 -2 -4 6 7 -1
right_child=1 -3 4 -5 -6 -7 -8 -9
leaf_value=-0.0015030434940216969 8.196749397121957e-05 0.00091373805432178046 -0.00040986905944069563 0.0014881556855430079 0.00086164616459820939 -0.0026831927982201992 0.0005086594207487033 -0.0026926774916132949
leaf_weight=41 134 30 294 30 108 98 35 130
leaf_count=41 134 30 294 30 108 98 35 130
internal_value=-0.000222223 0.000436241 0.000238515 0.00146341 -0.000261195 -0.00151316 -0.00104369 -0.00162281
internal_weight=900 596 566 164 402 304 206 171
internal_count=900 596 566 164 402 304 206 171
is_linear=0
shrinkage=0.05


Tree=13
num_leaves=8
num_cat=0
split_feature=1 0 0 1 0 1 0
split_gain=0.264082 0.183001 0.179543 0.225035 0.0866295 0.112846 0.0480257
threshold=0.31827718569595526 0.36588008808621048 0.34763990499632907 0.34622069534527394 0.30643690942737767 0.30807399294811738 0.29924386601595115
decision_type=2 2 2 2 2 2 2
left_child=4 2 3 -2 5 6 -1
right_child=1 -3 -4 -5 -6 -7 -8
leaf_value=-0.0022829406556166888 0.00013551137835892034 0.00086805115160569219 -0.0021153125921634457 0.0013288462848619232 -0.0024464235854009032 0.00048322644971126927 -0.0025732829057094758
leaf_weight=113 429 30 57 60 118 35 58
leaf_count=113 429 30 57 60 118 35 58
internal_value=-0.000277778 0.000364583 0.000155677 0.000465235 -0.00141975 -0.000800971 -0.00133041
internal_weight=900 576 546 489 324 206 171
internal_count=900 576 546 489 324 206 171
is_linear=0
shrinkage=0.05


Tree=14
num_leaves=7
num_cat=0
split_feature=0 1 0 1 0 1
split_gain=0.227165 0.175432 0.106086 0.104627 0.0371482 0.0724855
threshold=0.36588008808621048 0.31442100586742294 0.3115374922007772 0.31827718569595526 0.30643690942737767 0.30206915994223621
decision_type=2 2 2 2 2 2
left_child=1 4 -3 -4 5 -1
right_child=-2 2 3 -5 -6 -7
leaf_value=-0.0028745602943288043 0.00082464859402540675 0.00020425602468906795 -0.0026176637943711584 0.0002488041399380319 -0.0029571870951186074 -0.0010196464571169044
leaf_weight=100 30 38 38 534 55 105
leaf_count=100 30 38 38 534 55 105
internal_value=-0.000111112 -0.000258621 0.000204917 3.49644e-05 -0.00134615 -0.00103659
internal_weight=900 870 610 572 260 205
internal_count=900 870 610 572 260 205
is_linear=0
shrinkage=0.05


Tree=15
num_leaves=7
num_cat=0
split_feature=0 1 0 1 0 1
split_gain=0.227165 0.175432 0.106086 0.104627 0.0371482 0.0724855
threshold=0.36588008808621048 0.31442100586742294 0.3115374922007772 0.31827718569595526 0.30643690942737767 0.30206915994223621
decision_type=2 2 2 2 2 2
left_child=1 4 -3 -4 5 -1
right_child=-2 2 3 -5 -6 -7
leaf_value=-0.0027308322796123635 0.00078341616432413557 0.00019404322345461584 -0.0024867806046525998 0.00023636393294112928 -0.0028093277403626773 -0.00096866413426106011
leaf_weight=100 30 38 38 534 55 105
leaf_count=100 30 38 38 534 55 105
internal_value=-0.000111112 -0.000258621 0.000204917 3.49644e-05 -0.00134615 -0.00103659
internal_weight=900 870 610 572 260 205
internal_count=900 870 610 572 260 205
is_linear=0
shrinkage=0.05


Tree=16
num_leaves=9
num_cat=0
split_feature=1 0 1 0 0 1 0 0
split_gain=0.203462 0.0970493 0.114606 0.125667 0.0371482 0.0724855 0.106281 0.0222581
threshold=0.31442100586742294 0.3115374922007772 0.31827718569595526 0.31798615536664726 0.30643690942737767 0.30206915994223621 0.30066527814942673 0.28700590964560962
decision_type=2 2 2 2 2 2 2 2
left_child=4 -2 -3 -4 5 7 -7 -1
right_child=1 2 3 -5 -6 6 -8 -9
leaf_value=-0.0015289852501481349 0.00018434106228188481 -0.0023624415744199715 0.00052026296346923426 3.8885138898490221e-05 -0.0026688613533445427 0.00075914506670182768 -0.0013945334211978321 -0.0026688328579669886
leaf_weight=31 38 38 60 504 55 31 74 69
leaf_count=31 38 38 60 504 55 31 74 69
internal_value=-0.000166667 0.000312499 0.000157807 0.000336879 -0.00134615 -0.00103659 -0.000119048 -0.002
internal_weight=900 640 602 564 260 205 105 100
internal_count=900 640 602 564 260 205 105 100
is_linear=0
shrinkage=0.05


Tree=17
num_leaves=9
num_cat=0
split_feature=1 0 1 0 0 1 0 0
split_gain=0.203462 0.0970493 0.114606 0.125667 0.0371482 0.0724855 0.106281 0.0222581
threshold=0.31442100586742294 0.3115374922007772 0.31827718569595526 0.31798615536664726 0.30643690942737767 0.30206915994223621 0.30066527814942673 0.28700590964560962
decision_type=2 2 2 2 2 2 2 2
left_child=4 -2 -3 -4 5 7 -7 -1
right_child=1 2 3 -5 -6 6 -8 -9
leaf_value=-0.0014525359876407296 0.00017512400916779087 -0.0022443194956989739 0.00049424981529577218 3.6940881953565608e-05 -0.0025354182856773158 0.00072118781336673625 -0.0013248067501379407 -0.0025353912150686392
leaf_weight=31 38 38 60 504 55 31 74 69
leaf_count=31 38 38 60 504 55 31 74 69
internal_value=-0.000166667 0.000312499 0.000157807 0.000336879 -0.00134615 -0.00103659 -0.000119048 -0.002
internal_weight=900 640 602 564 260 205 105 100
internal_count=900 640 602 564 260 205 105 100
is_linear=0
shrinkage=0.05


Tree=18
num_leaves=9
num_cat=0
split_feature=1 0 1 0 0 1 0 0
split_gain=0.203462 0.0970493 0.114606 0.125667 0.0371482 0.0724855 0.106281 0.0222581
threshold=0.31442100586742294 0.3115374922007772 0.31827718569595526 0.31798615536664726 0.30643690942737767 0.30206915994223621 0.30066527814942673 0.28700590964560962
decision_type=2 2 2 2 2 2 2 2
left_child=4 -2 -3 -4 5 7 -7 -1
right_child=1 2 3 -5 -6 6 -8 -9
leaf_value=-0.0013799091882586935 0.00016636780870940066 -0.0021321035209140248 0.00046953732453098326 3.5093837855888054e-05 -0.0024086473713934493 0.00068512842269840028 -0.0012585664126310424 -0.0024086216543152076
leaf_weight=31 38 38 60 504 55 31 74 69
leaf_count=31 38 38 60 504 55 31 74 69
internal_value=-0.000166667 0.000312499 0.000157807 0.000336879 -0.00134615 -0.00103659 -0.000119048 -0.002
internal_weight=900 640 602 564 260 205 105 100
internal_count=900 640 602 564 260 205 105 100
is_linear=0
shrinkage=0.05


Tree=19
num_leaves=9
num_cat=0
split_feature=1 0 1 0 0 1 0 0
split_gain=0.203462 0.0970493 0.114606 0.125667 0.0371482 0.0724855 0.106281 0.0222581
threshold=0.31442100586742294 0.3115374922007772 0.31827718569595526 0.31798615536664726 0.30643690942737767 0.30206915994223621 0.30066527814942673 0.28700590964560962
decision_type=2 2 2 2 2 2 2 2
left_child=4 -2 -3 -4 5 7 -7 -1
right_child=1 2 3 -5 -6 6 -8 -9
leaf_value=-0.0013109137288457584 0.00015804941827393177 -0.0020254983448683233 0.00044606045830443441 3.3339145963093961e-05 -0.0022882150028237765 0.00065087200156347975 -0.0011956380919994896 -0.0022881905715994469
leaf_weight=31 38 38 60 504 55 31 74 69
leaf_count=31 38 38 60 504 55 31 74 69
internal_value=-0.000166667 0.000312499 0.000157807 0.000336879 -0.00134615 -0.00103659 -0.000119048 -0.002
internal_weight=900 640 602 564 260 205 105 100
internal_count=900 640 602 564 260 205 105 100
is_linear=0
shrinkage=0.05


Tree=20
num_leaves=9
num_cat=0
split_feature=1 0 1 0 0 1 0 0
split_gain=0.203462 0.0970493 0.114606 0.125667 0.0371482 0.0724855 0.106281 0.0222581
threshold=0.31442100586742294 0.3115374922007772 0.31827718569595526 0.31798615536664726 0.30643690942737767 0.30206915994223621 0.30066527814942673 0.28700590964560962
decision_type=2 2 2 2 2 2 2 2
left_child=4 -2 -3 -4 5 7 -7 -1
right_child=1 2 3 -5 -6 6 -8 -9
leaf_value=-0.001245368042403472 0.00015014694736023633 -0.0019242234276249078 0.00042375743538921337 3.1672188664939158e-05 -0.0021738042526825876 0.00061832840148530498 -0.0011358561873995165 -0.0021737810430194743
leaf_weight=31 38 38 60 504 55 31 74 69
leaf_count=31 38 38 60 504 55 31 74 69
internal_value=-0.000166667 0.000312499 0.000157807 0.000336879 -0.00134615 -0.00103659 -0.000119048 -0.002
internal_weight=900 640 602 564 260 205 105 100
internal_count=900 640 602 564 260 205 105 100
is_linear=0
shrinkage=0.05


Tree=21
num_leaves=9
num_cat=0
split_feature=1 0 1 0 0 1 0 0
split_gain=0.203462 0.0970493 0.114606 0.125667 0.0371482 0.0724855 0.106281 0.0222581
threshold=0.31442100586742294 0.3115374922007772 0.31827718569595526 0.31798615536664726 0.30643690942737767 0.30206915994223621 0.30066527814942673 0.28700590964560962
decision_type=2 2 2 2 2 2 2 2
left_child=4 -2 -3 -4 5 7 -7 -1
right_child=1 2 3 -5 -6 6 -8 -9
leaf_value=-0.0011830996402832973 0.00014263959999222316 -0.0018280122562436636 0.00040256956361975371 3.00885792316914e-05 -0.0020651140400484574 0.00058741198141104047 -0.0010790633780295399 -0.0020650919908685012
leaf_weight=31 38 38 60 504 55 31 74 69
leaf_count=31 38 38 60 504 55 31 74 69
internal_value=-0.000166667 0.000312499 0.000157807 0.000336879 -0.00134615 -0.00103659 -0.000119048 -0.002
internal_weight=900 640 602 564 260 205 105 100
internal_count=900 640 602 564 260 205 105 100
is_linear=0
shrinkage=0.05


Tree=22
num_leaves=9
num_cat=0
split_feature=1 0 1 0 0 1 0 0
split_gain=0.203462 0.0970493 0.114606 0.125667 0.0371482 0.0724855 0.106281 0.0222581
threshold=0.31442100586742294 0.3115374922007772 0.31827718569595526 0.31798615536664726 0.30643690942737767 0.30206915994223621 0.30066527814942673 0.28700590964560962
decision_type=2 2 2 2 2 2 2 2
left_child=4 -2 -3 -4 5 7 -7 -1
right_child=1 2 3 -5 -6 6 -8 -9
leaf_value=-0.0011239446582691325 0.00013550761999261201 -0.0017366116434314794 0.00038244108543876464 2.8584150270106308e-05 -0.0019618583380460355 0.00055804138234048816 -0.0010251102091280628 -0.0019618373913250753
leaf_weight=31 38 38 60 504 55 31 74 69
leaf_count=31 38 38 60 504 55 31 74 69
internal_value=-0.000166667 0.000312499 0.000157807 0.000336879 -0.00134615 -0.00103659 -0.000119048 -0.002
internal_weight=900 640 602 564 260 205 105 100
internal_count=900 640 602 564 260 205 105 100
is_linear=0
shrinkage=0.05


Tree=23
num_leaves=9
num_cat=0
split_feature=1 0 1 0 0 1 0 0
split_gain=0.203462 0.0970493 0.114606 0.125667 0.0371482 0.0724855 0.106281 0.0222581
threshold=0.31442100586742294 0.3115374922007772 0.31827718569595526 0.31798615536664726 0.30643690942737767 0.30206915994223621 0.30066527814942673 0.28700590964560962
decision_type=2 2 2 2 2 2 2 2
left_child=4 -2 -3 -4 5 7 -7 -1
right_child=1 2 3 -5 -6 6 -8 -9
leaf_value=-0.0010677474253556751 0.00012873223899298241 -0.0016497810612599057 0.00036331903116682571 2.7154942756599917e-05 -0.0018637654211437343 0.00053013931322346301 -0.00097385469867166058 -0.0018637455217588228
leaf_weight=31 38 38 60 504 55 31 74 69
leaf_count=31 38 38 60 504 55 31 74 69
internal_value=-0.000166667 0.000312499 0.000157807 0.000336879 -0.00134615 -0.00103659 -0.000119048 -0.002
internal_weight=900 640 602 564 260 205 105 100
internal_count=900 640 602 564 260 205 105 100
is_linear=0
shrinkage=0.05


Tree=24
num_leaves=9
num_cat=0
split_feature=1 0 1 0 0 1 0 0
split_gain=0.203462 0.0970493 0.114606 0.125667 0.0371482 0.0724855 0.106281 0.0222581
threshold=0.31442100586742294 0.3115374922007772 0.31827718569595526 0.31798615536664726 0.30643690942737767 0.30206915994223621 0.30066527814942673 0.28700590964560962
decision_type=2 2 2 2 2 2 2 2
left_child=4 -2 -3 -4 5 7 -7 -1
right_child=1 2 3 -5 -6 6 -8 -9
leaf_value=-0.0010143600540878928 0.00012229562704333457 -0.0015672920081969107 0.00034515307960848469 2.5797195618768705e-05 -0.0017705771500865471 0.00050363234756228869 -0.00092516196373807695 -0.0017705582456708812
leaf_weight=31 38 38 60 504 55 31 74 69
leaf_count=31 38 38 60 504 55 31 74 69
internal_value=-0.000166667 0.000312499 0.000157807 0.000336879 -0.00134615 -0.00103659 -0.000119048 -0.002
internal_weight=900 640 602 564 260 205 105 100
internal_count=900 640 602 564 260 205 105 100
is_linear=0
shrinkage=0.05


Tree=25
num_leaves=9
num_cat=0
split_feature=1 0 1 0 0 1 0 0
split_gain=0.203462 0.0970493 0.114606 0.125667 0.0371482 0.0724855 0.106281 0.0222581
threshold=0.31442100586742294 0.3115374922007772 0.31827718569595526 0.31798615536664726 0.30643690942737767 0.30206915994223621 0.30066527814942673 0.28700590964560962
decision_type=2 2 2 2 2 2 2 2
left_child=4 -2 -3 -4 5 7 -7 -1
right_child=1 2 3 -5 -6 6 -8 -9
leaf_value=-0.00096364205138349816 0.00011618084569116677 -0.0014889274077870664 0.00032789542562806104 2.4507335837829054e-05 -0.0016820482925822195 0.00047845073018417425 -0.00087890386555117207 -0.0016820303333873359
leaf_weight=31 38 38 60 504 55 31 74 69
leaf_count=31 38 38 60 504 55 31 74 69
internal_value=-0.000166667 0.000312499 0.000157807 0.000336879 -0.00134615 -0.00103659 -0.000119048 -0.002
internal_weight=900 640 602 564 260 205 105 100
internal_count=900 640 602 564 260 205 105 100
is_linear=0
shrinkage=0.05


Tree=26
num_leaves=10
num_cat=0
split_feature=1 0 1 0 0 0 1 0 0
split_gain=0.184746 0.103336 0.141362 0.80668 0.0573661 0.0371482 0.0724855 0.106281 0.0222581
threshold=0.31442100586742294 0.3115374922007772 0.3277689758919124 0.32442792222520911 0.31563913506762126 0.30643690942737767 0.30206915994223621 0.30066527814942673 0.28700590964560962
decision_type=2 2 2 2 2 2 2 2 2
left_child=5 -2 4 -4 -3 6 8 -8 -1
right_child=1 2 3 -5 -6 -7 7 -9 -10
leaf_value=-0.00091545994881432342 0.0001103718034066093 -0.00033499645824110191 0.0018517320590313074 -3.1360461944062095e-05 -0.0017273635391644214 -0.0015979458779531081 0.00045452819367496652 -0.00083495867227361342 -0.0015979288167179699
leaf_weight=31 38 51 33 368 150 55 31 74 69
leaf_count=31 38 51 33 368 150 55 31 74 69
internal_value=-0.000222223 0.000234374 7.47502e-05 0.000617206 -0.00100746 -0.00134615 -0.00103659 -0.000119048 -0.002
internal_weight=900 640 602 401 201 260 205 105 100
internal_count=900 640 602 401 201 260 205 105 100
is_linear=0
shrinkage=0.05


Tree=27
num_leaves=9
num_cat=0
split_feature=1 0 1 0 0 1 0 0
split_gain=0.203462 0.0970493 0.114606 0.125667 0.0371482 0.0724855 0.106281 0.0222581
threshold=0.31442100586742294 0.3115374922007772 0.31827718569595526 0.31798615536664726 0.30643690942737767 0.30206915994223621 0.30066527814942673 0.28700590964560962
decision_type=2 2 2 2 2 2 2 2
left_child=4 -2 -3 -4 5 7 -7 -1
right_child=1 2 3 -5 -6 6 -8 -9
leaf_value=-0.00086968695137360776 0.00010485321323627844 -0.0013977312144856592 0.00039213521033800515 2.4849992143142326e-05 -0.0015180485840554537 0.00043180178399121775 -0.0007932107386599323 -0.0015180323758820701
leaf_weight=31 38 38 60 504 55 31 74 69
leaf_count=31 38 38 60 504 55 31 74 69
internal_value=-0.000166667 0.000312499 0.000157807 0.000336879 -0.00134615 -0.00103659 -0.000119048 -0.002
internal_weight=900 640 602 564 260 205 105 100
internal_count=900 640 602 564 260 205 105 100
is_linear=0
shrinkage=0.05


Tree=28
num_leaves=8
num_cat=0
split_feature=1 0 1 0 0 0 0
split_gain=0.253376 0.0970493 0.114606 0.125667 0.042503 0.0169686 0.0319355
threshold=0.31442100586742294 0.3115374922007772 0.31827718569595526 0.31798615536664726 0.29103364351071453 0.29849477950816422 0.30643690942737767
decision_type=2 2 2 2 2 2 2
left_child=4 -2 -3 -4 -1 -6 -7
right_child=1 2 3 -5 5 6 -8
leaf_value=-0.00033069176167524776 9.9610552574464555e-05 -0.0013278446537613759 0.00037252844982110594 2.3607492535985378e-05 -0.0014935845752553968 -0.00059108575217367847 -0.0014421461548526804
leaf_weight=41 38 38 60 504 64 100 55
leaf_count=41 38 38 60 504 64 100 55
internal_value=-0.000222223 0.000312499 0.000157807 0.000336879 -0.00153846 -0.00181507 -0.00153226
internal_weight=900 640 602 564 260 219 155
internal_count=900 640 602 564 260 219 155
is_linear=0
shrinkage=0.05


Tree=29
num_leaves=9
num_cat=0
split_feature=1 0 1 0 0 1 0 0
split_gain=0.203462 0.0970493 0.114606 0.125667 0.0371482 0.0724855 0.106281 0.0222581
threshold=0.31442100586742294 0.3115374922007772 0.31827718569595526 0.31798615536664726 0.30643690942737767 0.30206915994223621 0.30066527814942673 0.28700590964560962
decision_type=2 2 2 2 2 2 2 2
left_child=4 -2 -3 -4 5 7 -7 -1
right_child=1 2 3 -5 -6 6 -8 -9
leaf_value=-0.0008096680157211628 9.4630024945741633e-05 -0.0012614524210733059 0.00035390202733005051 2.2427117909185729e-05 -0.0013700388471100473 0.00043976598240034223 -0.00072399591411824948 -0.0013774457615181479
leaf_weight=31 38 38 60 504 55 31 74 69
leaf_count=31 38 38 60 504 55 31 74 69
internal_value=-0.000166667 0.000312499 0.000157807 0.000336879 -0.00134615 -0.00103659 -0.000119048 -0.002
internal_weight=900 640 602 564 260 205 105 100
internal_count=900 640 602 564 260 205 105 100
is_linear=0
shrinkage=0.05


Tree=30
num_leaves=8
num_cat=0
split_feature=1 0 1 0 0 0 0
split_gain=0.253376 0.0970493 0.114606 0.125667 0.042503 0.0169686 0.0319355
threshold=0.31442100586742294 0.3115374922007772 0.31827718569595526 0.31798615536664726 0.29103364351071453 0.29849477950816422 0.30643690942737767
decision_type=2 2 2 2 2 2 2
left_child=4 -2 -3 -4 -1 -6 -7
right_child=1 2 3 -5 5 6 -8
leaf_value=-0.00027367375926854836 8.9898523698454027e-05 -0.0011983798000196417 0.00033620692596354832 2.1305762013727031e-05 -0.0013500330584167192 -0.0005253316688590804 -0.0013015369047545439
leaf_weight=41 38 38 60 504 64 100 55
leaf_count=41 38 38 60 504 64 100 55
internal_value=-0.000222223 0.000312499 0.000157807 0.000336879 -0.00153846 -0.00181507 -0.00153226
internal_weight=900 640 602 564 260 219 155
internal_count=900 640 602 564 260 219 155
is_linear=0
shrinkage=0.05


Tree=31
num_leaves=9
num_cat=0
split_feature=1 0 1 0 0 1 0 1
split_gain=0.264082 0.143026 0.131894 0.943416 0.0866295 0.112846 0.0480257 0.0433383
threshold=0.31827718569595526 0.31563913506762126 0.3277689758919124 0.32442792222520911 0.30643690942737767 0.30807399294811738 0.29924386601595115 0.32223661025404066
decision_type=2 2 2 2 2 2 2 2
left_child=4 -2 7 -4 5 6 -1 -3
right_child=1 2 3 -5 -6 -7 -8 -9
leaf_value=-0.00062628343964414926 0.00049593006337328351 -0.0014303413138640429 0.001814637849414913 -3.4401957076958733e-05 -0.0012024593265711338 0.0012823173339049317 -0.001782255146767145 -0.0031010867388726287
leaf_weight=113 33 34 30 368 118 35 58 111
leaf_count=113 33 34 30 368 118 35 58 111
internal_value=-0.000277778 0.000364583 0.000170349 0.000640703 -0.00141975 -0.000800971 -0.00133041 -0.00112069
internal_weight=900 576 543 398 324 206 171 145
internal_count=900 576 543 398 324 206 171 145
is_linear=0
shrinkage=0.05


Tree=32
num_leaves=9
num_cat=0
split_feature=1 0 1 0 0 1 0 0
split_gain=0.203462 0.0970493 0.114606 0.125667 0.0371482 0.0724855 0.106281 0.0222581
threshold=0.31442100586742294 0.3115374922007772 0.31827718569595526 0.31798615536664726 0.30643690942737767 0.30206915994223621 0.30066527814942673 0.28700590964560962
decision_type=2 2 2 2 2 2 2 2
left_child=4 -2 -3 -4 5 7 -7 -1
right_child=1 2 3 -5 -6 6 -8 -9
leaf_value=-0.00072418675498946714 0.00013278868087330731 -0.0010783378436901025 0.00031296723012328494 2.1960571766888708e-05 -0.0011763370931882596 0.00047535843870548681 -0.0006720155165966772 -0.0012097576485391949
leaf_weight=31 38 38 60 504 55 31 74 69
leaf_count=31 38 38 60 504 55 31 74 69
internal_value=-0.000166667 0.000312499 0.000157807 0.000336879 -0.00134615 -0.00103659 -0.000119048 -0.002
internal_weight=900 640 602 564 260 205 105 100
internal_count=900 640 602 564 260 205 105 100
is_linear=0
shrinkage=0.05


Tree=33
num_leaves=9
num_cat=0
split_feature=1 0 1 0 0 1 0 0
split_gain=0.203462 0.0970493 0.114606 0.125667 0.0371482 0.0724855 0.106281 0.0222581
threshold=0.31442100586742294 0.3115374922007772 0.31827718569595526 0.31798615536664726 0.30643690942737767 0.30206915994223621 0.30066527814942673 0.28700590964560962
decision_type=2 2 2 2 2 2 2 2
left_child=4 -2 -3 -4 5 7 -7 -1
right_child=1 2 3 -5 -6 6 -8 -9
leaf_value=-0.0006879774172399933 0.00012614924682964246 -0.0010244209515055975 0.00029731886861711961 2.0862543178543751e-05 -0.0011175202385288463 0.00045159051677021194 -0.00063841474076684317 -0.0011492697661122347
leaf_weight=31 38 38 60 504 55 31 74 69
leaf_count=31 38 38 60 504 55 31 74 69
internal_value=-0.000166667 0.000312499 0.000157807 0.000336879 -0.00134615 -0.00103659 -0.000119048 -0.002
internal_weight=900 640 602 564 260 205 105 100
internal_count=900 640 602 564 260 205 105 100
is_linear=0
shrinkage=0.05


Tree=34
num_leaves=8
num_cat=0
split_feature=1 0 1 0 0 0 0
split_gain=0.253376 0.0970493 0.114606 0.125667 0.042503 0.0169686 0.0319355
threshold=0.31442100586742294 0.3115374922007772 0.31827718569595526 0.31798615536664726 0.29103364351071453 0.29849477950816422 0.30643690942737767
decision_type=2 2 2 2 2 2 2
left_child=4 -2 -3 -4 -1 -6 -7
right_child=1 2 3 -5 5 6 -8
leaf_value=-0.00015806766813646086 0.00011984178448816085 -0.00097319990393031634 0.00028245292518626396 1.9819416019615348e-05 -0.001133265862781102 -0.00034443081520958989 -0.001061644226602404
leaf_weight=41 38 38 60 504 64 100 55
leaf_count=41 38 38 60 504 64 100 55
internal_value=-0.000222223 0.000312499 0.000157807 0.000336879 -0.00153846 -0.00181507 -0.00153226
internal_weight=900 640 602 564 260 219 155
internal_count=900 640 602 564 260 219 155
is_linear=0
shrinkage=0.05


Tree=35
num_leaves=9
num_cat=0
split_feature=1 0 1 0 0 1 0 0
split_gain=0.203462 0.0970493 0.114606 0.125667 0.0371482 0.0724855 0.106281 0.0222581
threshold=0.31442100586742294 0.3115374922007772 0.31827718569595526 0.31798615536664726 0.30643690942737767 0.30206915994223621 0.30066527814942673 0.28700590964560962
decision_type=2 2 2 2 2 2 2 2
left_child=4 -2 -3 -4 5 7 -7 -1
right_child=1 2 3 -5 -6 6 -8 -9
leaf_value=-0.00064567516297117102 0.00011384969526375332 -0.00092453990873380136 0.00026833027892695147 1.8828445218633367e-05 -0.0010085620152722851 0.00044623253169217864 -0.00058927246296802118 -0.0010351429846675671
leaf_weight=31 38 38 60 504 55 31 74 69
leaf_count=31 38 38 60 504 55 31 74 69
internal_value=-0.000166667 0.000312499 0.000157807 0.000336879 -0.00134615 -0.00103659 -0.000119048 -0.002
internal_weight=900 640 602 564 260 205 105 100
internal_count=900 640 602 564 260 205 105 100
is_linear=0
shrinkage=0.05


Tree=36
num_leaves=8
num_cat=0
split_feature=1 0 1 0 0 0 0
split_gain=0.253376 0.0970493 0.114606 0.125667 0.042503 0.0169686 0.0319355
threshold=0.31442100586742294 0.3115374922007772 0.31827718569595526 0.31798615536664726 0.29103364351071453 0.29849477950816422 0.30643690942737767
decision_type=2 2 2 2 2 2 2
left_child=4 -2 -3 -4 -1 -6 -7
right_child=1 2 3 -5 5 6 -8
leaf_value=-0.00011788051729544321 0.00010815721050056659 -0.0008783129132971107 0.00025491376498060268 1.788702295770284e-05 -0.0010248454204086683 -0.00029774565130070985 -0.00095813391450867149
leaf_weight=41 38 38 60 504 64 100 55
leaf_count=41 38 38 60 504 64 100 55
internal_value=-0.000222223 0.000312499 0.000157807 0.000336879 -0.00153846 -0.00181507 -0.00153226
internal_weight=900 640 602 564 260 219 155
internal_count=900 640 602 564 260 219 155
is_linear=0
shrinkage=0.05


Tree=37
num_leaves=9
num_cat=0
split_feature=1 0 1 0 0 1 0 0
split_gain=0.203462 0.0970493 0.114606 0.125667 0.0371482 0.0724855 0.106281 0.0222581
threshold=0.31442100586742294 0.3115374922007772 0.31827718569595526 0.31798615536664726 0.30643690942737767 0.30206915994223621 0.30066527814942673 0.28700590964560962
decision_type=2 2 2 2 2 2 2 2
left_child=4 -2 -3 -4 5 7 -7 -1
right_child=1 2 3 -5 -6 6 -8 -9
leaf_value=-0.00060749737895784148 0.00010274934997553864 -0.00083439726763225594 0.00024216807673157256 1.6992671809818563e-05 -0.00091022721878323838 0.0004388081876726044 -0.000544921557254585 -0.00093214356441375659
leaf_weight=31 38 38 60 504 55 31 74 69
leaf_count=31 38 38 60 504 55 31 74 69
internal_value=-0.000166667 0.000312499 0.000157807 0.000336879 -0.00134615 -0.00103659 -0.000119048 -0.002
internal_weight=900 640 602 564 260 205 105 100
internal_count=900 640 602 564 260 205 105 100
is_linear=0
shrinkage=0.05


Tree=38
num_leaves=9
num_cat=0
split_feature=1 0 1 0 0 0 0 0
split_gain=0.232439 0.103336 0.141362 0.80668 0.0573661 0.042503 0.0169686 0.0319355
threshold=0.31442100586742294 0.3115374922007772 0.3277689758919124 0.32442792222520911 0.31563913506762126 0.29103364351071453 0.29849477950816422 0.30643690942737767
decision_type=2 2 2 2 2 2 2 2
left_child=5 -2 4 -4 -3 -1 -7 -8
right_child=1 2 3 -5 -6 6 7 -9
leaf_value=-8.161161474261173e-05 9.7611882476760555e-05 -0.0003701481469339452 0.0016579865118313325 -3.8499392770673304e-05 -0.0012641367585884632 -0.00092699597116754906 -0.00025561229087294471 -0.00086471585784407556
leaf_weight=41 38 51 33 368 150 64 100 55
leaf_count=41 38 51 33 368 150 64 100 55
internal_value=-0.000277778 0.000234374 7.47502e-05 0.000617206 -0.00100746 -0.00153846 -0.00181507 -0.00153226
internal_weight=900 640 602 401 201 260 219 155
internal_count=900 640 602 401 201 260 219 155
is_linear=0
shrinkage=0.05


Tree=39
num_leaves=9
num_cat=0
split_feature=1 0 1 1 0 0 0 0
split_gain=0.232439 0.103336 0.125332 0.302649 0.134861 0.042503 0.0169686 0.0319355
threshold=0.31442100586742294 0.3115374922007772 0.34622069534527394 0.348944643811406 0.32183020602877338 0.29103364351071453 0.29849477950816422 0.30643690942737767
decision_type=2 2 2 2 2 2 2 2
left_child=5 -2 4 -4 -3 -1 -7 -8
right_child=1 2 3 -5 -6 6 7 -9
leaf_value=-7.7531034005480371e-05 9.2731288352922774e-05 0.00012136271377474597 0.0012888071221324516 -2.2144343674975994e-06 -0.00044122671007119641 -0.00088064617260917306 -0.00024283167632929703 -0.00082148006495187111
leaf_weight=41 38 166 30 112 294 64 100 55
leaf_count=41 38 166 30 112 294 64 100 55
internal_value=-0.000277778 0.000234374 7.47502e-05 0.00137324 -0.000326088 -0.00153846 -0.00181507 -0.00153226
internal_weight=900 640 602 142 460 260 219 155
internal_count=900 640 602 142 460 260 219 155
is_linear=0
shrinkage=0.05


Tree=40
num_leaves=9
num_cat=0
split_feature=1 0 1 0 0 1 0 0
split_gain=0.203462 0.0970493 0.114606 0.125667 0.0371482 0.0724855 0.106281 0.0222581
threshold=0.31442100586742294 0.3115374922007772 0.31827718569595526 0.31798615536664726 0.30643690942737767 0.30206915994223621 0.30066527814942673 0.28700590964560962
decision_type=2 2 2 2 2 2 2 2
left_child=4 -2 -3 -4 5 7 -7 -1
right_child=1 2 3 -5 -6 6 -8 -9
leaf_value=-0.00056916537757254468 8.8094723935277285e-05 -0.00078023813259268384 0.00014783234170535637 -2.0891290112927667e-06 -0.00078040606170427795 0.00044178997664908625 -0.0004927532810317407 -0.00079515427900423439
leaf_weight=31 38 38 60 504 55 31 74 69
leaf_count=31 38 38 60 504 55 31 74 69
internal_value=-0.000166667 0.000312499 0.000157807 0.000336879 -0.00134615 -0.00103659 -0.000119048 -0.002
internal_weight=900 640 602 564 260 205 105 100
internal_count=900 640 602 564 260 205 105 100
is_linear=0
shrinkage=0.05


Tree=41
num_leaves=8
num_cat=0
split_feature=1 0 1 0 0 0 0
split_gain=0.253376 0.0970493 0.114606 0.125667 0.042503 0.0169686 0.0319355
threshold=0.31442100586742294 0.3115374922007772 0.31827718569595526 0.31798615536664726 0.29103364351071453 0.29849477950816422 0.30643690942737767
decision_type=2 2 2 2 2 2 2
left_child=4 -2 -3 -4 -1 -6 -7
right_child=1 2 3 -5 5 6 -8
leaf_value=-4.5196208038582515e-05 8.368998773851311e-05 -0.00074122622596304872 0.00014044072462008911 -1.9846725607285392e-06 -0.00079685615002850207 -0.0002060524284612425 -0.00074138575861906481
leaf_weight=41 38 38 60 504 64 100 55
leaf_count=41 38 38 60 504 64 100 55
internal_value=-0.000222223 0.000312499 0.000157807 0.000336879 -0.00153846 -0.00181507 -0.00153226
internal_weight=900 640 602 564 260 219 155
internal_count=900 640 602 564 260 219 155
is_linear=0
shrinkage=0.05


Tree=42
num_leaves=11
num_cat=0
split_feature=1 0 1 1 1 0 0 0 0 0
split_gain=0.275216 0.11254 0.282339 0.196114 0.289855 0.184639 0.0662052 0.042503 0.0169686 0.0319355
threshold=0.31442100586742294 0.32183020602877338 0.32659295914036729 0.34622069534527394 0.348944643811406 0.3115374922007772 0.32963925667224597 0.29103364351071453 0.29849477950816422 0.30643690942737767
decision_type=2 2 2 2 2 2 2 2 2 2
left_child=7 2 5 6 -5 -2 -3 -1 -9 -10
right_child=1 3 -4 4 -6 -7 -8 8 9 -11
leaf_value=-4.2936397636654713e-05 0.00027476534440177625 -0.00011659410033155872 0.0010846014404497228 0.0012245704561044291 8.2413194363460621e-06 -0.00068103241269512615 -0.0025016523409973376 -0.00075701334252707697 -0.00019574980703818134 -0.0007043164706881128
leaf_weight=41 30 141 30 30 108 148 153 64 100 55
leaf_count=41 30 141 30 30 108 148 153 64 100 55
internal_value=-0.000166667 0.000390624 0.00134615 -6.9445e-05 0.00148551 0.000589887 -0.00079932 -0.00153846 -0.00181507 -0.00153226
internal_weight=900 640 208 432 138 178 294 260 219 155
internal_count=900 640 208 432 138 178 294 260 219 155
is_linear=0
shrinkage=0.05


Tree=43
num_leaves=9
num_cat=0
split_feature=1 0 1 0 0 1 0 0
split_gain=0.305194 0.176465 0.177179 0.340738 0.0847391 0.112846 0.0480257 0.0295793
threshold=0.31803190821593286 0.31798615536664726 0.3252650886402384 0.3220689458916231 0.30643690942737767 0.30807399294811738 0.29924386601595115 0.31617413998678956
decision_type=2 2 2 2 2 2 2 2
left_child=4 7 -3 -4 5 6 -1 -2
right_child=1 2 3 -5 -6 -7 -8 -9
leaf_value=-0.00016284236559667659 0.00030442530241210413 -0.0043132031621059648 0.0013151278811434079 1.0614078693282688e-05 -0.00066813826919567007 0.0013030332305729473 -0.0013599478438313412 6.88740207734272e-05
leaf_weight=113 45 55 31 418 114 35 58 31
leaf_count=113 45 55 31 418 114 35 58 31
internal_value=-0.000166667 0.000517241 0.000178571 0.000506681 -0.00140625 -0.000800971 -0.00133041 0.00276316
internal_weight=900 580 504 449 320 206 171 76
internal_count=900 580 504 449 320 206 171 76
is_linear=0
shrinkage=0.05


Tree=44
num_leaves=12
num_cat=0
split_feature=1 0 1 1 0 0 0 0 1 0 0
split_gain=0.2436 0.0948896 0.282339 0.18713 0.304891 0.184639 0.0842355 0.0371482 0.0724855 0.106281 0.0222581
threshold=0.31442100586742294 0.32183020602877338 0.32659295914036729 0.33802163689869424 0.33654231249855598 0.3115374922007772 0.32963925667224597 0.30643690942737767 0.30206915994223621 0.30066527814942673 0.28700590964560962
decision_type=2 2 2 2 2 2 2 2 2 2 2
left_child=7 2 5 6 -5 -2 -3 8 10 -10 -1
right_child=1 3 -4 4 -6 -7 -8 -9 9 -11 -12
leaf_value=-0.0005281583601303236 0.0002676885092333549 -0.00011568394369331858 0.00096461497437006502 0.0012544227497536531 1.2369172175623385e-05 -0.00061357387860058732 -0.0038649150371711516 -0.00063569373369392343 0.00044793270787143622 -0.00046657511380176434 -0.00066956097214641028
leaf_weight=31 30 139 30 40 186 148 67 55 31 74 69
leaf_count=31 30 139 30 40 186 148 67 55 31 74 69
internal_value=-5.55562e-05 0.000468749 0.00134615 4.62957e-05 0.00103982 0.000589887 -0.00104369 -0.00134615 -0.00103659 -0.000119048 -0.002
internal_weight=900 640 208 432 226 178 206 260 205 105 100
internal_count=900 640 208 432 226 178 206 260 205 105 100
is_linear=0
shrinkage=0.05


Tree=45
num_leaves=11
num_cat=0
split_feature=1 0 1 1 0 0 0 0 0 0
split_gain=0.297959 0.0948896 0.282339 0.18713 0.304891 0.184639 0.0842355 0.042503 0.0169686 0.0319355
threshold=0.31442100586742294 0.32183020602877338 0.32659295914036729 0.33802163689869424 0.33654231249855598 0.3115374922007772 0.32963925667224597 0.29103364351071453 0.29849477950816422 0.30643690942737767
decision_type=2 2 2 2 2 2 2 2 2 2
left_child=7 2 5 6 -5 -2 -3 -1 -9 -10
right_child=1 3 -4 4 -6 -7 -8 8 9 -11
leaf_value=-3.6040978377411297e-06 0.00025430408377168659 -0.00010989974650865242 0.00091638422565156201 0.0011917016122659691 1.1750713566842427e-05 -0.00058289518467055657 -0.0036716692853125954 -0.00067754250851356779 -9.4636168804615461e-05 -0.00060390904700922683
leaf_weight=41 30 139 30 40 186 148 67 64 100 55
leaf_count=41 30 139 30 40 186 148 67 64 100 55
internal_value=-0.000111112 0.000468749 0.00134615 4.62957e-05 0.00103982 0.000589887 -0.00104369 -0.00153846 -0.00181507 -0.00153226
internal_weight=900 640 208 432 226 178 206 260 219 155
internal_count=900 640 208 432 226 178 206 260 219 155
is_linear=0
shrinkage=0.05


Tree=46
num_leaves=9
num_cat=0
split_feature=1 1 1 1 0 0 1 0
split_gain=0.252933 0.156492 0.110953 0.317896 0.134243 0.0847391 0.112846 0.0480257
threshold=0.31803190821593286 0.32223661025404066 0.34622069534527394 0.348944643811406 0.32963925667224597 0.30643690942737767 0.30807399294811738 0.29924386601595115
decision_type=2 2 2 2 2 2 2 2
left_child=5 -2 4 -4 -3 6 7 -1
right_child=1 2 3 -5 -6 -7 -8 -9
leaf_value=-0.00010187797009753545 0.00019763163903035097 4.5948228658691985e-05 0.0010405050112635623 -1.6725464272711838e-05 -0.0023597885257790495 -0.00057275121670072868 0.0012280299755764641 -0.0012537405945922204
leaf_weight=113 56 224 30 117 153 114 35 58
leaf_count=113 56 224 30 117 153 114 35 58
internal_value=-0.000277778 0.000344827 7.63353e-05 0.0012415 -0.000377985 -0.00140625 -0.000800971 -0.00133041
internal_weight=900 580 524 147 377 320 206 171
internal_count=900 580 524 147 377 320 206 171
is_linear=0
shrinkage=0.05


Tree=47
num_leaves=8
num_cat=0
split_feature=1 0 1 1 0 0 0
split_gain=0.135216 0.0909602 0.108283 0.177526 0.0875136 0.0471351 0.15248
threshold=0.31442100586742294 0.3115374922007772 0.31803190821593286 0.32223661025404066 0.29103364351071453 0.29849477950816422 0.30138779181882824
decision_type=2 2 2 2 2 2 2
left_child=4 -2 -3 -4 -1 -6 -7
right_child=1 2 3 -5 5 6 -8
leaf_value=1.6700055590218014e-06 8.9777628242078454e-05 -0.00059517568347868259 0.00023099381318696349 1.8900177046143915e-05 -0.00063857148458301152 8.1623609545633553e-06 -0.00059250099437171966
leaf_weight=41 38 34 53 515 64 32 123
leaf_count=41 38 34 53 515 64 32 123
internal_value=-5.96046e-10 0.000390624 0.000240863 0.000404929 -0.000961539 -0.00135845 -0.000887097
internal_weight=900 640 602 568 260 219 155
internal_count=900 640 602 568 260 219 155
is_linear=0
shrinkage=0.05


Tree=48
num_leaves=8
num_cat=0
split_feature=1 0 1 1 0 0 0
split_gain=0.135216 0.0909602 0.108283 0.177526 0.0875136 0.0471351 0.15248
threshold=0.31442100586742294 0.3115374922007772 0.31803190821593286 0.32223661025404066 0.29103364351071453 0.29849477950816422 0.30138779181882824
decision_type=2 2 2 2 2 2 2
left_child=4 -2 -3 -4 -1 -6 -7
right_child=1 2 3 -5 5 6 -8
leaf_value=1.5865052810714578e-06 8.5288746829974328e-05 -0.00056541689930474928 0.00021944412252761474 1.795516819383672e-05 -0.00060664291035386066 7.7542429068344653e-06 -0.00056287594465313513
leaf_weight=41 38 34 53 515 64 32 123
leaf_count=41 38 34 53 515 64 32 123
internal_value=-5.96046e-10 0.000390624 0.000240863 0.000404929 -0.000961539 -0.00135845 -0.000887097
internal_weight=900 640 602 568 260 219 155
internal_count=900 640 602 568 260 219 155
is_linear=0
shrinkage=0.05


Tree=49
num_leaves=8
num_cat=0
split_feature=1 0 1 1 0 0 0
split_gain=0.135216 0.0909602 0.108283 0.177526 0.0875136 0.0471351 0.15248
threshold=0.31442100586742294 0.3115374922007772 0.31803190821593286 0.32223661025404066 0.29103364351071453 0.29849477950816422 0.30138779181882824
decision_type=2 2 2 2 2 2 2
left_child=4 -2 -3 -4 -1 -6 -7
right_child=1 2 3 -5 5 6 -8
leaf_value=1.5071800170168271e-06 8.1024309488476935e-05 -0.00053714605433951288 0.00020847191640123412 1.7057409784143636e-05 -0.0005763107648361687 7.3665307614928535e-06 -0.00053473214742047752
leaf_weight=41 38 34 53 515 64 32 123
leaf_count=41 38 34 53 515 64 32 123
internal_value=-5.96046e-10 0.000390624 0.000240863 0.000404929 -0.000961539 -0.00135845 -0.000887097
internal_weight=900 640 602 568 260 219 155
internal_count=900 640 602 568 260 219 155
is_linear=0
shrinkage=0.05


Tree=50
num_leaves=8
num_cat=0
split_feature=1 0 1 1 0 0 0
split_gain=0.135216 0.0909602 0.108283 0.177526 0.0875136 0.0471351 0.15248
threshold=0.31442100586742294 0.3115374922007772 0.31803190821593286 0.32223661025404066 0.29103364351071453 0.29849477950816422 0.30138779181882824
decision_type=2 2 2 2 2 2 2
left_child=4 -2 -3 -4 -1 -6 -7
right_child=1 2 3 -5 5 6 -8
leaf_value=1.4318210161661773e-06 7.6973094014053158e-05 -0.00051028875162253691 0.00019804832058117308 1.6204539294936734e-05 -0.00054749522659436063 6.9982042234179057e-06 -0.00050799554004945233
leaf_weight=41 38 34 53 515 64 32 123
leaf_count=41 38 34 53 515 64 32 123
internal_value=-5.96046e-10 0.000390624 0.000240863 0.000404929 -0.000961539 -0.00135845 -0.000887097
internal_weight=900 640 602 568 260 219 155
internal_count=900 640 602 568 260 219 155
is_linear=0
shrinkage=0.05


Tree=51
num_leaves=8
num_cat=0
split_feature=1 0 1 1 0 0 0
split_gain=0.135216 0.0909602 0.108283 0.177526 0.0875136 0.0471351 0.15248
threshold=0.31442100586742294 0.3115374922007772 0.31803190821593286 0.32223661025404066 0.29103364351071453 0.29849477950816422 0.30138779181882824
decision_type=2 2 2 2 2 2 2
left_child=4 -2 -3 -4 -1 -6 -7
right_child=1 2 3 -5 5 6 -8
leaf_value=1.36022996535917e-06 7.3124439313350427e-05 -0.00048477431404141125 0.00018814590455211414 1.5394312330188651e-05 -0.00052012046526464246 6.6482940122480928e-06 -0.00048259576304698074
leaf_weight=41 38 34 53 515 64 32 123
leaf_count=41 38 34 53 515 64 32 123
internal_value=-5.96046e-10 0.000390624 0.000240863 0.000404929 -0.000961539 -0.00135845 -0.000887097
internal_weight=900 640 602 568 260 219 155
internal_count=900 640 602 568 260 219 155
is_linear=0
shrinkage=0.05


Tree=52
num_leaves=8
num_cat=0
split_feature=1 0 1 1 0 0 0
split_gain=0.135216 0.0909602 0.108283 0.177526 0.0875136 0.0471351 0.15248
threshold=0.31442100586742294 0.3115374922007772 0.31803190821593286 0.32223661025404066 0.29103364351071453 0.29849477950816422 0.30138779181882824
decision_type=2 2 2 2 2 2 2
left_child=4 -2 -3 -4 -1 -6 -7
right_child=1 2 3 -5 5 6 -8
leaf_value=1.2922184670898764e-06 6.946821734768326e-05 -0.00046053559833934002 0.00017873860932450774 1.4624596713680469e-05 -0.00049411444200141152 6.3158793116352442e-06 -0.0004584659748946313
leaf_weight=41 38 34 53 515 64 32 123
leaf_count=41 38 34 53 515 64 32 123
internal_value=-5.96046e-10 0.000390624 0.000240863 0.000404929 -0.000961539 -0.00135845 -0.000887097
internal_weight=900 640 602 568 260 219 155
internal_count=900 640 602 568 260 219 155
is_linear=0
shrinkage=0.05


Tree=53
num_leaves=9
num_cat=0
split_feature=1 1 0 1 1 0 0 0
split_gain=0.102284 0.148532 0.120661 0.0784612 0.317896 0.121363 0.0540743 0.132487
threshold=0.31697828167171288 0.31889404114624537 0.29173946852706695 0.34622069534527394 0.348944643811406 0.32569166958657864 0.29849477950816422 0.30415595472450641
decision_type=2 2 2 2 2 2 2 2
left_child=2 -2 -1 5 -5 -3 -4 -8
right_child=1 3 6 4 -6 -7 7 -9
leaf_value=5.591014177065698e-06 3.7003682187153722e-05 0.00010792942029012676 -0.00054419716336034658 0.00098347295053223538 -2.0896001227223809e-05 -0.00046917381873008566 6.000082202324777e-06 -0.00039497991694677762
leaf_weight=49 32 197 56 30 117 220 72 127
leaf_count=49 32 197 56 30 117 220 72 127
internal_value=5.5555e-05 0.000436241 -0.00069079 0.000248226 0.0012415 -0.000101919 -0.00112745 -0.000741207
internal_weight=900 596 304 564 147 417 255 199
internal_count=900 596 304 564 147 417 255 199
is_linear=0
shrinkage=0.05


Tree=54
num_leaves=9
num_cat=0
split_feature=1 1 0 1 1 0 0 0
split_gain=0.102284 0.148532 0.120661 0.0784612 0.317896 0.121363 0.0540743 0.132487
threshold=0.31697828167171288 0.31889404114624537 0.29173946852706695 0.34622069534527394 0.348944643811406 0.32569166958657864 0.29849477950816422 0.30415595472450641
decision_type=2 2 2 2 2 2 2 2
left_child=2 -2 -1 5 -5 -3 -4 -8
right_child=1 3 6 4 -6 -7 7 -9
leaf_value=5.3114634682119276e-06 3.5153498077794944e-05 0.00010253294927561963 -0.00051698730519232909 0.00093429930300562296 -1.985120116586216e-05 -0.00044571512779358199 5.7000780922094505e-06 -0.00037523092109943972
leaf_weight=49 32 197 56 30 117 220 72 127
leaf_count=49 32 197 56 30 117 220 72 127
internal_value=5.5555e-05 0.000436241 -0.00069079 0.000248226 0.0012415 -0.000101919 -0.00112745 -0.000741207
internal_weight=900 596 304 564 147 417 255 199
internal_count=900 596 304 564 147 417 255 199
is_linear=0
shrinkage=0.05


Tree=55
num_leaves=9
num_cat=0
split_feature=1 1 0 1 1 0 0 0
split_gain=0.102284 0.148532 0.120661 0.0784612 0.317896 0.121363 0.0540743 0.132487
threshold=0.31697828167171288 0.31889404114624537 0.29173946852706695 0.34622069534527394 0.348944643811406 0.32569166958657864 0.29849477950816422 0.30415595472450641
decision_type=2 2 2 2 2 2 2 2
left_child=2 -2 -1 5 -5 -3 -4 -8
right_child=1 3 6 4 -6 -7 7 -9
leaf_value=5.0458902948011229e-06 3.3395823173904388e-05 9.7406301811837304e-05 -0.00049113793993271206 0.00088758433785534056 -1.8858641107568314e-05 -0.00042342937140390363 5.4150741875996135e-06 -0.00035646937504446856
leaf_weight=49 32 197 56 30 117 220 72 127
leaf_count=49 32 197 56 30 117 220 72 127
internal_value=5.5555e-05 0.000436241 -0.00069079 0.000248226 0.0012415 -0.000101919 -0.00112745 -0.000741207
internal_weight=900 596 304 564 147 417 255 199
internal_count=900 596 304 564 147 417 255 199
is_linear=0
shrinkage=0.05


Tree=56
num_leaves=9
num_cat=0
split_feature=1 0 0 1 0 0 1 1
split_gain=0.120839 0.325577 0.131664 0.416529 0.104814 0.0871476 0.0851521 0.0225493
threshold=0.34107338220767214 0.33766838611483235 0.32963925667224597 0.33183792783391441 0.34120600123191031 0.34763990499632907 0.32922810103325523 0.33840079702204323
decision_type=2 2 2 2 2 2 2 2
left_child=2 -2 3 6 -3 -6 -1 -4
right_child=1 4 7 -5 5 -7 -8 -9
leaf_value=-6.8318542164594014e-05 0.00084320512096257294 -0.0012015163351446582 -0.0033174364419879757 0.0021004846105887038 0.0012062738625922519 -0.0001046727527143243 -0.0009892366183114011 -0.0017601086890411761
leaf_weight=524 30 30 72 31 51 87 44 31
leaf_count=524 30 30 72 31 51 87 44 31
internal_value=-5.55562e-05 0.00103535 -0.000363248 -7.92994e-05 0.000178571 0.000760869 -0.000387325 -0.00201456
internal_weight=900 198 702 599 168 138 568 103
internal_count=900 198 702 599 168 138 568 103
is_linear=0
shrinkage=0.05


Tree=57
num_leaves=8
num_cat=0
split_feature=1 0 0 0 1 0 0
split_gain=0.122431 0.279009 0.16211 0.125113 0.167825 0.0764682 0.0670777
threshold=0.33802163689869424 0.33654231249855598 0.29173946852706695 0.32963925667224597 0.31442100586742294 0.36588008808621048 0.34763990499632907
decision_type=2 2 2 2 2 2 2
left_child=2 -2 -1 4 -4 6 -3
right_child=1 5 3 -5 -6 -7 -8
leaf_value=7.8459053401035058e-06 0.00079389696561932017 0.00045481730916106393 -0.00033015392131061864 -0.0031423154669303873 2.8233059576298981e-05 0.00072563726552690722 -0.0020524134567802528
leaf_weight=50 51 99 211 67 335 30 57
leaf_count=50 51 99 211 67 335 30 57
internal_value=0.000111111 0.0010865 -0.000237557 -0.000460849 -0.000210623 0.000188171 -0.000256411
internal_weight=900 237 663 613 546 186 156
internal_count=900 237 663 613 546 186 156
is_linear=0
shrinkage=0.05


Tree=58
num_leaves=8
num_cat=0
split_feature=1 0 0 0 1 0 0
split_gain=0.122431 0.279009 0.16211 0.125113 0.167825 0.0764682 0.0670777
threshold=0.33802163689869424 0.33654231249855598 0.29173946852706695 0.32963925667224597 0.31442100586742294 0.36588008808621048 0.34763990499632907
decision_type=2 2 2 2 2 2 2
left_child=2 -2 -1 4 -4 6 -3
right_child=1 5 3 -5 -6 -7 -8
leaf_value=7.4536100730991567e-06 0.00075420211733835403 0.00043207644370300987 -0.00031364622524508669 -0.0029851996935838679 2.6821406597485132e-05 0.00068935540225056326 -0.0019497927839412399
leaf_weight=50 51 99 211 67 335 30 57
leaf_count=50 51 99 211 67 335 30 57
internal_value=0.000111111 0.0010865 -0.000237557 -0.000460849 -0.000210623 0.000188171 -0.000256411
internal_weight=900 237 663 613 546 186 156
internal_count=900 237 663 613 546 186 156
is_linear=0
shrinkage=0.05


Tree=59
num_leaves=5
num_cat=0
split_feature=0 0 0 1
split_gain=0.117562 0.13341 0.185061 0.142014
threshold=0.29173946852706695 0.29849477950816422 0.30138779181882824 0.31442100586742294
decision_type=2 2 2 2
left_child=-1 -2 -3 -4
right_child=1 2 3 -5
leaf_value=6.3536944730708895e-06 -0.00043097510850005909 4.0750258057963847e-05 -0.00034360273105935035 6.762834246383272e-06
leaf_weight=52 56 32 123 637
leaf_count=52 56 32 123 637
internal_value=-5.96046e-10 -0.00014151 2.52519e-05 -0.00013158
internal_weight=900 848 792 760
internal_count=900 848 792 760
is_linear=0
shrinkage=0.05


Tree=60
num_leaves=5
num_cat=0
split_feature=0 0 0 1
split_gain=0.12329 0.126822 0.191388 0.141101
threshold=0.29173946852706695 0.29849477950816422 0.30138779181882824 0.31803190821593286
decision_type=2 2 2 2
left_child=-1 -2 -3 -4
right_child=1 2 3 -5
leaf_value=6.0360097494184326e-06 -0.00040942635307505694 3.8712745155066738e-05 -0.00029715614052576472 1.9497716758423321e-05
leaf_weight=52 56 32 183 577
leaf_count=52 56 32 183 577
internal_value=-5.55562e-05 -0.000200472 -3.78794e-05 -0.000197369
internal_weight=900 848 792 760
internal_count=900 848 792 760
is_linear=0
shrinkage=0.05


Tree=61
num_leaves=8
num_cat=0
split_feature=1 0 0 1 1 0 0
split_gain=0.063344 0.133476 0.109819 0.0894904 0.213185 0.0428069 0.15248
threshold=0.31442100586742294 0.29173946852706695 0.3115374922007772 0.31803190821593286 0.32223661025404066 0.29849477950816422 0.30138779181882824
decision_type=2 2 2 2 2 2 2
left_child=1 -1 -2 -4 -5 -3 -7
right_child=2 5 3 4 -6 6 -8
leaf_value=6.8250619065082763e-06 0.0001222286958238338 -0.00038895503542130398 -0.00036599193865432812 0.00016387420493564034 -1.4260776222746074e-05 3.677710789731448e-05 -0.00031156478748009254
leaf_weight=49 38 56 34 53 515 32 123
leaf_count=49 38 56 34 53 515 32 123
internal_value=-0.000111112 -0.000769231 0.000156249 -8.30624e-06 0.000140844 -0.00131517 -0.000887097
internal_weight=900 260 640 602 568 211 155
internal_count=900 260 640 602 568 211 155
is_linear=0
shrinkage=0.05


Tree=62
num_leaves=8
num_cat=0
split_feature=1 0 0 1 1 0 0
split_gain=0.053101 0.133476 0.1165 0.0836238 0.119664 0.0428069 0.15248
threshold=0.31442100586742294 0.29173946852706695 0.3115374922007772 0.31803190821593286 0.32051944373159835 0.29849477950816422 0.30138779181882824
decision_type=2 2 2 2 2 2 2
left_child=1 -1 -2 -4 -5 -3 -7
right_child=2 5 3 4 -6 6 -8
leaf_value=6.4838088111820989e-06 0.00011611726103264156 -0.00036950728365023891 -0.0003476923417216116 8.3607636576057411e-05 -5.5409016439114353e-06 3.4938252502449976e-05 -0.0002959865481060892
leaf_weight=49 38 56 34 38 530 32 123
leaf_count=49 38 56 34 38 530 32 123
internal_value=-0.000166667 -0.000769231 7.81244e-05 -9.13627e-05 5.28163e-05 -0.00131517 -0.000887097
internal_weight=900 260 640 602 568 211 155
internal_count=900 260 640 602 568 211 155
is_linear=0
shrinkage=0.05


Tree=63
num_leaves=8
num_cat=0
split_feature=1 0 0 1 1 0 0
split_gain=0.053101 0.133476 0.1165 0.0836238 0.119664 0.0428069 0.15248
threshold=0.31442100586742294 0.29173946852706695 0.3115374922007772 0.31803190821593286 0.32051944373159835 0.29849477950816422 0.30138779181882824
decision_type=2 2 2 2 2 2 2
left_child=1 -1 -2 -4 -5 -3 -7
right_child=2 5 3 4 -6 6 -8
leaf_value=6.1596183706227859e-06 0.00011031139798100822 -0.00035103191946772583 -0.00033030772463553127 7.9427254747254646e-05 -5.2638565617165975e-06 3.3191339877327591e-05 -0.00028118722070078487
leaf_weight=49 38 56 34 38 530 32 123
leaf_count=49 38 56 34 38 530 32 123
internal_value=-0.000166667 -0.000769231 7.81244e-05 -9.13627e-05 5.28163e-05 -0.00131517 -0.000887097
internal_weight=900 260 640 602 568 211 155
internal_count=900 260 640 602 568 211 155
is_linear=0
shrinkage=0.05


Tree=64
num_leaves=10
num_cat=0
split_feature=1 0 1 0 1 1 0 1 0
split_gain=0.0620714 0.129217 0.100128 0.0572595 0.128084 0.0556348 0.224052 0.0527009 0.0150376
threshold=0.31803190821593286 0.29173946852706695 0.32051944373159835 0.30643690942737767 0.30656718663041799 0.3277689758919124 0.32442792222520911 0.32627159613182427 0.3113280590012481
decision_type=2 2 2 2 2 2 2 2 2
left_child=1 -1 -2 4 -3 7 -7 -4 -5
right_child=2 3 5 8 -6 6 -8 -9 -10
leaf_value=5.8516374520908832e-06 4.6626721271138739e-05 -0.00032373788296242713 -0.00016343460459324185 -0.00024497059224429241 0.00061235086034971335 0.0011899576602205243 -2.1753272747174123e-05 -0.0013035952029507383 -0.00022984992348319688
leaf_weight=49 40 107 92 72 50 40 368 40 42
leaf_count=49 40 107 92 72 50 40 368 40 42
internal_value=-0.000222223 -0.000781251 8.62063e-05 -0.00120849 -0.000589173 -9.25932e-05 0.000196078 -0.000984849 -0.0020614
internal_weight=900 320 580 271 157 540 408 132 114
internal_count=900 320 580 271 157 540 408 132 114
is_linear=0
shrinkage=0.05


Tree=65
num_leaves=5
num_cat=0
split_feature=0 0 0 1
split_gain=0.0505225 0.120402 0.19782 0.119003
threshold=0.29173946852706695 0.29849477950816422 0.30138779181882824 0.31442100586742294
decision_type=2 2 2 2
left_child=-1 -2 -3 -4
right_child=1 2 3 -5
leaf_value=4.4682029349258982e-06 -0.00031729342934621875 2.579568143245059e-05 -0.00025487933005353128 -8.9546493774594551e-07
leaf_weight=52 56 32 123 637
leaf_count=52 56 32 123 637
internal_value=-0.000166667 -0.000259435 -0.000101011 -0.000263158
internal_weight=900 848 792 760
internal_count=900 848 792 760
is_linear=0
shrinkage=0.05


Tree=66
num_leaves=5
num_cat=0
split_feature=0 0 0 1
split_gain=0.0505225 0.120402 0.19782 0.119003
threshold=0.29173946852706695 0.29849477950816422 0.30138779181882824 0.31442100586742294
decision_type=2 2 2 2
left_child=-1 -2 -3 -4
right_child=1 2 3 -5
leaf_value=4.2447927881795812e-06 -0.0003014287578789077 2.4505897360827532e-05 -0.00024213536355085499 -8.5069169085815956e-07
leaf_weight=52 56 32 123 637
leaf_count=52 56 32 123 637
internal_value=-0.000166667 -0.000259435 -0.000101011 -0.000263158
internal_weight=900 848 792 760
internal_count=900 848 792 760
is_linear=0
shrinkage=0.05


Tree=67
num_leaves=5
num_cat=0
split_feature=0 0 0 1
split_gain=0.0505225 0.120402 0.19782 0.119003
threshold=0.29173946852706695 0.29849477950816422 0.30138779181882824 0.31442100586742294
decision_type=2 2 2 2
left_child=-1 -2 -3 -4
right_child=1 2 3 -5
leaf_value=4.03255314877183e-06 -0.00028635731998496175 2.3280602492787293e-05 -0.00023002859537331333 -8.0815710631476294e-07
leaf_weight=52 56 32 123 637
leaf_count=52 56 32 123 637
internal_value=-0.000166667 -0.000259435 -0.000101011 -0.000263158
internal_weight=900 848 792 760
internal_count=900 848 792 760
is_linear=0
shrinkage=0.05


Tree=68
num_leaves=5
num_cat=0
split_feature=0 0 0 1
split_gain=0.0505225 0.120402 0.19782 0.119003
threshold=0.29173946852706695 0.29849477950816422 0.30138779181882824 0.31442100586742294
decision_type=2 2 2 2
left_child=-1 -2 -3 -4
right_child=1 2 3 -5
leaf_value=3.8309254913322447e-06 -0.0002720394539857146 2.2116572368147679e-05 -0.00021852716560464837 -7.677492510002015e-07
leaf_weight=52 56 32 123 637
leaf_count=52 56 32 123 637
internal_value=-0.000166667 -0.000259435 -0.000101011 -0.000263158
internal_weight=900 848 792 760
internal_count=900 848 792 760
is_linear=0
shrinkage=0.05


Tree=69
num_leaves=9
num_cat=0
split_feature=1 0 1 0 1 1 1 1
split_gain=0.058774 0.123607 0.116794 0.125172 0.0866372 0.0797676 0.0750188 0.0531201
threshold=0.33802163689869424 0.32963925667224597 0.34722535126115034 0.33766838611483235 0.33174368692725903 0.32922810103325523 0.35552041331987561 0.37510728040643376
decision_type=2 2 2 2 2 2 2 2
left_child=1 4 3 -2 5 -1 -4 -8
right_child=2 -3 6 -5 -6 -7 7 -9
leaf_value=-1.3354927592294277e-05 0.00081599616154838506 -0.0028347456929468415 -0.0012942822476385415 -6.0626021194557304e-05 0.0013403011255496487 -0.00091404349080380235 0.00044682449000641957 -8.6175782024705552e-05
leaf_weight=524 50 67 36 58 31 41 54 39
leaf_count=524 50 67 36 58 31 41 54 39
internal_value=-0.000222223 -0.000463802 0.000453586 0.00166667 -0.0002349 -0.000376107 -0.000562016 0.000188171
internal_weight=900 663 237 108 596 565 129 93
internal_count=900 663 237 108 596 565 129 93
is_linear=0
shrinkage=0.05


Tree=70
num_leaves=5
num_cat=0
split_feature=0 0 0 1
split_gain=0.0505225 0.120402 0.19782 0.119003
threshold=0.29173946852706695 0.29849477950816422 0.30138779181882824 0.31442100586742294
decision_type=2 2 2 2
left_child=-1 -2 -3 -4
right_child=1 2 3 -5
leaf_value=4.3071255963806972e-06 -0.00025776973490681257 2.16784901293543e-05 -0.00020693306094480003 -6.1615408834755255e-08
leaf_weight=52 56 32 123 637
leaf_count=52 56 32 123 637
internal_value=-0.000166667 -0.000259435 -0.000101011 -0.000263158
internal_weight=900 848 792 760
internal_count=900 848 792 760
is_linear=0
shrinkage=0.05


Tree=71
num_leaves=5
num_cat=0
split_feature=0 0 1 1
split_gain=0.0543013 0.114149 0.0808411 0.12074
threshold=0.29173946852706695 0.29849477950816422 0.3047321674600032 0.31442100586742294
decision_type=2 2 2 2
left_child=-1 -2 -3 -4
right_child=1 2 3 -5
leaf_value=4.0917693165605304e-06 -0.00024488124816147153 2.2317855283572382e-05 -0.00016025219768661669 -5.8534638393222709e-08
leaf_weight=52 56 31 124 637
leaf_count=52 56 31 124 637
internal_value=-0.000222223 -0.000318397 -0.000164142 -0.000266098
internal_weight=900 848 792 761
internal_count=900 848 792 761
is_linear=0
shrinkage=0.05


Tree=72
num_leaves=5
num_cat=0
split_feature=0 0 0 1
split_gain=0.0505225 0.120402 0.19782 0.119003
threshold=0.29173946852706695 0.29849477950816422 0.30138779181882824 0.31442100586742294
decision_type=2 2 2 2
left_child=-1 -2 -3 -4
right_child=1 2 3 -5
leaf_value=3.887180850733592e-06 -0.00023263718575339821 2.1339172878827153e-05 -0.00018857379801322794 -5.5607906472517787e-08
leaf_weight=52 56 32 123 637
leaf_count=52 56 32 123 637
internal_value=-0.000166667 -0.000259435 -0.000101011 -0.000263158
internal_weight=900 848 792 760
internal_count=900 848 792 760
is_linear=0
shrinkage=0.05


Tree=73
num_leaves=5
num_cat=0
split_feature=0 0 0 1
split_gain=0.0505225 0.120402 0.19782 0.119003
threshold=0.29173946852706695 0.29849477950816422 0.30138779181882824 0.31442100586742294
decision_type=2 2 2 2
left_child=-1 -2 -3 -4
right_child=1 2 3 -5
leaf_value=3.6928218081956417e-06 -0.00022100532646572859 2.0272214234885581e-05 -0.00017914510811256612 -5.2827511150207345e-08
leaf_weight=52 56 32 123 637
leaf_count=52 56 32 123 637
internal_value=-0.000166667 -0.000259435 -0.000101011 -0.000263158
internal_weight=900 848 792 760
internal_count=900 848 792 760
is_linear=0
shrinkage=0.05


Tree=74
num_leaves=5
num_cat=0
split_feature=0 0 0 1
split_gain=0.0505225 0.120402 0.19782 0.119003
threshold=0.29173946852706695 0.29849477950816422 0.30138779181882824 0.31442100586742294
decision_type=2 2 2 2
left_child=-1 -2 -3 -4
right_child=1 2 3 -5
leaf_value=3.5081807177868089e-06 -0.0002099550601424416 1.9258603523140806e-05 -0.00017018785270693783 -5.018613559304097e-08
leaf_weight=52 56 32 123 637
leaf_count=52 56 32 123 637
internal_value=-0.000166667 -0.000259435 -0.000101011 -0.000263158
internal_weight=900 848 792 760
internal_count=900 848 792 760
is_linear=0
shrinkage=0.05


Tree=75
num_leaves=5
num_cat=0
split_feature=0 0 0 1
split_gain=0.0505225 0.120402 0.19782 0.119003
threshold=0.29173946852706695 0.29849477950816422 0.30138779181882824 0.31442100586742294
decision_type=2 2 2 2
left_child=-1 -2 -3 -4
right_child=1 2 3 -5
leaf_value=3.3327716818988347e-06 -0.00019945730713532008 1.829567334698369e-05 -0.00016167846007159037 -4.7676828814010477e-08
leaf_weight=52 56 32 123 637
leaf_count=52 56 32 123 637
internal_value=-0.000166667 -0.000259435 -0.000101011 -0.000263158
internal_weight=900 848 792 760
internal_count=900 848 792 760
is_linear=0
shrinkage=0.05


Tree=76
num_leaves=7
num_cat=0
split_feature=1 0 1 0 0 0
split_gain=0.104911 0.203125 0.119003 0.151933 0.0263032 0.0203533
threshold=0.30020485291057047 0.30138779181882824 0.31442100586742294 0.3115374922007772 0.30643690942737767 0.28700590964560962
decision_type=2 2 2 2 2 2
left_child=5 -2 4 -4 -3 -1
right_child=1 2 3 -5 -6 -7
leaf_value=-0.0004982527651770319 1.3993575326513169e-05 -0.00094704098219762782 0.00016467545130526468 -1.8958191692815894e-05 -0.00010616957652001824 -0.00013793223507958531
leaf_weight=31 56 68 35 602 55 53
leaf_count=31 56 68 35 602 55 53
internal_value=-0.000222223 -4.90202e-05 -0.000263158 1.17733e-05 -0.00168699 -0.00190476
internal_weight=900 816 760 637 123 84
internal_count=900 816 760 637 123 84
is_linear=0
shrinkage=0.05


Tree=77
num_leaves=5
num_cat=0
split_feature=0 0 0 1
split_gain=0.135156 0.114149 0.0737673 0.119003
threshold=0.29173946852706695 0.29849477950816422 0.30138779181882824 0.31442100586742294
decision_type=2 2 2 2
left_child=-1 -2 -3 -4
right_child=1 2 3 -5
leaf_value=1.3711445448236048e-05 -0.00018448689767413455 1.6681210913309219e-05 -0.00014828605824200871 3.2441271482279423e-07
leaf_weight=52 56 32 123 637
leaf_count=52 56 32 123 637
internal_value=-0.000166667 -0.000318397 -0.000164142 -0.000263158
internal_weight=900 848 792 760
internal_count=900 848 792 760
is_linear=0
shrinkage=0.05


Tree=78
num_leaves=7
num_cat=0
split_feature=0 1 0 1 0 1
split_gain=0.129155 0.0753212 0.151933 0.0877453 0.0601531 0.0643127
threshold=0.29173946852706695 0.31442100586742294 0.3115374922007772 0.31827718569595526 0.30643690942737767 0.29951818761977572
decision_type=2 2 2 2 2 2
left_child=-1 4 -3 -4 5 -2
right_child=1 2 3 -5 -6 -7
leaf_value=1.3025873175822987e-05 -0.00024864669686960607 0.00015642545810426085 -0.00025358766442339645 -1.2697765045470526e-05 -9.3446794781915099e-05 -9.6831454920992053e-06
leaf_weight=52 34 35 38 564 55 122
leaf_count=52 34 35 38 564 55 122
internal_value=-0.000111112 -0.000259435 1.17733e-05 -0.000174419 -0.0010782 -0.000576924
internal_weight=900 848 637 602 211 156
internal_count=900 848 637 602 211 156
is_linear=0
shrinkage=0.05


Tree=79
num_leaves=8
num_cat=0
split_feature=0 1 1 0 1 1 0
split_gain=0.129155 0.0931242 0.188631 0.0847115 0.0920102 0.0589015 0.0150376
threshold=0.29173946852706695 0.31803190821593286 0.32223661025404066 0.30643690942737767 0.30656718663041799 0.3277689758919124 0.3113280590012481
decision_type=2 2 2 2 2 2 2
left_child=-1 3 -3 4 -2 -4 -5
right_child=1 2 5 6 -6 -7 -8
leaf_value=1.2374579517032524e-05 -0.00016845428109974985 0.00010437040710255453 -0.001144486868881337 -0.00011404214816936042 0.0005723733561317719 2.017317938047436e-05 -0.00020389618318859273
leaf_weight=52 107 56 115 72 50 406 42
leaf_count=52 107 56 115 72 50 406 42
internal_value=-0.000111112 -0.000259435 9.96528e-05 -0.00102399 -0.000270701 -0.000196738 -0.0020614
internal_weight=900 848 577 271 157 521 114
internal_count=900 848 577 271 157 521 114
is_linear=0
shrinkage=0.05


Tree=80
num_leaves=8
num_cat=0
split_feature=0 1 1 0 1 1 0
split_gain=0.129155 0.0931242 0.188631 0.0847115 0.0862721 0.0589015 0.0150376
threshold=0.29173946852706695 0.31803190821593286 0.32223661025404066 0.30643690942737767 0.29951818761977572 0.3277689758919124 0.3113280590012481
decision_type=2 2 2 2 2 2 2
left_child=-1 3 -3 4 -2 -4 -5
right_child=1 2 5 6 -6 -7 -8
leaf_value=1.1755850541181168e-05 -0.00022779164797114004 9.9151886747427589e-05 -0.0010872625254372693 -0.0001083400407608931 4.018016531419656e-06 1.9164520411451002e-05 -0.00019370137402916212
leaf_weight=52 34 56 115 72 123 406 42
leaf_count=52 34 56 115 72 123 406 42
internal_value=-0.000111112 -0.000259435 9.96528e-05 -0.00102399 -0.000270701 -0.000196738 -0.0020614
internal_weight=900 848 577 271 157 521 114
internal_count=900 848 577 271 157 521 114
is_linear=0
shrinkage=0.05


Tree=81
num_leaves=8
num_cat=0
split_feature=0 1 0 1 1 1 0
split_gain=0.129155 0.0753212 0.151933 0.0779561 0.0695398 0.170426 0.0203704
threshold=0.29173946852706695 0.31442100586742294 0.3115374922007772 0.31803190821593286 0.30403672290166456 0.29951818761977572 0.30643690942737767
decision_type=2 2 2 2 2 2 2
left_child=-1 4 -3 -4 5 -2 -6
right_child=1 2 3 -5 6 -7 -8
leaf_value=1.1168058014121407e-05 -0.00021640206557258236 0.0001959963034463022 -0.00026795872024825974 -7.6086005518905411e-06 -0.0013900281660524112 1.7084542584719095e-05 -7.7655345596308611e-05
leaf_weight=52 34 35 34 568 80 42 55
leaf_count=52 34 35 34 568 80 42 55
internal_value=-0.000111112 -0.000259435 1.17733e-05 -0.000174419 -0.0010782 0.000131578 -0.00175926
internal_weight=900 848 637 602 211 76 135
internal_count=900 848 637 602 211 76 135
is_linear=0
shrinkage=0.05


Tree=82
num_leaves=11
num_cat=0
split_feature=0 1 0 1 1 1 0 1 1 0
split_gain=0.146069 0.254135 0.138722 0.112076 0.106334 0.0980392 0.051775 0.142292 0.0456526 0.0150376
threshold=0.30138779181882824 0.29898870771033853 0.28908803564229663 0.31803190821593286 0.32051944373159835 0.30256840949734881 0.30643690942737767 0.30807399294811738 0.34622069534527394 0.3113280590012481
decision_type=2 2 2 2 2 2 2 2 2 2
left_child=1 2 -1 6 -5 -3 7 -2 -6 -8
right_child=3 5 -4 4 8 -7 9 -9 -10 -11
leaf_value=8.3025706705679445e-06 -0.0016174491210415331 2.9975169070042417e-05 -0.00033910313447796663 3.6916449694226122e-05 -4.821680182858284e-05 1.91727312858078e-05 -9.9040271443034961e-05 0.0013149891068978373 0.00032720815150383303 -0.00017061836931528963
leaf_weight=35 36 30 41 40 391 34 72 33 146 42
leaf_count=35 36 30 41 40 391 34 72 33 146 42
internal_value=-5.55562e-05 0.00142857 -0.000526316 -0.000328948 1.29977e-05 0.00375 -0.0014071 -0.000326088 -0.000172254 -0.0020614
internal_weight=900 140 76 760 577 64 183 69 537 114
internal_count=900 140 76 760 577 64 183 69 537 114
is_linear=0
shrinkage=0.05


Tree=83
num_leaves=10
num_cat=0
split_feature=0 1 0 1 0 1 1 0 1
split_gain=0.135338 0.254135 0.138722 0.119003 0.151933 0.0980392 0.0779561 0.0263032 0.0661765
threshold=0.30138779181882824 0.29898870771033853 0.28908803564229663 0.31442100586742294 0.3115374922007772 0.30256840949734881 0.31803190821593286 0.30643690942737767 0.30807399294811738
decision_type=2 2 2 2 2 2 2 2 2
left_child=1 2 -1 7 -5 -3 -6 8 -2
right_child=3 5 -4 4 6 -7 -8 -9 -10
leaf_value=7.8874421370388466e-06 -0.0015365766649894554 2.8476410616539861e-05 -0.00032214797775406701 0.00019289138570799066 -0.00024602986577008105 1.8214094721516728e-05 -4.8173304328669593e-06 -6.8820564744342946e-05 0.00063151381266056135
leaf_weight=35 36 30 41 35 34 34 568 55 32
leaf_count=35 36 30 41 35 34 34 568 55 32
internal_value=-5.96046e-10 0.00142857 -0.000526316 -0.000263158 1.17733e-05 0.00375 -0.000174419 -0.00168699 -0.00102941
internal_weight=900 140 76 760 637 64 602 123 68
internal_count=900 140 76 760 637 64 602 123 68
is_linear=0
shrinkage=0.05


Tree=84
num_leaves=11
num_cat=0
split_feature=0 1 0 1 1 1 0 1 1 0
split_gain=0.146069 0.254135 0.138722 0.112076 0.106334 0.0980392 0.051775 0.142292 0.0456526 0.0150376
threshold=0.30138779181882824 0.29898870771033853 0.28908803564229663 0.31803190821593286 0.32051944373159835 0.30256840949734881 0.30643690942737767 0.30807399294811738 0.34622069534527394 0.3113280590012481
decision_type=2 2 2 2 2 2 2 2 2 2
left_child=1 2 -1 6 -5 -3 7 -2 -6 -8
right_child=3 5 -4 4 8 -7 9 -9 -10 -11
leaf_value=7.4930700301871767e-06 -0.0014597478317399822 2.7052590085712848e-05 -0.00030604057886636228 3.5311493731159582e-05 -4.5565095215508494e-05 1.7303389985440487e-05 -9.0647229633666901e-05 0.0012308226420945541 0.00031108861045028608 -0.00014978595756101888
leaf_weight=35 36 30 41 40 391 34 72 33 146 42
leaf_count=35 36 30 41 40 391 34 72 33 146 42
internal_value=-5.55562e-05 0.00142857 -0.000526316 -0.000328948 1.29977e-05 0.00375 -0.0014071 -0.000326088 -0.000172254 -0.0020614
internal_weight=900 140 76 760 577 64 183 69 537 114
internal_count=900 140 76 760 577 64 183 69 537 114
is_linear=0
shrinkage=0.05


Tree=85
num_leaves=11
num_cat=0
split_feature=0 1 0 1 0 1 0 1 1 0
split_gain=0.092736 0.16976 0.138722 0.120381 0.216632 0.0673721 0.0533479 0.142292 0.0324142 0.0132646
threshold=0.30138779181882824 0.29898870771033853 0.28908803564229663 0.31827718569595526 0.31563913506762126 0.3277689758919124 0.30643690942737767 0.30807399294811738 0.30256840949734881 0.3113280590012481
decision_type=2 2 2 2 2 2 2 2 2 2
left_child=1 2 -1 6 -5 -6 7 -2 -3 -8
right_child=3 8 -4 4 5 -7 9 -9 -10 -11
leaf_value=7.1184165286785066e-06 -0.0013867604401529838 2.5699960581426351e-05 -0.00029073854992304473 0.00039662039547147629 -0.0016324910562129835 5.5149774105902145e-05 -8.6114868151984664e-05 0.0011692815099898259 1.6438220486167644e-05 -4.8747583273714605e-05
leaf_weight=35 36 30 41 30 145 398 72 33 34 46
leaf_count=35 36 30 41 30 145 398 72 33 34 46
internal_value=-0.000111112 0.00107143 -0.000526316 -0.000328948 3.05404e-05 -0.000197975 -0.00143048 -0.000326088 0.00296875 -0.00207627
internal_weight=900 140 76 760 573 543 187 69 64 118
internal_count=900 140 76 760 573 543 187 69 64 118
is_linear=0
shrinkage=0.05


Tree=86
num_leaves=8
num_cat=0
split_feature=0 1 0 1 0 1 1
split_gain=0.0842272 0.16976 0.138722 0.0778409 0.118822 0.156615 0.0324142
threshold=0.30138779181882824 0.29898870771033853 0.28908803564229663 0.30807399294811738 0.30666287171086776 0.31803190821593286 0.30256840949734881
decision_type=2 2 2 2 2 2 2
left_child=1 2 -1 -2 -5 -6 -3
right_child=3 6 -4 4 5 -7 -8
leaf_value=6.7624957022448534e-06 -0.00076340004764542495 2.4414962552354459e-05 -0.0002762016224268915 0.00084300246032236847 -0.00011367335994321817 -6.2513516153855299e-06 1.5616309461858026e-05
leaf_weight=35 37 30 41 40 109 574 34
leaf_count=35 37 30 41 40 109 574 34
internal_value=-5.55562e-05 0.00107143 -0.000526316 -0.000263158 -0.000148687 -0.000303807 0.00296875
internal_weight=900 140 76 760 723 683 64
internal_count=900 140 76 760 723 683 64
is_linear=0
shrinkage=0.05


Tree=87
num_leaves=5
num_cat=0
split_feature=0 1 0 1
split_gain=0.0860611 0.0871014 0.103511 0.119003
threshold=0.29103364351071453 0.29951818761977572 0.30138779181882824 0.31442100586742294
decision_type=2 2 2 2
left_child=-1 -2 -3 -4
right_child=1 2 3 -5
leaf_value=1.4883690319621925e-05 -0.00015341750595619376 1.5981266423231423e-05 -9.8282724168677341e-05 -7.8034206780853042e-06
leaf_weight=44 40 56 123 637
leaf_count=44 40 56 123 637
internal_value=-0.000111112 -0.000221963 -0.000110295 -0.000263158
internal_weight=900 856 816 760
internal_count=900 856 816 760
is_linear=0
shrinkage=0.05


Tree=88
num_leaves=10
num_cat=0
split_feature=0 1 0 1 0 1 1 0 1
split_gain=0.0842272 0.16976 0.138722 0.119003 0.151933 0.0779561 0.0324142 0.0263032 0.0661765
threshold=0.30138779181882824 0.29898870771033853 0.28908803564229663 0.31442100586742294 0.3115374922007772 0.31803190821593286 0.30256840949734881 0.30643690942737767 0.30807399294811738
decision_type=2 2 2 2 2 2 2 2 2
left_child=1 2 -1 7 -5 -6 -3 8 -2
right_child=3 6 -4 4 5 -7 -8 -9 -10
leaf_value=5.6801864011523096e-06 -0.0012743382795546317 2.2395151103576518e-05 -0.00025472066600773502 0.00018939218306882061 -0.00021772785640877259 -1.1940462339279126e-05 1.4036430667605215e-05 -4.654476001600218e-05 0.00044269692761562674
leaf_weight=35 36 30 41 35 34 568 34 55 32
leaf_count=35 36 30 41 35 34 568 34 55 32
internal_value=-5.55562e-05 0.00107143 -0.000526316 -0.000263158 1.17733e-05 -0.000174419 0.00296875 -0.00168699 -0.00102941
internal_weight=900 140 76 760 637 602 64 123 68
internal_count=900 140 76 760 637 602 64 123 68
is_linear=0
shrinkage=0.05


Tree=89
num_leaves=11
num_cat=0
split_feature=0 1 0 1 1 0 1 1 1 0
split_gain=0.092736 0.16976 0.138722 0.112076 0.106334 0.051775 0.142292 0.0456526 0.0324142 0.0150376
threshold=0.30138779181882824 0.29898870771033853 0.28908803564229663 0.31803190821593286 0.32051944373159835 0.30643690942737767 0.30807399294811738 0.34622069534527394 0.30256840949734881 0.3113280590012481
decision_type=2 2 2 2 2 2 2 2 2 2
left_child=1 2 -1 5 -5 6 -2 -6 -3 -7
right_child=3 8 -4 4 7 9 -8 -9 -10 -11
leaf_value=5.3961770810960767e-06 -0.0012106213655768995 2.1275393548397394e-05 -0.00024198463270734828 0.00011139750212601789 -4.4744567428393108e-05 -6.8884082537992716e-05 0.0010563313676392016 0.00029407645295411204 1.3334609134224829e-05 -0.00012289904866777669
leaf_weight=35 36 30 41 40 391 72 33 146 34 42
leaf_count=35 36 30 41 40 391 72 33 146 34 42
internal_value=-0.000111112 0.00107143 -0.000526316 -0.000328948 1.29977e-05 -0.0014071 -0.000326088 -0.000172254 0.00296875 -0.0020614
internal_weight=900 140 76 760 577 183 69 537 64 114
internal_count=900 140 76 760 577 183 69 537 64 114
is_linear=0
shrinkage=0.05


Tree=90
num_leaves=5
num_cat=0
split_feature=0 1 1 1
split_gain=0.0905522 0.0740597 0.206029 0.0930489
threshold=0.29103364351071453 0.29898870771033853 0.30256840949734881 0.30656718663041799
decision_type=2 2 2 2
left_child=-1 -2 -3 -4
right_child=1 2 3 -5
leaf_value=1.3585687629529754e-05 -0.00020353831517400946 1.7807309781251985e-05 -0.0015093111766088564 -1.2896805494614307e-05
leaf_weight=44 36 32 47 741
leaf_count=44 36 32 47 741
internal_value=-0.000166667 -0.000280374 -0.000182927 -0.00034264
internal_weight=900 856 820 788
internal_count=900 856 820 788
is_linear=0
shrinkage=0.05


Tree=91
num_leaves=8
num_cat=0
split_feature=0 1 1 0 1 0 1
split_gain=0.0451796 0.239685 0.0778409 0.0902215 0.0866572 0.0764007 0.0324142
threshold=0.30138779181882824 0.29898870771033853 0.30807399294811738 0.30715555548422618 0.31827718569595526 0.28700590964560962 0.30256840949734881
decision_type=2 2 2 2 2 2 2
left_child=1 5 -2 -4 -5 -1 -3
right_child=2 6 3 4 -6 -7 -8
leaf_value=-0.00048029740407800616 -0.00062034650897444573 1.9321258381915378e-05 0.00059619529678708416 -9.396488948230248e-05 -9.0445415098208775e-06 -0.00013539775632334661 5.0509063467482396e-05
leaf_weight=31 37 30 44 109 570 45 34
leaf_count=31 37 30 44 109 570 45 34
internal_value=-0.000111112 0.000714285 -0.000263158 -0.000148687 -0.00029087 -0.00118421 0.00296875
internal_weight=900 140 760 723 679 76 64
internal_count=900 140 760 723 679 76 64
is_linear=0
shrinkage=0.05


Tree=92
num_leaves=8
num_cat=0
split_feature=0 1 0 1 0 0 1
split_gain=0.0842272 0.16976 0.138722 0.0778409 0.049942 0.102727 0.0324142
threshold=0.30138779181882824 0.29898870771033853 0.28908803564229663 0.30807399294811738 0.30643690942737767 0.3099848013901757 0.30256840949734881
decision_type=2 2 2 2 2 2 2
left_child=1 2 -1 -2 -5 -6 -3
right_child=3 6 -4 4 5 -7 -8
leaf_value=1.6390459388459948e-05 -0.00058932918352572238 1.8355195462820974e-05 -0.00021293859749711431 0.00086079321971970846 -4.5782634299896037e-05 -1.150817327376082e-05 4.7983610294108115e-05
leaf_weight=35 37 30 41 36 47 640 34
leaf_count=35 37 30 41 36 47 640 34
internal_value=-5.55562e-05 0.00107143 -0.000526316 -0.000263158 -0.000148687 -0.000243814 0.00296875
internal_weight=900 140 76 760 723 687 64
internal_count=900 140 76 760 723 687 64
is_linear=0
shrinkage=0.05


Tree=93
num_leaves=8
num_cat=0
split_feature=0 1 0 1 0 0 1
split_gain=0.0842272 0.16976 0.138722 0.0778409 0.049942 0.102727 0.0324142
threshold=0.30138779181882824 0.29898870771033853 0.28908803564229663 0.30807399294811738 0.30643690942737767 0.3099848013901757 0.30256840949734881
decision_type=2 2 2 2 2 2 2
left_child=1 2 -1 -2 -5 -6 -3
right_child=3 6 -4 4 5 -7 -8
leaf_value=1.5570936419037498e-05 -0.00055986272434943617 1.7437435689679073e-05 -0.00020229166762225916 0.00081775355873372276 -4.3493502584901808e-05 -1.0932764610071939e-05 4.5584429779402004e-05
leaf_weight=35 37 30 41 36 47 640 34
leaf_count=35 37 30 41 36 47 640 34
internal_value=-5.55562e-05 0.00107143 -0.000526316 -0.000263158 -0.000148687 -0.000243814 0.00296875
internal_weight=900 140 76 760 723 687 64
internal_count=900 140 76 760 723 687 64
is_linear=0
shrinkage=0.05


Tree=94
num_leaves=8
num_cat=0
split_feature=0 1 0 1 0 0 1
split_gain=0.0842272 0.16976 0.138722 0.0778409 0.049942 0.102727 0.0324142
threshold=0.30138779181882824 0.29898870771033853 0.28908803564229663 0.30807399294811738 0.30643690942737767 0.3099848013901757 0.30256840949734881
decision_type=2 2 2 2 2 2 2
left_child=1 2 -1 -2 -5 -6 -3
right_child=3 6 -4 4 5 -7 -8
leaf_value=1.479238959808659e-05 -0.00053186958813196438 1.6565563905196069e-05 -0.00019217708424114634 0.00077686588079703769 -4.1318827455655623e-05 -1.0386126379568891e-05 4.3305208290430923e-05
leaf_weight=35 37 30 41 36 47 640 34
leaf_count=35 37 30 41 36 47 640 34
internal_value=-5.55562e-05 0.00107143 -0.000526316 -0.000263158 -0.000148687 -0.000243814 0.00296875
internal_weight=900 140 76 760 723 687 64
internal_count=900 140 76 760 723 687 64
is_linear=0
shrinkage=0.05


Tree=95
num_leaves=8
num_cat=0
split_feature=0 1 0 1 0 0 1
split_gain=0.0842272 0.16976 0.138722 0.0778409 0.049942 0.102727 0.0324142
threshold=0.30138779181882824 0.29898870771033853 0.28908803564229663 0.30807399294811738 0.30643690942737767 0.3099848013901757 0.30256840949734881
decision_type=2 2 2 2 2 2 2
left_child=1 2 -1 -2 -5 -6 -3
right_child=3 6 -4 4 5 -7 -8
leaf_value=1.4052770118183504e-05 -0.00050527610872536696 1.5737285709937634e-05 -0.00018256823002908986 0.00073802258675718458 -3.9252886082872023e-05 -9.866820060591548e-06 4.1139947875909226e-05
leaf_weight=35 37 30 41 36 47 640 34
leaf_count=35 37 30 41 36 47 640 34
internal_value=-5.55562e-05 0.00107143 -0.000526316 -0.000263158 -0.000148687 -0.000243814 0.00296875
internal_weight=900 140 76 760 723 687 64
internal_count=900 140 76 760 723 687 64
is_linear=0
shrinkage=0.05


Tree=96
num_leaves=8
num_cat=0
split_feature=0 0 0 1 0 0 1
split_gain=0.135338 0.111866 0.15311 0.0778409 0.049942 0.102727 0.0232313
threshold=0.30138779181882824 0.29422901266178297 0.29103364351071453 0.30807399294811738 0.30643690942737767 0.3099848013901757 0.30228792876112426
decision_type=2 2 2 2 2 2 2
left_child=1 2 -1 -2 -5 -6 -3
right_child=3 6 -4 4 5 -7 -8
leaf_value=3.1294189477830841e-05 -0.00048001230328909884 2.6936002536473829e-06 -0.00012601503509565294 0.0007011214574193245 -3.7290241778728857e-05 -9.3734790575615471e-06 4.0989137934034024e-05
leaf_weight=44 37 31 32 36 47 640 33
leaf_count=44 37 31 32 36 47 640 33
internal_value=-5.96046e-10 0.00142857 0.000131578 -0.000263158 -0.000148687 -0.000243814 0.00296875
internal_weight=900 140 76 760 723 687 64
internal_count=900 140 76 760 723 687 64
is_linear=0
shrinkage=0.05


Tree=97
num_leaves=8
num_cat=0
split_feature=0 0 0 1 0 0 1
split_gain=0.135338 0.111866 0.15311 0.0778409 0.049942 0.102727 0.0232313
threshold=0.30138779181882824 0.29422901266178297 0.29103364351071453 0.30807399294811738 0.30643690942737767 0.3099848013901757 0.30228792876112426
decision_type=2 2 2 2 2 2 2
left_child=1 2 -1 -2 -5 -6 -3
right_child=3 6 -4 4 5 -7 -8
leaf_value=2.972948000393897e-05 -0.00045601168812464438 2.5589202409662506e-06 -0.00011971428334087153 0.00066606538454835689 -3.5425729689792287e-05 -8.9048051046840178e-06 3.8939681037331809e-05
leaf_weight=44 37 31 32 36 47 640 33
leaf_count=44 37 31 32 36 47 640 33
internal_value=-5.96046e-10 0.00142857 0.000131578 -0.000263158 -0.000148687 -0.000243814 0.00296875
internal_weight=900 140 76 760 723 687 64
internal_count=900 140 76 760 723 687 64
is_linear=0
shrinkage=0.05


Tree=98
num_leaves=8
num_cat=0
split_feature=0 1 0 1 0 0 1
split_gain=0.135338 0.152381 0.0793651 0.0778409 0.049942 0.102727 0.0166667
threshold=0.30138779181882824 0.29951818761977572 0.28908803564229663 0.30807399294811738 0.30643690942737767 0.3099848013901757 0.30302642165526839
decision_type=2 2 2 2 2 2 2
left_child=1 2 -1 -2 -5 -6 -3
right_child=3 6 -4 4 5 -7 -8
leaf_value=1.0298948138184764e-05 -0.00043321110371841203 1.4687795399711692e-05 -7.6842623615874794e-05 0.00063276211532094034 -3.365444320530297e-05 -8.4595648494499483e-06 4.271125934122538e-05
leaf_weight=35 37 30 45 36 47 640 30
leaf_count=35 37 30 45 36 47 640 30
internal_value=-5.96046e-10 0.00142857 -5.96046e-10 -0.000263158 -0.000148687 -0.000243814 0.00333333
internal_weight=900 140 80 760 723 687 60
internal_count=900 140 80 760 723 687 60
is_linear=0
shrinkage=0.05


Tree=99
num_leaves=8
num_cat=0
split_feature=0 0 0 1 0 0 1
split_gain=0.0842272 0.16976 0.0861244 0.0778409 0.049942 0.102727 0.0232313
threshold=0.30138779181882824 0.29422901266178297 0.29103364351071453 0.30807399294811738 0.30643690942737767 0.3099848013901757 0.30228792876112426
decision_type=2 2 2 2 2 2 2
left_child=1 2 -1 -2 -5 -6 -3
right_child=3 6 -4 4 5 -7 -8
leaf_value=2.7728058596831065e-05 -0.00041155054853249146 5.4826861335637398e-06 -0.00010988643799303421 0.00060112400955489396 -3.1971721045037977e-05 -8.0365866069768884e-06 3.4857134018401955e-05
leaf_weight=44 37 31 32 36 47 640 33
leaf_count=44 37 31 32 36 47 640 33
internal_value=-5.55562e-05 0.00107143 -0.000526316 -0.000263158 -0.000148687 -0.000243814 0.00296875
internal_weight=900 140 76 760 723 687 64
internal_count=900 140 76 760 723 687 64
is_linear=0
shrinkage=0.05


Tree=100
num_leaves=8
num_cat=0
split_feature=0 1 1 1 0 0 0
split_gain=0.135338 0.254135 0.0980392 0.0778409 0.049942 0.102727 0.0328334
threshold=0.30138779181882824 0.29898870771033853 0.30256840949734881 0.30807399294811738 0.30643690942737767 0.3099848013901757 0.28700590964560962
decision_type=2 2 2 2 2 2 2
left_child=1 6 -3 -2 -5 -6 -1
right_child=3 2 -4 4 5 -7 -8
leaf_value=-0.0004642753954611334 -0.00039097302110586746 1.5898023050325645e-05 3.120808986556121e-05 0.00057106780907714781 -3.0373134992786926e-05 -7.6347572766281746e-06 -6.7506170535430734e-05
leaf_weight=31 37 30 34 36 47 640 45
leaf_count=31 37 30 34 36 47 640 45
internal_value=-5.96046e-10 0.00142857 0.00375 -0.000263158 -0.000148687 -0.000243814 -0.000526316
internal_weight=900 140 64 760 723 687 76
internal_count=900 140 64 760 723 687 76
is_linear=0
shrinkage=0.05


Tree=101
num_leaves=8
num_cat=0
split_feature=0 1 1 0 0 0 1
split_gain=0.135338 0.111866 0.0778409 0.0710068 0.049942 0.102727 0.0324142
threshold=0.30138779181882824 0.29898870771033853 0.30807399294811738 0.28908803564229663 0.30643690942737767 0.3099848013901757 0.30256840949734881
decision_type=2 2 2 2 2 2 2
left_child=1 3 -2 -1 -4 -6 -3
right_child=2 6 4 -5 5 -7 -8
leaf_value=1.7724436661330278e-05 -0.00037142437005057463 1.510312189781074e-05 0.00054251441862328915 -0.00014844159099859368 -2.8854478243148566e-05 -7.2530194127977301e-06 2.9647685372282998e-05
leaf_weight=35 37 30 36 41 47 640 34
leaf_count=35 37 30 36 41 47 640 34
internal_value=-5.96046e-10 0.00142857 -0.000263158 0.000131578 -0.000148687 -0.000243814 0.00296875
internal_weight=900 140 760 76 723 687 64
internal_count=900 140 760 76 723 687 64
is_linear=0
shrinkage=0.05


Tree=102
num_leaves=8
num_cat=0
split_feature=0 1 1 0 0 0 1
split_gain=0.135338 0.111866 0.0778409 0.0710068 0.049942 0.102727 0.0324142
threshold=0.30138779181882824 0.29898870771033853 0.30807399294811738 0.28908803564229663 0.30643690942737767 0.3099848013901757 0.30256840949734881
decision_type=2 2 2 2 2 2 2
left_child=1 3 -2 -1 -4 -6 -3
right_child=2 6 4 -5 5 -7 -8
leaf_value=1.6838214828264529e-05 -0.00035285315154804688 1.4347965802921441e-05 0.00051538869769212432 -0.00014101951144866455 -2.7411754330991848e-05 -6.8903684421582527e-06 2.8165301103668975e-05
leaf_weight=35 37 30 36 41 47 640 34
leaf_count=35 37 30 36 41 47 640 34
internal_value=-5.96046e-10 0.00142857 -0.000263158 0.000131578 -0.000148687 -0.000243814 0.00296875
internal_weight=900 140 760 76 723 687 64
internal_count=900 140 760 76 723 687 64
is_linear=0
shrinkage=0.05


Tree=103
num_leaves=8
num_cat=0
split_feature=0 1 1 0 0 0 1
split_gain=0.135338 0.111866 0.0778409 0.0710068 0.049942 0.102727 0.0324142
threshold=0.30138779181882824 0.29898870771033853 0.30807399294811738 0.28908803564229663 0.30643690942737767 0.3099848013901757 0.30256840949734881
decision_type=2 2 2 2 2 2 2
left_child=1 3 -2 -1 -4 -6 -3
right_child=2 6 4 -5 5 -7 -8
leaf_value=1.5996304086850265e-05 -0.000335210493970645 1.3630567512776054e-05 0.00048961926280751767 -0.00013396853587623048 -2.6041166614440886e-05 -6.545850020050887e-06 2.675703604848565e-05
leaf_weight=35 37 30 36 41 47 640 34
leaf_count=35 37 30 36 41 47 640 34
internal_value=-5.96046e-10 0.00142857 -0.000263158 0.000131578 -0.000148687 -0.000243814 0.00296875
internal_weight=900 140 760 76 723 687 64
internal_count=900 140 760 76 723 687 64
is_linear=0
shrinkage=0.05


Tree=104
num_leaves=8
num_cat=0
split_feature=0 1 1 0 0 0 1
split_gain=0.0842272 0.16976 0.0778409 0.049942 0.102727 0.0328334 0.0324142
threshold=0.30138779181882824 0.29898870771033853 0.30807399294811738 0.30643690942737767 0.3099848013901757 0.28700590964560962 0.30256840949734881
decision_type=2 2 2 2 2 2 2
left_child=1 5 -2 -4 -5 -1 -3
right_child=2 6 3 4 -6 -7 -8
leaf_value=-0.00044358957346689879 -0.00031844996927211136 1.2949039137135992e-05 0.00046513829966714297 -2.4739108283719829e-05 -6.2185575190497232e-06 -4.2959380092486016e-05 2.5419184246061355e-05
leaf_weight=31 37 30 36 47 640 45 34
leaf_count=31 37 30 36 47 640 45 34
internal_value=-5.55562e-05 0.00107143 -0.000263158 -0.000148687 -0.000243814 -0.000526316 0.00296875
internal_weight=900 140 760 723 687 76 64
internal_count=900 140 760 723 687 76 64
is_linear=0
shrinkage=0.05


Tree=105
num_leaves=5
num_cat=0
split_feature=0 0 0 1
split_gain=0.111969 0.0557478 0.294613 0.0745681
threshold=0.29173946852706695 0.29849477950816422 0.30170480741010025 0.3105102261710746
decision_type=2 2 2 2
left_child=-1 -2 -3 -4
right_child=1 2 3 -5
leaf_value=3.4329640893228213e-05 -1.5585478498569845e-05 2.7908846997824153e-05 -0.0003566978375052906 -2.4086082123400751e-06
leaf_weight=52 56 36 68 688
leaf_count=52 56 36 68 688
internal_value=5.5555e-05 -8.25478e-05 2.52519e-05 -0.000185186
internal_weight=900 848 792 756
internal_count=900 848 792 756
is_linear=0
shrinkage=0.05


Tree=106
num_leaves=9
num_cat=0
split_feature=0 1 1 1 0 1 0 0
split_gain=0.109537 0.21932 0.108518 0.0745681 0.0659565 0.0489983 0.0328334 0.0138655
threshold=0.30170480741010025 0.29898870771033853 0.30256840949734881 0.3105102261710746 0.30876904585305692 0.31803190821593286 0.28700590964560962 0.30415595472450641
decision_type=2 2 2 2 2 2 2 2
left_child=1 6 -3 7 -5 -6 -1 -2
right_child=3 2 -4 4 5 -7 -8 -9
leaf_value=-0.0004231265768382148 -0.0015107427490855358 1.5734346080269381e-05 1.7034220328107128e-05 0.00011430831254253447 -0.0001174219741377307 2.8573240761673401e-06 -4.003213716293475e-05 -0.00035481191049510793
leaf_weight=31 35 31 37 32 82 574 45 33
leaf_count=31 35 31 37 32 82 574 45 33
internal_value=5.5555e-05 0.00131944 0.00338235 -0.000185186 -2.90704e-05 -0.000137196 -0.000526316 -0.00176471
internal_weight=900 144 68 756 688 656 76 68
internal_count=900 144 68 756 688 656 76 68
is_linear=0
shrinkage=0.05


Tree=107
num_leaves=5
num_cat=0
split_feature=0 0 1 1
split_gain=0.0816841 0.0725887 0.137445 0.0453202
threshold=0.29103364351071453 0.29422901266178297 0.30256840949734881 0.34622069534527394
decision_type=2 2 2 2
left_child=-1 -2 -3 -4
right_child=1 2 3 -5
leaf_value=7.9793068940948585e-05 -7.4916475862740758e-05 2.2264369857921801e-05 -2.3918001715422208e-05 0.00028604780549409709
leaf_weight=44 32 37 641 146
leaf_count=44 32 37 641 146
internal_value=-5.55562e-05 -0.000163552 -7.28161e-05 -0.000212834
internal_weight=900 856 824 787
internal_count=900 856 824 787
is_linear=0
shrinkage=0.05


Tree=108
num_leaves=9
num_cat=0
split_feature=0 0 0 1 1 1 1 1
split_gain=0.0648148 0.231481 0.094068 0.0790865 0.0990534 0.0554102 0.0455204 0.0683267
threshold=0.30170480741010025 0.29849477950816422 0.29173946852706695 0.31803190821593286 0.32051944373159835 0.3277689758919124 0.31552119797886335 0.3105102261710746
decision_type=2 2 2 2 2 2 2 2
left_child=1 2 -1 6 -5 -6 7 -2
right_child=3 -3 -4 4 5 -7 -8 -9
leaf_value=4.1965662707534766e-05 -0.00029269347169210596 2.5174499131270461e-05 -1.097061052040374e-05 0.00011369870229317752 -0.00064817655437441289 3.2167262463541066e-05 -0.00015180350373780461 1.3869724577114461e-05
leaf_weight=52 68 36 56 40 131 406 44 67
leaf_count=52 68 36 56 40 131 406 44 67
internal_value=-5.96046e-10 0.000972222 -0.000185186 -0.000185186 9.96528e-05 -7.9144e-05 -0.00110335 -0.000648149
internal_weight=900 144 108 756 577 537 179 135
internal_count=900 144 108 756 577 537 179 135
is_linear=0
shrinkage=0.05


Tree=109
num_leaves=9
num_cat=0
split_feature=0 0 0 1 1 1 1 1
split_gain=0.0648148 0.231481 0.094068 0.0790865 0.188631 0.0589015 0.0455204 0.0683267
threshold=0.30170480741010025 0.29849477950816422 0.29173946852706695 0.31803190821593286 0.32223661025404066 0.3277689758919124 0.31552119797886335 0.3105102261710746
decision_type=2 2 2 2 2 2 2 2
left_child=1 2 -1 6 -5 -6 7 -2
right_child=3 -3 -4 4 5 -7 -8 -9
leaf_value=3.9867379572158131e-05 -0.00027805879810750172 2.3915774174707811e-05 -1.0422079994383187e-05 0.00014538094475621366 -0.00093258409575664976 3.055889934036493e-05 -0.00014421332855091564 1.3176238348258452e-05
leaf_weight=52 68 36 56 56 115 406 44 67
leaf_count=52 68 36 56 56 115 406 44 67
internal_value=-5.96046e-10 0.000972222 -0.000185186 -0.000185186 9.96528e-05 -0.000196738 -0.00110335 -0.000648149
internal_weight=900 144 108 756 577 521 179 135
internal_count=900 144 108 756 577 521 179 135
is_linear=0
shrinkage=0.05


Tree=110
num_leaves=7
num_cat=0
split_feature=1 1 1 1 0 0
split_gain=0.0377798 0.360536 0.0669643 0.0494586 0.1165 0.0138528
threshold=0.30182913197027078 0.30412349462983435 0.29659806836794883 0.31442100586742294 0.3115374922007772 0.30643690942737767
decision_type=2 2 2 2 2 2
left_child=2 -2 -1 5 -5 -3
right_child=1 3 -4 4 -6 -7
leaf_value=4.4562706240347023e-06 0.00041660957939488311 -0.00089858500075990053 -3.0852811493832592e-06 0.00011434226862545657 -3.5224428985406924e-06 -3.6159121410905361e-05
leaf_weight=56 32 77 40 38 602 55
leaf_count=56 32 77 40 38 602 55
internal_value=-5.96046e-10 0.00011194 -0.000937501 -0.000103628 7.81244e-05 -0.000984849
internal_weight=900 804 96 772 640 132
internal_count=900 804 96 772 640 132
is_linear=0
shrinkage=0.05


Tree=111
num_leaves=9
num_cat=0
split_feature=1 0 1 1 0 1 0 0
split_gain=0.0469444 0.167284 0.0772947 0.0641994 0.194148 0.07167 0.0424539 0.0543339
threshold=0.31827718569595526 0.31563913506762126 0.31552119797886335 0.32496790686461491 0.32183020602877338 0.32223661025404066 0.29103364351071453 0.29422901266178297
decision_type=2 2 2 2 2 2 2 2
left_child=2 -2 6 5 -5 -3 -1 -8
right_child=1 3 -4 4 -6 -7 7 -9
leaf_value=8.5236491979172037e-05 0.00037682159205580678 -0.0013090781674381801 -9.7525615783780614e-05 0.0013360068470091527 -3.5230214129678188e-05 -0.0037838859808613568 -6.9946753486394017e-05 -3.0204621158120645e-06
leaf_weight=41 33 34 48 31 425 53 32 203
leaf_count=41 33 34 48 31 425 53 32 203
internal_value=-0.000166667 0.000104166 -0.000648149 -0.000105894 0.000131578 -0.00135058 -0.000326088 -0.000585107
internal_weight=900 576 324 543 456 87 276 235
internal_count=900 576 324 543 456 87 276 235
is_linear=0
shrinkage=0.05


Tree=112
num_leaves=8
num_cat=0
split_feature=0 1 1 0 1 0 1
split_gain=0.0400036 0.0311727 0.194056 0.13201 0.190817 0.0627981 0.0245085
threshold=0.29173946852706695 0.34622069534527394 0.348944643811406 0.32963925667224597 0.33183792783391441 0.33530315452871723 0.35798355356869022
decision_type=2 2 2 2 2 2 2
left_child=-1 3 -3 4 -2 -5 -4
right_child=1 2 6 5 -6 -7 -8
leaf_value=3.7864309334029727e-05 -2.6263723649613435e-06 0.0006273691517843877 -0.0010332106781689033 -0.0023995660414822956 0.0018847536202645993 -0.0019496667120399741 -1.1936897659414184e-06
leaf_weight=52 518 30 42 79 31 74 74
leaf_count=52 518 30 42 79 31 74 74
internal_value=-5.96046e-10 -8.25478e-05 0.000582191 -0.000220798 0.000141165 -0.00151961 -0.000344828
internal_weight=900 848 146 702 549 153 116
internal_count=900 848 146 702 549 153 116
is_linear=0
shrinkage=0.05


Tree=113
num_leaves=10
num_cat=0
split_feature=1 0 0 1 0 1 1 1 0
split_gain=0.0357672 0.194032 0.151741 0.0935392 0.109756 0.10122 0.0744162 0.226409 0.00244088
threshold=0.33558202985137137 0.33326391033111941 0.32801156096287792 0.3277689758919124 0.32569166958657864 0.32627159613182427 0.34403513116017553 0.34722535126115034 0.33583720529903477
decision_type=2 2 2 2 2 2 2 2 2
left_child=2 -2 3 5 -5 -1 8 -8 -3
right_child=1 6 -4 4 -6 -7 7 -9 -10
leaf_value=4.467724295085852e-07 0.00024098403412249302 -0.0017999138742014625 -0.0027546682290230193 0.0010581038061068004 -0.0003007383386545 -0.00093886455659618101 0.00075172290250293341 -0.00013226912858378405 -0.0028702213459113309
leaf_weight=452 39 30 57 41 41 39 38 117 46
leaf_count=452 39 30 57 41 41 39 38 117 46
internal_value=0.000166666 0.000648148 -3.96831e-05 0.00020506 0.00176829 -5.60087e-05 9.7402e-05 0.000725806 -0.00118421
internal_weight=900 270 630 573 82 491 231 155 76
internal_count=900 270 630 573 82 491 231 155 76
is_linear=0
shrinkage=0.05


Tree=114
num_leaves=10
num_cat=0
split_feature=1 1 0 1 0 0 0 1 1
split_gain=0.0685714 0.19238 0.189688 0.217145 0.142109 0.0904285 0.161051 0.0750188 0.0531201
threshold=0.33558202985137137 0.34722535126115034 0.3337561183114211 0.34403513116017553 0.32801156096287792 0.32529294058775005 0.32183020602877338 0.35552041331987561 0.37510728040643376
decision_type=2 2 2 2 2 2 2 2 2
left_child=4 2 -2 -4 5 6 -1 -3 -9
right_child=1 7 3 -5 -6 -7 -8 8 -10
leaf_value=9.1798241286048773e-07 0.00071453077058153619 -0.0012718080554724566 -0.0019679266639211243 0.00074460064999354054 -0.0026169348175718674 0.001229069672643857 -0.0017889286876890662 0.00037449143956099455 -0.00013185881886857432
leaf_weight=457 31 36 73 37 57 55 61 54 39
leaf_count=457 31 36 73 37 57 55 61 54 39
internal_value=0.000166666 0.000833333 0.00210993 0.00113636 -0.000119048 0.0001178 -8.68732e-05 -0.000562016 0.000188171
internal_weight=900 270 141 110 630 573 518 129 93
internal_count=900 270 141 110 630 573 518 129 93
is_linear=0
shrinkage=0.05


Tree=115
num_leaves=11
num_cat=0
split_feature=1 1 0 1 0 1 0 0 1 1
split_gain=0.0685714 0.19238 0.189688 0.217145 0.142109 0.104273 0.109756 0.108428 0.0750188 0.0531201
threshold=0.33558202985137137 0.34722535126115034 0.3337561183114211 0.34403513116017553 0.32801156096287792 0.3277689758919124 0.32569166958657864 0.31798615536664726 0.35552041331987561 0.37510728040643376
decision_type=2 2 2 2 2 2 2 2 2 2
left_child=4 2 -2 -4 5 7 -7 -1 -3 -10
right_child=1 8 3 -5 -6 6 -8 -9 9 -11
leaf_value=5.6199595406951209e-07 0.00067880423205245958 -0.0012082176526988344 -0.001869530330725067 0.00070737061749386347 -0.0024860880766932741 0.0010051527472987973 -0.00034715490535396705 -0.0033961241057250523 0.00035576686758294579 -0.00012526587792514589
leaf_weight=384 31 36 73 37 57 41 41 107 54 39
leaf_count=384 31 36 73 37 57 41 41 107 54 39
internal_value=0.000166666 0.000833333 0.00210993 0.00113636 -0.000119048 0.0001178 0.00176829 -0.000157842 -0.000562016 0.000188171
internal_weight=900 270 141 110 630 573 82 491 129 93
internal_count=900 270 141 110 630 573 82 491 129 93
is_linear=0
shrinkage=0.05


Tree=116
num_leaves=11
num_cat=0
split_feature=1 1 0 0 1 0 0 1 1 0
split_gain=0.0751964 0.234 0.165025 0.162944 0.0750188 0.0595948 0.115265 0.107967 0.0531201 0.0332669
threshold=0.33802163689869424 0.34722535126115034 0.33654231249855598 0.32963925667224597 0.35552041331987561 0.32423642368798394 0.32183020602877338 0.32951986613955386 0.37510728040643376 0.34075321645173806
decision_type=2 2 2 2 2 2 2 2 2 2
left_child=3 2 -2 5 -3 6 -1 -7 -6 -4
right_child=1 4 9 -5 8 7 -8 -9 -10 -11
leaf_value=2.3577180304729178e-07 0.00062031773140113248 -0.0011478067700638917 -0.0020797092851644302 -0.0023150670535378921 0.0003379785242037993 0.0012358515554447996 -0.002110163119222921 -0.00031191542539650747 -0.00011900258402888775 0.00066426974897164652
leaf_weight=457 39 36 38 67 54 33 46 60 39 31
leaf_count=457 39 36 38 67 54 33 46 60 39 31
internal_value=0.000111111 0.000875527 0.00259259 -0.000162142 -0.000562016 0.000100671 -0.000114315 0.00126344 0.000188171 0.00112319
internal_weight=900 237 108 663 129 596 503 93 93 69
internal_count=900 237 108 663 129 596 503 93 93 69
is_linear=0
shrinkage=0.05


Tree=117
num_leaves=11
num_cat=0
split_feature=1 1 0 0 1 0 0 0 1 0
split_gain=0.0458146 0.267799 0.136566 0.113928 0.0750188 0.0670428 0.161708 0.0633053 0.0531201 0.0185918
threshold=0.34107338220767214 0.34722535126115034 0.3393690611170827 0.33153993683433414 0.35552041331987561 0.32166355780637057 0.31798615536664726 0.32696625439542537 0.37510728040643376 0.33485961302053219
decision_type=2 2 2 2 2 2 2 2 2 2
left_child=3 2 -2 5 -3 6 -1 -7 -6 -5
right_child=1 4 -4 9 8 7 -8 -9 -10 -11
leaf_value=4.5330971423120209e-07 0.00047301416168614961 -0.0010904164315606979 0.00023493263859932501 -0.0023580749155196201 0.00032107959799360889 0.0010837132867737255 -0.0013478827157323387 -0.00022463430817641012 -0.00011305245482744475 -0.0025261394389609003
leaf_weight=387 30 36 39 47 54 106 64 66 39 32
leaf_count=387 30 36 39 47 54 106 64 66 39 32
internal_value=0.000111111 0.000782828 0.0032971 -7.83482e-05 -0.000562016 0.000148475 -0.000171841 0.000988371 0.000188171 -0.00186709
internal_weight=900 198 69 702 129 623 451 172 93 79
internal_count=900 198 69 702 129 623 451 172 93 79
is_linear=0
shrinkage=0.05


Tree=118
num_leaves=7
num_cat=0
split_feature=0 0 0 0 1 1
split_gain=0.0367699 0.0482489 0.166692 0.128056 0.0726772 0.0371212
threshold=0.29173946852706695 0.33530315452871723 0.33847649484282077 0.33153993683433414 0.33475321730638957 0.34658889819766425
decision_type=2 2 2 2 2 2
left_child=-1 3 -3 4 -2 -4
right_child=1 2 5 -5 -6 -7
leaf_value=3.584030225164458e-05 -2.878457528638591e-06 0.00049035608160626271 0.0001736705538038924 -0.001061089922366772 0.00064606286080602562 -0.00015541960999508597
leaf_weight=52 553 42 40 57 31 125
leaf_count=52 553 42 40 57 31 125
internal_value=5.5555e-05 -2.35855e-05 0.000640096 -0.00023791 -1.71239e-05 -7.57582e-05
internal_weight=900 848 207 641 584 165
internal_count=900 848 207 641 584 165
is_linear=0
shrinkage=0.05


Tree=119
num_leaves=11
num_cat=0
split_feature=1 1 0 1 1 0 0 0 1 1
split_gain=0.0541799 0.144705 0.132793 0.128482 0.15873 0.136566 0.0988008 0.148425 0.0750188 0.0531201
threshold=0.33558202985137137 0.34722535126115034 0.32801156096287792 0.34107338220767214 0.33885370588598845 0.3393690611170827 0.32529294058775005 0.32183020602877338 0.35552041331987561 0.37510728040643376
decision_type=2 2 2 2 2 2 2 2 2 2
left_child=2 3 6 4 -2 -5 7 -1 -3 -10
right_child=1 8 -4 5 -6 -7 -8 -9 9 -11
leaf_value=5.8652801210910323e-07 0.0010822945849033199 -0.0010281246294829073 -0.0021508766223635816 0.00042484564952152936 -0.0017642443415613156 0.00021450247897916442 0.0011081666363884622 -0.0016982733187687338 0.00031279659859368385 -9.9628851586316969e-05
leaf_weight=457 42 36 57 30 30 39 55 61 54 39
leaf_count=457 42 36 57 30 30 39 55 61 54 39
internal_value=5.5555e-05 0.000648148 -0.000198413 0.00175532 0.000277777 0.0032971 3.05404e-05 -0.000183398 -0.000562016 0.000188171
internal_weight=900 270 630 141 72 69 573 518 129 93
internal_count=900 270 630 141 72 69 573 518 129 93
is_linear=0
shrinkage=0.05


end of trees

feature_importances:
Column_0=487
Column_1=378

parameters:
[boosting: gbdt]
[objective: quantile]
[metric: quantile]
[tree_learner: serial]
[device_type: cpu]
[data_sample_strategy: bagging]
[data: ]
[valid: ]
[num_iterations: 120]
[learning_rate: 0.05]
[num_leaves: 12]
[num_threads: 2]
[seed: 26170]
[deterministic: 0]
[force_col_wise: 0]
[force_row_wise: 0]
[histogram_pool_size: -1]
[max_depth: 4]
[min_data_in_leaf: 30]
[min_sum_hessian_in_leaf: 0.001]
[bagging_fraction: 1]
[pos_bagging_fraction: 1]
[neg_bagging_fraction: 1]
[bagging_freq: 0]
[bagging_seed: 13002]
[bagging_by_query: 0]
[feature_fraction: 1]
[feature_fraction_bynode: 1]
[feature_fraction_seed: 3933]
[extra_trees: 0]
[extra_seed: 13870]
[early_stopping_round: 0]
[early_stopping_min_delta: 0]
[first_metric_only: 0]
[max_delta_step: 0]
[lambda_l1: 0]
[lambda_l2: 0]
[linear_lambda: 0]
[min_gain_to_split: 0]
[drop_rate: 0.1]
[max_drop: 50]
[skip_drop: 0.5]
[xgboost_dart_mode: 0]
[uniform_drop: 0]
[drop_seed: 25549]
[top_rate: 0.2]
[other_rate: 0.1]
[min_data_per_group: 100]
[max_cat_threshold: 32]
[cat_l2: 10]
[cat_smooth: 10]
[max_cat_to_onehot: 4]
[top_k: 20]
[monotone_constraints: ]
[monotone_constraints_method: basic]
[monotone_penalty: 0]
[feature_contri: ]
[forcedsplits_filename: ]
[refit_decay_rate: 0.9]
[cegb_tradeoff: 1]
[cegb_penalty_split: 0]
[cegb_penalty_feature_lazy: ]
[cegb_penalty_feature_coupled: ]
[path_smooth: 0]
[interaction_constraints: ]
[verbosity: -1]
[saved_feature_importance_type: 0]
[use_quantized_grad: 0]
[num_grad_quant_bins: 4]
[quant_train_renew_leaf: 0]
[stochastic_rounding: 1]
[linear_tree: 0]
[max_bin: 255]
[max_bin_by_feature: ]
[min_data_in_bin: 3]
[bin_construct_sample_cnt: 200000]
[data_random_seed: 19962]
[is_enable_sparse: 1]
[enable_bundle: 1]
[use_missing: 1]
[zero_as_missing: 0]
[feature_pre_filter: 1]
[pre_partition: 0]
[two_round: 0]
[header: 0]
[label_column: ]
[weight_column: ]
[group_column: ]
[ignore_column: ]
[categorical_feature: ]
[forcedbins_filename: ]
[precise_float_parser: 0]
[parser_config_file: ]
[objective_seed: 31251]
[num_class: 1]
[is_unbalance: 0]
[scale_pos_weight: 1]
[sigmoid: 1]
[boost_from_average: 1]
[reg_sqrt: 0]
[alpha: 0.95]
[fair_c: 1]
[poisson_max_delta_step: 0.7]
[tweedie_variance_power: 1.5]
[lambdarank_truncation_level: 30]
[lambdarank_norm: 1]
[label_gain: ]
[lambdarank_position_bias_regularization: 0]
[eval_at: ]
[multi_error_top_k: 1]
[auc_mu_weights: ]
[num_machines: 1]
[local_listen_port: 12400]
[time_out: 120]
[machine_list_filename: ]
[machines: ]
[gpu_platform_id: -1]
[gpu_device_id: -1]
[gpu_device_id_list: ]
[gpu_use_dp: 0]
[num_gpu: 1]

end of parameters

pandas_categorical:null
