tree
version=v4
num_class=1
num_tree_per_iteration=1
label_index=0
max_feature_idx=1
objective=quantile
feature_names=Column_0 Column_1
feature_infos=[7.2599266107345759:32.747238396512124] [7.7078608450251185:33.077429305041576]
tree_sizes=627 655 657 738 738 824 821 823 825 828 826 743 749 750 748 742 741 745 745 746 742 748 742 752 753 742 751 749 744 743 745 745 752 835 836 756 751 755 756 842 842 843 757 845 752 752 756 1009 1010 841 753 751 926 749 751 926 926 1005 1008 1007 1095 926 927 927 1098 834 1013 1010 1010 1013 927 926 1095 1011 929 932 918 917 925 925 585 928 927 926 922 925 928 840 671 926 921 922 919 1105 836 835 761 1183 927 1016 930 928 924 935 1013 1026 928 1108 922 1182 849 852 1007 939 1015 1028 938 850 852 933

Tree=0
num_leaves=6
num_cat=0
split_feature=1 1 0 1 0
split_gain=20.0024 0.277778 0.256816 0.0309627 2.22045e-16
threshold=9.1124275589090917 8.7306757513917592 9.0690610453540188 9.5109556153244963 11.950153779018985
decision_type=2 2 2 2 2
left_child=1 -1 -2 -4 -5
right_child=2 -3 3 4 -6
leaf_value=10.368831904035739 10.416746604542103 10.397827053393845 10.425163149838063 10.455174537071555 10.578230018721717
leaf_weight=32 56 40 31 699 42
leaf_count=32 56 40 31 699 42
internal_value=10.4192 10.3939 10.4214 10.4216 10.4217
internal_weight=900 72 828 772 741
internal_count=900 72 828 772 741
is_linear=0
shrinkage=1


Tree=1
num_leaves=6
num_cat=0
split_feature=1 1 0 1 0
split_gain=20.0024 0.277778 0.256816 0.0309627 2.22045e-16
threshold=9.1124275589090917 8.7306757513917592 9.0690610453540188 9.5109556153244963 11.950153779018985
decision_type=2 2 2 2 2
left_child=1 -1 -2 -4 -5
right_child=2 -3 3 4 -6
leaf_value=-0.047833329700593466 -0.00231436421954756 -0.020287937810392533 0.0056813538116138318 0.034192171683431825 0.1510948792510857
leaf_weight=32 56 40 31 699 42
leaf_count=32 56 40 31 699 42
internal_value=6.51926e-11 -0.0252778 0.00219807 0.00243523 0.0025
internal_weight=900 72 828 772 741
internal_count=900 72 828 772 741
is_linear=0
shrinkage=0.05


Tree=2
num_leaves=6
num_cat=0
split_feature=1 0 1 1 0
split_gain=18.0313 0.256816 0.250694 0.0309627 2.22045e-16
threshold=9.1124275589090917 9.0690610453540188 8.7306757513917592 9.5109556153244963 11.950153779018985
decision_type=2 2 2 2 2
left_child=2 -2 -1 -3 -5
right_child=1 3 -4 4 -6
leaf_value=-0.045441663215563824 -0.0021986460085702043 0.0053972861210331404 -0.019273540919872902 0.03248256309926028 0.14354013528853146
leaf_weight=32 56 31 40 699 42
leaf_count=32 56 31 40 699 42
internal_value=0.000111111 0.00219807 -0.0238889 0.00243523 0.0025
internal_weight=900 828 72 772 741
internal_count=900 828 72 772 741
is_linear=0
shrinkage=0.05


Tree=3
num_leaves=7
num_cat=0
split_feature=1 1 0 1 0 0
split_gain=16.0835 0.359001 0.177994 0.0666667 0.0316327 2.22045e-16
threshold=9.1339494767543368 8.8486496582154164 9.3670777301148043 9.5387932238117674 8.9936823967505628 12.240465536140013
decision_type=2 2 2 2 2 2
left_child=1 -1 3 4 -2 -4
right_child=2 -3 5 -5 -6 -7
leaf_value=-0.041340109594699505 0.0068124890300948595 -0.016699709052034172 0.032561396657829089 -0.0014342404394716015 0.0021856570208230509 0.15372417575628017
leaf_weight=44 31 32 674 40 49 30
leaf_count=44 31 32 674 40 49 30
internal_value=0.000166667 -0.0218421 0.0021966 0.000416667 0.00125 0.0025
internal_weight=900 76 824 120 80 704
internal_count=900 76 824 120 80 704
is_linear=0
shrinkage=0.05


Tree=4
num_leaves=7
num_cat=0
split_feature=1 1 0 1 0 0
split_gain=15.2152 0.538278 0.177994 0.0666667 0.0316327 2.22045e-16
threshold=9.1339494767543368 8.8486496582154164 9.3670777301148043 9.5387932238117674 8.9936823967505628 12.240465536140013
decision_type=2 2 2 2 2 2
left_child=1 -1 3 4 -2 -4
right_child=2 -3 5 -5 -6 -7
leaf_value=-0.039273104114964534 0.0064718645785901254 -0.015864723599432473 0.030933326824937615 -0.0013625284174979772 0.0020763741697819248 0.14603796696846613
leaf_weight=44 31 32 674 40 49 30
leaf_count=44 31 32 674 40 49 30
internal_value=0.000222222 -0.0211842 0.0021966 0.000416667 0.00125 0.0025
internal_weight=900 76 824 120 80 704
internal_count=900 76 824 120 80 704
is_linear=0
shrinkage=0.05


Tree=5
num_leaves=8
num_cat=0
split_feature=1 1 0 0 1 0 0
split_gain=13.4064 0.30625 0.239602 0.0702671 0.069209 2.22045e-16 2.22045e-16
threshold=9.1124275589090917 8.7306757513917592 9.5013386600638174 9.0690610453540188 9.6309447056181963 12.133677532080723 11.476914663669287
decision_type=2 2 2 2 2 2 2
left_child=1 -1 3 -2 -5 6 -4
right_child=2 -3 5 4 -6 -7 -8
leaf_value=-0.039138919369302361 -0.0010903995000285951 -0.016561520358468803 0.034043876499628922 0.00092842119406293881 0.0092544938046346583 0.13223226035184643 0.10974799798779103
leaf_weight=32 56 40 580 59 49 33 51
leaf_count=32 56 40 580 59 49 33 51
internal_value=0.000277778 -0.0204167 0.00207729 0.000365854 0.00111111 0.0025 0.0025
internal_weight=900 72 828 164 108 664 631
internal_count=900 72 828 164 108 664 631
is_linear=0
shrinkage=0.05


Tree=6
num_leaves=8
num_cat=0
split_feature=1 0 0 0 1 0 0
split_gain=12.5914 0.279745 0.239602 0.0702671 0.069209 2.22045e-16 2.22045e-16
threshold=9.1124275589090917 8.5034827670977879 9.5013386600638174 9.0690610453540188 9.6309447056181963 12.133677532080723 11.476914663669287
decision_type=2 2 2 2 2 2 2
left_child=1 -1 3 -2 -5 6 -4
right_child=2 -3 5 4 -6 -7 -8
leaf_value=-0.035209090681365574 -0.0010358795250271404 -0.0196665756461449 0.03234168267464748 0.00088200013435979984 0.0087917691144029156 0.1256206473342541 0.10426059808840149
leaf_weight=41 56 31 580 59 49 33 51
leaf_count=41 56 31 580 59 49 33 51
internal_value=0.000333333 -0.0197222 0.00207729 0.000365854 0.00111111 0.0025 0.0025
internal_weight=900 72 828 164 108 664 631
internal_count=900 72 828 164 108 664 631
is_linear=0
shrinkage=0.05


Tree=7
num_leaves=8
num_cat=0
split_feature=1 1 0 0 1 0 0
split_gain=11.802 0.277778 0.239602 0.0702671 0.069209 2.22045e-16 2.22045e-16
threshold=9.1124275589090917 8.7306757513917592 9.5013386600638174 9.0690610453540188 9.6309447056181963 12.133677532080723 11.476914663669287
decision_type=2 2 2 2 2 2 2
left_child=1 -1 3 -2 -5 6 -4
right_child=2 -3 5 4 -6 -7 -8
leaf_value=-0.03542151886676894 -0.0009840855487757939 -0.014750115558238129 0.030724598540915072 0.00083790012764184895 0.008352180658682774 0.11933961496754142 0.099047568183981402
leaf_weight=32 56 40 580 59 49 33 51
leaf_count=32 56 40 580 59 49 33 51
internal_value=0.000388889 -0.0190278 0.00207729 0.000365854 0.00111111 0.0025 0.0025
internal_weight=900 72 828 164 108 664 631
internal_count=900 72 828 164 108 664 631
is_linear=0
shrinkage=0.05


Tree=8
num_leaves=8
num_cat=0
split_feature=1 1 0 0 1 0 0
split_gain=11.802 0.277778 0.239602 0.0702671 0.069209 2.22045e-16 2.22045e-16
threshold=9.1124275589090917 8.7306757513917592 9.5013386600638174 9.0690610453540188 9.6309447056181963 12.133677532080723 11.476914663669287
decision_type=2 2 2 2 2 2 2
left_child=1 -1 3 -2 -5 6 -4
right_child=2 -3 5 4 -6 -7 -8
leaf_value=-0.033650442923430467 -0.00093488127133699707 -0.014012609780326233 0.029188368613869288 0.00079600512125972906 0.0079345716257486227 0.11337263421916433 0.09409518977478229
leaf_weight=32 56 40 580 59 49 33 51
leaf_count=32 56 40 580 59 49 33 51
internal_value=0.000388889 -0.0190278 0.00207729 0.000365854 0.00111111 0.0025 0.0025
internal_weight=900 72 828 164 108 664 631
internal_count=900 72 828 164 108 664 631
is_linear=0
shrinkage=0.05


Tree=9
num_leaves=8
num_cat=0
split_feature=1 1 0 1 0 0 0
split_gain=11.8696 0.277778 0.176034 0.0298264 0.0625035 2.22045e-16 2.22045e-16
threshold=9.1124275589090917 8.7306757513917592 9.5013386600638174 9.4110605529763145 9.2441346430847329 12.133677532080723 11.476914663669287
decision_type=2 2 2 2 2 2 2
left_child=1 -1 3 -2 -5 6 -4
right_child=2 -3 5 4 -6 -7 -8
leaf_value=-0.031967920777258921 0.00039163910315972528 -0.013311979291309893 0.027728950183175807 -0.0037331964545865961 0.0011852679730291358 0.10770400250820611 0.089390430286043196
leaf_weight=32 56 40 580 38 70 33 51
leaf_count=32 56 40 580 38 70 33 51
internal_value=0.000444445 -0.0190278 0.00213768 0.000670732 0.000185185 0.0025 0.0025
internal_weight=900 72 828 164 108 664 631
internal_count=900 72 828 164 108 664 631
is_linear=0
shrinkage=0.05


Tree=10
num_leaves=8
num_cat=0
split_feature=1 1 0 0 1 0 0
split_gain=11.802 0.277778 0.239602 0.0702671 0.069209 2.22045e-16 2.22045e-16
threshold=9.1124275589090917 8.7306757513917592 9.5013386600638174 9.0690610453540188 9.6309447056181963 12.133677532080723 11.476914663669287
decision_type=2 2 2 2 2 2 2
left_child=1 -1 3 -2 -5 6 -4
right_child=2 -3 5 4 -6 -7 -8
leaf_value=-0.030369524738395982 -0.00085615872690770686 -0.012646380326744431 0.026342502674016988 0.0006969414665452694 0.0074785796458097147 0.10231880238279577 0.084920908771741035
leaf_weight=32 56 40 580 59 49 33 51
leaf_count=32 56 40 580 59 49 33 51
internal_value=0.000388889 -0.0190278 0.00207729 0.000365854 0.00111111 0.0025 0.0025
internal_weight=900 72 828 164 108 664 631
internal_count=900 72 828 164 108 664 631
is_linear=0
shrinkage=0.05


Tree=11
num_leaves=7
num_cat=0
split_feature=1 1 0 1 0 0
split_gain=10.9728 0.4 0.193892 0.0352369 0.0446001 2.22045e-16
threshold=9.1124275589090917 8.7306757513917592 9.7266637273326513 9.9019454688922668 9.4771460422659626 12.133677532080723
decision_type=2 2 2 2 2 2
left_child=1 -1 3 4 -2 -4
right_child=2 -3 5 -5 -6 -7
leaf_value=-0.028851048501476219 0.0010064772364552609 -0.012014061310407206 0.031907802144236365 0.0041693211501221119 0.00034809610282717787 0.097202862263656001
leaf_weight=32 150 40 559 53 33 33
leaf_count=32 150 40 559 53 33 33
internal_value=0.000388889 -0.0183333 0.00201691 0.000805085 0.00113388 0.0025
internal_weight=900 72 828 236 183 592
internal_count=900 72 828 236 183 592
is_linear=0
shrinkage=0.05


Tree=12
num_leaves=7
num_cat=0
split_feature=1 1 0 0 1 0
split_gain=10.1739 0.544444 0.245394 0.0813828 0.0467113 2.22045e-16
threshold=9.1124275589090917 8.7306757513917592 9.7266637273326513 9.0690610453540188 9.6309447056181963 12.133677532080723
decision_type=2 2 2 2 2 2
left_child=1 -1 3 -2 -5 -4
right_child=2 -3 5 4 -6 -7
leaf_value=-0.027408496076402413 -0.00090321019482553309 -0.011413358244886804 0.030312412037024575 0.00061177053139525525 0.0070438621156379945 0.092342719150473235
leaf_weight=32 56 40 559 59 121 33
leaf_count=32 56 40 559 59 121 33
internal_value=0.000388889 -0.0176389 0.00195652 0.00059322 0.00111111 0.0025
internal_weight=900 72 828 236 180 592
internal_count=900 72 828 236 180 592
is_linear=0
shrinkage=0.05


Tree=13
num_leaves=7
num_cat=0
split_feature=1 0 0 1 0 0
split_gain=8.18174 0.193892 0.184675 0.0352369 0.0446001 2.22045e-16
threshold=9.1124275589090917 9.7266637273326513 8.5034827670977879 9.9019454688922668 9.4771460422659626 12.133677532080723
decision_type=2 2 2 2 2 2
left_child=2 3 -1 4 -2 -3
right_child=1 5 -4 -5 -6 -7
leaf_value=-0.024065188553110597 0.00092556484806278767 0.028796791435173309 -0.014775821638241968 0.0036086619868340429 -2.1501808096147103e-05 0.087725583192949597
leaf_weight=41 150 559 31 53 33 33
leaf_count=41 150 559 31 53 33 33
internal_value=0.000611111 0.00201691 -0.0155556 0.000805085 0.00113388 0.0025
internal_weight=900 828 72 236 183 592
internal_count=900 828 72 236 183 592
is_linear=0
shrinkage=0.05


Tree=14
num_leaves=7
num_cat=0
split_feature=1 0 0 0 1 0
split_gain=8.01391 0.222767 0.184675 0.0969589 0.071135 2.22045e-16
threshold=9.1124275589090917 9.9364462608543764 8.5034827670977879 9.0690610453540188 10.083533319913654 12.059551994869411
decision_type=2 2 2 2 2 2
left_child=2 3 -1 -2 -5 -3
right_child=1 5 -4 4 -6 -7
leaf_value=-0.022861929125455038 -0.00093786663622455111 0.036116171514504906 -0.014037030556329863 0.00094144233756718885 0.021740630097357806 0.085229524703558476
leaf_weight=41 56 464 31 195 77 36
leaf_count=41 56 464 31 195 77 36
internal_value=0.000444445 0.00183575 -0.0155556 0.000823171 0.00121324 0.0025
internal_weight=900 828 72 328 272 500
internal_count=900 828 72 328 272 500
is_linear=0
shrinkage=0.05


Tree=15
num_leaves=7
num_cat=0
split_feature=1 0 0 1 1 0
split_gain=7.44022 0.283252 0.184105 0.0432204 0.04753 2.22045e-16
threshold=9.1124275589090917 8.5034827670977879 9.9364462608543764 10.29661818160457 10.083533319913654 12.059551994869411
decision_type=2 2 2 2 2 2
left_child=1 -1 3 4 -2 -4
right_child=2 -3 5 -5 -6 -7
leaf_value=-0.021718832669182311 0.00068448612762103819 -0.013335179028513409 0.034310362938779627 0.00038213537442516256 0.02298827911028143 0.08096804846838053
leaf_weight=41 244 31 464 30 54 36
leaf_count=41 244 31 464 30 54 36
internal_value=0.000555556 -0.0148611 0.00189614 0.00097561 0.00115772 0.0025
internal_weight=900 72 828 328 298 500
internal_count=900 72 828 328 298 500
is_linear=0
shrinkage=0.05


Tree=16
num_leaves=7
num_cat=0
split_feature=1 0 0 0 1 0
split_gain=7.38669 0.283252 0.222767 0.0969589 0.071135 2.22045e-16
threshold=9.1124275589090917 8.5034827670977879 9.9364462608543764 9.0690610453540188 10.083533319913654 12.059551994869411
decision_type=2 2 2 2 2 2
left_child=1 -1 3 -2 -5 -4
right_child=2 -3 5 4 -6 -7
leaf_value=-0.020632891035723234 -0.00092141822699892478 -0.01266842007708778 0.032594844791840674 0.00086014591430778615 0.01950418463697581 0.076919646044961543
leaf_weight=41 56 31 464 195 77 36
leaf_count=41 56 31 464 195 77 36
internal_value=0.0005 -0.0148611 0.00183575 0.000823171 0.00121324 0.0025
internal_weight=900 72 828 328 272 500
internal_count=900 72 828 328 272 500
is_linear=0
shrinkage=0.05


Tree=17
num_leaves=7
num_cat=0
split_feature=1 0 0 1 1 0
split_gain=7.44022 0.283252 0.184105 0.0432204 0.04753 2.22045e-16
threshold=9.1124275589090917 8.5034827670977879 9.9364462608543764 10.29661818160457 10.083533319913654 12.059551994869411
decision_type=2 2 2 2 2 2
left_child=1 -1 3 4 -2 -4
right_child=2 -3 5 -5 -6 -7
leaf_value=-0.019601246483937108 0.00060725452552458793 -0.012034999073233408 0.030965102552248602 -5.0476569452004989e-05 0.020863655922918591 0.073073663742713443
leaf_weight=41 244 31 464 30 54 36
leaf_count=41 244 31 464 30 54 36
internal_value=0.000555556 -0.0148611 0.00189614 0.00097561 0.00115772 0.0025
internal_weight=900 72 828 328 298 500
internal_count=900 72 828 328 298 500
is_linear=0
shrinkage=0.05


Tree=18
num_leaves=7
num_cat=0
split_feature=1 0 0 1 1 0
split_gain=6.83633 0.402832 0.184105 0.0432204 0.04753 2.22045e-16
threshold=9.1124275589090917 8.5034827670977879 9.9364462608543764 10.29661818160457 10.083533319913654 12.059551994869411
decision_type=2 2 2 2 2 2
left_child=1 -1 3 4 -2 -4
right_child=2 -3 5 -5 -6 -7
leaf_value=-0.018621184159740258 0.00057689179924835386 -0.011433249119571762 0.029416847424636218 -4.7952740979393536e-05 0.019820473126772688 0.069419980555577784
leaf_weight=41 244 31 464 30 54 36
leaf_count=41 244 31 464 30 54 36
internal_value=0.000611111 -0.0141667 0.00189614 0.00097561 0.00115772 0.0025
internal_weight=900 72 828 328 298 500
internal_count=900 72 828 328 298 500
is_linear=0
shrinkage=0.05


Tree=19
num_leaves=7
num_cat=0
split_feature=1 0 0 0 1 0
split_gain=6.78502 0.402832 0.222767 0.0969589 0.071135 2.22045e-16
threshold=9.1124275589090917 8.5034827670977879 9.9364462608543764 9.0690610453540188 10.083533319913654 12.059551994869411
decision_type=2 2 2 2 2 2
left_child=1 -1 3 -2 -5 -4
right_child=2 -3 5 4 -6 -7
leaf_value=-0.017690124951753285 -0.0009185224390754126 -0.01086158666359319 0.027946005053404388 0.00075793130235375379 0.016494768952642503 0.065948981527798892
leaf_weight=41 56 31 464 195 77 36
leaf_count=41 56 31 464 195 77 36
internal_value=0.000555556 -0.0141667 0.00183575 0.000823171 0.00121324 0.0025
internal_weight=900 72 828 328 272 500
internal_count=900 72 828 328 272 500
is_linear=0
shrinkage=0.05


Tree=20
num_leaves=7
num_cat=0
split_feature=1 0 0 1 1 0
split_gain=5.178 0.887589 0.184105 0.0432204 0.04753 2.22045e-16
threshold=9.1124275589090917 8.5034827670977879 9.9364462608543764 10.29661818160457 10.083533319913654 12.059551994869411
decision_type=2 2 2 2 2 2
left_child=1 -1 3 4 -2 -4
right_child=2 -3 5 -5 -6 -7
leaf_value=-0.016805618704165592 0.00051015064416821271 -0.01031850733041356 0.026548704800734148 -0.00039142805710244076 0.018004711022801968 0.062651532451408976
leaf_weight=41 244 31 464 30 54 36
leaf_count=41 244 31 464 30 54 36
internal_value=0.000777778 -0.0120833 0.00189614 0.00097561 0.00115772 0.0025
internal_weight=900 72 828 328 298 500
internal_count=900 72 828 328 298 500
is_linear=0
shrinkage=0.05


Tree=21
num_leaves=7
num_cat=0
split_feature=1 0 0 0 1 0
split_gain=3.93778 0.558101 0.21402 0.0846981 0.0547009 2.22045e-16
threshold=9.0531652691750857 8.4794977981032229 10.037673989944897 9.0690610453540188 10.083533319913654 10.66477549664309
decision_type=2 2 2 2 2 2
left_child=1 -1 3 -2 -5 -4
right_child=2 -3 5 4 -6 -7
leaf_value=-0.01662296530373011 -0.00017990259896801726 -0.01023959655340392 0.029046168560214095 0.00069452720502765079 0.009507656274396049 0.05271493249740189
leaf_weight=38 60 30 232 195 117 228
leaf_count=38 60 30 232 195 117 228
internal_value=0.000833333 -0.0107353 0.00177885 0.000887097 0.00121795 0.0025
internal_weight=900 68 832 372 312 460
internal_count=900 68 832 372 312 460
is_linear=0
shrinkage=0.05


Tree=22
num_leaves=7
num_cat=0
split_feature=1 0 0 0 0 0
split_gain=3.48863 0.372807 0.21402 0.0364326 0.120708 2.22045e-16
threshold=9.0531652691750857 8.4794977981032229 10.037673989944897 8.900632308775231 9.1036888064807258 10.66477549664309
decision_type=2 2 2 2 2 2
left_child=1 -1 3 -2 -5 -4
right_child=2 -3 5 4 -6 -7
leaf_value=-0.015791817038543599 0.014341281293921721 -0.0097276167257337037 0.027593860132203399 -0.0048330509890995195 0.0042355358322149267 0.050079185872531795
leaf_weight=38 32 30 232 32 308 228
leaf_count=38 32 30 232 32 308 228
internal_value=0.000888889 -0.01 0.00177885 0.000887097 0.000735294 0.0025
internal_weight=900 68 832 372 340 460
internal_count=900 68 832 372 340 460
is_linear=0
shrinkage=0.05


Tree=23
num_leaves=7
num_cat=0
split_feature=1 0 0 1 1 0
split_gain=3.25336 0.407039 0.217391 0.0313147 0.0464095 2.22045e-16
threshold=9.1124275589090917 8.5034827670977879 10.037673989944897 10.382620462497181 9.9804450380522258 10.66477549664309
decision_type=2 2 2 2 2 2
left_child=1 -1 3 4 -2 -4
right_child=2 -3 5 -5 -6 -7
leaf_value=-0.014344598651843656 0.00031128146297474405 -0.0088042212999359746 0.026214167125593237 6.6546031965545116e-05 0.010194725010027626 0.047575226578905207
leaf_weight=41 204 31 232 32 132 228
leaf_count=41 204 31 232 32 132 228
internal_value=0.000888889 -0.00930556 0.00177536 0.000869565 0.0010119 0.0025
internal_weight=900 72 828 368 336 460
internal_count=900 72 828 368 336 460
is_linear=0
shrinkage=0.05


Tree=24
num_leaves=7
num_cat=0
split_feature=1 0 0 1 1 0
split_gain=3.25336 0.407039 0.217391 0.0313147 0.0464095 2.22045e-16
threshold=9.1124275589090917 8.5034827670977879 10.037673989944897 10.382620462497181 9.9804450380522258 10.66477549664309
decision_type=2 2 2 2 2 2
left_child=1 -1 3 4 -2 -4
right_child=2 -3 5 -5 -6 -7
leaf_value=-0.013627368719251454 0.00029571738982596689 -0.0083640102349391652 0.024903458769313592 6.3218730367301323e-05 0.0096849887595262581 0.045196465249959954
leaf_weight=41 204 31 232 32 132 228
leaf_count=41 204 31 232 32 132 228
internal_value=0.000888889 -0.00930556 0.00177536 0.000869565 0.0010119 0.0025
internal_weight=900 72 828 368 336 460
internal_count=900 72 828 368 336 460
is_linear=0
shrinkage=0.05


Tree=25
num_leaves=7
num_cat=0
split_feature=1 0 0 0 0 0
split_gain=2.87787 0.21073 0.100211 0.0405507 0.120708 2.22045e-16
threshold=9.0346249288598255 10.037673989944897 8.3911338860203681 8.900632308775231 9.1036888064807258 10.66477549664309
decision_type=2 2 2 2 2 2
left_child=2 3 -1 -2 -5 -3
right_child=1 5 -4 4 -6 -7
leaf_value=-0.015138092200210363 0.0091133238019747154 0.023658285830847881 -0.0073379184726570764 -0.0045978866777612202 0.0039934090979641132 0.042936641987461943
leaf_weight=31 36 232 33 32 308 228
leaf_count=31 36 232 33 32 308 228
internal_value=0.001 0.0017823 -0.00921875 0.000904255 0.000735294 0.0025
internal_weight=900 836 64 376 340 460
internal_count=900 836 64 376 340 460
is_linear=0
shrinkage=0.05


Tree=26
num_leaves=7
num_cat=0
split_feature=1 0 0 1 1 0
split_gain=2.14502 0.217391 0.0535449 0.0313147 0.0464095 2.22045e-16
threshold=9.1124275589090917 10.037673989944897 8.5034827670977879 10.382620462497181 9.9804450380522258 10.66477549664309
decision_type=2 2 2 2 2 2
left_child=2 3 -1 4 -2 -3
right_child=1 5 -4 -5 -6 -7
leaf_value=-0.012189095673278328 0.00031575526713026293 0.02247537153930548 -0.0075789137995593593 5.3691483982946241e-05 0.0090010688666517721 0.04078980988808887
leaf_weight=41 204 232 31 32 132 228
leaf_count=41 204 232 31 32 132 228
internal_value=0.00105556 0.00177536 -0.00722222 0.000869565 0.0010119 0.0025
internal_weight=900 828 72 368 336 460
internal_count=900 828 72 368 336 460
is_linear=0
shrinkage=0.05


Tree=27
num_leaves=7
num_cat=0
split_feature=1 0 0 0 1 0
split_gain=2.05254 0.210051 0.0569547 0.108866 0.0216356 2.22045e-16
threshold=8.9677512107216071 10.037673989944897 8.900632308775231 9.1036888064807258 10.472825379432956 11.492774442521627
decision_type=2 2 2 2 2 2
left_child=-1 2 -2 -4 -3 -6
right_child=1 4 3 -5 5 -7
leaf_value=-0.012675686753957383 0.00041366202781976117 0.0093857748720632909 -0.0043706769180722914 0.0037037580199040798 0.025918181689116349 0.050937244671314552
leaf_weight=56 44 42 32 308 337 81
leaf_count=56 44 42 32 308 337 81
internal_value=0.00105556 0.00167062 0.000807292 0.000588235 0.0023913 0.0025
internal_weight=900 844 384 340 460 418
internal_count=900 844 384 340 460 418
is_linear=0
shrinkage=0.05


Tree=28
num_leaves=7
num_cat=0
split_feature=1 0 0 1 1 0
split_gain=2.02802 0.246003 0.0660539 0.134766 0.0216356 2.22045e-16
threshold=8.9677512107216071 10.037673989944897 8.900632308775231 9.6734312003885297 10.472825379432956 11.492774442521627
decision_type=2 2 2 2 2 2
left_child=-1 2 -2 -4 -3 -6
right_child=1 4 3 -5 5 -7
leaf_value=-0.012041902416259555 0.00039297892642879977 0.0089164861284601223 -0.00031531924257022811 0.006215220185952575 0.024622272604660544 0.048390382437748874
leaf_weight=56 44 42 96 244 337 81
leaf_count=56 44 42 96 244 337 81
internal_value=0.001 0.00161137 0.000677083 0.000441177 0.0023913 0.0025
internal_weight=900 844 384 340 460 418
internal_count=900 844 384 340 460 418
is_linear=0
shrinkage=0.05


Tree=29
num_leaves=7
num_cat=0
split_feature=1 0 0 1 1 0
split_gain=1.65403 0.284794 0.0758272 0.110947 0.0216356 2.22045e-16
threshold=8.9677512107216071 10.037673989944897 8.900632308775231 9.6734312003885297 10.472825379432956 11.492774442521627
decision_type=2 2 2 2 2 2
left_child=-1 2 -2 -4 -3 -6
right_child=1 4 3 -5 5 -7
leaf_value=-0.011439807295446603 0.00037332998010732867 0.008470661822037151 -0.00029955328044169481 0.005904459176654964 0.023391158974427562 0.045970863315861449
leaf_weight=56 44 42 96 244 337 81
leaf_count=56 44 42 96 244 337 81
internal_value=0.001 0.00155213 0.000546875 0.000294118 0.0023913 0.0025
internal_weight=900 844 384 340 460 418
internal_count=900 844 384 340 460 418
is_linear=0
shrinkage=0.05


Tree=30
num_leaves=7
num_cat=0
split_feature=1 0 0 1 1 0
split_gain=1.65403 0.284794 0.0758272 0.110947 0.0216356 2.22045e-16
threshold=8.9677512107216071 10.037673989944897 8.900632308775231 9.6734312003885297 10.472825379432956 11.492774442521627
decision_type=2 2 2 2 2 2
left_child=-1 2 -2 -4 -3 -6
right_child=1 4 3 -5 5 -7
leaf_value=-0.010867816930674313 0.00035466348110197999 0.0080471287309352487 -0.00028457561641959703 0.0056092362178222117 0.022221601025706229 0.043672320150068347
leaf_weight=56 44 42 96 244 337 81
leaf_count=56 44 42 96 244 337 81
internal_value=0.001 0.00155213 0.000546875 0.000294118 0.0023913 0.0025
internal_weight=900 844 384 340 460 418
internal_count=900 844 384 340 460 418
is_linear=0
shrinkage=0.05


Tree=31
num_leaves=7
num_cat=0
split_feature=1 0 0 1 1 0
split_gain=1.65403 0.284794 0.0758272 0.110947 0.0216356 2.22045e-16
threshold=8.9677512107216071 10.037673989944897 8.900632308775231 9.6734312003885297 10.472825379432956 11.492774442521627
decision_type=2 2 2 2 2 2
left_child=-1 2 -2 -4 -3 -6
right_child=1 4 3 -5 5 -7
leaf_value=-0.010324426084140637 0.00033693030704684546 0.0076447722943885138 -0.00027034683559863968 0.0053287744069311143 0.021110520974420944 0.041488704142564892
leaf_weight=56 44 42 96 244 337 81
leaf_count=56 44 42 96 244 337 81
internal_value=0.001 0.00155213 0.000546875 0.000294118 0.0023913 0.0025
internal_weight=900 844 384 340 460 418
internal_count=900 844 384 340 460 418
is_linear=0
shrinkage=0.05


Tree=32
num_leaves=7
num_cat=0
split_feature=1 0 0 0 1 0
split_gain=1.08194 0.276656 0.0977214 0.217352 0.0177944 0.084621
threshold=8.8486496582154164 10.037673989944897 8.8742593749672771 9.0690610453540188 10.767754030284774 10.422823854276558
decision_type=2 2 2 2 2 2
left_child=-1 2 -2 -4 5 -3
right_child=1 4 3 -5 -6 -7
leaf_value=-0.012438715149331437 0.00022320097361481735 0.014329935530444616 -0.0053050275715367697 0.002779706031237113 0.030348344460740331 0.0085112550936575111
leaf_weight=44 52 115 32 312 309 36
leaf_count=44 52 115 32 312 309 36
internal_value=0.00105556 0.0014486 0.000479798 0.000174419 0.00228261 0.00183775
internal_weight=900 856 396 344 460 151
internal_count=900 856 396 344 460 151
is_linear=0
shrinkage=0.05


Tree=33
num_leaves=8
num_cat=0
split_feature=1 0 0 1 1 0 0
split_gain=0.797697 0.209242 0.0935829 0.110947 0.0359903 0.144444 1.11022e-16
threshold=8.8486496582154164 10.037673989944897 8.900632308775231 9.6734312003885297 10.805774828184962 10.422823854276558 12.240465536140013
decision_type=2 2 2 2 2 2 2
left_child=-1 2 -2 -4 5 -3 -6
right_child=1 4 3 -5 6 -7 -8
leaf_value=-0.011816779391864873 0.00022703454155521553 0.013772235066713457 -0.00039581479538056168 0.0049233503850226517 0.032014970252338959 0.0015401385799614351 0.03712753736414616
leaf_weight=44 56 117 96 244 268 45 30
leaf_count=44 56 117 96 244 268 45 30
internal_value=0.00111111 0.0014486 0.000606061 0.000294118 0.00217391 0.00157407 0.0025
internal_weight=900 856 396 340 460 162 298
internal_count=900 856 396 340 460 162 298
is_linear=0
shrinkage=0.05


Tree=34
num_leaves=8
num_cat=0
split_feature=1 0 0 1 1 0 0
split_gain=0.797697 0.209242 0.0935829 0.110947 0.0359903 0.144444 1.11022e-16
threshold=8.8486496582154164 10.037673989944897 8.900632308775231 9.6734312003885297 10.805774828184962 10.422823854276558 12.240465536140013
decision_type=2 2 2 2 2 2 2
left_child=-1 2 -2 -4 5 -3 -6
right_child=1 4 3 -5 6 -7 -8
leaf_value=-0.011225940422271652 0.00021568281447741368 0.013083623313377757 -0.00037602405561152941 0.0046771828657715458 0.030414221739722004 0.0014631316509633328 0.035271160495938862
leaf_weight=44 56 117 96 244 268 45 30
leaf_count=44 56 117 96 244 268 45 30
internal_value=0.00111111 0.0014486 0.000606061 0.000294118 0.00217391 0.00157407 0.0025
internal_weight=900 856 396 340 460 162 298
internal_count=900 856 396 340 460 162 298
is_linear=0
shrinkage=0.05


Tree=35
num_leaves=7
num_cat=0
split_feature=1 0 0 1 1 1
split_gain=0.784254 0.181235 0.0935829 0.110947 0.0556129 0.206776
threshold=8.8486496582154164 10.037673989944897 8.900632308775231 9.6734312003885297 10.841160663636343 10.75235369418832
decision_type=2 2 2 2 2 2
left_child=-1 2 -2 -4 5 -3
right_child=1 4 3 -5 -6 -7
leaf_value=-0.010664643401158093 0.00020489867375352857 0.013161317849062574 -0.00035722285283093546 0.0044433237224829726 0.032067439442082207 -0.00041774749909083875
leaf_weight=44 56 146 96 244 283 31
leaf_count=44 56 146 96 244 283 31
internal_value=0.00105556 0.00139019 0.000606061 0.000294118 0.00206522 0.00137006
internal_weight=900 856 396 340 460 177
internal_count=900 856 396 340 460 177
is_linear=0
shrinkage=0.05


Tree=36
num_leaves=7
num_cat=0
split_feature=1 0 0 1 1 1
split_gain=0.947042 0.185053 0.0877851 0.110947 0.0556129 0.206776
threshold=8.8867621520471385 10.037673989944897 8.900632308775231 9.6734312003885297 10.841160663636343 10.75235369418832
decision_type=2 2 2 2 2 2
left_child=-1 2 -2 -4 5 -3
right_child=1 4 3 -5 -6 -7
leaf_value=-0.0092545744413008897 0.00024012856963560153 0.012503251956609432 -0.00033936171018940673 0.0042211575363587887 0.030464067469978092 -0.0003968601241363019
leaf_weight=48 52 146 96 244 283 31
leaf_count=48 52 146 96 244 283 31
internal_value=0.001 0.00138498 0.000586735 0.000294118 0.00206522 0.00137006
internal_weight=900 852 392 340 460 177
internal_count=900 852 392 340 460 177
is_linear=0
shrinkage=0.05


Tree=37
num_leaves=7
num_cat=0
split_feature=1 0 0 1 1 1
split_gain=0.784254 0.181235 0.0935829 0.110947 0.0556129 0.206776
threshold=8.8486496582154164 10.037673989944897 8.900632308775231 9.6734312003885297 10.841160663636343 10.75235369418832
decision_type=2 2 2 2 2 2
left_child=-1 2 -2 -4 5 -3
right_child=1 4 3 -5 -6 -7
leaf_value=-0.0096686825090351661 0.00023244259583698711 0.01187808935877898 -0.0003223936246799456 0.0040100996595408668 0.028940864096479176 -0.00037701711792951403
leaf_weight=44 56 146 96 244 283 31
leaf_count=44 56 146 96 244 283 31
internal_value=0.00105556 0.00139019 0.000606061 0.000294118 0.00206522 0.00137006
internal_weight=900 856 396 340 460 177
internal_count=900 856 396 340 460 177
is_linear=0
shrinkage=0.05


Tree=38
num_leaves=7
num_cat=0
split_feature=1 0 0 1 1 1
split_gain=0.784254 0.181235 0.0935829 0.110947 0.0556129 0.206776
threshold=8.8486496582154164 10.037673989944897 8.900632308775231 9.6734312003885297 10.841160663636343 10.75235369418832
decision_type=2 2 2 2 2 2
left_child=-1 2 -2 -4 5 -3
right_child=1 4 3 -5 -6 -7
leaf_value=-0.009185248383583389 0.00022082046604509874 0.011284184890840014 -0.00030627394344593973 0.0038095946765638548 0.027493820891655259 -0.00035816626203307892
leaf_weight=44 56 146 96 244 283 31
leaf_count=44 56 146 96 244 283 31
internal_value=0.00105556 0.00139019 0.000606061 0.000294118 0.00206522 0.00137006
internal_weight=900 856 396 340 460 177
internal_count=900 856 396 340 460 177
is_linear=0
shrinkage=0.05


Tree=39
num_leaves=8
num_cat=0
split_feature=1 0 0 1 0 0 1
split_gain=0.757712 0.253675 0.301572 0.158612 0.143154 0.0542954 0.0480813
threshold=8.8486496582154164 9.5163941097448674 9.3528098565115716 10.105019957927629 9.716151045007555 8.8163443535885069 10.841160663636343
decision_type=2 2 2 2 2 2 2
left_child=-1 2 5 4 -3 -2 -5
right_child=1 3 -4 6 -6 -7 -8
leaf_value=-0.0087259859644042599 0.0003794331716482505 0.010407780424215219 -0.00047846301206577805 0.0071237152123128315 -0.0038901896648777658 0.00030333459883534025 0.025486188842608767
leaf_weight=44 36 53 48 271 41 112 295
leaf_count=44 36 53 48 271 41 112 295
internal_value=0.000944444 0.00127336 -0.000306122 0.00174242 -0.000159574 0.000810811 0.0020583
internal_weight=900 856 196 660 94 148 566
internal_count=900 856 196 660 94 148 566
is_linear=0
shrinkage=0.05


Tree=40
num_leaves=8
num_cat=0
split_feature=1 0 0 1 1 0 0
split_gain=0.744612 0.23526 0.301572 0.148174 0.159538 0.0542954 1.11022e-16
threshold=8.8486496582154164 9.5163941097448674 9.3528098565115716 10.841160663636343 10.75726768310196 8.8163443535885069 11.705047643610564
decision_type=2 2 2 2 2 2 2
left_child=-1 2 5 4 -3 -2 -5
right_child=1 3 -4 6 -6 -7 -8
leaf_value=-0.0082896866661840828 0.00036046151306582763 0.0063225164656370908 -0.00045453986146251141 0.02156815348694581 -0.00072694794780453313 0.00028816786889361118 0.025354437420427457
leaf_weight=44 36 335 48 232 30 112 63
leaf_count=44 36 335 48 232 30 112 63
internal_value=0.000888889 0.00121495 -0.000306122 0.00166667 0.000993151 0.000810811 0.0025
internal_weight=900 856 196 660 365 148 295
internal_count=900 856 196 660 365 148 295
is_linear=0
shrinkage=0.05


Tree=41
num_leaves=8
num_cat=0
split_feature=1 0 0 1 1 0 0
split_gain=0.744612 0.23526 0.301572 0.148174 0.159538 0.0542954 1.11022e-16
threshold=8.8486496582154164 9.5163941097448674 9.3528098565115716 10.841160663636343 10.75726768310196 8.8163443535885069 11.705047643610564
decision_type=2 2 2 2 2 2 2
left_child=-1 2 5 4 -3 -2 -5
right_child=1 3 -4 6 -6 -7 -8
leaf_value=-0.0078752023328748418 0.00034243843741249926 0.0060063906423552249 -0.00043181286838942586 0.020489745812598506 -0.00069060055041433139 0.00027375947544894637 0.024086715549406102
leaf_weight=44 36 335 48 232 30 112 63
leaf_count=44 36 335 48 232 30 112 63
internal_value=0.000888889 0.00121495 -0.000306122 0.00166667 0.000993151 0.000810811 0.0025
internal_weight=900 856 196 660 365 148 295
internal_count=900 856 196 660 365 148 295
is_linear=0
shrinkage=0.05


Tree=42
num_leaves=7
num_cat=0
split_feature=1 0 1 0 1 1
split_gain=0.491079 0.293067 0.206516 0.184331 0.0868951 0.176477
threshold=8.8486496582154164 10.037673989944897 10.382620462497181 9.9272563271768082 10.841160663636343 10.75235369418832
decision_type=2 2 2 2 2 2
left_child=-1 2 3 -2 5 -3
right_child=1 4 -4 -5 -6 -7
leaf_value=-0.0074814422162311272 0.00057657770886856529 0.0097473445302827567 -0.0025622116662068171 -0.0036889031786930589 0.022372762756450414 -0.00062556628463613826
leaf_weight=44 327 146 32 37 283 31
leaf_count=44 327 146 32 37 283 31
internal_value=0.000833333 0.00109813 0.00010101 0.00043956 0.00195652 0.00108757
internal_weight=900 856 396 364 460 177
internal_count=900 856 396 364 460 177
is_linear=0
shrinkage=0.05


Tree=43
num_leaves=8
num_cat=0
split_feature=1 0 1 1 1 0 0
split_gain=0.53678 0.212472 0.0901368 0.0868951 0.176477 0.0845853 0.0132095
threshold=9.0531652691750857 10.037673989944897 10.382620462497181 10.841160663636343 10.75235369418832 9.456719402797706 8.4794977981032229
decision_type=2 2 2 2 2 2 2
left_child=6 2 5 4 -3 -2 -1
right_child=1 3 -4 -5 -6 -7 -8
leaf_value=-0.0040384414064514656 0.0013699921902380916 0.0092599773037686326 -0.0024341010828964472 0.021254124618627877 -0.00059428797040431873 2.6139994221069322e-05 -0.0018906559392799002
leaf_weight=38 148 146 32 283 31 192 30
leaf_count=38 148 146 32 283 31 192 30
internal_value=0.000888889 0.00123798 0.000349462 0.00195652 0.00108757 0.000588235 -0.00338235
internal_weight=900 832 372 460 177 340 68
internal_count=900 832 372 460 177 340 68
is_linear=0
shrinkage=0.05


Tree=44
num_leaves=7
num_cat=0
split_feature=1 0 0 1 1 1
split_gain=0.523369 0.185626 0.106477 0.0922201 0.0868951 0.176477
threshold=8.8486496582154164 10.037673989944897 8.900632308775231 10.366253264236869 10.841160663636343 10.75235369418832
decision_type=2 2 2 2 2 2
left_child=-1 2 -2 -4 5 -3
right_child=1 4 3 -5 -6 -7
leaf_value=-0.0069201274050713696 0.00018777311960959907 0.0087969784385801969 0.0010246893240268824 -0.0027707313552550877 0.020191418387696513 -0.00056457357188409896
leaf_weight=44 56 146 310 30 283 31
leaf_count=44 56 146 310 30 283 31
internal_value=0.001 0.00127336 0.000479798 0.000147059 0.00195652 0.00108757
internal_weight=900 856 396 340 460 177
internal_count=900 856 396 340 460 177
is_linear=0
shrinkage=0.05


Tree=45
num_leaves=7
num_cat=0
split_feature=1 0 0 1 1 1
split_gain=0.523369 0.185626 0.106477 0.0922201 0.0868951 0.176477
threshold=8.8486496582154164 10.037673989944897 8.900632308775231 10.366253264236869 10.841160663636343 10.75235369418832
decision_type=2 2 2 2 2 2
left_child=-1 2 -2 -4 5 -3
right_child=1 4 3 -5 -6 -7
leaf_value=-0.0065741210348178427 0.00017838446362911897 0.0083571295166511884 0.00097345485782556048 -0.0026321947874923175 0.019181847468311683 -0.0005363448932898991
leaf_weight=44 56 146 310 30 283 31
leaf_count=44 56 146 310 30 283 31
internal_value=0.001 0.00127336 0.000479798 0.000147059 0.00195652 0.00108757
internal_weight=900 856 396 340 460 177
internal_count=900 856 396 340 460 177
is_linear=0
shrinkage=0.05


Tree=46
num_leaves=7
num_cat=0
split_feature=1 1 0 1 0 1
split_gain=0.491079 0.251709 0.176476 0.16594 0.094219 0.0488613
threshold=8.8486496582154164 10.481261404051905 10.011464285306086 10.105019957927629 10.143020680763604 10.841160663636343
decision_type=2 2 2 2 2 2
left_child=-1 2 3 -2 -3 -6
right_child=1 4 -4 -5 5 -7
leaf_value=-0.0062454149830769301 3.2705818116471134e-05 -0.0022714173848659507 -0.0017250117153709251 0.0096347243904806312 0.009335354575495192 0.018490230325685905
leaf_weight=44 280 31 49 87 127 282
leaf_count=44 280 31 49 87 127 282
internal_value=0.000833333 0.00109813 0.000216346 0.000592643 0.00193182 0.00213325
internal_weight=900 856 416 367 440 409
internal_count=900 856 416 367 440 409
is_linear=0
shrinkage=0.05


Tree=47
num_leaves=10
num_cat=0
split_feature=1 0 1 0 0 0 1 0 1
split_gain=0.404186 0.504167 0.245768 0.0805396 0.164973 0.0644876 0.0355717 0.0255411 1.11022e-16
threshold=9.6734312003885297 9.270805013676922 8.8486496582154164 10.703965949669227 10.629409308240161 10.248812893182631 9.1751828003927844 12.133677532080723 11.393392300511438
decision_type=2 2 2 2 2 2 2 2 2
left_child=1 2 -1 4 5 -2 -4 8 -5
right_child=3 -3 6 7 -6 -7 -8 -9 -10
leaf_value=-0.0059331442339230767 0.0018341552651658271 -0.0015512823460095372 3.1070520156620059e-05 0.018704977961599846 -0.0010067996156576703 0.0091967557090849358 0.0035396022102039738 0.012234598339475156 0.022329583006834353
leaf_weight=44 316 32 40 61 30 152 76 33 116
leaf_count=44 316 32 40 61 30 152 76 33 116
internal_value=0.000888889 -0.00114583 6.51926e-11 0.00144068 0.00109438 0.00132479 0.0012069 0.0022619 0.0025
internal_weight=900 192 160 708 498 468 116 210 177
internal_count=900 192 160 708 498 468 116 210 177
is_linear=0
shrinkage=0.05


Tree=48
num_leaves=10
num_cat=0
split_feature=1 0 1 0 0 1 1 0 1
split_gain=0.307346 0.322344 0.281062 0.0949872 0.155885 0.085442 0.0626168 0.0255411 1.11022e-16
threshold=9.6734312003885297 9.2284359249358658 8.8486496582154164 10.703965949669227 10.629409308240161 10.481261404051905 9.1751828003927844 12.133677532080723 11.393392300511438
decision_type=2 2 2 2 2 2 2 2 2
left_child=1 2 -1 4 5 -2 -4 8 -5
right_child=3 -3 6 7 -6 -7 -8 -9 -10
leaf_value=-0.0056364870222269155 0.002395156694943701 -0.0025107412455276715 2.9516994148784189e-05 0.017769729063519878 -0.0009564596348747939 0.0068687099647399734 0.0054899816554896397 0.011622868422501398 0.02121310385649261
leaf_weight=44 268 41 40 61 30 200 67 33 116
leaf_count=44 268 41 40 61 30 200 67 33 116
internal_value=0.000888889 -0.000885417 0.000182119 0.00137006 0.000993976 0.00121795 0.00156542 0.0022619 0.0025
internal_weight=900 192 151 708 498 468 107 210 177
internal_count=900 192 151 708 498 468 107 210 177
is_linear=0
shrinkage=0.05


Tree=49
num_leaves=8
num_cat=0
split_feature=1 0 1 0 1 1 0
split_gain=0.298322 0.195704 0.10383 0.115698 0.0814016 0.170455 0.0267188
threshold=8.8486496582154164 10.248812893182631 10.64981465200119 9.9272563271768082 10.841160663636343 10.75235369418832 12.133677532080723
decision_type=2 2 2 2 2 2 2
left_child=-1 2 3 -2 5 -3 -6
right_child=1 4 -4 -5 6 -7 -8
leaf_value=-0.0053546626711156115 0.00040921117534167091 0.0085190268776739447 -0.00282215744036968 -0.00015865689969447937 0.017160074085604726 -0.00090863665313106572 0.011041725001376346
leaf_weight=44 332 83 30 102 246 30 33
leaf_count=44 332 83 30 102 246 30 33
internal_value=0.000833333 0.00103972 0.000344828 0.000541475 0.00186224 0.000730089 0.00232079
internal_weight=900 856 464 434 392 113 279
internal_count=900 856 464 434 392 113 279
is_linear=0
shrinkage=0.05


Tree=50
num_leaves=7
num_cat=0
split_feature=0 1 1 1 0 1
split_gain=0.27882 0.453821 0.249351 0.127074 0.0255411 1.11022e-16
threshold=10.703965949669227 11.342258613979647 8.8486496582154164 10.481261404051905 12.133677532080723 11.393392300511438
decision_type=2 2 2 2 2 2
left_child=1 2 -1 -4 5 -2
right_child=4 -3 3 -5 -6 -7
leaf_value=-0.0050869295375598643 0.016023238906063674 -0.0028917962722769448 0.00013282760605857403 0.0084075813829437782 0.010489638751307507 0.019294444959387782
leaf_weight=44 61 30 416 200 33 116
leaf_count=44 61 30 416 200 33 116
internal_value=0.000666667 0.000181159 0.000454546 0.000714286 0.0022619 0.0025
internal_weight=900 690 660 616 210 177
internal_count=900 690 660 616 210 177
is_linear=0
shrinkage=0.05


Tree=51
num_leaves=7
num_cat=0
split_feature=0 1 1 1 0 1
split_gain=0.27882 0.453821 0.249351 0.127074 0.0255411 1.11022e-16
threshold=10.703965949669227 11.342258613979647 8.8486496582154164 10.481261404051905 12.133677532080723 11.393392300511438
decision_type=2 2 2 2 2 2
left_child=1 2 -1 -4 5 -2
right_child=4 -3 3 -5 -6 -7
leaf_value=-0.004832583060681855 0.0152220769607605 -0.0027472064586631182 0.00012618622575562212 0.0079872023137965969 0.0099651568137421268 0.018329722711418427
leaf_weight=44 61 30 416 200 33 116
leaf_count=44 61 30 416 200 33 116
internal_value=0.000666667 0.000181159 0.000454546 0.000714286 0.0022619 0.0025
internal_weight=900 690 660 616 210 177
internal_count=900 690 660 616 210 177
is_linear=0
shrinkage=0.05


Tree=52
num_leaves=9
num_cat=0
split_feature=1 0 1 1 1 0 0 0
split_gain=0.32072 0.281056 0.338064 0.146304 0.150158 0.397357 0.0457875 0.0376866
threshold=9.6734312003885297 9.2284359249358658 9.1751828003927844 13.48018396462353 10.481261404051905 10.011464285306086 8.6783877781990579 10.66477549664309
decision_type=2 2 2 2 2 2 2 2
left_child=1 2 6 4 5 -2 -1 -6
right_child=3 -3 -4 -5 7 -7 -8 -9
leaf_value=-0.00089375647381366148 0.0057084918968936648 -0.0024186154336091181 0.0051820713223572849 -0.0002788226936381477 0.010202924843652995 -0.0018552445742139408 -0.0035147419586814676 0.0092814617928520752
leaf_weight=52 219 41 67 51 186 49 32 203
leaf_count=52 219 41 67 51 186 49 32 203
internal_value=0.000666667 -0.00114583 -0.000149007 0.00115819 0.00135845 0.000447761 -0.0022619 0.00198586
internal_weight=900 192 151 708 657 268 84 389
internal_count=900 192 151 708 657 268 84 389
is_linear=0
shrinkage=0.05


Tree=53
num_leaves=7
num_cat=0
split_feature=1 0 1 0 0 1
split_gain=0.306635 0.15075 0.300487 0.14189 0.0255411 1.11022e-16
threshold=8.8486496582154164 10.703965949669227 11.342258613979647 10.612021542469313 12.133677532080723 11.393392300511438
decision_type=2 2 2 2 2 2
left_child=-1 2 3 -2 5 -3
right_child=1 4 -4 -5 -6 -7
leaf_value=-0.0045462660839571565 0.0013194200389585508 0.013996900023079829 -0.0025959050010481016 -0.002116512856696597 0.0090028258834124134 0.016949163486204843
leaf_weight=44 585 61 30 31 33 116
leaf_count=44 585 61 30 31 33 116
internal_value=0.000888889 0.00109813 0.000719814 0.000957792 0.0022619 0.0025
internal_weight=900 856 646 616 210 177
internal_count=900 856 646 616 210 177
is_linear=0
shrinkage=0.05


Tree=54
num_leaves=7
num_cat=0
split_feature=1 0 1 0 0 1
split_gain=0.298322 0.166263 0.291043 0.134989 0.0255411 1.11022e-16
threshold=8.8486496582154164 10.703965949669227 11.342258613979647 10.612021542469313 12.133677532080723 11.393392300511438
decision_type=2 2 2 2 2 2
left_child=-1 2 3 -2 5 -3
right_child=1 4 -4 -5 -6 -7
leaf_value=-0.0043189527797592607 0.001253449037010611 0.013297055021925797 -0.0024661097509957128 -0.0020106872138617635 0.0085526845892418112 0.016101705311894622
leaf_weight=44 585 61 30 31 33 116
leaf_count=44 585 61 30 31 33 116
internal_value=0.000833333 0.00103972 0.000642415 0.000876623 0.0022619 0.0025
internal_weight=900 856 646 616 210 177
internal_count=900 856 646 616 210 177
is_linear=0
shrinkage=0.05


Tree=55
num_leaves=9
num_cat=0
split_feature=1 0 1 1 1 0 1 1
split_gain=0.29576 0.270841 0.240351 0.143081 0.126627 0.142222 0.0410359 0.234307
threshold=10.481261404051905 10.011464285306086 8.8486496582154164 10.105019957927629 12.260808503831443 12.240465536140013 10.841160663636343 10.75726768310196
decision_type=2 2 2 2 2 2 2 2
left_child=1 2 -1 -4 6 -6 7 -2
right_child=4 -3 3 -5 5 -7 -8 -9
leaf_value=-0.0041030051407713259 0.0069082910274741866 -0.0018911257993016934 4.1723545273206016e-05 0.0085224366777019618 -0.0033715610200818341 0.014628858627976095 0.014723225603779467 -0.0019406570914262218
leaf_weight=44 107 49 280 87 45 30 228 30
leaf_count=44 107 49 280 87 45 30 228 30
internal_value=0.000777778 -0.000108696 0.000310219 0.000728883 0.00170455 -0.000166667 0.00208904 0.00140511
internal_weight=900 460 411 367 440 75 365 137
internal_count=900 460 411 367 440 75 365 137
is_linear=0
shrinkage=0.05


Tree=56
num_leaves=9
num_cat=0
split_feature=1 0 1 1 1 1 1 1
split_gain=0.29576 0.270841 0.240351 0.143081 0.126627 0.142222 0.0410359 0.234307
threshold=10.481261404051905 10.011464285306086 8.8486496582154164 10.105019957927629 12.260808503831443 22.613422017826036 10.841160663636343 10.75726768310196
decision_type=2 2 2 2 2 2 2 2
left_child=1 2 -1 -4 6 -6 7 -2
right_child=4 -3 3 -5 5 -7 -8 -9
leaf_value=-0.003897854883732726 0.0065628764761005189 -0.0017965695093365847 3.9637368009556666e-05 0.0080963148438168986 -0.0032542457984487613 0.0085363011190514246 0.013987064323590504 -0.0018436242368549223
leaf_weight=44 107 49 280 87 45 30 228 30
leaf_count=44 107 49 280 87 45 30 228 30
internal_value=0.000777778 -0.000108696 0.000310219 0.000728883 0.00170455 -0.000166667 0.00208904 0.00140511
internal_weight=900 460 411 367 440 75 365 137
internal_count=900 460 411 367 440 75 365 137
is_linear=0
shrinkage=0.05


Tree=57
num_leaves=10
num_cat=0
split_feature=1 0 1 1 1 1 0 1 0
split_gain=0.207627 0.366459 0.17068 0.142689 0.150301 0.149383 0.0555556 0.0454545 2.77556e-17
threshold=9.6734312003885297 9.2284359249358658 9.2074057630315327 12.260808503831443 10.841160663636343 10.75726768310196 12.240465536140013 8.8486496582154164 9.0690610453540188
decision_type=2 2 2 2 2 2 2 2 2
left_child=1 2 7 4 5 -2 -5 -1 -4
right_child=3 -3 8 6 -6 -7 -8 -9 -10
leaf_value=-0.0037029621395461227 0.0044915966889900027 -0.0024303961613913027 0.0047978951874061877 -0.0031310727391416827 0.013287711107410994 -0.0017514430250121654 0.014060127986499716 6.0961991515281828e-06 0.0074339361769363071
leaf_weight=44 375 41 33 45 228 30 30 44 30
leaf_count=44 375 41 33 45 228 30 30 44 30
internal_value=0.000833333 -0.000625 0.000513245 0.00122881 0.00147314 0.000895062 -0.000833333 -0.000909091 0.0025
internal_weight=900 192 151 708 633 405 75 88 63
internal_count=900 192 151 708 633 405 75 88 63
is_linear=0
shrinkage=0.05


Tree=58
num_leaves=10
num_cat=0
split_feature=1 0 1 1 0 0 1 1 0
split_gain=0.169706 0.323443 0.212536 0.146999 0.123361 0.0555556 0.0410359 0.234307 2.77556e-17
threshold=10.481261404051905 10.011464285306086 12.260808503831443 10.105019957927629 9.716151045007555 12.240465536140013 10.841160663636343 10.75726768310196 9.9364462608543764
decision_type=2 2 2 2 2 2 2 2 2
left_child=1 3 6 4 -1 -4 7 -2 -5
right_child=2 -3 5 8 -6 -7 -8 -9 -10
leaf_value=8.7052050397400696e-05 0.0060101528178459797 -0.0019313208683192501 -0.0029745191021845587 0.013998926250392608 -0.0053313966921042085 0.013357121587174704 0.012623325552040432 -0.0016638708737615289 0.0043269752302360414
leaf_weight=283 107 49 45 56 41 30 228 30 31
leaf_count=283 107 49 45 56 41 30 228 30 31
internal_value=0.000888889 0.000217391 0.00159091 0.000675183 0.000185185 -0.000833333 0.00208904 0.00140511 0.0025
internal_weight=900 460 440 411 324 75 365 137 87
internal_count=900 460 440 411 324 75 365 137 87
is_linear=0
shrinkage=0.05


Tree=59
num_leaves=10
num_cat=0
split_feature=1 0 1 1 1 0 1 1 0
split_gain=0.198948 0.323443 0.146999 0.126627 0.142222 0.123361 0.0410359 0.234307 2.77556e-17
threshold=10.481261404051905 10.011464285306086 10.105019957927629 12.260808503831443 22.613422017826036 9.716151045007555 10.841160663636343 10.75726768310196 9.9364462608543764
decision_type=2 2 2 2 2 2 2 2 2
left_child=1 2 5 6 -5 -1 7 -2 -4
right_child=3 -3 8 4 -6 -7 -8 -9 -10
leaf_value=8.2699447877570306e-05 0.0057096451769537123 -0.0018347548249032814 0.013298979937872969 -0.0031214823855582057 0.0084147656551652669 -0.0050648268574989622 0.011992159274438433 -0.001580677330073464 0.0041106264687241992
leaf_weight=283 107 49 56 45 30 41 228 30 31
leaf_count=283 107 49 56 45 30 41 228 30 31
internal_value=0.000944444 0.000217391 0.000675183 0.00170455 -0.000166667 0.000185185 0.00208904 0.00140511 0.0025
internal_weight=900 460 411 440 75 324 365 137 87
internal_count=900 460 411 440 75 324 365 137 87
is_linear=0
shrinkage=0.05


Tree=60
num_leaves=11
num_cat=0
split_feature=0 0 1 0 1 1 0 1 1 1
split_gain=0.108336 0.166667 0.10467 0.282138 0.220177 0.123216 0.0985128 0.286198 0.0571096 0.02738
threshold=9.0690610453540188 8.8742593749672771 10.481261404051905 9.9272563271768082 10.276073524479004 9.9804450380522258 10.66477549664309 11.156979541616128 8.8486496582154164 11.025966832818666
decision_type=2 2 2 2 2 2 2 2 2 2
left_child=1 8 3 5 -5 -2 9 -8 -1 -4
right_child=2 -3 6 4 -6 -7 7 -9 -10 -11
leaf_value=-0.0035263016074825898 6.2202518033230501e-05 -0.0047061412469449953 0.0083629431281710079 -0.0050565765959091416 0.0021081185792397399 0.0097213132073102129 -0.0014101307487972311 0.011205549107196736 0.00030846174269283898 0.00094726766927416279
leaf_weight=44 155 32 174 31 54 99 33 195 52 31
leaf_count=44 155 32 174 31 54 99 33 195 52 31
internal_value=0.000722222 -0.000625 0.000945596 0.000287611 -0.00220588 0.00112205 0.00146074 0.000745614 0.000416667 0.0022561
internal_weight=900 128 772 339 85 254 433 228 96 205
internal_count=900 128 772 339 85 254 433 228 96 205
is_linear=0
shrinkage=0.05


Tree=61
num_leaves=9
num_cat=0
split_feature=1 1 0 1 0 0 1 1
split_gain=0.0970707 0.106357 0.138663 0.101189 0.0555556 0.051206 0.316779 0.0679576
threshold=12.260808503831443 10.105019957927629 9.716151045007555 9.7872305594691991 12.240465536140013 10.66477549664309 11.245630250460133 10.481261404051905
decision_type=2 2 2 2 2 2 2 2
left_child=1 2 3 -1 -2 7 -7 -3
right_child=4 5 -4 -5 -6 6 -8 -9
leaf_value=3.3034661478652868e-05 -0.0026063085631956228 0.00047703730342910317 -0.0048146956328980611 0.013576279129366462 0.012285062171733953 -0.00092504466738995263 0.012036574768365053 0.008210454029210331
leaf_weight=220 45 136 41 63 30 49 130 186
leaf_count=220 45 136 41 63 30 49 130 186
internal_value=0.000888889 0.00104545 0.000339506 0.000733216 -0.000833333 0.001502 0.000824022 0.00187888
internal_weight=900 825 324 283 75 501 179 322
internal_count=900 825 324 283 75 501 179 322
is_linear=0
shrinkage=0.05


Tree=62
num_leaves=9
num_cat=0
split_feature=1 1 0 1 0 0 1 1
split_gain=0.0970707 0.106357 0.138663 0.101189 0.0555556 0.051206 0.316779 0.0679576
threshold=12.260808503831443 10.105019957927629 9.716151045007555 9.7872305594691991 12.240465536140013 10.66477549664309 11.245630250460133 10.481261404051905
decision_type=2 2 2 2 2 2 2 2
left_child=1 2 3 -1 -2 7 -7 -3
right_child=4 5 -4 -5 -6 6 -8 -9
leaf_value=3.1382928404693264e-05 -0.0024759931350358012 0.00045318543825761622 -0.0045739608512531359 0.012897465172898102 0.011670809063147214 -0.00087879243402043785 0.011434746029946822 0.0077999313277497947
leaf_weight=220 45 136 41 63 30 49 130 186
leaf_count=220 45 136 41 63 30 49 130 186
internal_value=0.000888889 0.00104545 0.000339506 0.000733216 -0.000833333 0.001502 0.000824022 0.00187888
internal_weight=900 825 324 283 75 501 179 322
internal_count=900 825 324 283 75 501 179 322
is_linear=0
shrinkage=0.05


Tree=63
num_leaves=9
num_cat=0
split_feature=1 1 0 1 0 0 1 1
split_gain=0.0970707 0.106357 0.138663 0.101189 0.0555556 0.051206 0.316779 0.0679576
threshold=12.260808503831443 10.105019957927629 9.716151045007555 9.7872305594691991 12.240465536140013 10.66477549664309 11.245630250460133 10.481261404051905
decision_type=2 2 2 2 2 2 2 2
left_child=1 2 3 -1 -2 7 -7 -3
right_child=4 5 -4 -5 -6 6 -8 -9
leaf_value=2.9813781984427197e-05 -0.0023521934782840016 0.00043052616634476574 -0.0043452628086904669 0.012252591914253194 0.011087268609989832 -0.00083485281231939878 0.010863008728449489 0.0074099347613623204
leaf_weight=220 45 136 41 63 30 49 130 186
leaf_count=220 45 136 41 63 30 49 130 186
internal_value=0.000888889 0.00104545 0.000339506 0.000733216 -0.000833333 0.001502 0.000824022 0.00187888
internal_weight=900 825 324 283 75 501 179 322
internal_count=900 825 324 283 75 501 179 322
is_linear=0
shrinkage=0.05


Tree=64
num_leaves=11
num_cat=0
split_feature=0 1 0 0 1 1 0 0 0 0
split_gain=0.0753111 0.0786469 0.288913 0.127225 0.286198 0.0995192 0.0703125 0.0625 0.015625 5.55112e-17
threshold=9.0690610453540188 10.535138560110344 10.143020680763604 10.66477549664309 11.156979541616128 10.105019957927629 8.7280760425522761 8.3911338860203681 8.8742593749672771 10.563283458403037
decision_type=2 2 2 2 2 2 2 2 2 2
left_child=6 2 5 9 -5 -2 7 -1 -8 -3
right_child=1 3 -4 4 -6 -7 8 -9 -10 -11
leaf_value=-0.0015863452114582622 8.5176123429677949e-05 0.0040420894986766603 -0.0018010238016651125 -0.0012076897156708651 0.00890374680924233 0.0015232751292235669 8.8528425315961381e-05 0.0030305756192868087 -0.0040991094257718961 0.0069428060508076612
leaf_weight=32 203 153 30 33 195 122 32 32 32 36
leaf_count=32 203 153 30 33 195 122 32 32 32 36
internal_value=0.000888889 0.00107513 0.000528169 0.00154077 0.000745614 0.000961539 -0.000234375 0.0009375 -0.00140625 0.0025
internal_weight=900 772 355 417 228 325 128 64 64 189
internal_count=900 772 355 417 228 325 128 64 64 189
is_linear=0
shrinkage=0.05


Tree=65
num_leaves=8
num_cat=0
split_feature=1 0 1 1 0 0 0
split_gain=0.126725 0.148352 0.107213 0.0718097 0.128438 0.0555556 2.77556e-17
threshold=9.1751828003927844 8.6783877781990579 12.260808503831443 11.491109842718977 10.66477549664309 12.240465536140013 11.590724816102318
decision_type=2 2 2 2 2 2 2
left_child=1 -1 3 4 -2 -4 -5
right_child=2 -3 5 6 -6 -7 -8
leaf_value=0.00031793588878515147 0.0021925184378249855 -0.0033474362181773625 -0.0021110403356701612 0.018795734262053544 -0.00042194463928523548 0.010087717839028267 0.0074323626606481955
leaf_weight=52 562 32 45 57 92 30 30
leaf_count=52 562 32 45 57 92 30 30
internal_value=0.000777778 -0.00107143 0.000968137 0.00115047 0.000970948 -0.000833333 0.0025
internal_weight=900 84 816 741 654 75 87
internal_count=900 84 816 741 654 75 87
is_linear=0
shrinkage=0.05


Tree=66
num_leaves=10
num_cat=0
split_feature=1 0 1 1 0 0 1 0 0
split_gain=0.0921841 0.242984 0.151108 0.117293 0.466984 0.0979655 0.316779 0.0555556 5.55112e-17
threshold=10.535138560110344 10.143020680763604 12.260808503831443 10.253777687143556 9.8981949752941336 10.66477549664309 11.245630250460133 12.240465536140013 10.570562308729468
decision_type=2 2 2 2 2 2 2 2 2
left_child=1 3 5 4 -1 8 -7 -4 -2
right_child=2 -3 7 -5 -6 6 -8 -9 -10
leaf_value=0.00032265779283399519 0.0075998898961876747 -0.0018205985334731154 -0.0020054883188866559 0.013182850136254665 -0.0044159166762931367 -0.00092969874169765605 0.0092109764014863243 0.0095833319470768792 0.014186191974255115
leaf_weight=354 139 30 45 62 30 49 130 30 31
leaf_count=354 139 30 45 62 30 49 130 30 31
internal_value=0.000666667 0.000189076 0.00120283 0.000482063 0.00015625 0.0016404 0.000824022 -0.000833333 0.0025
internal_weight=900 476 424 446 384 349 179 75 170
internal_count=900 476 424 446 384 349 179 75 170
is_linear=0
shrinkage=0.05


Tree=67
num_leaves=10
num_cat=0
split_feature=1 0 1 1 1 0 0 1 0
split_gain=0.117508 0.254845 0.0939288 0.142222 0.0818159 0.249345 0.0680316 0.194558 5.55112e-17
threshold=10.535138560110344 10.143020680763604 12.260808503831443 22.613422017826036 10.276073524479004 9.9272563271768082 10.66477549664309 11.245630250460133 10.570562308729468
decision_type=2 2 2 2 2 2 2 2 2
left_child=1 4 6 -4 5 -1 8 -8 -2
right_child=2 -3 3 -5 -6 -7 7 -9 -10
leaf_value=0.0003493844405259908 0.0072198954013782861 -0.001729568606799424 -0.0041864037636846294 0.0079819120673874991 0.012718581434900589 -0.0040101406957195841 -0.00088321380461273309 0.008750427581411967 0.013476882375542332
leaf_weight=365 139 30 45 30 50 31 49 130 31
leaf_count=365 139 30 45 30 50 31 49 130 31
internal_value=0.000833333 0.000294118 0.00143868 -0.000166667 0.00059417 0.000353535 0.00178367 0.00110335 0.0025
internal_weight=900 476 424 75 446 396 349 179 170
internal_count=900 476 424 75 446 396 349 179 170
is_linear=0
shrinkage=0.05


Tree=68
num_leaves=10
num_cat=0
split_feature=1 0 1 1 0 0 1 0 0
split_gain=0.0945419 0.254845 0.169118 0.0818159 0.249345 0.0680316 0.194558 0.0555556 5.55112e-17
threshold=10.535138560110344 10.143020680763604 12.260808503831443 10.276073524479004 9.9272563271768082 10.66477549664309 11.245630250460133 12.240465536140013 10.570562308729468
decision_type=2 2 2 2 2 2 2 2 2
left_child=1 3 5 4 -1 8 -7 -4 -2
right_child=2 -3 7 -5 -6 6 -8 -9 -10
leaf_value=0.00033191521849971236 0.006858900631309341 -0.0016430901764594261 -0.0018175768930142654 0.0120826523631556 -0.003809633660933627 -0.00083905311438207855 0.0083129062023414076 0.0093134855379072515 0.012803038256765221
leaf_weight=365 139 30 45 50 31 49 130 30 31
leaf_count=365 139 30 45 50 31 49 130 30 31
internal_value=0.000777778 0.000294118 0.00132075 0.00059417 0.000353535 0.00178367 0.00110335 -0.000833333 0.0025
internal_weight=900 476 424 446 396 349 179 75 170
internal_count=900 476 424 446 396 349 179 75 170
is_linear=0
shrinkage=0.05


Tree=69
num_leaves=10
num_cat=0
split_feature=1 0 1 1 1 1 0 0 0
split_gain=0.127402 0.413403 0.132056 0.123812 0.0793776 0.149383 0.060554 0.0555556 0.0194932
threshold=9.6734312003885297 9.2284359249358658 9.1751828003927844 12.260808503831443 10.841160663636343 10.75726768310196 8.6783877781990579 12.240465536140013 11.035449165939786
decision_type=2 2 2 2 2 2 2 2 2
left_child=1 2 6 4 5 -2 -1 -5 -6
right_child=3 -3 -4 7 8 -7 -8 -9 -10
leaf_value=0.00025184122175290552 0.0018806418563504523 -0.0024892682233861219 0.0048176010930509605 -0.0017266980483635549 0.014453058697183519 -0.0010851224296609991 -0.0032302622798614229 0.0088478112610118845 0.006234428110618662
leaf_weight=52 375 41 67 45 120 30 32 30 108
leaf_count=52 375 41 67 45 120 30 32 30 108
internal_value=0.000777778 -0.000364583 0.000844371 0.00108757 0.00131517 0.000895062 -0.00047619 -0.000833333 0.0020614
internal_weight=900 192 151 708 633 405 84 75 228
internal_count=900 192 151 708 633 405 84 75 228
is_linear=0
shrinkage=0.05


Tree=70
num_leaves=9
num_cat=0
split_feature=1 1 0 0 1 1 0 0
split_gain=0.0791919 0.145986 0.254845 0.0979655 0.316779 0.0818159 0.0555556 5.55112e-17
threshold=12.260808503831443 10.535138560110344 10.143020680763604 10.66477549664309 11.245630250460133 10.276073524479004 12.240465536140013 10.570562308729468
decision_type=2 2 2 2 2 2 2 2
left_child=1 2 5 7 -5 -1 -2 -3
right_child=6 3 -4 4 -6 -7 -8 -9
leaf_value=0.00015344750290920934 -0.0016403631459453714 0.0064219235069263208 -0.0016549677604539945 -0.00096243084029996081 0.0075855394866934144 0.011384487652180298 0.0084054206979613088 0.012142998354945228
leaf_weight=396 45 139 30 49 130 50 30 31
leaf_count=396 45 139 30 49 130 50 30 31
internal_value=0.000722222 0.000863636 0.000294118 0.0016404 0.000824022 0.00059417 -0.000833333 0.0025
internal_weight=900 825 476 349 179 446 75 170
internal_count=900 825 476 349 179 446 75 170
is_linear=0
shrinkage=0.05


Tree=71
num_leaves=9
num_cat=0
split_feature=1 1 0 0 1 1 0 0
split_gain=0.0791919 0.145986 0.254845 0.0979655 0.316779 0.0818159 0.0555556 5.55112e-17
threshold=12.260808503831443 10.535138560110344 10.143020680763604 10.66477549664309 11.245630250460133 10.276073524479004 12.240465536140013 10.570562308729468
decision_type=2 2 2 2 2 2 2 2
left_child=1 2 5 7 -5 -1 -2 -3
right_child=6 3 -4 4 -6 -7 -8 -9
leaf_value=0.00014577512776378049 -0.0015583449886481015 0.0061008273315800408 -0.0015722193724313259 -0.00091430929828497135 0.0072062625123587064 0.010815263269571319 0.0079851496630632297 0.01153584843719801
leaf_weight=396 45 139 30 49 130 50 30 31
leaf_count=396 45 139 30 49 130 50 30 31
internal_value=0.000722222 0.000863636 0.000294118 0.0016404 0.000824022 0.00059417 -0.000833333 0.0025
internal_weight=900 825 476 349 179 446 75 170
internal_count=900 825 476 349 179 446 75 170
is_linear=0
shrinkage=0.05


Tree=72
num_leaves=11
num_cat=0
split_feature=1 0 1 1 0 0 1 0 0 0
split_gain=0.0959179 0.323443 0.156963 0.146999 0.138824 0.102487 0.316779 0.0555556 1.11022e-16 2.77556e-17
threshold=10.481261404051905 10.011464285306086 12.260808503831443 10.105019957927629 9.4681051701428398 10.66477549664309 11.245630250460133 12.240465536140013 10.473514535909095 9.9364462608543764
decision_type=2 2 2 2 2 2 2 2 2 2
left_child=1 3 5 4 -1 8 -7 -4 -2 -5
right_child=2 -3 7 9 -6 6 -8 -9 -10 -11
leaf_value=0.00018856499244310424 0.0052279669698088345 -0.0016090450601663336 -0.0014804277392156773 0.011912643612216901 -0.0016015288852264692 -0.00086859383337074033 0.0068459493867407788 0.0075858921799100369 0.0029999705646872447 0.004406888178625579
leaf_weight=219 116 49 45 56 105 49 130 30 70 31
leaf_count=219 116 49 45 56 105 49 130 30 70 31
internal_value=0.000722222 0.000217391 0.00125 0.000675183 0.000185185 0.00167808 0.000824022 -0.000833333 0.0025 0.0025
internal_weight=900 460 440 411 324 365 179 75 186 87
internal_count=900 460 440 411 324 365 179 75 186 87
is_linear=0
shrinkage=0.05


Tree=73
num_leaves=10
num_cat=0
split_feature=1 0 1 1 0 1 1 0 0
split_gain=0.0761852 0.266988 0.0806361 0.142222 0.0979655 0.316779 0.0724736 0.264185 5.55112e-17
threshold=10.535138560110344 10.143020680763604 12.260808503831443 22.613422017826036 10.66477549664309 11.245630250460133 10.276073524479004 9.9272563271768082 10.570562308729468
decision_type=2 2 2 2 2 2 2 2 2
left_child=1 6 4 -4 8 -6 7 -1 -2
right_child=2 -3 3 -5 5 -7 -8 -9 -10
leaf_value=0.00024945418737532405 0.0056346474661950162 -0.001458793406730687 -0.003565913034741039 0.0079939870047774711 -0.0008251641417022119 0.0065036519174037737 0.010354952359101067 -0.0036480687579768262 0.010809057487103741
leaf_weight=365 139 30 45 30 49 130 50 31 31
leaf_count=365 139 30 45 30 49 130 50 31 31
internal_value=0.000833333 0.00039916 0.00132075 -0.000166667 0.0016404 0.000824022 0.000706278 0.000479798 0.0025
internal_weight=900 476 424 75 349 179 446 396 170
internal_count=900 476 424 75 349 179 446 396 170
is_linear=0
shrinkage=0.05


Tree=74
num_leaves=9
num_cat=0
split_feature=1 1 0 0 1 1 0 0
split_gain=0.0791919 0.145986 0.254845 0.0979655 0.316779 0.0792493 0.0555556 5.55112e-17
threshold=12.260808503831443 10.535138560110344 10.143020680763604 10.66477549664309 11.245630250460133 10.105019957927629 12.240465536140013 10.570562308729468
decision_type=2 2 2 2 2 2 2 2
left_child=1 2 5 7 -5 -1 -2 -3
right_child=6 3 -4 4 -6 -7 -8 -9
leaf_value=4.8690514300760125e-05 -0.00134370971986118 0.0053529150928852652 -0.0013858537363941844 -0.00078390593461711883 0.0061784693215335739 0.00079967103734765769 0.0073848932226516341 0.010268604612748583
leaf_weight=324 45 139 30 49 130 122 30 31
leaf_count=324 45 139 30 49 130 122 30 31
internal_value=0.000722222 0.000863636 0.000294118 0.0016404 0.000824022 0.00059417 -0.000833333 0.0025
internal_weight=900 825 476 349 179 446 75 170
internal_count=900 825 476 349 179 446 75 170
is_linear=0
shrinkage=0.05


Tree=75
num_leaves=9
num_cat=0
split_feature=1 1 0 0 1 1 0 0
split_gain=0.0791919 0.145986 0.254845 0.0979655 0.316779 0.0792493 0.0555556 5.55112e-17
threshold=12.260808503831443 10.535138560110344 10.143020680763604 10.66477549664309 11.245630250460133 10.105019957927629 12.240465536140013 10.570562308729468
decision_type=2 2 2 2 2 2 2 2
left_child=1 2 5 7 -5 -1 -2 -3
right_child=6 3 -4 4 -6 -7 -8 -9
leaf_value=4.6255988585693047e-05 -0.0012765242338680868 0.0050852693382410019 -0.0013165610495744625 -0.00074471063788629813 0.0058695458554569244 0.00075968748548029582 0.0070156485615190615 0.0097551743821111259
leaf_weight=324 45 139 30 49 130 122 30 31
leaf_count=324 45 139 30 49 130 122 30 31
internal_value=0.000722222 0.000863636 0.000294118 0.0016404 0.000824022 0.00059417 -0.000833333 0.0025
internal_weight=900 825 476 349 179 446 75 170
internal_count=900 825 476 349 179 446 75 170
is_linear=0
shrinkage=0.05


Tree=76
num_leaves=9
num_cat=0
split_feature=1 1 0 1 0 0 1 0
split_gain=0.0791919 0.120661 0.24314 0.132372 0.0555556 0.0355263 0.168243 5.55112e-17
threshold=12.260808503831443 10.841160663636343 10.489159859292828 10.535138560110344 12.240465536140013 10.975672364889133 11.491109842718977 10.668935133312781
decision_type=2 2 2 2 2 2 2 2
left_child=1 2 3 -1 -2 7 -7 -3
right_child=4 5 -4 -5 -6 6 -8 -9
leaf_value=0.00010493118528632977 -0.0012126980221747016 0.027724427648968836 -0.00071490209735497977 0.0047743055998181226 0.0066648661334431482 -0.0004508167706553756 0.005448666550116262 0.010045086758063083
leaf_weight=476 45 55 32 89 30 37 83 53
leaf_count=476 45 55 32 89 30 37 83 53
internal_value=0.000722222 0.000863636 0.00048995 0.000730089 -0.000833333 0.00184211 0.00125 0.0025
internal_weight=900 825 597 565 75 228 120 108
internal_count=900 825 597 565 75 228 120 108
is_linear=0
shrinkage=0.05


Tree=77
num_leaves=9
num_cat=0
split_feature=1 1 0 1 0 0 1 0
split_gain=0.0736364 0.136072 0.23363 0.138219 0.0555556 0.0355263 0.168243 5.55112e-17
threshold=12.260808503831443 10.841160663636343 10.489159859292828 10.543723746613198 12.240465536140013 10.975672364889133 11.491109842718977 10.668935133312781
decision_type=2 2 2 2 2 2 2 2
left_child=1 2 3 -1 -2 7 -7 -3
right_child=4 5 -4 -5 -6 6 -8 -9
leaf_value=9.6937221784673387e-05 -0.0011520631210659991 0.026338206266520354 -0.00067915699248721154 0.0060615375126585672 0.006331622826771 -0.00042827593212260598 0.0051762332226104671 0.0095428324201598975
leaf_weight=480 45 55 32 85 30 37 83 53
leaf_count=480 45 55 32 85 30 37 83 53
internal_value=0.000666667 0.00080303 0.000406198 0.000641593 -0.000833333 0.00184211 0.00125 0.0025
internal_weight=900 825 597 565 75 228 120 108
internal_count=900 825 597 565 75 228 120 108
is_linear=0
shrinkage=0.05


Tree=78
num_leaves=9
num_cat=0
split_feature=1 1 0 1 0 1 0 0
split_gain=0.0682828 0.0976827 0.23363 0.138219 0.0631579 0.121958 0.0555556 5.55112e-17
threshold=12.260808503831443 10.841160663636343 10.489159859292828 10.543723746613198 10.975672364889133 11.491109842718977 12.240465536140013 10.668935133312781
decision_type=2 2 2 2 2 2 2 2
left_child=1 2 3 -1 7 -6 -2 -3
right_child=6 4 -4 -5 5 -7 -8 -9
leaf_value=9.209036069548175e-05 -0.001094459965012656 0.025021295953194297 -0.00064519914286288954 0.0057584606370256093 -0.00040686213551646591 0.0049174215614799805 0.0060150416854324543 0.0090656907991519386
leaf_weight=480 45 55 32 85 37 83 30 53
leaf_count=480 45 55 32 85 37 83 30 53
internal_value=0.000611111 0.000742424 0.000406198 0.000641593 0.00162281 0.000833333 -0.000833333 0.0025
internal_weight=900 825 597 565 228 120 75 108
internal_count=900 825 597 565 228 120 75 108
is_linear=0
shrinkage=0.05


Tree=79
num_leaves=9
num_cat=0
split_feature=1 1 0 1 0 1 0 0
split_gain=0.0682828 0.0976827 0.23363 0.138219 0.0631579 0.121958 0.0555556 5.55112e-17
threshold=12.260808503831443 10.841160663636343 10.489159859292828 10.543723746613198 10.975672364889133 11.491109842718977 12.240465536140013 10.668935133312781
decision_type=2 2 2 2 2 2 2 2
left_child=1 2 3 -1 7 -6 -2 -3
right_child=6 4 -4 -5 5 -7 -8 -9
leaf_value=8.7485842660714176e-05 -0.0010397369667620557 0.023770231155534546 -0.00061293918571975702 0.0054705376051743318 -0.0003865190287406328 0.0046715504834059915 0.005714289601160872 0.0086124062591943062
leaf_weight=480 45 55 32 85 37 83 30 53
leaf_count=480 45 55 32 85 37 83 30 53
internal_value=0.000611111 0.000742424 0.000406198 0.000641593 0.00162281 0.000833333 -0.000833333 0.0025
internal_weight=900 825 597 565 228 120 75 108
internal_count=900 825 597 565 228 120 75 108
is_linear=0
shrinkage=0.05


Tree=80
num_leaves=5
num_cat=0
split_feature=1 0 0 1
split_gain=0.125189 0.0785864 0.247969 0.114358
threshold=8.8486496582154164 8.900632308775231 9.1036888064807258 9.6734312003885297
decision_type=2 2 2 2
left_child=-1 -2 -3 -4
right_child=1 2 3 -5
leaf_value=-0.0034493761230653627 0.0005396679096582519 -0.0025335815396376306 -0.00032532009234292555 0.0015808911641376181
leaf_weight=44 56 32 67 701
leaf_count=44 56 32 67 701
internal_value=0.000555556 0.000689252 0.0005625 0.000742188
internal_weight=900 856 800 768
internal_count=900 856 800 768
is_linear=0
shrinkage=0.05


Tree=81
num_leaves=9
num_cat=0
split_feature=1 1 0 1 0 1 0 0
split_gain=0.0631313 0.111595 0.366655 0.134052 0.0631579 0.121958 0.0555556 5.55112e-17
threshold=12.260808503831443 10.841160663636343 10.482396985629245 10.543723746613198 10.975672364889133 11.491109842718977 12.240465536140013 10.668935133312781
decision_type=2 2 2 2 2 2 2 2
left_child=1 2 3 -1 7 -6 -2 -3
right_child=6 4 -4 -5 5 -7 -8 -9
leaf_value=5.0514133062778729e-05 -0.00090221577522397968 0.022502675039550977 -0.00056982406986805657 0.0062489626188282181 -0.00044623763551044249 0.0043589284010288236 0.0053495305628960214 0.0081027413880277351
leaf_weight=480 45 55 35 82 37 83 30 53
leaf_count=480 45 55 35 82 37 83 30 53
internal_value=0.000555556 0.000681818 0.000322446 0.000631673 0.00162281 0.000833333 -0.000833333 0.0025
internal_weight=900 825 597 562 228 120 75 108
internal_count=900 825 597 562 228 120 75 108
is_linear=0
shrinkage=0.05


Tree=82
num_leaves=9
num_cat=0
split_feature=1 1 0 1 0 1 0 0
split_gain=0.0631313 0.111595 0.366655 0.134052 0.0631579 0.121958 0.0555556 5.55112e-17
threshold=12.260808503831443 10.841160663636343 10.482396985629245 10.543723746613198 10.975672364889133 11.491109842718977 12.240465536140013 10.668935133312781
decision_type=2 2 2 2 2 2 2 2
left_child=1 2 3 -1 7 -6 -2 -3
right_child=6 4 -4 -5 5 -7 -8 -9
leaf_value=4.798842640962285e-05 -0.00085710498646280838 0.021377541287573441 -0.00054133286637461501 0.0059365144878867947 -0.00042392575373495945 0.0041409819809773837 0.0050820540347512383 0.0076976043186263617
leaf_weight=480 45 55 35 82 37 83 30 53
leaf_count=480 45 55 35 82 37 83 30 53
internal_value=0.000555556 0.000681818 0.000322446 0.000631673 0.00162281 0.000833333 -0.000833333 0.0025
internal_weight=900 825 597 562 228 120 75 108
internal_count=900 825 597 562 228 120 75 108
is_linear=0
shrinkage=0.05


Tree=83
num_leaves=9
num_cat=0
split_feature=1 1 0 1 0 1 0 0
split_gain=0.0631313 0.111595 0.366655 0.134052 0.0631579 0.121958 0.0555556 5.55112e-17
threshold=12.260808503831443 10.841160663636343 10.482396985629245 10.543723746613198 10.975672364889133 11.491109842718977 12.240465536140013 10.668935133312781
decision_type=2 2 2 2 2 2 2 2
left_child=1 2 3 -1 7 -6 -2 -3
right_child=6 4 -4 -5 5 -7 -8 -9
leaf_value=4.5589005089146972e-05 -0.0008142497371397046 0.020308664223194738 -0.0005142662230558856 0.0056396887634924389 -0.00040272946604822833 0.0039339328819284888 0.0048279513330136588 0.0073127241026950786
leaf_weight=480 45 55 35 82 37 83 30 53
leaf_count=480 45 55 35 82 37 83 30 53
internal_value=0.000555556 0.000681818 0.000322446 0.000631673 0.00162281 0.000833333 -0.000833333 0.0025
internal_weight=900 825 597 562 228 120 75 108
internal_count=900 825 597 562 228 120 75 108
is_linear=0
shrinkage=0.05


Tree=84
num_leaves=9
num_cat=0
split_feature=1 0 1 0 0 1 0 0
split_gain=0.0760556 0.684521 0.0771902 0.227447 0.076019 0.25779 0.110078 0.0668303
threshold=10.589529408888778 10.222724900736052 10.341974895168422 9.9272563271768082 10.66477549664309 11.156979541616128 10.194462602001481 11.781863836125877
decision_type=2 2 2 2 2 2 2 2
left_child=1 2 3 -1 6 -6 -2 -7
right_child=4 -3 -4 -5 5 7 -8 -9
leaf_value=0.0002689043302619656 0.00068554947038336619 -0.0011640493677687691 0.0099874483448571492 -0.0014022928190343424 -0.00054956138841817128 0.0045257835759528898 0.0026294788958381421 0.0015758609550217658
leaf_weight=369 30 32 52 47 33 141 142 54
leaf_count=369 30 32 52 47 33 141 142 54
internal_value=0.000611111 0.0002 0.000683761 0.000456731 0.001125 0.000526316 0.0019186 0.00121795
internal_weight=900 500 468 416 400 228 172 195
internal_count=900 500 468 416 400 228 172 195
is_linear=0
shrinkage=0.05


Tree=85
num_leaves=9
num_cat=0
split_feature=1 1 0 1 0 1 0 0
split_gain=0.0736364 0.0846965 0.24314 0.125369 0.0631579 0.121958 0.0555556 5.55112e-17
threshold=12.260808503831443 10.841160663636343 10.489159859292828 10.543723746613198 10.975672364889133 11.491109842718977 12.240465536140013 10.668935133312781
decision_type=2 2 2 2 2 2 2 2
left_child=1 2 3 -1 7 -6 -2 -3
right_child=6 4 -4 -5 5 -7 -8 -9
leaf_value=6.3642434236595261e-05 -0.00082725402124276398 0.019161757067243088 -0.00055258755725479624 0.0042849103415868684 -0.00040586836616209054 0.0035256966811503033 0.0045077607186119195 0.006974565966981228
leaf_weight=480 45 55 32 85 37 83 30 53
leaf_count=480 45 55 32 85 37 83 30 53
internal_value=0.000666667 0.00080303 0.00048995 0.000730089 0.00162281 0.000833333 -0.000833333 0.0025
internal_weight=900 825 597 565 228 120 75 108
internal_count=900 825 597 565 228 120 75 108
is_linear=0
shrinkage=0.05


Tree=86
num_leaves=9
num_cat=0
split_feature=1 1 0 1 0 1 0 0
split_gain=0.0682828 0.0976827 0.379128 0.12159 0.0631579 0.121958 0.0555556 5.55112e-17
threshold=12.260808503831443 10.841160663636343 10.482396985629245 10.543723746613198 10.975672364889133 11.491109842718977 12.240465536140013 10.668935133312781
decision_type=2 2 2 2 2 2 2 2
left_child=1 2 3 -1 7 -6 -2 -3
right_child=6 4 -4 -5 5 -7 -8 -9
leaf_value=6.0460312524775285e-05 -0.00078589132018064419 0.018203669213880933 -0.00043344546461947936 0.0051921774445209835 -0.00038557494785399784 0.0033494118470928091 0.0042823726826813234 0.0066258376686321625
leaf_weight=480 45 55 35 82 37 83 30 53
leaf_count=480 45 55 35 82 37 83 30 53
internal_value=0.000611111 0.000742424 0.000406198 0.000720641 0.00162281 0.000833333 -0.000833333 0.0025
internal_weight=900 825 597 562 228 120 75 108
internal_count=900 825 597 562 228 120 75 108
is_linear=0
shrinkage=0.05


Tree=87
num_leaves=8
num_cat=0
split_feature=1 1 0 1 0 0 0
split_gain=0.0631313 0.0707071 0.354934 0.172111 0.0555556 0.0451687 2.77556e-17
threshold=12.260808503831443 11.245630250460133 10.66477549664309 10.673592228955352 12.240465536140013 11.385702516727351 11.165085092119712
decision_type=2 2 2 2 2 2 2
left_child=1 2 3 -1 -2 6 -3
right_child=4 5 -4 -5 -6 -7 -8
leaf_value=5.8962270529632545e-05 -0.00074659675417160373 0.026989942413741554 -0.00062583918024592278 0.0066232589309698775 0.0040682540485472707 0.0011919691986332914 0.027557155387313587
leaf_weight=524 45 47 49 120 30 53 32
leaf_count=524 45 47 49 120 30 53 32
internal_value=0.000555556 0.000681818 0.000479798 0.000791926 -0.000833333 0.00174242 0.0025
internal_weight=900 825 693 644 75 132 79
internal_count=900 825 693 644 75 132 79
is_linear=0
shrinkage=0.05


Tree=88
num_leaves=6
num_cat=0
split_feature=1 1 1 0 0
split_gain=0.0442912 0.117729 0.0707071 0.354934 0.0451687
threshold=22.613422017826036 12.260808503831443 11.245630250460133 10.66477549664309 11.385702516727351
decision_type=2 2 2 2 2
left_child=1 2 3 -1 -4
right_child=-2 -3 4 -5 -6
leaf_value=0.0003082219409903526 0.0079437275253468036 -0.0028927819077161285 0.024768541018251281 -0.00059454722123359781 0.0011323707387016491
leaf_weight=644 30 45 79 49 53
leaf_count=644 30 45 79 49 53
internal_value=0.000611111 0.000545977 0.000681818 0.000479798 0.00174242
internal_weight=900 870 825 693 132
internal_count=900 870 825 693 132
is_linear=0
shrinkage=0.05


Tree=89
num_leaves=9
num_cat=0
split_feature=1 1 0 1 0 1 0 0
split_gain=0.0534343 0.0895425 0.35439 0.147123 0.065176 0.160573 0.0555556 2.77556e-17
threshold=12.260808503831443 10.841160663636343 10.482396985629245 10.543723746613198 10.829802331935772 11.325207889436662 12.240465536140013 10.668935133312781
decision_type=2 2 2 2 2 2 2 2
left_child=1 2 3 -1 7 -6 -2 -3
right_child=6 4 -4 -5 5 -7 -8 -9
leaf_value=3.9078086322526337e-05 -0.00067299293317029957 0.016946911709588872 -0.00035397863932898387 0.0049142093617189787 -0.00020055958283990701 0.0033214751917149871 0.0040094804415057089 0.011288836548025927
leaf_weight=480 45 55 35 82 30 113 30 30
leaf_count=480 45 55 35 82 30 113 30 30
internal_value=0.000444445 0.000560606 0.000238694 0.000542705 0.00140351 0.000751748 -0.000833333 0.0025
internal_weight=900 825 597 562 228 143 75 85
internal_count=900 825 597 562 228 143 75 85
is_linear=0
shrinkage=0.05


Tree=90
num_leaves=9
num_cat=0
split_feature=1 1 0 1 0 1 0 0
split_gain=0.0488889 0.0977778 0.525987 0.148653 0.0637141 0.160573 0.0555556 2.77556e-17
threshold=12.260808503831443 10.849817050601761 10.482396985629245 10.543723746613198 10.829802331935772 11.325207889436662 12.240465536140013 10.639058638836479
decision_type=2 2 2 2 2 2 2 2
left_child=1 2 3 -1 7 -6 -2 -3
right_child=6 4 -4 -5 5 -7 -8 -9
leaf_value=3.7124182006405368e-05 -0.00063934328651179281 0.013659584510575232 -0.00049735341971257608 0.004720888462352156 -0.00019053160369790487 0.0031554014321292373 0.0038090064194304498 0.01675292775001367
leaf_weight=480 45 46 37 83 30 113 30 36
leaf_count=480 45 46 37 83 30 113 30 36
internal_value=0.000388889 0.0005 0.000166667 0.000546181 0.00138889 0.000751748 -0.000833333 0.0025
internal_weight=900 825 600 563 225 143 75 82
internal_count=900 825 600 563 225 143 75 82
is_linear=0
shrinkage=0.05


Tree=91
num_leaves=9
num_cat=0
split_feature=1 1 0 1 0 1 0 0
split_gain=0.0488889 0.0977778 0.525987 0.148653 0.0637141 0.160573 0.0555556 2.77556e-17
threshold=12.260808503831443 10.849817050601761 10.482396985629245 10.543723746613198 10.829802331935772 11.325207889436662 12.240465536140013 10.639058638836479
decision_type=2 2 2 2 2 2 2 2
left_child=1 2 3 -1 7 -6 -2 -3
right_child=6 4 -4 -5 5 -7 -8 -9
leaf_value=3.5267972906112654e-05 -0.00060737612218620697 0.012976605285046454 -0.00047248574872695834 0.0044848440392345791 -0.00018100502351301169 0.0029976313605227485 0.003618556098458914 0.015915281362512967
leaf_weight=480 45 46 37 83 30 113 30 36
leaf_count=480 45 46 37 83 30 113 30 36
internal_value=0.000388889 0.0005 0.000166667 0.000546181 0.00138889 0.000751748 -0.000833333 0.0025
internal_weight=900 825 600 563 225 143 75 82
internal_count=900 825 600 563 225 143 75 82
is_linear=0
shrinkage=0.05


Tree=92
num_leaves=9
num_cat=0
split_feature=1 1 0 1 0 1 0 0
split_gain=0.0488889 0.0977778 0.525987 0.148653 0.0637141 0.160573 0.0555556 2.77556e-17
threshold=12.260808503831443 10.849817050601761 10.482396985629245 10.543723746613198 10.829802331935772 11.325207889436662 12.240465536140013 10.639058638836479
decision_type=2 2 2 2 2 2 2 2
left_child=1 2 3 -1 7 -6 -2 -3
right_child=6 4 -4 -5 5 -7 -8 -9
leaf_value=3.3504574260785723e-05 -0.00057700731607689148 0.0123277750207941 -0.00044886146129061708 0.0042606018372728467 -0.0001719547723373321 0.0028477497924965707 0.003437628293535955 0.015119517294387298
leaf_weight=480 45 46 37 83 30 113 30 36
leaf_count=480 45 46 37 83 30 113 30 36
internal_value=0.000388889 0.0005 0.000166667 0.000546181 0.00138889 0.000751748 -0.000833333 0.0025
internal_weight=900 825 600 563 225 143 75 82
internal_count=900 825 600 563 225 143 75 82
is_linear=0
shrinkage=0.05


Tree=93
num_leaves=11
num_cat=0
split_feature=1 0 1 0 1 0 1 1 0 0
split_gain=0.0554249 0.413403 0.118528 0.0685877 0.0682853 0.0929324 0.255267 0.0590145 0.0555556 2.77556e-17
threshold=9.6734312003885297 9.2284359249358658 9.2074057630315327 8.7280760425522761 12.260808503831443 9.9272563271768082 10.543723746613198 9.9804450380522258 12.240465536140013 9.0690610453540188
decision_type=2 2 2 2 2 2 2 2 2 2
left_child=1 2 3 -1 5 7 -7 -2 -6 -4
right_child=4 -3 9 -5 8 6 -8 -9 -10 -11
leaf_value=9.2221762831280087e-05 0.005836100117132181 -0.0023781440042638154 0.0045978945163892785 -0.0031487611564769043 -0.00054815695027306841 -0.00052063954687276684 0.0006590464104144722 0.0099548396206288539 0.0032657468788591438 0.0065440889183692626
leaf_weight=56 84 41 33 32 45 105 341 103 30 30
leaf_count=56 84 41 33 32 45 105 341 103 30 30
internal_value=0.000388889 -0.000364583 0.000844371 -0.000340909 0.00059322 0.000762243 0.000369955 0.00169786 -0.000833333 0.0025
internal_weight=900 192 151 88 708 633 446 187 75 63
internal_count=900 192 151 88 708 633 446 187 75 63
is_linear=0
shrinkage=0.05


Tree=94
num_leaves=8
num_cat=0
split_feature=1 1 0 1 0 0 0
split_gain=0.0581818 0.0790188 0.537989 0.172111 0.0555556 0.0451687 2.77556e-17
threshold=12.260808503831443 11.245630250460133 10.66477549664309 10.673592228955352 12.240465536140013 11.385702516727351 11.165085092119712
decision_type=2 2 2 2 2 2 2
left_child=1 2 3 -1 -2 6 -3
right_child=4 5 -4 -5 -6 -7 -8
leaf_value=5.9386296522439317e-05 -0.00052074910275939652 0.023800589070324563 -0.00059075113357123961 0.0046408604912164539 0.0031024595349161467 0.00042668699240264732 0.024291805357671489
leaf_weight=524 45 47 49 120 30 53 32
leaf_count=524 45 47 49 120 30 53 32
internal_value=0.0005 0.000621212 0.000407648 0.000791926 -0.000833333 0.00174242 0.0025
internal_weight=900 825 693 644 75 132 79
internal_count=900 825 693 644 75 132 79
is_linear=0
shrinkage=0.05


Tree=95
num_leaves=8
num_cat=0
split_feature=1 1 0 1 0 0 0
split_gain=0.0581818 0.0790188 0.537989 0.172111 0.0555556 0.0451687 2.77556e-17
threshold=12.260808503831443 11.245630250460133 10.66477549664309 10.673592228955352 12.240465536140013 11.385702516727351 11.165085092119712
decision_type=2 2 2 2 2 2 2
left_child=1 2 3 -1 -2 6 -3
right_child=4 5 -4 -5 -6 -7 -8
leaf_value=5.6416981696332579e-05 -0.00049471164762139054 0.022610559616808336 -0.00056121357689263465 0.004408817466655641 0.0029473365581702995 0.00040535264278247497 0.023077215089787891
leaf_weight=524 45 47 49 120 30 53 32
leaf_count=524 45 47 49 120 30 53 32
internal_value=0.0005 0.000621212 0.000407648 0.000791926 -0.000833333 0.00174242 0.0025
internal_weight=900 825 693 644 75 132 79
internal_count=900 825 693 644 75 132 79
is_linear=0
shrinkage=0.05


Tree=96
num_leaves=7
num_cat=0
split_feature=1 1 0 1 0 0
split_gain=0.0534343 0.0828991 0.689219 0.172111 0.0555556 0.0444639
threshold=12.260808503831443 11.258540976437489 10.66477549664309 10.673592228955352 12.240465536140013 11.385702516727351
decision_type=2 2 2 2 2 2
left_child=1 2 3 -1 -2 -3
right_child=4 5 -4 -5 -6 -7
leaf_value=5.3596132611526733e-05 -0.00046997606524036025 0.022624185026408363 -0.00060988080585824562 0.0041883765933228463 0.0027999697302617758 0.00038508501064331573
leaf_weight=524 45 76 52 120 30 53
leaf_count=524 45 76 52 120 30 53
internal_value=0.000444445 0.000560606 0.000344828 0.000791926 -0.000833333 0.00172481
internal_weight=900 825 696 644 75 129
internal_count=900 825 696 644 75 129
is_linear=0
shrinkage=0.05


Tree=97
num_leaves=12
num_cat=0
split_feature=0 1 0 1 0 0 1 1 0 0 1
split_gain=0.0971984 0.802884 0.115852 0.690099 0.0653634 0.210938 0.110795 0.0996666 0.100737 0.0225806 5.55112e-17
threshold=10.34697711027709 10.715297890527841 10.66477549664309 11.258540976437489 9.0690610453540188 8.8742593749672771 8.8486496582154164 10.432913863556029 9.9272563271768082 10.473514535909095 10.64981465200119
decision_type=2 2 2 2 2 2 2 2 2 2 2
left_child=4 -2 9 -4 5 6 -1 8 -6 -3 -9
right_child=1 2 3 -5 7 -7 -8 10 -10 -11 -12
leaf_value=-0.0033424512590251817 -0.00013267916032848247 0.0087086722308288983 -0.00057938676556537345 0.0021670064873337822 0.0009592872700015713 -0.0018233595398761794 0.0005714278801872305 0.0038338626390172674 -0.0011306693747863215 0.0099387181746325975 0.003440575644609028
leaf_weight=44 35 30 52 176 252 32 52 58 71 63 35
leaf_count=44 35 30 52 176 252 32 52 58 71 63 35
internal_value=0.000333333 -0.000308989 0.000475078 -0.000131579 0.000753677 -0.000234375 0.0009375 0.00105769 0.000642415 0.00196237 0.0025
internal_weight=900 356 321 228 544 128 96 416 323 93 93
internal_count=900 356 321 228 544 128 96 416 323 93 93
is_linear=0
shrinkage=0.05


Tree=98
num_leaves=9
num_cat=0
split_feature=0 0 1 0 0 0 1 1
split_gain=0.0493865 0.132528 0.709044 0.218416 0.0646857 0.06305 0.0497725 0.0218391
threshold=11.080972915007267 10.34697711027709 10.715297890527841 10.66477549664309 11.781863836125877 10.248812893182631 8.9677512107216071 11.604303602689507
decision_type=2 2 2 2 2 2 2 2
left_child=1 5 -3 -4 7 6 -1 -2
right_child=4 2 3 -5 -6 -7 -8 -9
leaf_value=-0.00096549989625592742 0.0086972235319750391 -0.00012604520231204928 0.0065765824325827033 -0.0002308386223277421 -0.00022180845525290196 0.0049118432447781586 0.0002026769979133283 0.001837876817026626
leaf_weight=56 30 35 93 87 54 36 452 57
leaf_count=56 30 35 93 87 54 36 452 57
internal_value=0.000222222 6.25824e-05 -0.000988372 0.000277778 0.00108156 0.000477941 0.000334646 0.00192529
internal_weight=900 759 215 180 141 544 508 87
internal_count=900 759 215 180 141 544 508 87
is_linear=0
shrinkage=0.05


Tree=99
num_leaves=10
num_cat=0
split_feature=0 1 0 1 0 0 1 0 0
split_gain=0.0664795 0.802884 0.115852 0.452774 0.0574485 0.0374677 0.233917 0.063106 0.0225806
threshold=10.34697711027709 10.715297890527841 10.66477549664309 11.258540976437489 10.248812893182631 9.8981949752941336 10.253777687143556 9.5013386600638174 10.473514535909095
decision_type=2 2 2 2 2 2 2 2 2
left_child=4 -2 8 -4 5 7 -7 -1 -3
right_child=1 2 3 -5 -6 6 -8 -9 -10
leaf_value=1.7369460941837856e-05 -0.00011974294219640666 0.00794440949765827 -0.00053887549617073489 0.0018810205328967967 0.0046662510825392191 -0.0036584509810288 0.0028436953321685342 0.0044459316061416119 0.009112953144271815
leaf_weight=236 35 30 52 176 36 30 94 148 63
leaf_count=236 35 30 52 176 36 30 94 148 63
internal_value=0.000222222 -0.000308989 0.000475078 -0.000131579 0.000569853 0.000433071 -0.000322581 0.000677083 0.00196237
internal_weight=900 356 321 228 544 508 124 384 93
internal_count=900 356 321 228 544 508 124 384 93
is_linear=0
shrinkage=0.05


Tree=100
num_leaves=9
num_cat=0
split_feature=1 0 1 0 0 0 1 0
split_gain=0.0555556 1.04615 0.176909 0.410461 0.124907 0.100706 0.118608 2.77556e-17
threshold=10.849817050601761 10.482396985629245 10.543723746613198 10.161931445261377 10.424353096008856 10.829802331935772 11.325207889436662 10.392239737239377
decision_type=2 2 2 2 2 2 2 2
left_child=1 2 3 -1 -2 -6 -7 -4
right_child=4 -3 7 -5 5 6 -8 -9
leaf_value=0.00018397327208743514 -0.00087814068547615925 -0.00037774638953096368 0.0075649922419640568 -0.0013709274845198473 0.0065556483670185283 -0.0002954583494459094 0.0011056688254956141 0.00082631445643729668
leaf_weight=449 31 37 48 31 80 30 159 35
leaf_count=449 31 37 48 31 80 30 159 35
internal_value=0.000111111 -0.000166667 0.000368561 6.51926e-11 0.000666667 0.00101301 0.000383598 0.0025
internal_weight=900 600 563 480 300 269 189 83
internal_count=900 600 563 480 300 269 189 83
is_linear=0
shrinkage=0.05


Tree=101
num_leaves=9
num_cat=0
split_feature=1 0 1 0 0 0 1 0
split_gain=0.045 0.481431 0.191959 0.395237 0.124907 0.100706 0.118608 2.77556e-17
threshold=10.849817050601761 10.482396985629245 10.543723746613198 10.161931445261377 10.424353096008856 10.829802331935772 11.325207889436662 10.392239737239377
decision_type=2 2 2 2 2 2 2 2
left_child=1 2 3 -1 -2 -6 -7 -4
right_child=4 -3 7 -5 5 6 -8 -9
leaf_value=0.00017477460848309783 -0.00083423365120236567 -0.00035885907005437333 0.0071867426298658768 -0.0013023811102938945 0.0062278659486675655 -0.0002806854319735706 0.0010503853842208468 0.00078499873361540819
leaf_weight=449 31 37 48 31 80 30 159 35
leaf_count=449 31 37 48 31 80 30 159 35
internal_value=0.000166667 -8.33333e-05 0.000279751 -0.000104167 0.000666667 0.00101301 0.000383598 0.0025
internal_weight=900 600 563 480 300 269 189 83
internal_count=900 600 563 480 300 269 189 83
is_linear=0
shrinkage=0.05


Tree=102
num_leaves=9
num_cat=0
split_feature=1 1 0 1 0 0 1 0
split_gain=0.0388094 0.110262 0.327078 0.139623 0.0630045 0.0225806 0.0204248 2.77556e-17
threshold=11.813350768335791 11.258540976437489 10.631664111382102 10.481261404051905 11.632199025831593 11.31137607645544 12.419861558515064 11.080972915007267
decision_type=2 2 2 2 2 2 2 2
left_child=1 2 3 -1 -2 7 -6 -3
right_child=4 5 -4 -5 6 -7 -8 -9
leaf_value=2.3946760564122951e-06 -0.00034069050041237386 0.027974800955829417 -0.0004475433423243124 0.0005030348894225911 -0.0012307406679028339 0.00051478606544977758 0.0033363376992006089 0.018538417862775443
leaf_weight=460 43 32 59 177 32 30 36 31
leaf_count=460 43 32 59 177 32 30 36 31
internal_value=0.000222222 0.000345374 0.00012931 0.000459184 -0.000653153 0.00196237 0.000294118 0.0025
internal_weight=900 789 696 637 111 93 68 63
internal_count=900 789 696 637 111 93 68 63
is_linear=0
shrinkage=0.05


Tree=103
num_leaves=9
num_cat=0
split_feature=1 0 1 0 0 0 1 0
split_gain=0.0574832 1.06879 0.175089 0.213308 0.122104 0.0952783 0.118608 2.77556e-17
threshold=10.859207396625054 10.466060903663616 10.543723746613198 10.011464285306086 10.424353096008856 10.829802331935772 11.325207889436662 10.384595970942216
decision_type=2 2 2 2 2 2 2 2
left_child=1 2 3 -1 -2 -6 -7 -4
right_child=4 -3 7 -5 5 6 -8 -9
leaf_value=0.00020345599462411303 -0.00077548744362163687 -0.00028737548637946137 0.0066468024288958236 -0.00050591849775520191 0.0090990235304562652 -0.00024427399325868112 0.00095801907017604732 0.00073450147653048102
leaf_weight=411 31 44 46 69 74 30 159 36
leaf_count=411 31 44 46 69 74 30 159 36
internal_value=5.55556e-05 -0.000222772 0.000364769 6.51926e-11 0.000629252 0.000979088 0.000383598 0.0025
internal_weight=900 606 562 480 294 263 189 82
internal_count=900 606 562 480 294 263 189 82
is_linear=0
shrinkage=0.05


Tree=104
num_leaves=10
num_cat=0
split_feature=1 0 1 0 1 0 0 1 0
split_gain=0.0611864 0.366459 0.107743 0.0623902 0.218723 0.109186 0.0641026 0.0543372 0.0479202
threshold=9.6734312003885297 9.2284359249358658 9.2814148077949579 9.8328176215789345 10.172877995761546 10.011464285306086 9.4422663622041405 9.9138511793428439 8.6783877781990579
decision_type=2 2 2 2 2 2 2 2 2
left_child=1 2 8 6 -5 -6 -2 -8 -1
right_child=3 -3 -4 4 5 -7 7 -9 -10
leaf_value=0.00050466238487267411 0.0014183082921469508 -0.002354903388597473 0.0060770079345142669 -0.0032833376010118088 0.010467935273570284 9.3778493317407326e-06 0.0041717756243572881 0.0087801469117231804 -1.7475560812208549e-05
leaf_weight=54 30 41 47 31 54 463 47 83 50
leaf_count=54 30 41 47 31 54 463 47 83 50
internal_value=0.000166667 -0.000625 0.000513245 0.000381356 0.000127737 0.00037234 0.00125 0.00173077 -0.000384615
internal_weight=900 192 151 708 548 517 160 130 104
internal_count=900 192 151 708 548 517 160 130 104
is_linear=0
shrinkage=0.05


Tree=105
num_leaves=10
num_cat=0
split_feature=0 0 1 1 0 1 0 1 1
split_gain=0.0374093 0.166667 0.119048 0.0734804 0.55967 0.221058 0.0678822 0.101209 0.013098
threshold=9.0690610453540188 8.8742593749672771 8.9677512107216071 10.859207396625054 10.466060903663616 10.481261404051905 11.035449165939786 11.564462181767889 11.442341017405113
decision_type=2 2 2 2 2 2 2 2 2
left_child=1 2 -1 4 5 -2 8 -8 -5
right_child=3 -3 -4 6 -6 -7 7 -9 -10
leaf_value=-0.0009519762472633387 -3.5729353234721146e-05 -0.0016726816863967819 0.00058002168658067654 0.007478029543569552 -0.00027347560452700866 0.00083254963873308219 -0.00056229163422606091 0.00073975053088678284 0.00090589054484218668
leaf_weight=56 339 32 40 104 44 102 31 122 30
leaf_count=56 339 32 40 104 44 102 31 122 30
internal_value=0.000166667 -0.000625 0.000416667 0.000297928 -7.73195e-05 0.000459184 0.000932056 0.000212418 0.00175373
internal_weight=900 128 96 772 485 441 287 153 134
internal_count=900 128 96 772 485 441 287 153 134
is_linear=0
shrinkage=0.05


Tree=106
num_leaves=9
num_cat=0
split_feature=0 1 0 1 0 0 1 1
split_gain=0.068005 0.308912 0.133939 0.269987 0.0685877 0.0445005 0.297256 0.0597133
threshold=9.8328176215789345 10.18239625033382 10.011464285306086 10.481261404051905 9.7266637273326513 9.4681051701428398 9.9138511793428439 8.8486496582154164
decision_type=2 2 2 2 2 2 2 2
left_child=4 -2 -3 -4 5 7 -7 -1
right_child=1 2 3 -5 -6 6 -8 -9
leaf_value=-0.0031337864087512056 -0.0025730759971874196 0.012727169087814015 -0.0016941386859164291 2.3879054520762697e-05 0.0085887785010697257 -0.002235371751505854 0.021728498288636666 0.00025920600674545077
leaf_weight=44 34 51 48 415 44 41 39 184
leaf_count=44 34 51 48 415 44 41 39 184
internal_value=0.000111111 -0.000237226 6.80934e-05 -0.000199784 0.000653409 0.00038961 -0.000625 0.000745614
internal_weight=900 548 514 463 352 308 80 228
internal_count=900 548 514 463 352 308 80 228
is_linear=0
shrinkage=0.05


Tree=107
num_leaves=11
num_cat=0
split_feature=0 1 0 0 1 0 0 1 1 1
split_gain=0.0811118 0.223118 0.308633 0.0856546 0.230648 0.0521075 0.0478639 0.233917 0.0585589 0.0191002
threshold=10.34697711027709 10.859207396625054 10.466060903663616 10.829802331935772 11.325207889436662 10.248812893182631 9.8981949752941336 10.253777687143556 8.8486496582154164 11.060728409559269
decision_type=2 2 2 2 2 2 2 2 2 2
left_child=5 2 -2 9 -5 6 8 -8 -1 -3
right_child=1 3 -4 4 -6 -7 7 -9 -10 -11
leaf_value=-0.0029770970883136304 5.5862506155382576e-05 0.010027369650740371 -0.00026099577702670847 -0.000388549027766825 0.00093005965002423768 0.0032945695917755203 -0.0032091512119682372 0.0027920298485880914 0.00027007564189165896 0.0016867393873170472
leaf_weight=44 47 45 44 30 159 36 30 94 340 31
leaf_count=44 47 45 44 30 159 36 30 94 340 31
internal_value=0.000277778 -0.000308989 -0.00244505 0.000424528 -0.000145503 0.000661765 0.000531496 -0.000322581 0.000807292 0.00184211
internal_weight=900 356 91 265 189 544 508 124 384 76
internal_count=900 356 91 265 189 544 508 124 384 76
is_linear=0
shrinkage=0.05


Tree=108
num_leaves=9
num_cat=0
split_feature=1 0 1 1 0 1 0 0
split_gain=0.102607 0.136111 0.138889 0.0945086 0.501252 0.106035 0.0193452 0.0166667
threshold=11.733574847513518 11.077028888132398 12.62488998720006 11.258540976437489 10.631664111382102 10.589529408888778 11.246245748679847 11.753304804732506
decision_type=2 2 2 2 2 2 2 2
left_child=3 -2 7 4 5 -1 -5 -3
right_child=1 2 -4 6 -6 -7 -8 -9
leaf_value=3.1104303108374594e-05 -0.00085902694541069877 -1.7975705501320124e-05 0.01580116352793617 0.020569719933701776 -0.0003872387540831408 0.0036111046927784179 0.0013709586209904373 -0.0031788846356218532
leaf_weight=500 30 30 30 52 59 137 32 30
leaf_count=500 30 30 30 52 59 137 32 30
internal_value=0.000111111 -0.00125 -0.000277778 0.000320513 0.00012931 0.000537677 0.00190476 -0.00166667
internal_weight=900 120 90 780 696 637 84 60
internal_count=900 120 90 780 696 637 84 60
is_linear=0
shrinkage=0.05


Tree=109
num_leaves=12
num_cat=0
split_feature=0 1 0 1 0 1 1 1 1 1 0
split_gain=0.103492 0.207112 0.142714 0.322228 0.05625 0.133152 0.0910038 0.0681818 0.0209097 0.018263 2.77556e-17
threshold=9.8981949752941336 10.276073524479004 10.222724900736052 10.589529408888778 9.5163941097448674 9.9804450380522258 9.6114017473327298 8.8486496582154164 9.7465440366303504 10.382620462497181 9.8328176215789345
decision_type=2 2 2 2 2 2 2 2 2 2 2
left_child=4 -2 9 -4 6 -6 7 -1 -8 -3 -7
right_child=1 2 3 -5 5 10 8 -9 -10 -11 -12
leaf_value=-0.0028297974490533516 -0.0013854275456955283 0.0076551656097294087 -0.0011641927012481681 -2.6880852877644837e-05 -0.0027275672357451306 0.012872352154762456 -0.0001256404043677625 0.00019975936719961597 0.0019421089916821746 0.011404181209756994 0.0033223860833327735
leaf_weight=44 39 32 32 368 46 67 31 132 33 45 31
leaf_count=44 39 32 32 368 46 67 31 132 33 45 31
internal_value=5.55556e-05 -0.000406977 -0.000120545 -0.0005 0.000677083 0.00145833 0.000208333 0.000795455 -0.00140625 0.00185065 0.0025
internal_weight=900 516 477 400 384 144 240 176 64 77 98
internal_count=900 516 477 400 384 144 240 176 64 77 98
is_linear=0
shrinkage=0.05


Tree=110
num_leaves=8
num_cat=0
split_feature=0 1 0 1 0 1 0
split_gain=0.0914267 0.308912 0.133939 0.269987 0.0584416 0.0438312 0.0826049
threshold=9.8328176215789345 10.18239625033382 10.011464285306086 10.481261404051905 9.7266637273326513 8.8486496582154164 8.900632308775231
decision_type=2 2 2 2 2 2 2
left_child=4 -2 -3 -4 5 -1 -7
right_child=1 2 3 -5 -6 6 -8
leaf_value=-0.0026883075766007134 -0.0022410569022050493 0.012168954818459084 -0.0018467176100268653 1.2905407928410039e-05 0.0075006629710281702 0.00047525150127743335 2.561844095453176e-05
leaf_weight=44 34 51 48 415 44 56 208
leaf_count=44 34 51 48 415 44 56 208
internal_value=0.000166667 -0.000237226 6.80934e-05 -0.000199784 0.000795455 0.000551948 0.000795455
internal_weight=900 548 514 463 352 308 264
internal_count=900 548 514 463 352 308 264
is_linear=0
shrinkage=0.05


Tree=111
num_leaves=8
num_cat=0
split_feature=0 1 0 1 1 1 0
split_gain=0.102249 0.771339 0.143 0.230648 0.125964 0.148098 0.202307
threshold=10.466060903663616 10.859207396625054 10.829802331935772 11.325207889436662 10.969441639968219 10.481261404051905 10.011464285306086
decision_type=2 2 2 2 2 2 2
left_child=4 -2 -3 -4 5 6 -1
right_child=1 2 3 -5 -6 -7 -8
leaf_value=0.00019314493922230802 -0.00039781486831056789 0.0071454703956392073 -0.00034906086642690716 0.00083845669822384399 -0.00085996514277927568 0.00096539539021794614 -0.0016983039553288143
leaf_weight=411 44 70 30 159 30 107 49
leaf_count=411 44 70 30 159 30 107 49
internal_value=0.000277778 -0.000470297 0.000569498 -0.000145503 0.000657454 0.000824515 0.000434783
internal_weight=900 303 259 189 597 567 460
internal_count=900 303 259 189 597 567 460
is_linear=0
shrinkage=0.05


Tree=112
num_leaves=10
num_cat=0
split_feature=1 0 0 1 1 0 0 1 0
split_gain=0.164274 0.172634 0.10663 0.788478 0.150457 0.241032 0.100781 0.0206811 2.77556e-17
threshold=11.733574847513518 11.823607826274388 10.466060903663616 10.859207396625054 10.543723746613198 10.161931445261377 10.829802331935772 16.335936299087741 10.274616938041044
decision_type=2 2 2 2 2 2 2 2 2
left_child=2 7 4 -4 5 -1 -5 -2 -6
right_child=1 -3 3 6 8 -7 -8 -9 -10
leaf_value=0.00014996465451907017 -0.0007455277891546474 0.0016393651153481757 -0.00037792412489501639 0.012478627741057288 0.021777210155095619 -0.0010489653984733214 0.00064851815447584406 -0.00033447624945385086 0.0019354143908203898
leaf_weight=449 38 51 44 64 33 31 98 31 61
leaf_count=449 38 51 44 64 33 31 98 31 61
internal_value=5.55556e-05 -0.00166667 0.000320513 -0.00065534 0.000670732 0.0003125 0.00095679 -0.0032971 0.0025
internal_weight=900 120 780 206 574 480 162 69 94
internal_count=900 120 780 206 574 480 162 69 94
is_linear=0
shrinkage=0.05


Tree=113
num_leaves=9
num_cat=0
split_feature=0 1 1 1 0 0 1 0
split_gain=0.117516 0.730308 0.11937 0.171726 0.0950233 0.0762048 0.230648 0.0190476
threshold=10.466060903663616 10.859207396625054 10.969441639968219 10.472825379432956 10.011464285306086 10.829802331935772 11.325207889436662 10.639058638836479
decision_type=2 2 2 2 2 2 2 2
left_child=2 -2 3 4 -1 7 -7 -3
right_child=1 5 -4 -5 -6 6 -8 -9
leaf_value=0.00017213198194193259 -0.00035902791865030458 0.0079378757044767413 -0.00080024307316754165 0.00030670210797716828 -0.0017441604379010466 -0.00036403373082936983 0.00075915372661657543 0.0075376181636277019
leaf_weight=410 44 30 30 111 46 30 159 40
leaf_count=410 44 30 30 111 46 30 159 40
internal_value=0.000166667 -0.000635313 0.000573702 0.000736332 0.000307018 0.000376448 -0.000145503 0.00178571
internal_weight=900 303 597 567 456 259 189 70
internal_count=900 303 597 567 456 259 189 70
is_linear=0
shrinkage=0.05


Tree=114
num_leaves=10
num_cat=0
split_feature=1 0 0 1 1 0 0 1 0
split_gain=0.164274 0.172634 0.10663 0.788478 0.198813 0.100781 0.0855989 0.0206811 5.55112e-17
threshold=11.733574847513518 11.823607826274388 10.466060903663616 10.859207396625054 10.472825379432956 10.829802331935772 10.011464285306086 16.335936299087741 10.408355984752628
decision_type=2 2 2 2 2 2 2 2 2
left_child=2 7 4 -4 6 -5 -1 -2 -6
right_child=1 -3 3 5 8 -7 -8 -9 -10
leaf_value=0.00016352538284479415 -0.00074620908602769816 0.0015194391732499559 -0.00034107652271780177 0.011460804501276364 0.0018533958139739179 0.00058655846229342798 -0.0016569524160059666 -0.00049619324299824449 0.00025584319715661168
leaf_weight=410 38 51 44 64 86 98 46 31 32
leaf_count=410 38 51 44 64 86 98 46 31 32
internal_value=5.55556e-05 -0.00166667 0.000320513 -0.00065534 0.000670732 0.00095679 0.000197368 -0.0032971 0.0025
internal_weight=900 120 780 206 574 162 456 69 118
internal_count=900 120 780 206 574 162 456 69 118
is_linear=0
shrinkage=0.05


Tree=115
num_leaves=10
num_cat=0
split_feature=0 1 1 1 1 0 1 1 0
split_gain=0.10727 0.442928 0.0895133 0.106304 0.0831852 0.226615 0.145712 0.0558758 0.0617378
threshold=10.34697711027709 10.715297890527841 10.859207396625054 11.733574847513518 10.105019957927629 9.716151045007555 9.7872305594691991 10.250352087544963 10.248812893182631
decision_type=2 2 2 2 2 2 2 2 2
left_child=4 -2 -3 -4 5 6 -1 -6 -9
right_child=1 2 3 -5 7 -7 -8 8 -10
leaf_value=-1.5724333202597265e-05 -0.00010205604416407256 -0.00019274580614924233 0.0043620670545982815 -0.00039953826654702535 0.00095595762769140776 -0.0045676842577580664 0.010661329902042434 0.0006026291990324905 0.0029623428637324863
leaf_weight=220 35 56 167 98 56 41 63 128 36
leaf_count=220 35 56 167 98 56 41 63 128 36
internal_value=-5.55555e-05 -0.000730337 -0.000147975 0.000235849 0.000386029 -0.000123457 0.000379859 0.00113636 0.000670732
internal_weight=900 356 321 265 544 324 283 220 164
internal_count=900 356 321 265 544 324 283 220 164
is_linear=0
shrinkage=0.05


Tree=116
num_leaves=9
num_cat=0
split_feature=0 1 1 1 0 0 0 1
split_gain=0.10727 0.442928 0.0895133 0.106304 0.0689121 0.0507667 0.166667 0.083632
threshold=10.34697711027709 10.715297890527841 10.859207396625054 11.733574847513518 10.248812893182631 9.0690610453540188 8.8742593749672771 9.6734312003885297
decision_type=2 2 2 2 2 2 2 2
left_child=4 -2 -3 -4 5 6 -1 -7
right_child=1 2 3 -5 -6 7 -8 -9
leaf_value=0.00022342235313015056 -9.6953241955827002e-05 -0.00018310851584176857 0.0041439637018683443 -0.00037956135321964564 0.0028142257205458765 -0.00015379143021785593 -0.0015616602680537306 0.0012521513438848073
leaf_weight=96 35 56 167 98 36 71 32 309
leaf_count=96 35 56 167 98 36 71 32 309
internal_value=-5.55555e-05 -0.000730337 -0.000147975 0.000235849 0.000386029 0.000236221 -0.000625 0.000526316
internal_weight=900 356 321 265 544 508 128 380
internal_count=900 356 321 265 544 508 128 380
is_linear=0
shrinkage=0.05


Tree=117
num_leaves=8
num_cat=0
split_feature=0 1 1 1 0 1 0
split_gain=0.125661 0.442928 0.0895133 0.106304 0.06305 0.0497725 0.0773035
threshold=10.34697711027709 10.715297890527841 10.859207396625054 11.733574847513518 10.248812893182631 8.9677512107216071 8.900632308775231
decision_type=2 2 2 2 2 2 2
left_child=4 -2 -3 -4 5 -1 -7
right_child=1 2 3 -5 -6 6 -8
leaf_value=-0.0008500545381304594 -9.2105579858042577e-05 -0.00017395309004969518 0.0039367655167749623 -0.0003605832855586216 0.0026735144345186143 0.00051724054043985864 9.2284779681695101e-05
leaf_weight=56 35 56 167 98 36 44 408
leaf_count=56 35 56 167 98 36 44 408
internal_value=6.51926e-11 -0.000730337 -0.000147975 0.000235849 0.000477941 0.000334646 0.00050885
internal_weight=900 356 321 265 544 508 452
internal_count=900 356 321 265 544 508 452
is_linear=0
shrinkage=0.05


Tree=118
num_leaves=8
num_cat=0
split_feature=0 1 1 1 0 1 0
split_gain=0.0981453 0.466529 0.105525 0.0899361 0.06305 0.0497725 0.0773035
threshold=10.34697711027709 10.715297890527841 10.859207396625054 11.813350768335791 10.248812893182631 8.9677512107216071 8.900632308775231
decision_type=2 2 2 2 2 2 2
left_child=4 -2 -3 -4 5 -1 -7
right_child=1 2 3 -5 -6 6 -8
leaf_value=-0.00080755181122394684 -8.7500300865134048e-05 -0.00016525543554720768 0.0030105152947235525 -0.00050193076592350012 0.0025398387127927246 0.00049137851341788644 8.7670540697637548e-05
leaf_weight=56 35 56 176 89 36 44 408
leaf_count=56 35 56 176 89 36 44 408
internal_value=5.55556e-05 -0.000589888 7.78823e-06 0.000424528 0.000477941 0.000334646 0.00050885
internal_weight=900 356 321 265 544 508 452
internal_count=900 356 321 265 544 508 452
is_linear=0
shrinkage=0.05


Tree=119
num_leaves=9
num_cat=0
split_feature=0 1 0 1 0 0 1 0
split_gain=0.156572 0.41994 0.0954342 0.304044 0.0820513 0.06305 0.0298068 0.106787
threshold=10.34697711027709 10.715297890527841 10.618298742141112 11.258540976437489 10.473514535909095 10.248812893182631 8.8486496582154164 8.900632308775231
decision_type=2 2 2 2 2 2 2 2
left_child=5 -2 4 -4 -3 6 -1 -8
right_child=1 2 3 -5 -6 -7 7 -9
leaf_value=-0.0025153351292257608 -8.3125285821910927e-05 0.0063569436069466599 -0.00095604514137507526 0.00055125764987182192 0.014619470345139572 0.0024128467771531159 0.00035673472459778872 8.3287013662769555e-05
leaf_weight=44 35 30 64 179 48 36 56 408
leaf_count=44 35 30 64 179 48 36 56 408
internal_value=-5.55555e-05 -0.000870786 -0.000303738 -0.000792181 0.00121795 0.000477941 0.000334646 0.000452586
internal_weight=900 356 321 243 78 544 508 464
internal_count=900 356 321 243 78 544 508 464
is_linear=0
shrinkage=0.05


end of trees

feature_importances:
Column_0=442
Column_1=439

parameters:
[boosting: gbdt]
[objective: quantile]
[metric: quantile]
[tree_learner: serial]
[device_type: cpu]
[data_sample_strategy: bagging]
[data: ]
[valid: ]
[num_iterations: 120]
[learning_rate: 0.05]
[num_leaves: 12]
[num_threads: 2]
[seed: 26170]
[deterministic: 0]
[force_col_wise: 0]
[force_row_wise: 0]
[histogram_pool_size: -1]
[max_depth: 4]
[min_data_in_leaf: 30]
[min_sum_hessian_in_leaf: 0.001]
[bagging_fraction: 1]
[pos_bagging_fraction: 1]
[neg_bagging_fraction: 1]
[bagging_freq: 0]
[bagging_seed: 13002]
[bagging_by_query: 0]
[feature_fraction: 1]
[feature_fraction_bynode: 1]
[feature_fraction_seed: 3933]
[extra_trees: 0]
[extra_seed: 13870]
[early_stopping_round: 0]
[early_stopping_min_delta: 0]
[first_metric_only: 0]
[max_delta_step: 0]
[lambda_l1: 0]
[lambda_l2: 0]
[linear_lambda: 0]
[min_gain_to_split: 0]
[drop_rate: 0.1]
[max_drop: 50]
[skip_drop: 0.5]
[xgboost_dart_mode: 0]
[uniform_drop: 0]
[drop_seed: 25549]
[top_rate: 0.2]
[other_rate: 0.1]
[min_data_per_group: 100]
[max_cat_threshold: 32]
[cat_l2: 10]
[cat_smooth: 10]
[max_cat_to_onehot: 4]
[top_k: 20]
[monotone_constraints: ]
[monotone_constraints_method: basic]
[monotone_penalty: 0]
[feature_contri: ]
[forcedsplits_filename: ]
[refit_decay_rate: 0.9]
[cegb_tradeoff: 1]
[cegb_penalty_split: 0]
[cegb_penalty_feature_lazy: ]
[cegb_penalty_feature_coupled: ]
[path_smooth: 0]
[interaction_constraints: ]
[verbosity: -1]
[saved_feature_importance_type: 0]
[use_quantized_grad: 0]
[num_grad_quant_bins: 4]
[quant_train_renew_leaf: 0]
[stochastic_rounding: 1]
[linear_tree: 0]
[max_bin: 255]
[max_bin_by_feature: ]
[min_data_in_bin: 3]
[bin_construct_sample_cnt: 200000]
[data_random_seed: 19962]
[is_enable_sparse: 1]
[enable_bundle: 1]
[use_missing: 1]
[zero_as_missing: 0]
[feature_pre_filter: 1]
[pre_partition: 0]
[two_round: 0]
[header: 0]
[label_column: ]
[weight_column: ]
[group_column: ]
[ignore_column: ]
[categorical_feature: ]
[forcedbins_filename: ]
[precise_float_parser: 0]
[parser_config_file: ]
[objective_seed: 31251]
[num_class: 1]
[is_unbalance: 0]
[scale_pos_weight: 1]
[sigmoid: 1]
[boost_from_average: 1]
[reg_sqrt: 0]
[alpha: 0.05]
[fair_c: 1]
[poisson_max_delta_step: 0.7]
[tweedie_variance_power: 1.5]
[lambdarank_truncation_level: 30]
[lambdarank_norm: 1]
[label_gain: ]
[lambdarank_position_bias_regularization: 0]
[eval_at: ]
[multi_error_top_k: 1]
[auc_mu_weights: ]
[num_machines: 1]
[local_listen_port: 12400]
[time_out: 120]
[machine_list_filename: ]
[machines: ]
[gpu_platform_id: -1]
[gpu_device_id: -1]
[gpu_device_id_list: ]
[gpu_use_dp: 0]
[num_gpu: 1]

end of parameters

pandas_categorical:null
