tree
version=v4
num_class=1
num_tree_per_iteration=1
label_index=0
max_feature_idx=1
objective=quantile
feature_names=Column_0 Column_1
feature_infos=[0.26661170635021009:0.44893534828970388] [0.26822837870517219:0.45177363478828148]
tree_sizes=1037 1104 1180 1189 1191 1183 1180 1179 1183 1179 1192 1178 1188 1185 1190 1193 1183 1192 1187 1191 1189 1191 1193 1181 1192 1186 1191 1110 1108 1178 1192 1102 1105 1100 1107 1100 1096 1110 1107 1194 1105 1191 1112 1029 1202 1025 1025 1023 1200 1209 1198 1200 1198 855 1199 1113 938 850 931 935 852 848 1113 1035 1113 855 1202 1026 680 681 852 937 680 764 939 597 596 592 597 684 936 759 767 855 672 670 680 671 681 680 678 771 681 681 596 681 682 675 681 941 683 766 680 855 940 854 936 940 765 764 685 600 684 683 599 682 597 686 598 589

Tree=0
num_leaves=11
num_cat=0
split_feature=1 0 1 0 1 1 1 0 0 0
split_gain=116.642 11.9562 5.41285 1.80921 1.08315 0.90486 0.471404 1.3431 0.206949 0.167143
threshold=0.32608663335541238 0.32935678696270959 0.32186519667633823 0.31909818512744342 0.32827179508797105 0.33539585760801099 0.30206915994223621 0.30138779181882824 0.32423642368798394 0.28908803564229663
decision_type=2 2 2 2 2 2 2 2 2 2
left_child=2 4 6 -4 -2 -3 9 -8 -6 -1
right_child=1 5 3 -5 8 -7 7 -9 -10 -11
leaf_value=0.34767911434173582 0.3499062083661556 0.35012222379446029 0.34999240115284919 0.34965436831116675 0.35031335055828094 0.35094325840473173 0.34901031106710434 0.3491841793060303 0.3501608744263649 0.34841040372848509
leaf_weight=35 60 35 32 44 30 256 39 233 71 65
leaf_count=35 60 35 32 44 30 256 39 233 71 65
internal_value=0.349886 0.367806 0.331805 0.343965 0.356873 0.373855 0.329321 0.3304 0.360034 0.326386
internal_weight=900 452 448 76 161 291 372 272 101 100
internal_count=900 452 448 76 161 291 372 272 101 100
is_linear=0
shrinkage=1


Tree=1
num_leaves=11
num_cat=0
split_feature=1 0 1 0 1 1 1 0 0 0
split_gain=114.495 12.4391 5.31394 1.80921 0.965909 0.961601 0.584369 1.74859 0.392289 0.146639
threshold=0.32608663335541238 0.32963925667224597 0.32186519667633823 0.31909818512744342 0.33539585760801099 0.32827179508797105 0.31442100586742294 0.31256863093265175 0.30138779181882824 0.32423642368798394
decision_type=2 2 2 2 2 2 2 2 2 2
left_child=2 5 6 -4 -3 -2 8 -8 -1 -7
right_child=1 4 3 -5 -6 9 7 -9 -10 -11
leaf_value=-0.0013581219315528859 1.9594170153142135e-05 0.00022480882704258021 0.00010147731751203593 -0.00021965388208627646 0.0010021407902240764 0.00040637925267219546 -0.00042834252119064442 -0.0004562918841838848 -0.000933550000190736 0.00026169307529926299
leaf_weight=137 60 33 32 44 255 30 36 76 123 74
leaf_count=137 60 33 32 44 255 30 36 76 123 74
internal_value=-5.55556e-05 0.0176991 -0.0179688 -0.00592105 0.0239583 0.00670732 -0.0204301 -0.0174107 -0.0217308 0.00961538
internal_weight=900 452 448 76 288 164 372 112 260 104
internal_count=900 452 448 76 288 164 372 112 260 104
is_linear=0
shrinkage=0.05


Tree=2
num_leaves=12
num_cat=0
split_feature=1 0 1 0 1 1 1 0 1 0 1
split_gain=109.566 11.8836 5.70431 1.55562 1.35299 0.848796 0.561695 1.23056 0.183304 0.167143 0.0624314
threshold=0.32608663335541238 0.32963925667224597 0.32186519667633823 0.31909818512744342 0.33593554558310362 0.32827179508797105 0.30206915994223621 0.30138779181882824 0.33143076281570549 0.28908803564229663 0.33993601053854844
decision_type=2 2 2 2 2 2 2 2 2 2 2
left_child=2 5 6 -4 -3 -2 9 -8 -7 -1 -6
right_child=1 4 3 -5 10 8 7 -9 -10 -11 -12
leaf_value=-0.0020282390564680093 1.8614461645485858e-05 0.0001903687678277505 9.640345163643427e-05 -0.0002086711879819625 0.00039033149927854565 0.00015214798972010559 -0.00076360216736793554 -0.00063325343281030741 0.00032822160050272888 -0.001333514139056205 0.0012169436141848567
leaf_weight=35 60 38 32 44 51 53 39 233 51 65 199
leaf_count=35 60 38 32 44 51 53 39 233 51 65 199
internal_value=-0.000222222 0.017146 -0.0177455 -0.00526316 0.0232639 0.00640244 -0.0202957 -0.0191176 0.00913462 -0.0235 0.0246
internal_weight=900 452 448 76 288 164 372 272 104 100 250
internal_count=900 452 448 76 288 164 372 272 104 100 250
is_linear=0
shrinkage=0.05


Tree=3
num_leaves=12
num_cat=0
split_feature=1 0 1 1 0 1 0 1 0 0 1
split_gain=106.107 13.2078 6.10852 1.35299 1.32117 0.850904 4.58713 0.484948 1.74859 0.383956 0.0624314
threshold=0.32608663335541238 0.32963925667224597 0.32186519667633823 0.33593554558310362 0.31909818512744342 0.33174368692725903 0.32335192624859971 0.31442100586742294 0.31256863093265175 0.30138779181882824 0.33993601053854844
decision_type=2 2 2 2 2 2 2 2 2 2 2
left_child=2 5 7 -3 -4 6 -2 9 -9 -1 -5
right_child=1 3 4 10 -6 -7 -8 8 -10 -11 -12
leaf_value=-0.0012235401280224325 0.00046307168281637252 0.00018085032943636337 9.1583279054613395e-05 0.00037081492431461917 -0.00019823762858286467 0.00032245889026671638 -2.0500200800599445e-05 -0.0003752627234905992 -0.00040181461833417587 -0.00085520982854068452 0.0011560964334756147
leaf_weight=137 36 38 32 51 44 47 81 36 76 123 199
leaf_count=137 36 38 32 51 44 47 81 36 76 123 199
internal_value=-0.000277778 0.0168142 -0.0175223 0.0232639 -0.00460526 0.0054878 0.00320513 -0.0201613 -0.0174107 -0.0213462 0.0246
internal_weight=900 452 448 288 76 164 117 372 112 260 250
internal_count=900 452 448 288 76 164 117 372 112 260 250
is_linear=0
shrinkage=0.05


Tree=4
num_leaves=12
num_cat=0
split_feature=1 1 0 1 1 0 1 1 0 1 0
split_gain=104.065 12.4614 6.95371 0.76625 0.990773 0.648259 0.844019 0.549598 1.58083 0.442714 0.412758
threshold=0.32827179508797105 0.32186519667633823 0.33167397268256216 0.33174368692725903 0.33493402369162201 0.31936989058942694 0.32608663335541238 0.31442100586742294 0.31256863093265175 0.33993601053854844 0.30643690942737767
decision_type=2 2 2 2 2 2 2 2 2 2 2
left_child=1 7 3 -2 -5 -3 -7 10 -9 -4 -1
right_child=2 5 9 4 -6 6 -8 8 -10 -11 -12
leaf_value=-0.0010489915445074439 6.3363344548267314e-05 0.00010165866207797192 0.00023581569688860412 0.0004129433232825247 0.00035762071473524062 -0.00021027515759226013 -5.2500834222868335e-06 -0.00035649958731606983 -0.00038172388741746779 0.0010982916118018327 -0.00073396194087341497
leaf_weight=205 59 41 62 39 33 40 55 36 76 199 55
leaf_count=205 59 41 62 39 33 40 55 36 76 199 55
internal_value=-0.000222222 -0.0151575 0.0191327 0.00973282 0.0131944 -0.00220588 -0.00447368 -0.0198925 -0.0169643 0.0238506 -0.0211538
internal_weight=900 508 392 131 72 136 95 372 112 261 260
internal_count=900 508 392 131 72 136 95 372 112 261 260
is_linear=0
shrinkage=0.05


Tree=5
num_leaves=12
num_cat=0
split_feature=1 0 1 0 1 1 0 1 0 0 1
split_gain=100.02 12.6352 5.69358 1.32117 1.14766 0.944661 4.01235 0.623631 1.3997 0.297143 0.192449
threshold=0.32608663335541238 0.32963925667224597 0.32186519667633823 0.31909818512744342 0.33593554558310362 0.33174368692725903 0.32335192624859971 0.30206915994223621 0.30138779181882824 0.28908803564229663 0.34529211075073901
decision_type=2 2 2 2 2 2 2 2 2 2 2
left_child=2 5 7 -4 -3 6 -2 9 -9 -1 -6
right_child=1 4 3 -5 10 -7 -8 8 -10 -11 -12
leaf_value=-0.0018132005200181156 0.00043579254850989739 0.00015697190267394828 8.1921181997984815e-05 -0.00017781198927410981 0.00042778766026068673 0.00028568877958925489 -2.2643357987983671e-05 -0.00061179547537304479 -0.00055847843921091607 -0.0011532118484769011 0.0013102583183096706
leaf_weight=35 36 38 32 44 107 47 81 39 233 65 143
leaf_count=35 36 38 32 44 107 47 81 39 233 65 143
internal_value=-0.000333333 0.0162611 -0.0170759 -0.00460526 0.0225694 0.00518293 0.00277778 -0.0196237 -0.0183824 -0.023 0.0238
internal_weight=900 452 448 76 288 164 117 372 272 100 250
internal_count=900 452 448 76 288 164 117 372 272 100 250
is_linear=0
shrinkage=0.05


Tree=6
num_leaves=12
num_cat=0
split_feature=1 0 1 1 0 1 0 1 0 0 0
split_gain=94.1177 11.8299 5.39195 1.70733 1.32117 1.06343 3.49937 0.912092 0.621601 0.566711 0.421504
threshold=0.32608663335541238 0.32963925667224597 0.32186519667633823 0.33910969469510449 0.31909818512744342 0.330216732540971 0.32326097824064198 0.31586192610855729 0.31425004181982646 0.32612318539081731 0.30763018111024198
decision_type=2 2 2 2 2 2 2 2 2 2 2
left_child=2 5 7 -3 -4 6 -2 10 -9 -7 -1
right_child=1 3 4 -5 -6 9 -8 8 -10 -11 -12
leaf_value=-0.00092579987414446736 0.00040339307455252441 0.00027226274617675461 7.7825122898084187e-05 0.00094415768867577303 -0.00016892138981040308 0.00037733589167532057 -6.8391595424269205e-05 -0.00020371542785675435 -0.0003249587259104958 0.00024715121065068681 -0.00060234877149001613
leaf_weight=221 30 78 32 210 44 34 58 36 52 42 63
leaf_count=221 30 78 32 210 44 34 58 36 52 42 63
internal_value=-0.0005 0.0155973 -0.0167411 0.0217014 -0.00460526 0.00487805 0.00113636 -0.0192204 -0.0147727 0.00921053 -0.0205986
internal_weight=900 452 448 288 76 164 88 372 88 76 284
internal_count=900 452 448 288 76 164 88 372 88 76 284
is_linear=0
shrinkage=0.05


Tree=7
num_leaves=12
num_cat=0
split_feature=1 1 0 1 0 1 1 1 0 1 0
split_gain=92.713 11.0394 6.428 1.20551 2.24809 1.73967 0.912092 0.786191 0.742145 0.690909 0.621601
threshold=0.32827179508797105 0.32186519667633823 0.33326391033111941 0.33350757088545246 0.32724830325306603 0.33645964236114384 0.31586192610855729 0.34029771525776342 0.31936989058942694 0.32608663335541238 0.31425004181982646
decision_type=2 2 2 2 2 2 2 2 2 2 2
left_child=1 6 3 4 -2 -5 -1 -4 -3 -10 -8
right_child=2 8 7 5 -6 -7 10 -9 9 -11 -12
leaf_value=-0.00081366974301238658 0.00030045313205242369 8.8588413729268075e-05 0.00020463415709706529 0.00032062215349236704 -1.6375455052039522e-05 0.00030473715867660736 -0.0001935296564639172 0.00097146976631435624 -0.00018242473075842094 -1.0619285140436864e-05 -0.00030871078961497157
leaf_weight=284 54 41 42 41 32 31 36 192 40 55 52
leaf_count=284 54 41 42 41 32 31 36 192 40 55 52
internal_value=-0.000666667 -0.0147638 0.017602 0.00981013 0.00581395 0.0145833 -0.0192204 0.0228632 -0.00257353 -0.005 -0.0147727
internal_weight=900 508 392 158 86 72 372 234 136 95 88
internal_count=900 508 392 158 86 72 372 234 136 95 88
is_linear=0
shrinkage=0.05


Tree=8
num_leaves=12
num_cat=0
split_feature=1 0 1 1 0 1 1 1 0 1 0
split_gain=85.9222 12.8267 5.93058 1.95671 3.02259 1.04762 0.923521 0.593655 1.32117 0.470511 1.62177
threshold=0.32608663335541238 0.33348187052079359 0.31803190821593286 0.33161331196104066 0.32335192624859971 0.34049855886202501 0.33645964236114384 0.32186519667633823 0.31909818512744342 0.30206915994223621 0.30138779181882824
decision_type=2 2 2 2 2 2 2 2 2 2 2
left_child=2 3 9 4 -2 -3 -5 -4 -9 -1 -11
right_child=1 5 7 6 -6 -7 -8 8 -10 10 -12
leaf_value=-0.0011499123088866193 0.00038896989253731085 0.00022858720313701926 -0.00021243651585017983 0.00026366472296374122 -4.4804162829834021e-05 0.00092449264191190597 0.00019327998496505573 6.9504446066714914e-05 -0.0001535761853723297 -0.0004942322207465488 -0.0005837183012206759
leaf_weight=100 35 42 52 72 81 189 33 32 44 39 181
leaf_count=100 35 42 52 72 81 189 33 32 44 39 181
internal_value=-0.001 0.0143805 -0.0165179 0.00576923 0.0012931 0.022619 0.0107143 -0.00742188 -0.00460526 -0.0201563 -0.0188636
internal_weight=900 452 448 221 116 231 105 128 76 320 220
internal_count=900 452 448 221 116 231 105 128 76 320 220
is_linear=0
shrinkage=0.05


Tree=9
num_leaves=12
num_cat=0
split_feature=1 1 0 0 1 1 1 0 0 1 0
split_gain=80.7169 13.3983 5.82492 1.84341 1.92913 0.865801 0.696805 1.57289 0.634583 2.28224 0.270833
threshold=0.330216732540971 0.32025689934062201 0.33348187052079359 0.31798615536664726 0.324728210419372 0.34049855886202501 0.30206915994223621 0.30138779181882824 0.32612318539081731 0.33350757088545246 0.29173946852706695
decision_type=2 2 2 2 2 2 2 2 2 2 2
left_child=1 6 8 -3 -5 -4 10 -8 -2 -10 -1
right_child=2 3 5 4 -6 -7 7 -9 9 -11 -12
leaf_value=-0.0013803826430670658 0.00033962744426994793 0.00019383573826494972 0.00021715784298016879 -0.00023598252430496181 -1.715466554380596e-06 0.00087826800981631039 -0.0004695206097092203 -0.00047362052308435877 8.9837812411452944e-06 0.00028980562974341705 -0.00094432895349783053
leaf_weight=48 34 31 42 46 103 189 39 217 41 58 52
leaf_count=48 34 31 42 46 103 189 39 217 41 58 52
internal_value=-0.001 -0.0133396 0.0171703 -0.00222222 -0.0045302 0.0219697 -0.0189607 -0.0175781 0.00883459 0.0108586 -0.0225
internal_weight=900 536 364 180 149 231 356 256 133 99 100
internal_count=900 536 364 180 149 231 356 256 133 99 100
is_linear=0
shrinkage=0.05


Tree=10
num_leaves=12
num_cat=0
split_feature=1 1 0 0 1 1 0 0 1 1 0
split_gain=76.843 12.1859 5.66439 1.40418 1.85126 0.974432 1.28169 0.848826 2.40046 0.501814 0.424747
threshold=0.330216732540971 0.31997780648124835 0.33577109506644026 0.31751748317639433 0.32368793634090703 0.30206915994223621 0.30138779181882824 0.32612318539081731 0.33350757088545246 0.34596826580166978 0.33826251349909214
decision_type=2 2 2 2 2 2 2 2 2 2 2
left_child=1 5 7 -3 -5 -1 -7 -2 -9 10 -4
right_child=2 3 9 4 -6 6 -8 8 -10 -11 -12
leaf_value=-0.0010452002457673971 0.00032264607205644978 0.00015103506129509337 0.00034309834249314221 -0.00030026597531111477 -1.1623240800347212e-05 -0.00044604457922375884 -0.00045720982138542922 8.5345921790880297e-06 0.00027531534825624707 0.0010701985632814131 0.00029130265124138743
leaf_weight=100 34 31 30 31 122 39 213 41 88 135 36
leaf_count=100 34 31 30 31 122 39 213 41 88 135 36
internal_value=-0.000833333 -0.0128731 0.0168956 -0.00244565 -0.00441176 -0.0183239 -0.0166667 0.00996933 0.0118217 0.0225124 0.0189394
internal_weight=900 536 364 184 153 352 252 163 129 201 66
internal_count=900 536 364 184 153 352 252 163 129 201 66
is_linear=0
shrinkage=0.05


Tree=11
num_leaves=12
num_cat=0
split_feature=1 1 0 1 0 0 1 0 0 1 1
split_gain=74.48 12.2873 6.23204 1.04167 1.85554 1.57051 0.75142 1.51525 0.707103 2.04246 0.501814
threshold=0.330216732540971 0.31803190821593286 0.33577109506644026 0.324728210419372 0.32307409706764673 0.31909818512744342 0.30206915994223621 0.30138779181882824 0.32612318539081731 0.33350757088545246 0.34596826580166978
decision_type=2 2 2 2 2 2 2 2 2 2 2
left_child=1 6 8 5 -5 -3 -1 -8 -2 -10 -4
right_child=2 3 10 4 -6 -7 7 -9 9 -11 -12
leaf_value=-0.00099294023347902831 0.00030651376845362708 -0.0001055263912465812 0.0002837951900519678 0.00021592995759728701 -6.3816356603567381e-05 -0.00024311772912929269 -0.00042374235026257091 -0.00050799086893615344 8.1078625701336282e-06 0.0002615495808434343 0.0010166886351173439
leaf_weight=100 34 78 66 46 62 30 39 181 41 88 135
leaf_count=100 34 78 66 46 62 30 39 181 41 88 135
internal_value=-0.000833333 -0.0126866 0.0166209 -0.00347222 0 -0.00694444 -0.0189062 -0.0172727 0.00935583 0.0110465 0.0225124
internal_weight=900 536 364 216 108 108 320 220 163 129 201
internal_count=900 536 364 216 108 108 320 220 163 129 201
is_linear=0
shrinkage=0.05


Tree=12
num_leaves=12
num_cat=0
split_feature=1 0 1 1 0 1 0 1 0 1 0
split_gain=70.6012 11.1396 5.6006 1.41968 2.36016 1.26545 0.708223 1.81736 0.583476 0.573413 1.81894
threshold=0.32608663335541238 0.3337561183114211 0.31559967505007375 0.33161331196104066 0.32335192624859971 0.34596826580166978 0.30763018111024198 0.30919449084626766 0.32742275219163069 0.31997780648124835 0.31798615536664726
decision_type=2 2 2 2 2 2 2 2 2 2 2
left_child=2 3 6 4 -2 -3 7 -1 -5 -4 -11
right_child=1 5 9 8 -6 -7 -8 -9 -10 10 -12
leaf_value=-0.00076758675177378559 0.00035939183539831501 0.00026517352619352121 -0.0002126231029453668 0.00010688850164911057 -4.3845266487863024e-05 0.00097034615840336244 -0.000422208840099636 -0.00013932391830678847 0.00023109279362822088 0.00011318731623183726 -0.00013539703562443633
leaf_weight=187 35 92 72 30 81 136 59 34 78 30 66
leaf_count=187 35 92 72 30 81 136 59 34 78 30 66
internal_value=-0.000888889 0.0130531 -0.0149554 0.00513393 0.0012931 0.0208333 -0.0192857 -0.0179864 0.00925926 -0.0077381 -0.00520833
internal_weight=900 452 448 224 116 228 280 221 108 168 96
internal_count=900 452 448 224 116 228 280 221 108 168 96
is_linear=0
shrinkage=0.05


Tree=13
num_leaves=12
num_cat=0
split_feature=1 0 1 1 0 0 0 1 0 1 1
split_gain=67.2551 11.8987 4.23491 1.68279 1.96763 1.60256 1.33246 1.32855 0.79414 1.85375 0.595238
threshold=0.324728210419372 0.3337561183114211 0.31505764759758709 0.33174368692725903 0.3253150559001845 0.31256863093265175 0.34659413588210158 0.31997780648124835 0.30666287171086776 0.30206915994223621 0.33684971628672772
decision_type=2 2 2 2 2 2 2 2 2 2 2
left_child=2 3 8 4 -2 -4 -3 -7 9 -1 -5
right_child=1 6 5 10 -6 7 -8 -9 -10 -11 -12
leaf_value=-0.00090491388421638785 9.9189806659119589e-05 0.00028467487035407359 3.187155286297344e-05 0.00022421515044447894 -5.4170211670269425e-05 -0.00025796312160488306 0.00103751625058581 -0.00012819318426898207 -0.00047630157840776455 -0.00051225835291963679 0.00010460284775928863
leaf_weight=100 91 135 30 75 48 56 93 74 59 109 30
leaf_count=100 91 135 30 75 48 56 93 74 59 109 30
internal_value=-0.000833333 0.0121822 -0.0151869 0.0045082 0.000899281 -0.00875 0.0203947 -0.0111538 -0.0190299 -0.0175837 0.00928571
internal_weight=900 472 428 244 139 160 228 130 268 209 105
internal_count=900 472 428 244 139 160 228 130 268 209 105
is_linear=0
shrinkage=0.05


Tree=14
num_leaves=12
num_cat=0
split_feature=1 1 0 1 0 1 1 0 0 1 0
split_gain=65.8014 8.84797 7.18844 1.12185 1.93325 1.2657 1.09778 1.41236 0.96393 0.630506 1.7631
threshold=0.32827179508797105 0.31803190821593286 0.33577109506644026 0.33350757088545246 0.32724830325306603 0.33718932001665763 0.30206915994223621 0.30138779181882824 0.34659413588210158 0.324728210419372 0.31768598945245879
decision_type=2 2 2 2 2 2 2 2 2 2 2
left_child=1 6 3 4 -2 -5 -1 -8 -4 10 -3
right_child=2 9 8 5 -6 -7 7 -9 -10 -11 -12
leaf_value=-0.00085966819000556918 0.00027884501068336788 -3.8266992978819303e-06 0.00029099601061106792 0.0002157373763487347 -3.8845424194472461e-05 0.00019567171312173532 -0.00033856297751477251 -0.00043839421034175545 0.00098564043805652039 -4.3244700669284323e-06 -0.00019320083714229053
leaf_weight=100 54 57 108 57 32 48 39 181 93 80 51
leaf_count=100 54 57 108 57 32 48 39 181 93 80 51
internal_value=-0.000722222 -0.0125984 0.0146684 0.00772251 0.00348837 0.0111905 -0.0176563 -0.0156818 0.0212687 -0.00398936 -0.00648148
internal_weight=900 508 392 191 86 105 320 220 201 188 108
internal_count=900 508 392 191 86 105 320 220 201 188 108
is_linear=0
shrinkage=0.05


Tree=15
num_leaves=12
num_cat=0
split_feature=1 1 0 1 0 1 1 0 0 1 1
split_gain=63.2183 9.92539 5.47848 1.26142 1.2675 1.24131 0.782407 1.7631 1.59143 0.612893 1.12356
threshold=0.330216732540971 0.31803190821593286 0.33577109506644026 0.30206915994223621 0.30138779181882824 0.34596826580166978 0.324728210419372 0.31768598945245879 0.32360635365370061 0.33350757088545246 0.33706369028252486
decision_type=2 2 2 2 2 2 2 2 2 2 2
left_child=1 3 9 -1 -5 -4 7 -3 -8 -2 -11
right_child=2 6 5 4 -6 -7 8 -9 -10 10 -12
leaf_value=-0.00081668478050529183 0.00013363962436099274 -3.6353643329878341e-06 0.00022756321019143795 -0.00032163482863903359 -0.00041647449982466778 0.00081907072686226165 9.1025899508255523e-05 -0.00018354079528517533 -8.4962517439089735e-05 0.00020316562133892576 0.00019229045097929611
leaf_weight=100 58 57 66 39 181 135 58 51 50 54 51
leaf_count=100 58 57 66 39 181 135 58 51 50 54 51
internal_value=-0.000833333 -0.0117537 0.0152473 -0.0173438 -0.0152273 0.0207711 -0.00347222 -0.00648148 -0.000462963 0.00843558 0.0107143
internal_weight=900 536 364 320 220 201 216 108 108 163 105
internal_count=900 536 364 320 220 201 216 108 108 163 105
is_linear=0
shrinkage=0.05


Tree=16
num_leaves=12
num_cat=0
split_feature=1 1 0 1 1 1 0 1 0 0 0
split_gain=56.5131 9.36325 5.31533 1.5187 1.93262 1.19221 1.62483 1.15112 1.59143 1.44676 0.39
threshold=0.330216732540971 0.31586192610855729 0.34659413588210158 0.34803169024682706 0.33428024633818793 0.30206915994223621 0.30666287171086776 0.324728210419372 0.32360635365370061 0.31402493595813402 0.29173946852706695
decision_type=2 2 2 2 2 2 2 2 2 2 2
left_child=1 5 3 4 -2 10 -7 9 -9 -3 -1
right_child=2 7 -4 -5 -6 6 -8 8 -10 -11 -12
leaf_value=-0.0010420138066263435 0.00013311077340773803 5.7766608167114656e-06 0.00089540487981057968 -1.0813107671414636e-05 0.00022779570080719432 -0.00043894810872643908 -0.00039528657194454339 8.647460453284212e-05 -8.0714391567134064e-05 -0.00017002198269536612 -0.00062776280153556971
leaf_weight=48 73 36 93 30 168 110 74 58 50 108 52
leaf_count=48 73 36 93 30 168 110 74 58 50 108 52
internal_value=-0.00105556 -0.0113806 0.0141484 0.0106089 0.0119295 -0.0176056 -0.0152174 -0.00436508 -0.000462963 -0.00729167 -0.022
internal_weight=900 536 364 271 241 284 184 252 108 144 100
internal_count=900 536 364 271 241 284 184 252 108 144 100
is_linear=0
shrinkage=0.05


Tree=17
num_leaves=12
num_cat=0
split_feature=1 1 0 0 1 0 0 1 1 1 0
split_gain=54.7835 7.20197 6.11457 1.973 1.3056 2.12018 0.709688 1.81031 0.583574 0.467331 0.285824
threshold=0.32827179508797105 0.31586192610855729 0.34659413588210158 0.3337561183114211 0.30206915994223621 0.30666287171086776 0.31402493595813402 0.31997780648124835 0.33174368692725903 0.33993601053854844 0.28908803564229663
decision_type=2 2 2 2 2 2 2 2 2 2 2
left_child=1 4 3 8 10 -6 -3 -8 -2 -5 -1
right_child=2 6 -4 9 5 -7 7 -9 -10 -11 -12
leaf_value=-0.0011876018709429976 1.2527027912376255e-05 5.4878277758768636e-06 0.00085063463582004957 0.00011749887935569859 -0.00041700070329011576 -0.0003755222433473163 -0.00019843058389595327 -5.8814354337313746e-05 0.00017983266903924544 0.00028185135619765016 -0.00060312786771184179
leaf_weight=35 59 38 93 31 110 74 35 151 105 104 65
leaf_count=35 59 38 93 31 110 74 35 151 105 104 65
internal_value=-0.000777778 -0.0116142 0.0132653 0.00978261 -0.0169014 -0.0144022 -0.00491071 -0.0061828 0.00609756 0.0142593 -0.0215
internal_weight=900 508 392 299 284 184 224 186 164 135 100
internal_count=900 508 392 299 284 184 224 186 164 135 100
is_linear=0
shrinkage=0.05


Tree=18
num_leaves=12
num_cat=0
split_feature=1 0 1 0 1 0 1 0 0 1 0
split_gain=49.5 8.5656 4.39102 2.41459 1.19323 2.70652 1.05143 1.86651 1.03407 1.30369 0.46732
threshold=0.32608663335541238 0.33577109506644026 0.31586192610855729 0.34795863052558257 0.33174368692725903 0.32335192624859971 0.30206915994223621 0.30666287171086776 0.31402493595813402 0.31997780648124835 0.34140490210360125
decision_type=2 2 2 2 2 2 2 2 2 2 2
left_child=2 4 6 10 5 -2 -1 -8 -4 -10 -3
right_child=1 3 8 -5 -6 -7 7 -9 9 -11 -12
leaf_value=-0.00069866289621245837 0.0003263647322378424 0.00025682464670841041 5.213436387083159e-06 0.00090427723354832021 0.00017229639023400858 -4.2627916860041309e-05 -0.0003961506681256111 -0.00035674613117995109 -0.00018850905470115532 -8.1332932569688776e-05 0.0001918668890414338
leaf_weight=100 36 66 36 84 132 83 110 74 35 93 51
leaf_count=100 36 66 36 84 132 83 110 74 35 93 51
internal_value=-0.000833333 0.0108407 -0.0126116 0.0185323 0.00468127 0.00105042 -0.0163732 -0.0141304 -0.00609756 -0.00820313 0.0138889
internal_weight=900 452 448 201 251 119 284 184 164 128 117
internal_count=900 452 448 201 251 119 284 184 164 128 117
is_linear=0
shrinkage=0.05


Tree=19
num_leaves=12
num_cat=0
split_feature=1 0 1 1 0 1 0 1 1 0 0
split_gain=48.2192 7.0527 5.26607 2.33581 3.28421 2.48414 1.06772 1.46903 1.05143 1.86651 0.287756
threshold=0.32704387611864943 0.34959353407332977 0.31586192610855729 0.33174368692725903 0.32378766380580098 0.34935666293084228 0.31402493595813402 0.31997780648124835 0.30206915994223621 0.30666287171086776 0.29173946852706695
decision_type=2 2 2 2 2 2 2 2 2 2 2
left_child=2 3 8 4 -2 -5 -4 -8 10 -10 -1
right_child=1 -3 6 5 -6 -7 7 -9 9 -11 -12
leaf_value=-0.00091021172801803308 0.00032270102925309186 0.00092380370185175538 8.5055600512390365e-06 0.00018924547021705875 -5.3435199281656748e-05 -7.6395721693933712e-06 -0.00017908360196609852 -5.445179070375367e-05 -0.00037634313471933135 -0.00033890882462095238 -0.00053128512326257597
leaf_weight=48 30 81 37 219 65 33 35 116 110 74 52
leaf_count=48 30 81 37 219 65 33 35 116 110 74 52
internal_value=-0.00105556 0.0110981 -0.0120763 0.00799712 0.00131579 0.0105159 -0.00558511 -0.00745033 -0.0163732 -0.0141304 -0.0205
internal_weight=900 428 472 347 95 252 188 151 284 184 100
internal_count=900 428 472 347 95 252 188 151 284 184 100
is_linear=0
shrinkage=0.05


Tree=20
num_leaves=12
num_cat=0
split_feature=1 1 0 1 1 0 1 1 0 0 0
split_gain=46.4736 6.84575 6.27217 1.79811 2.18195 1.14636 2.341 1.06329 2.1132 0.287756 0.0209877
threshold=0.32827179508797105 0.31505764759758709 0.34959353407332977 0.34935666293084228 0.33428024633818793 0.3127558626739953 0.31997780648124835 0.30206915994223621 0.30666287171086776 0.29173946852706695 0.35538857643701072
decision_type=2 2 2 2 2 2 2 2 2 2 2
left_child=1 7 3 4 -2 -3 -7 9 -9 -1 -4
right_child=2 5 10 -5 -6 6 -8 8 -10 -11 -12
leaf_value=-0.0008647011416171316 0.00011145828186478747 1.286049018529023e-05 0.00037066111178327702 -7.2575935609248136e-06 0.00018325633568964106 -0.00024094578114614297 -4.9140582736353916e-05 -0.00036247986902225864 -0.00033641987542441522 -0.00050472086709944797 0.0017795048079006781
leaf_weight=48 101 35 30 33 177 52 153 109 59 52 51
leaf_count=48 101 35 30 33 177 52 153 109 59 52 51
internal_value=-0.000944444 -0.0109252 0.0119898 0.00876206 0.0100719 -0.00479167 -0.00621951 -0.0164179 -0.0139881 -0.0205 0.0243827
internal_weight=900 508 392 311 278 240 205 268 168 100 81
internal_count=900 508 392 311 278 240 205 268 168 100 81
is_linear=0
shrinkage=0.05


Tree=21
num_leaves=12
num_cat=0
split_feature=1 1 0 1 1 0 0 1 0 1 0
split_gain=42.4955 7.99151 4.16227 2.33237 1.21206 2.47966 2.07988 1.02859 2.13845 0.751383 0.554423
threshold=0.33174368692725903 0.31505764759758709 0.34959353407332977 0.34935666293084228 0.324728210419372 0.3253150559001845 0.3127558626739953 0.30206915994223621 0.30666287171086776 0.34622069534527394 0.29173946852706695
decision_type=2 2 2 2 2 2 2 2 2 2 2
left_child=1 7 3 9 6 -6 -3 10 -9 -2 -1
right_child=2 4 -4 -5 5 -7 -8 8 -10 -11 -12
leaf_value=-0.00082146608453627509 0.00015735685634307996 4.9563543105293763e-05 0.00082458136727981421 -6.8947138828795442e-06 9.1674114018946984e-05 -8.0137581191132298e-05 -0.0001481043145731248 -0.00034435587557114512 -0.00031959888165319363 0.00032563599740010609 -0.00047948482374447489
leaf_weight=48 186 34 81 33 91 48 126 109 59 33 52
leaf_count=48 186 34 81 33 91 48 126 109 59 33 52
internal_value=-0.000888889 -0.00921517 0.0132883 0.010119 -0.00359532 -0.000179856 -0.0065625 -0.0154851 -0.0130952 0.0119863 -0.0195
internal_weight=900 567 333 252 299 139 160 268 168 219 100
internal_count=900 567 333 252 299 139 160 268 168 219 100
is_linear=0
shrinkage=0.05


Tree=22
num_leaves=12
num_cat=0
split_feature=1 0 1 1 1 1 0 0 1 0 0
split_gain=39.0632 5.70982 5.41695 1.42211 1.95542 1.26935 1.74406 1.08995 1.98874 0.420481 0.184615
threshold=0.32827179508797105 0.35052882212154007 0.31505764759758709 0.34935666293084228 0.33350757088545246 0.29898870771033853 0.30666287171086776 0.3127558626739953 0.31997780648124835 0.29173946852706695 0.35639980821771972
decision_type=2 2 2 2 2 2 2 2 2 2 2
left_child=2 3 5 4 -2 9 -7 -4 -9 -1 -3
right_child=1 10 7 -5 -6 6 -8 8 -10 -11 -12
leaf_value=-0.00084008683205201581 0.00010135274746899542 0.00031089898783012162 9.7392885207603374e-06 -5.0810779992971348e-06 0.00016510603329616264 -0.00031723029971479915 -0.00030361893757053506 -0.00022149327636017957 -3.9278337870879426e-05 -0.00056923475467257623 0.0016957116557960118
leaf_weight=46 86 30 35 36 192 133 59 52 153 30 48
leaf_count=46 86 30 35 36 192 133 59 52 153 30 48
internal_value=-0.000888889 0.0109694 -0.0100394 0.00796178 0.00917266 -0.0149254 -0.0127604 -0.00458333 -0.00597561 -0.0203947 0.0230769
internal_weight=900 392 508 314 278 268 192 240 205 76 78
internal_count=900 392 508 314 278 268 192 240 205 76 78
is_linear=0
shrinkage=0.05


Tree=23
num_leaves=12
num_cat=0
split_feature=1 1 0 1 1 0 1 0 0 1 0
split_gain=37.8927 7.01981 4.11398 1.92061 1.35742 1.87333 0.9702 2.28944 1.96312 0.797011 0.420481
threshold=0.33174368692725903 0.31505764759758709 0.35052882212154007 0.34935666293084228 0.29898870771033853 0.30666287171086776 0.324728210419372 0.3253150559001845 0.3127558626739953 0.33993601053854844 0.29173946852706695
decision_type=2 2 2 2 2 2 2 2 2 2 2
left_child=1 4 3 9 10 -6 8 -8 -3 -2 -1
right_child=2 6 -4 -5 5 -7 7 -9 -10 -11 -12
leaf_value=-0.00079808249044941576 0.00012467850865056779 4.659840152398953e-05 0.00077748252075058037 -4.8270240993325553e-06 -0.00030136878472905864 -0.00028843799069200874 8.9054325211543328e-05 -7.8330654427309643e-05 -0.0001341798084886922 0.00021416152211282957 -0.00054077301693894746
leaf_weight=46 120 34 78 36 133 59 91 48 126 99 30
leaf_count=46 120 34 78 36 133 59 91 48 126 99 30
internal_value=-0.001 -0.00886243 0.0123874 0.00931373 -0.0147388 -0.0125 -0.00359532 -0.000539568 -0.00625 0.0110731 -0.0203947
internal_weight=900 567 333 255 268 192 299 139 160 219 76
internal_count=900 567 333 255 268 192 299 139 160 219 76
is_linear=0
shrinkage=0.05


Tree=24
num_leaves=12
num_cat=0
split_feature=1 0 1 0 1 0 0 1 1 0 0
split_gain=35.077 4.45497 4.30777 1.43882 1.17983 1.84002 1.08995 1.98874 0.943316 0.629371 0.544772
threshold=0.32827179508797105 0.35052882212154007 0.31505764759758709 0.33348187052079359 0.29898870771033853 0.30666287171086776 0.3127558626739953 0.31997780648124835 0.33993601053854844 0.3579438144772954 0.33109101606591868
decision_type=2 2 2 2 2 2 2 2 2 2 2
left_child=2 3 4 10 -1 -6 -4 -8 -5 -3 -2
right_child=1 9 6 8 5 -7 7 -9 -10 -11 -12
leaf_value=-0.00060157181056639814 0.00016280130349503874 0.00024560653507793573 6.9224040185222881e-06 2.1780738748561346e-05 -0.00028630034549260444 -0.00027401609115740858 -0.00020370962211773704 -3.060543055290188e-05 0.00022947345633072964 0.001720179920048362 -1.7883408437224803e-06
leaf_weight=76 122 33 35 33 133 59 52 153 120 45 39
leaf_count=76 122 33 35 33 133 59 52 153 120 45 39
internal_value=-0.000777778 0.0104592 -0.00944882 0.00780255 -0.013806 -0.0117188 -0.00458333 -0.00597561 0.0112745 0.0211538 0.00450311
internal_weight=900 392 508 314 268 192 240 205 153 78 161
internal_count=900 392 508 314 268 192 240 205 153 78 161
is_linear=0
shrinkage=0.05


Tree=25
num_leaves=12
num_cat=0
split_feature=1 1 0 0 1 1 0 1 0 0 0
split_gain=31.8014 5.79811 3.8078 2.11939 3.28145 1.64943 0.962665 0.783875 1.22819 0.629371 0.358848
threshold=0.33174368692725903 0.30919449084626766 0.35052882212154007 0.30715555548422618 0.31374434244501531 0.34935666293084228 0.33109101606591868 0.29898870771033853 0.30008102808479092 0.3579438144772954 0.29173946852706695
decision_type=2 2 2 2 2 2 2 2 2 2 2
left_child=1 7 5 -3 -5 6 -2 10 -9 -4 -1
right_child=2 3 9 4 -6 -7 -8 8 -10 -11 -12
leaf_value=-0.00072809977539862319 0.00035768659571928376 0.00015762855628512486 0.00023332620832403896 -0.00024622299745391817 -5.647996091616564e-05 -1.6059345710903172e-05 0.00011974120171930614 -0.00021619288767175395 -0.00043492086823936906 0.001634170924045944 -0.00048365577556367946
leaf_weight=46 51 30 33 37 312 36 168 45 67 45 30
leaf_count=46 51 30 33 37 312 36 168 45 67 45 30
internal_value=-0.000777778 -0.0079806 0.0114865 -0.00441953 -0.00551576 0.00852941 0.0101598 -0.0151596 -0.0125 0.0211538 -0.0190789
internal_weight=900 567 333 379 349 255 219 188 112 78 76
internal_count=900 567 333 379 349 255 219 188 112 78 76
is_linear=0
shrinkage=0.05


Tree=26
num_leaves=12
num_cat=0
split_feature=1 1 0 0 1 1 0 1 0 0 0
split_gain=29.7865 5.6543 3.18087 2.07576 2.8691 1.58486 1.03711 0.893867 1.49704 0.512821 0.358848
threshold=0.33174368692725903 0.30919449084626766 0.35052882212154007 0.30715555548422618 0.31803190821593286 0.34935666293084228 0.33109101606591868 0.29898870771033853 0.30008102808479092 0.36588008808621048 0.29173946852706695
decision_type=2 2 2 2 2 2 2 2 2 2 2
left_child=1 7 5 -3 -5 6 -2 10 -9 -4 -1
right_child=2 3 9 4 -6 -7 -8 8 -10 -11 -12
leaf_value=-0.00069169478662869238 0.00033980226593332001 0.00014974712847086737 0.00022165723534507133 -0.00022344254527799091 -2.2621798865353483e-05 -1.525637842535732e-05 0.00011375414163334041 -0.00020538324328816528 -0.00041317482482740032 0.0024289173868272591 -0.00045947298678549467
leaf_weight=46 51 30 48 103 246 36 168 45 67 30 30
leaf_count=46 51 30 48 103 246 36 168 45 67 30 30
internal_value=-0.000833333 -0.00780423 0.011036 -0.0042876 -0.00537249 0.00833333 0.00993151 -0.0148936 -0.0120536 0.0198718 -0.0190789
internal_weight=900 567 333 379 349 255 219 188 112 78 76
internal_count=900 567 333 379 349 255 219 188 112 78 76
is_linear=0
shrinkage=0.05


Tree=27
num_leaves=11
num_cat=0
split_feature=1 1 0 0 1 1 0 0 1 0
split_gain=28.0272 5.23586 3.40076 1.52629 2.70851 1.45958 0.870439 0.594347 1.31681 0.512821
threshold=0.33174368692725903 0.30919449084626766 0.35052882212154007 0.30715555548422618 0.31803190821593286 0.34935666293084228 0.33109101606591868 0.30290226429017147 0.29898870771033853 0.36588008808621048
decision_type=2 2 2 2 2 2 2 2 2 2
left_child=1 7 5 -3 -5 6 -2 8 -1 -4
right_child=2 3 9 4 -6 -7 -8 -9 -10 -11
leaf_value=-0.00051793207645426948 0.00032281215263665344 0.00014225977204732345 0.00021057437357781817 -0.00021227041801409054 -2.1490708922085324e-05 -1.4493559504089038e-05 0.00010806643455167354 -0.00042655005268939228 -0.00024757212899057803 0.0023074715174858959
leaf_weight=76 51 30 48 103 246 36 168 33 79 30
leaf_count=76 51 30 48 103 246 36 168 33 79 30
internal_value=-0.000777778 -0.00753968 0.0107357 -0.00415567 -0.00508596 0.00794118 0.00947489 -0.0143617 -0.0130645 0.0198718
internal_weight=900 567 333 379 349 255 219 188 155 78
internal_count=900 567 333 379 349 255 219 188 155 78
is_linear=0
shrinkage=0.05


Tree=28
num_leaves=11
num_cat=0
split_feature=1 1 0 0 1 1 0 0 1 1
split_gain=26.5842 5.51008 3.15183 1.45278 2.21521 1.39888 0.941296 0.594347 1.31681 0.384093
threshold=0.33174368692725903 0.30919449084626766 0.35052882212154007 0.30715555548422618 0.31997780648124835 0.34935666293084228 0.33109101606591868 0.30290226429017147 0.29898870771033853 0.36923191733858202
decision_type=2 2 2 2 2 2 2 2 2 2
left_child=1 7 5 -3 -5 6 -2 8 -1 -4
right_child=2 3 9 4 -6 -7 -8 -9 -10 -11
leaf_value=-0.00049203547263155514 0.00030667154500482188 0.00013514678344495601 0.00019933710468416079 -0.0001556089187399551 -9.5308716340003489e-06 -1.3768881528883338e-05 0.00010266311282408902 -0.00040522255005492338 -0.00023519352254104954 0.0021268248951180706
leaf_weight=76 51 30 46 135 214 36 168 33 79 32
leaf_count=76 51 30 46 135 214 36 168 33 79 32
internal_value=-0.000777778 -0.00736332 0.0104354 -0.00389182 -0.00479943 0.0077451 0.00924658 -0.0143617 -0.0130645 0.0192308
internal_weight=900 567 333 379 349 255 219 188 155 78
internal_count=900 567 333 379 349 255 219 188 155 78
is_linear=0
shrinkage=0.05


Tree=29
num_leaves=12
num_cat=0
split_feature=1 0 1 0 0 1 1 1 0 0 1
split_gain=23.7961 5.16697 3.30623 1.68 1.43366 1.36136 1.1223 0.789484 1.15133 0.667805 0.384093
threshold=0.32704387611864943 0.35052882212154007 0.30919449084626766 0.3337561183114211 0.30729801531162121 0.34029771525776342 0.31552119797886335 0.29898870771033853 0.30138779181882824 0.33153993683433414 0.36923191733858202
decision_type=2 2 2 2 2 2 2 2 2 2 2
left_child=2 3 7 9 -4 -5 -6 -1 -9 -2 -3
right_child=1 10 4 5 6 -7 -8 8 -10 -11 -12
leaf_value=-0.00046743369899997781 6.5946630805058248e-05 0.00018937024944995219 0.00012092247239847143 3.4500261368816677e-05 -0.00016487730883007481 0.00020551194400991182 -5.5088565357985787e-05 -0.00017465738050759518 -0.00038496142255217691 -2.0446553484912423e-05 0.0020204836503621678
leaf_weight=76 164 46 32 37 57 113 195 59 53 36 32
leaf_count=76 164 46 32 37 57 113 195 59 53 36 32
internal_value=-0.000944444 0.00759346 -0.00868644 0.005 -0.00528169 0.009 -0.00654762 -0.0138298 -0.0111607 0.002 0.0192308
internal_weight=900 428 472 350 284 150 252 188 112 200 78
internal_count=900 428 472 350 284 150 252 188 112 200 78
is_linear=0
shrinkage=0.05


Tree=30
num_leaves=12
num_cat=0
split_feature=1 1 0 1 0 1 0 1 0 0 1
split_gain=22.1558 5.6685 3.33107 1.35911 1.2357 2.42179 1.20821 0.639988 1.15133 0.41251 0.384093
threshold=0.33404352217322725 0.30919449084626766 0.35052882212154007 0.34803169024682706 0.30715555548422618 0.31803190821593286 0.33213504066442673 0.29898870771033853 0.30138779181882824 0.29173946852706695 0.36923191733858202
decision_type=2 2 2 2 2 2 2 2 2 2 2
left_child=1 7 3 6 -3 -6 -2 9 -9 -1 -4
right_child=2 4 10 -5 5 -7 -8 8 -10 -11 -12
leaf_value=-0.0005832399848929679 0.00045863699579050263 0.00012234332065278464 0.00017990173697745584 -7.7239161839048893e-06 -0.00019112202290849092 -8.4521126810233049e-06 9.7754173727873653e-05 -0.00016592451148221554 -0.00036571335142456809 -0.00036262927504192858 0.0019194594678440592
leaf_weight=46 34 30 46 45 103 285 137 59 53 30 32
leaf_count=46 34 30 46 45 103 285 137 59 53 30 32
internal_value=-0.000888889 -0.00635314 0.0103741 0.00717593 -0.00311005 -0.00386598 0.00921053 -0.0135638 -0.0111607 -0.0171053 0.0192308
internal_weight=900 606 294 216 418 388 171 188 112 76 78
internal_count=900 606 294 216 418 388 171 188 112 76 78
is_linear=0
shrinkage=0.05


Tree=31
num_leaves=11
num_cat=0
split_feature=1 1 0 1 0 0 1 0 1 1
split_gain=21.0634 5.02962 2.98623 1.35911 1.20821 1.18218 2.29698 1.07661 2.69112 0.234253
threshold=0.33404352217322725 0.31032638258616746 0.35052882212154007 0.34803169024682706 0.33213504066442673 0.30415595472450641 0.30596092487716037 0.32801156096287792 0.32799367265508933 0.36923191733858202
decision_type=2 2 2 2 2 2 2 2 2 2
left_child=1 5 3 4 -2 6 -1 8 -3 -4
right_child=2 7 9 -5 -6 -7 -8 -9 -10 -11
leaf_value=-0.00034449781128983173 0.00043570514600097671 -6.894569989070454e-05 0.00017090665012858277 -7.3377203747088121e-06 9.2866465041480112e-05 -0.00035033813233994321 1.4175847188280245e-05 -0.00010639948191193128 0.00013799154143245563 0.0018234864944518564
leaf_weight=144 34 295 46 45 137 30 30 36 71 32
leaf_count=144 34 295 46 45 137 30 30 36 71 32
internal_value=-0.000777778 -0.00610561 0.0102041 0.00717593 0.00921053 -0.0125 -0.0109195 -0.0028607 -0.00204918 0.0185897
internal_weight=900 606 294 216 171 204 174 402 366 78
internal_count=900 606 294 216 171 204 174 402 366 78
is_linear=0
shrinkage=0.05


Tree=32
num_leaves=11
num_cat=0
split_feature=1 1 0 0 1 1 1 0 1 1
split_gain=19.5573 3.9265 3.56979 1.25275 2.10149 1.04472 1.59159 0.778088 1.67899 0.234253
threshold=0.33183792783391441 0.30919449084626766 0.35052882212154007 0.30715555548422618 0.31552119797886335 0.34803169024682706 0.34107338220767214 0.30290226429017147 0.29898870771033853 0.36923191733858202
decision_type=2 2 2 2 2 2 2 2 2 2
left_child=1 7 5 -3 -5 6 -2 8 -1 -4
right_child=2 3 9 4 -6 -7 -8 -9 -10 -11
leaf_value=-0.0004031903919871155 7.3366898464638519e-05 0.00012147275482883579 0.00016236131762215335 -0.00016707733611545929 -3.4932021873358698e-05 -6.9708343559737876e-06 0.00018570531487094866 -0.00034450795474183786 -0.0001891798612500162 0.0017323121697292638
leaf_weight=76 132 30 46 60 292 45 75 33 79 32
leaf_count=76 132 30 46 60 292 45 75 33 79 32
internal_value=-0.000444444 -0.00605263 0.00924242 -0.00314136 -0.00397727 0.00634921 0.00785024 -0.0119681 -0.0104839 0.0185897
internal_weight=900 570 330 382 352 252 207 188 155 78
internal_count=900 570 330 382 352 252 207 188 155 78
is_linear=0
shrinkage=0.05


Tree=33
num_leaves=11
num_cat=0
split_feature=0 1 1 1 0 0 1 0 0 0
split_gain=18.4386 5.3829 2.20289 1.40947 2.5017 1.01036 0.944138 1.10157 0.824526 0.530303
threshold=0.3337561183114211 0.31251638394257603 0.34029771525776342 0.32368793634090703 0.3105487809848354 0.3579438144772954 0.29096675949197043 0.30643690942737767 0.33917715965385387 0.32050401360639463
decision_type=2 2 2 2 2 2 2 2 2 2
left_child=1 6 -2 4 -3 8 -1 -8 -4 -5
right_child=2 3 5 9 -6 -7 7 -9 -10 -11
leaf_value=-0.00076897966827454978 1.957587143867623e-05 6.8054833148190055e-05 0.00036449356501943035 0.0001309509104920975 -0.00011596783106355841 0.00085518333378819535 -0.0002241713027468506 -0.0002672133342157282 0.00012437174594050749 -2.4274486282449549e-07
leaf_weight=32 37 34 33 40 142 45 170 30 113 224
leaf_count=32 37 34 33 40 142 45 170 30 113 224
internal_value=-0.000444444 -0.0046131 0.0118421 -0.00136364 -0.00482955 0.0140052 -0.0107759 -0.0095 0.0119863 0.00094697
internal_weight=900 672 228 440 176 191 232 200 146 264
internal_count=900 672 228 440 176 191 232 200 146 264
is_linear=0
shrinkage=0.05


Tree=34
num_leaves=11
num_cat=0
split_feature=0 1 1 1 0 0 0 1 0 0
split_gain=16.9937 5.18345 1.95096 1.29201 1.01571 0.883189 0.62004 0.493709 1.92327 0.420003
threshold=0.3337561183114211 0.31803190821593286 0.34029771525776342 0.29096675949197043 0.36588008808621048 0.33917715965385387 0.31022170804213478 0.324728210419372 0.31617413998678956 0.33153993683433414
decision_type=2 2 2 2 2 2 2 2 2 2
left_child=1 3 -2 -1 5 -4 -5 8 -3 -9
right_child=2 7 4 6 -6 -7 -8 9 -10 -11
leaf_value=-0.00073053068486082231 1.8597077866741587e-05 7.537571213145911e-05 0.00034626888676845825 -0.00017325234093107101 0.0016682104410469219 0.00011517156567356079 -0.00018905044356155171 5.307763639752911e-05 -8.5181708549517124e-05 -3.2611465429224773e-05
leaf_weight=32 37 33 33 224 30 128 64 208 75 36
leaf_count=32 37 33 33 224 30 128 64 208 75 36
internal_value=-0.000611111 -0.0046131 0.0111842 -0.00921875 0.0132199 0.011646 -0.00815972 -0.000426136 -0.00324074 0.000819672
internal_weight=900 672 228 320 191 161 288 352 108 244
internal_count=900 672 228 320 191 161 288 352 108 244
is_linear=0
shrinkage=0.05


Tree=35
num_leaves=11
num_cat=0
split_feature=0 1 1 0 1 0 1 0 0 0
split_gain=15.5997 5.02597 1.7915 1.14553 1.06402 2.90909 1.04897 1.2298 1.04002 0.568858
threshold=0.3337561183114211 0.31251638394257603 0.34029771525776342 0.36588008808621048 0.32368793634090703 0.31040237504187057 0.29096675949197043 0.30643690942737767 0.33917715965385387 0.32050401360639463
decision_type=2 2 2 2 2 2 2 2 2 2
left_child=1 6 -2 8 5 -3 -1 -8 -4 -6
right_child=2 4 3 -5 9 -7 7 -9 -10 -11
leaf_value=-0.0006940041506177802 1.7667223973405478e-05 0.00011126668306066096 0.00032895544243003453 0.0015847999189945756 0.00012866245039497016 -0.00010471799081853001 -0.00020430012056295299 -0.00024519005045838677 0.00010941298738988137 -2.8844894395585466e-06
leaf_weight=32 37 32 33 30 40 144 170 30 128 224
leaf_count=32 37 32 33 30 40 144 170 30 128 224
internal_value=-0.000555556 -0.00438988 0.0107456 0.0126963 -0.00125 -0.00426136 -0.0103448 -0.009 0.0110248 0.000757576
internal_weight=900 672 228 191 440 176 232 200 161 264
internal_count=900 672 228 191 440 176 232 200 161 264
is_linear=0
shrinkage=0.05


Tree=36
num_leaves=11
num_cat=0
split_feature=0 1 1 0 1 0 0 1 0 0
split_gain=15.4467 5.15235 1.7915 1.14553 1.04897 1.2298 1.04002 0.876623 2.27273 0.328925
threshold=0.3337561183114211 0.31251638394257603 0.34029771525776342 0.36588008808621048 0.29096675949197043 0.30643690942737767 0.33917715965385387 0.32114533747766888 0.3105487809848354 0.33153993683433414
decision_type=2 2 2 2 2 2 2 2 2 2
left_child=1 4 -2 6 -1 -6 -4 8 -3 -9
right_child=2 7 3 -5 5 -7 -8 9 -10 -11
leaf_value=-0.00065930394308689197 1.6783862774735758e-05 6.2586686970048108e-05 0.00031250767030853167 0.001505559923044847 -0.00019408511453480605 -0.00023293054793546849 0.00010394233802038799 4.8933791941541127e-06 -0.00010202981456869376 -3.0836667685785195e-05
leaf_weight=32 37 33 33 30 170 30 128 272 99 36
leaf_count=32 37 33 33 30 170 30 128 272 99 36
internal_value=-0.0005 -0.00431548 0.0107456 0.0126963 -0.0103448 -0.009 0.0110248 -0.00113636 -0.00454545 0.000324675
internal_weight=900 672 228 191 232 200 161 440 132 308
internal_count=900 672 228 191 232 200 161 440 132 308
is_linear=0
shrinkage=0.05


Tree=37
num_leaves=11
num_cat=0
split_feature=0 1 0 1 1 0 0 1 0 1
split_gain=13.8363 4.13703 1.85263 1.06732 0.936858 0.984489 0.892329 0.34465 1.7503 0.412367
threshold=0.3337561183114211 0.31803190821593286 0.36588008808621048 0.34029771525776342 0.2960909864513942 0.31022170804213478 0.33917715965385387 0.324728210419372 0.31617413998678956 0.32675362001280012
decision_type=2 2 2 2 2 2 2 2 2 2
left_child=1 4 3 -2 -1 -6 -5 8 -3 -9
right_child=2 7 -4 6 5 -7 -8 9 -10 -11
leaf_value=-0.0004187567235875975 1.5944669635997723e-05 8.1944316794246855e-05 0.0014302819268926044 0.00029688228679310429 -0.00013453419598457724 -0.00016926053111411405 9.8745221119367354e-05 7.0846061781243416e-05 -7.0585232852679591e-05 -2.9849339272886023e-06
leaf_weight=52 37 33 30 33 204 64 128 36 75 208
leaf_count=52 37 33 30 33 204 64 128 36 75 208
internal_value=-0.000555556 -0.00416667 0.0100877 0.00833333 -0.00828125 -0.00708955 0.0100932 -0.000426136 -0.00277778 0.000614754
internal_weight=900 672 228 198 320 268 161 352 108 244
internal_count=900 672 228 198 320 268 161 352 108 244
is_linear=0
shrinkage=0.05


Tree=38
num_leaves=11
num_cat=0
split_feature=1 1 0 0 1 0 1 1 0 1
split_gain=11.938 3.51882 2.03385 1.46261 1.53081 1.38858 1.90129 0.786014 1.04194 0.673112
threshold=0.33404352217322725 0.31032638258616746 0.35052882212154007 0.30415595472450641 0.30538200514495289 0.32801156096287792 0.330216732540971 0.34803169024682706 0.33213504066442673 0.36923191733858202
decision_type=2 2 2 2 2 2 2 2 2 2
left_child=1 3 7 4 -1 6 -3 8 -2 -4
right_child=2 5 9 -5 -6 -7 -8 -9 -10 -11
leaf_value=-0.00025776766710186583 0.00041069408012726211 -2.8259636983471451e-05 0.00012135741789549571 -0.0002740174270298809 3.1548296123121158e-05 -0.00010463332209921516 0.00017922868982069574 -2.2192158150283194e-05 7.018377052896152e-05 0.0012934947840544443
leaf_weight=140 34 327 46 30 34 36 39 45 137 32
leaf_count=140 34 327 46 30 34 36 39 45 137 32
internal_value=-0.000444444 -0.00445545 0.00782313 -0.00980392 -0.00804598 -0.00174129 -0.000819672 0.00532407 0.00687135 0.0147436
internal_weight=900 606 294 204 174 402 366 216 171 78
internal_count=900 606 294 204 174 402 366 216 171 78
is_linear=0
shrinkage=0.05


Tree=39
num_leaves=12
num_cat=0
split_feature=0 1 1 0 1 0 1 1 0 0 0
split_gain=11.6495 3.79318 1.71058 1.53377 1.43976 1.0944 1.36611 0.542136 2.79231 0.750021 0.489153
threshold=0.3337561183114211 0.31032638258616746 0.35473953715070833 0.30415595472450641 0.30538200514495289 0.34417281438226838 0.34305735005934224 0.32114533747766888 0.31022170804213478 0.33153993683433414 0.36588008808621048
decision_type=2 2 2 2 2 2 2 2 2 2 2
left_child=1 3 5 4 -1 6 -2 8 -3 -9 -4
right_child=2 7 10 -5 -6 -7 -8 9 -10 -11 -12
leaf_value=-0.00024487928374677395 5.6847277458443868e-05 5.8181688840179549e-05 0.00013217777803976871 -0.00026031655567838738 2.9970881316965237e-05 -1.249596197555325e-05 0.00017837248357233104 6.0551713604084515e-06 -0.00010386133759965194 -3.2654776131579859e-05 0.0012940930913452526
leaf_weight=140 65 52 54 30 34 31 48 272 108 36 30
leaf_count=140 65 52 54 30 34 31 48 272 108 36 30
internal_value=-0.000555556 -0.00386905 0.00921053 -0.00955882 -0.00775862 0.00590278 0.00818584 -0.00138889 -0.00375 -0.000162338 0.014881
internal_weight=900 672 228 204 174 144 113 468 160 308 84
internal_count=900 672 228 204 174 144 113 468 160 308 84
is_linear=0
shrinkage=0.05


Tree=40
num_leaves=11
num_cat=0
split_feature=0 1 0 1 1 0 1 0 1 1
split_gain=10.3816 3.89304 1.53377 1.43976 1.0978 1.0944 1.36611 0.500178 1.28099 0.238095
threshold=0.3337561183114211 0.31032638258616746 0.30415595472450641 0.30538200514495289 0.35473953715070833 0.34417281438226838 0.34305735005934224 0.33153993683433414 0.33174368692725903 0.36118277437300833
decision_type=2 2 2 2 2 2 2 2 2 2
left_child=1 2 3 -1 5 6 -2 8 -3 -6
right_child=4 7 -4 -5 9 -7 -8 -9 -10 -11
leaf_value=-0.00023263531955943496 5.4004913585520291e-05 -2.1653588254313961e-05 -0.0002473007278944686 2.847233725111753e-05 0.00016941514430610094 -1.1871163876775448e-05 0.0001694538593937145 -3.1022037325001416e-05 0.00012758915872390365 0.00042738588702274374
leaf_weight=140 65 363 30 34 30 31 48 36 69 54
leaf_count=140 65 363 30 34 30 31 48 36 69 54
internal_value=-0.000666667 -0.00379464 -0.00955882 -0.00775862 0.00855263 0.00590278 0.00818584 -0.00128205 -0.000810185 0.0130952
internal_weight=900 672 204 174 228 144 113 468 432 84
internal_count=900 672 204 174 228 144 113 468 432 84
is_linear=0
shrinkage=0.05


Tree=41
num_leaves=12
num_cat=0
split_feature=0 1 0 1 1 0 1 0 0 1 1
split_gain=10.0096 4.20039 1.53377 1.43976 1.0978 1.0944 1.36611 0.524454 1.46746 0.884669 0.238095
threshold=0.3337561183114211 0.31032638258616746 0.30415595472450641 0.30538200514495289 0.35473953715070833 0.34417281438226838 0.34305735005934224 0.31542682910130254 0.31022170804213478 0.33593554558310362 0.36118277437300833
decision_type=2 2 2 2 2 2 2 2 2 2 2
left_child=1 2 3 -1 5 6 -2 8 -3 -9 -6
right_child=4 7 -4 -5 10 -7 -8 9 -10 -11 -12
leaf_value=-0.0002210035535814642 5.1304667906243444e-05 8.6332315925807809e-06 -0.00023493569149974497 2.7048720388561655e-05 0.00016094438709079729 -1.1277605682935566e-05 0.00016098116642402905 -5.9438219889532131e-06 -0.00011919604857237171 0.00011875969582652302 0.00040601659267160698
leaf_weight=140 65 60 30 34 30 31 48 294 84 30 54
leaf_count=140 65 60 30 34 30 31 48 294 84 30 54
internal_value=-0.0005 -0.00357143 -0.00955882 -0.00775862 0.00855263 0.00590278 0.00818584 -0.000961538 -0.00347222 0.000154321 0.0130952
internal_weight=900 672 204 174 228 144 113 468 144 324 84
internal_count=900 672 204 174 228 144 113 468 144 324 84
is_linear=0
shrinkage=0.05


Tree=42
num_leaves=11
num_cat=0
split_feature=0 1 1 0 1 0 1 1 0 0
split_gain=9.12552 4.09183 1.24982 1.04986 1.9207 0.741935 1.2569 0.571089 2.19375 1.46746
threshold=0.31542682910130254 0.33840079702204323 0.29461947285398149 0.33213504066442673 0.33384029996118975 0.33654231249855598 0.35285463339705386 0.31032638258616746 0.30415595472450641 0.31022170804213478
decision_type=2 2 2 2 2 2 2 2 2 2
left_child=2 3 -1 4 -2 -3 -7 8 -4 -9
right_child=1 5 7 -5 -6 6 -8 9 -10 -11
leaf_value=-0.00044359655449311975 -5.5870391354739812e-06 0.0002548043870743838 -9.2875676382293837e-05 -5.8740077072365339e-05 0.00031392712373093379 4.0156890704201591e-05 0.00033371497482951874 8.2015700129528524e-06 -0.00022318890692475809 -0.00011323624614375388
leaf_weight=44 261 36 130 38 32 95 90 60 30 84
leaf_count=44 261 36 130 38 32 95 90 60 30 84
internal_value=-0.000555556 0.00344203 -0.00689655 -7.55287e-05 0.000938567 0.00871041 0.00743243 -0.00575658 -0.0078125 -0.00347222
internal_weight=900 552 348 331 293 221 185 304 160 144
internal_count=900 552 348 331 293 221 185 304 160 144
is_linear=0
shrinkage=0.05


Tree=43
num_leaves=10
num_cat=0
split_feature=0 1 0 1 1 0 1 0 1
split_gain=7.71775 3.22978 1.1099 1.74569 0.994899 0.764616 1.15491 0.576156 1.48466
threshold=0.31542682910130254 0.33840079702204323 0.33181630137838197 0.33183792783391441 0.29461947285398149 0.36588008808621048 0.35939768048726567 0.2952053515444949 0.30919449084626766
decision_type=2 2 2 2 2 2 2 2 2
left_child=4 2 3 -2 -1 6 -3 -6 -9
right_child=1 5 -4 -5 7 -7 -8 8 -10
leaf_value=-0.00042141672676846434 -7.589715405964537e-06 8.2275723393530903e-05 -3.5935531249503549e-05 0.00018033618389971253 -8.874685004045535e-06 0.0011710325640517966 -7.5230741300391651e-06 -0.00020728822175543338 -6.4865680981723847e-05
leaf_weight=44 232 160 41 58 40 30 31 107 157
leaf_count=44 232 160 41 58 40 30 31 107 157
internal_value=-0.000777778 0.00289855 -0.000226586 0.000862069 -0.0066092 0.00757919 0.00641361 -0.00559211 -0.00643939
internal_weight=900 552 331 290 348 221 191 304 264
internal_count=900 552 331 290 348 221 191 304 264
is_linear=0
shrinkage=0.05


Tree=44
num_leaves=12
num_cat=0
split_feature=0 1 0 1 1 0 0 1 1 0 1
split_gain=7.63179 3.10598 1.15387 1.66897 0.880381 1.83533 1.46746 1.10347 0.984676 0.764616 1.15491
threshold=0.31542682910130254 0.33840079702204323 0.33181630137838197 0.33183792783391441 0.31032638258616746 0.30415595472450641 0.31022170804213478 0.30538200514495289 0.31686755100645425 0.36588008808621048 0.35939768048726567
decision_type=2 2 2 2 2 2 2 2 2 2 2
left_child=4 2 3 -2 5 7 -6 -1 -8 10 -3
right_child=1 9 -4 -5 6 -7 8 -9 -10 -11 -12
leaf_value=-0.00019494518099550664 -7.2102296356651996e-06 7.8161937223854283e-05 -3.4138754687029758e-05 0.00017131937470472592 1.1034775561391541e-05 -0.00020522561401009194 -0.00021069808386424695 3.7143915756676639e-05 -4.7403890000477511e-05 0.0011124809358492055 -7.1469204235369293e-06
leaf_weight=140 232 160 41 58 60 30 45 34 39 30 31
leaf_count=140 232 160 41 58 60 30 45 34 39 30 31
internal_value=-0.000666667 0.00298913 -7.55287e-05 0.00103448 -0.00646552 -0.00857843 -0.00347222 -0.0066092 -0.0077381 0.00757919 0.00641361
internal_weight=900 552 331 290 348 204 144 174 84 221 191
internal_count=900 552 331 290 348 204 144 174 84 221 191
is_linear=0
shrinkage=0.05


Tree=45
num_leaves=10
num_cat=0
split_feature=0 1 0 1 0 0 1 0 1
split_gain=6.67546 2.74963 1.15387 1.66897 0.860705 1.13532 0.842219 0.478967 1.30287
threshold=0.31542682910130254 0.33840079702204323 0.33181630137838197 0.33183792783391441 0.36588008808621048 0.33654231249855598 0.29461947285398149 0.2952053515444949 0.30807399294811738
decision_type=2 2 2 2 2 2 2 2 2
left_child=6 2 3 -2 5 -3 -1 -8 -9
right_child=1 4 -4 -5 -6 -7 7 8 -10
leaf_value=-0.0003905986313802651 -6.8497181538812462e-06 0.00023841997606906945 -3.243181695267716e-05 0.00016275340596949019 0.0010568568890567454 5.1707802214509548e-05 1.3163082959316563e-06 -0.00021643398057466235 -5.3924422614945461e-05
leaf_weight=44 232 36 41 58 30 155 40 91 173
leaf_count=44 232 36 41 58 30 155 40 91 173
internal_value=-0.000611111 0.00280797 -7.55287e-05 0.00103448 0.0071267 0.00589005 -0.00603448 -0.00509868 -0.00587121
internal_weight=900 552 331 290 221 191 348 304 264
internal_count=900 552 331 290 221 191 348 304 264
is_linear=0
shrinkage=0.05


Tree=46
num_leaves=10
num_cat=0
split_feature=0 1 0 1 0 0 1 0 1
split_gain=5.85799 2.52429 1.42356 2.16861 0.962479 1.28881 0.918746 0.474912 1.40979
threshold=0.31542682910130254 0.33840079702204323 0.33153993683433414 0.33183792783391441 0.36588008808621048 0.33654231249855598 0.29461947285398149 0.3115374922007772 0.31266119970587286
decision_type=2 2 2 2 2 2 2 2 2
left_child=6 2 3 -2 5 -3 -1 8 -8
right_child=1 4 -4 -5 -6 -7 7 -9 -10
leaf_value=-0.00037106869981125279 -6.5072322461862122e-06 0.00022649897726561703 -3.5139719591187334e-05 0.00018306024803671218 0.0010040140446039071 4.91224121037831e-05 -0.00011939870795320551 -0.0001216874426134329 3.6223724444597873e-05
leaf_weight=44 232 36 50 49 30 155 191 56 57
leaf_count=44 232 36 50 49 30 155 191 56 57
internal_value=-0.000666667 0.00253623 -0.000226586 0.00115658 0.00667421 0.00536649 -0.00574713 -0.00476974 -0.00383065
internal_weight=900 552 331 281 221 191 348 304 248
internal_count=900 552 331 281 221 191 348 304 248
is_linear=0
shrinkage=0.05


Tree=47
num_leaves=10
num_cat=0
split_feature=0 1 0 1 1 0 0 0 1
split_gain=5.53134 2.36148 1.1099 1.53871 0.958258 0.952438 0.994624 0.39075 1.03434
threshold=0.31542682910130254 0.33840079702204323 0.33181630137838197 0.33226249319791001 0.29461947285398149 0.33654231249855598 0.36588008808621048 0.2952053515444949 0.3087524455722474
decision_type=2 2 2 2 2 2 2 2 2
left_child=4 2 3 -2 -1 -3 -7 -6 -9
right_child=1 5 -4 -5 7 6 -8 8 -10
leaf_value=-0.00035251526482069084 -6.1818706338756531e-06 0.00021517402840233598 -2.9053240125484493e-05 0.00014546272326917964 7.2204282787952104e-06 4.6666291498592696e-05 0.00095381334237371052 -0.00018948558949869466 -5.3039387706430022e-05
leaf_weight=44 238 36 41 52 40 155 30 99 165
leaf_count=44 238 36 41 52 40 155 30 99 165
internal_value=-0.000666667 0.00244565 -0.000226586 0.000862069 -0.00560345 0.00644796 0.005 -0.00460526 -0.00530303
internal_weight=900 552 331 290 348 221 185 304 264
internal_count=900 552 331 290 348 221 185 304 264
is_linear=0
shrinkage=0.05


Tree=48
num_leaves=12
num_cat=0
split_feature=0 1 0 1 1 0 1 0 0 0 0
split_gain=4.36409 2.16922 0.964085 2.52513 0.849658 0.936471 2.42383 0.666404 0.98027 0.327381 0.318025
threshold=0.31542682910130254 0.34029771525776342 0.33153993683433414 0.33226249319791001 0.29870221066124808 0.30138779181882824 0.30807399294811738 0.36588008808621048 0.33917715965385387 0.3337561183114211 0.29003791293740183
decision_type=2 2 2 2 2 2 2 2 2 2 2
left_child=4 2 3 -2 10 -6 -7 8 -3 -4 -1
right_child=1 7 9 -5 5 6 -8 -9 -10 -11 -12
leaf_value=-0.00028666403476788617 -5.8727771021810373e-06 0.00024493465921680835 -3.1930071605354439e-05 0.00023633838497709171 1.0109425509935434e-05 -0.00025082902347126068 -5.1839761870739466e-05 0.00090612267525502505 4.3628374724412337e-05 -2.1885612360530994e-05 -0.00018537994663057474
leaf_weight=38 238 39 34 46 68 37 171 30 128 37 34
leaf_count=38 238 39 34 46 68 37 171 30 128 37 34
internal_value=-0.0005 0.00226449 -7.04225e-05 0.00123239 -0.00488506 -0.00362319 -0.00528846 0.00647208 0.00523952 -0.00528169 -0.00972222
internal_weight=900 552 355 284 348 276 208 197 167 71 72
internal_count=900 552 355 284 348 276 208 197 167 71 72
is_linear=0
shrinkage=0.05


Tree=49
num_leaves=12
num_cat=0
split_feature=0 1 0 1 1 1 0 1 0 1 1
split_gain=3.87168 1.93283 0.985298 3.78356 1.91232 0.883548 0.751309 1.31731 0.597208 2.42383 0.532008
threshold=0.31542682910130254 0.34029771525776342 0.32569166958657864 0.3277689758919124 0.33226249319791001 0.29461947285398149 0.33917715965385387 0.34642799823747589 0.30138779181882824 0.30807399294811738 0.30302642165526839
decision_type=2 2 2 2 2 2 2 2 2 2 2
left_child=5 2 3 -2 -4 -1 -3 -8 10 -10 -7
right_child=1 6 4 -5 -6 8 7 -9 9 -11 -12
leaf_value=-0.00032055629984126255 -4.0400469234777586e-05 0.00023268792625596725 -6.5895567507331945e-05 0.00038906947865082478 8.4504109272243163e-06 -3.9698738337229367e-05 -3.0837751578485784e-05 0.00014199170005023688 -0.00023828757229769627 -4.9247773777202913e-05 3.0095685343328738e-05
leaf_weight=44 151 39 48 42 114 66 30 128 37 171 30
leaf_count=44 151 39 48 42 114 66 30 128 37 171 30
internal_value=-0.000611111 0.00199275 -0.000211268 0.00220207 -0.00308642 -0.00474138 0.00596447 0.00443038 -0.00378289 -0.00528846 -0.000520833
internal_weight=900 552 355 193 162 348 197 158 304 208 96
internal_count=900 552 355 193 162 348 197 158 304 208 96
is_linear=0
shrinkage=0.05


Tree=50
num_leaves=12
num_cat=0
split_feature=0 1 0 1 0 1 1 0 1 1 0
split_gain=3.50717 1.70104 2.12143 3.13368 0.796459 1.68232 0.638512 0.597208 2.42383 0.532008 0.452511
threshold=0.31542682910130254 0.33428024633818793 0.32569166958657864 0.32827179508797105 0.33181630137838197 0.34029771525776342 0.29461947285398149 0.30138779181882824 0.30807399294811738 0.30302642165526839 0.32801156096287792
decision_type=2 2 2 2 2 2 2 2 2 2 2
left_child=6 2 3 -2 -3 -6 -1 9 -9 -8 -4
right_child=1 4 10 -5 5 -7 7 8 -10 -11 -12
leaf_value=-0.00030452848484920081 -1.70145668634894e-05 0.00029529504536874587 -1.1505595531183245e-05 0.0005846539521598582 -2.1213852288864966e-05 8.6384983381615496e-05 -3.7713801420369286e-05 -0.00022637319368281063 -4.6785385088343734e-05 2.8590901076161469e-05 -9.7358434568718682e-05
leaf_weight=44 162 31 41 30 57 193 66 37 171 30 38
leaf_count=44 162 31 41 30 57 193 66 37 171 30 38
internal_value=-0.000666667 0.00181159 -0.00101476 0.00182292 0.00453737 0.0036 -0.0045977 -0.00378289 -0.00528846 -0.000520833 -0.00791139
internal_weight=900 552 271 192 281 250 348 304 208 96 79
internal_count=900 552 271 192 281 250 348 304 208 96 79
is_linear=0
shrinkage=0.05


Tree=51
num_leaves=12
num_cat=0
split_feature=0 1 0 1 1 0 1 1 0 0 1
split_gain=3.10575 1.49917 0.694707 1.8133 0.817804 0.506011 1.17642 0.496706 1.77693 1.18957 1.42124
threshold=0.31542682910130254 0.34403513116017553 0.32023613664099354 0.32310244710750124 0.330216732540971 0.36588008808621048 0.35939768048726567 0.31115226009562208 0.31040237504187057 0.30138779181882824 0.30256840949734881
decision_type=2 2 2 2 2 2 2 2 2 2 2
left_child=7 2 3 -2 -4 6 -3 9 -9 10 -1
right_child=1 5 4 -5 -6 -7 -8 8 -10 -11 -12
leaf_value=-0.00011602581754701914 -1.6389454124202119e-05 8.8241743194543421e-05 -5.9879188379466378e-05 0.00023737926294606083 1.462826625837077e-05 0.00084939770732068163 -2.7764652601020014e-05 2.6535603037677881e-05 -7.3237210862542315e-05 -0.00016817532966990347 7.3482692231105484e-05
leaf_weight=106 57 98 112 31 193 30 31 53 79 80 30
leaf_count=106 57 98 112 31 193 30 31 53 79 80 30
internal_value=-0.000611111 0.00172101 6.36132e-05 0.00397727 -0.00106557 0.00581761 0.00445736 -0.00431034 -0.00189394 -0.00578704 -0.00294118
internal_weight=900 552 393 88 305 159 129 348 132 216 136
internal_count=900 552 393 88 305 159 129 348 132 216 136
is_linear=0
shrinkage=0.05


Tree=52
num_leaves=12
num_cat=0
split_feature=0 1 1 0 0 1 1 1 0 0 1
split_gain=3.36842 1.43569 0.552832 1.66667 1.24008 1.05248 0.867857 0.522319 1.76611 1.1778 0.502682
threshold=0.31542682910130254 0.34622069534527394 0.3087524455722474 0.30138779181882824 0.30715555548422618 0.31337387083974855 0.29870221066124808 0.324728210419372 0.32335192624859971 0.31768598945245879 0.38540124330588948
decision_type=2 2 2 2 2 2 2 2 2 2 2
left_child=2 7 3 6 -4 -6 -1 9 -9 -2 -3
right_child=1 10 4 -5 5 -7 -8 8 -10 -11 -12
leaf_value=-0.00019244091364844509 2.9992686952748371e-05 6.9829492760353773e-05 3.1761329457748182e-05 -0.00017197988641991791 -0.00016688321022261118 -3.6882955084908964e-05 7.2944753063325377e-06 0.0002140380036394385 -2.2948301475200772e-06 -7.9671542887568847e-05 0.00072401415075858263
leaf_weight=72 41 109 42 45 30 96 63 54 267 51 30
leaf_count=72 41 109 42 45 30 96 63 54 267 51 30
internal_value=-0.000888889 0.00153986 -0.00474138 -0.00666667 -0.00267857 -0.00515873 -0.00388889 6.05327e-05 0.00101246 -0.00326087 0.00593525
internal_weight=900 552 348 180 168 126 135 413 321 92 139
internal_count=900 552 348 180 168 126 135 413 321 92 139
is_linear=0
shrinkage=0.05


Tree=53
num_leaves=8
num_cat=0
split_feature=1 1 1 1 0 1 0
split_gain=2.85264 1.13451 1.44499 1.73741 0.908748 0.869776 0.929032
threshold=0.31115226009562208 0.38540124330588948 0.36118277437300833 0.34622069534527394 0.30499057037814853 0.30656718663041799 0.300432624975288
decision_type=2 2 2 2 2 2 2
left_child=4 2 3 -2 5 6 -1
right_child=1 -3 -4 -5 -6 -7 -8
leaf_value=-5.9997566533356864e-05 -1.4684812420451277e-06 0.00063074858639395335 -0.00011239946599723161 0.00012447562384704515 -0.00017428253651861626 5.2308776781689882e-05 -0.00016338089209892161
leaf_weight=124 537 33 33 81 31 30 31
leaf_count=124 537 33 33 81 31 30 31
internal_value=-0.000777778 0.000804094 0.000345622 0.000889968 -0.00578704 -0.00445946 -0.00596774
internal_weight=900 684 651 618 216 185 155
internal_count=900 684 651 618 216 185 155
is_linear=0
shrinkage=0.05


Tree=54
num_leaves=12
num_cat=0
split_feature=0 1 1 0 0 1 0 0 1 1 1
split_gain=2.69266 1.32474 0.794101 1.59941 1.22514 0.439394 1.77693 1.30613 1.31455 1.0814 0.831966
threshold=0.31542682910130254 0.38540124330588948 0.33428024633818793 0.32801156096287792 0.35538857643701072 0.31115226009562208 0.31040237504187057 0.30138779181882824 0.30256840949734881 0.30807399294811738 0.31686755100645425
decision_type=2 2 2 2 2 2 2 2 2 2 2
left_child=5 2 3 -2 -4 7 -7 8 -1 -9 -8
right_child=1 -3 4 -5 -6 6 10 9 -10 -11 -12
leaf_value=-9.7602602660579188e-05 3.7034470635299857e-06 0.0006562760139009569 4.8129947849681609e-05 -9.3033760583723093e-05 -4.7002789026637241e-05 2.9012591867377814e-05 -0.00016069245371395092 -0.00020066221203326464 6.9636053598023937e-05 -8.5220343947409183e-05 -2.584606876004786e-05
leaf_weight=106 233 30 219 38 32 53 41 37 30 43 38
leaf_count=106 233 30 219 38 32 53 41 37 30 43 38
internal_value=-0.000722222 0.00144928 0.000862069 -0.00101476 0.00288845 -0.00416667 -0.00189394 -0.00555556 -0.00257353 -0.010625 -0.00664557
internal_weight=900 552 522 271 251 348 132 216 136 80 79
internal_count=900 552 522 271 251 348 132 216 136 80 79
is_linear=0
shrinkage=0.05


Tree=55
num_leaves=11
num_cat=0
split_feature=0 1 1 0 0 1 0 0 1 1
split_gain=2.69266 1.32474 0.695797 2.98033 0.730556 0.510923 1.67889 1.27994 0.844618 0.724339
threshold=0.31542682910130254 0.38540124330588948 0.32827179508797105 0.32569166958657864 0.32050401360639463 0.30807399294811738 0.30138779181882824 0.30715555548422618 0.31337387083974855 0.29870221066124808
decision_type=2 2 2 2 2 2 2 2 2 2
left_child=5 2 4 -4 -2 6 9 -7 -9 -1
right_child=1 -3 3 -5 -6 7 -8 8 -10 -11
leaf_value=-0.0001749388595063267 8.8218709292570144e-06 0.0006234622132059095 0.00073983994375713402 6.0024486051440951e-06 -6.8870505452658945e-05 3.9064473236130605e-05 -0.0001906291014316025 -0.00014493398383862434 -3.0301920206710076e-05 1.1616993466062598e-05
leaf_weight=72 87 30 31 321 83 49 37 31 96 63
leaf_count=72 87 30 31 321 83 49 37 31 96 63
internal_value=-0.000722222 0.00144928 0.000862069 0.00213068 -0.00176471 -0.00416667 -0.00610465 -0.00227273 -0.00492126 -0.00351852
internal_weight=900 552 522 352 170 348 172 176 127 135
internal_count=900 552 522 352 170 348 172 176 127 135
is_linear=0
shrinkage=0.05


Tree=56
num_leaves=9
num_cat=0
split_feature=1 0 0 1 0 0 1 0
split_gain=2.34016 1.15432 1.07504 1.07132 1.09078 0.642496 2.18489 0.235948
threshold=0.31115226009562208 0.34959353407332977 0.30499057037814853 0.30656718663041799 0.30008102808479092 0.31022170804213478 0.31803190821593286 0.36588008808621048
decision_type=2 2 2 2 2 2 2 2
left_child=2 5 3 4 -1 -2 -7 -3
right_child=1 7 -4 -5 -6 6 -8 -9
leaf_value=-5.5825820521296369e-05 3.9422477057590727e-05 3.424376203140511e-05 -0.00015406069330338169 5.2001131478168765e-05 -0.00013446701970112608 -0.00010222117102291485 9.5517135493439219e-06 0.00067520277374167887
leaf_weight=121 49 51 31 30 34 63 491 30
leaf_count=121 49 51 31 30 34 63 491 30
internal_value=-0.000555556 0.000877193 -0.00509259 -0.00364865 -0.00532258 0.000124378 -0.000361011 0.00648148
internal_weight=900 684 216 185 155 603 554 81
internal_count=900 684 216 185 155 603 554 81
is_linear=0
shrinkage=0.05


Tree=57
num_leaves=8
num_cat=0
split_feature=0 1 0 1 0 1 0
split_gain=2.50727 1.30135 0.708429 1.6786 0.46119 1.39993 0.860451
threshold=0.31542682910130254 0.38540124330588948 0.35538857643701072 0.35285463339705386 0.3115374922007772 0.31266119970587286 0.30138779181882824
decision_type=2 2 2 2 2 2 2
left_child=4 2 3 -2 5 6 -1
right_child=1 -3 -4 -5 -6 -7 -8
leaf_value=-3.6665036773331222e-05 5.061724329910589e-06 0.00057517024036333878 -5.6324641690423675e-05 0.00026948611394410072 -9.2059564701665875e-05 5.8137636996408172e-05 -0.00011769701900243569
leaf_weight=136 458 30 32 32 56 57 99
leaf_count=136 458 30 32 32 56 57 99
internal_value=-0.000555556 0.00153986 0.000957854 0.00142857 -0.00387931 -0.00308219 -0.00478723
internal_weight=900 552 522 490 348 292 235
internal_count=900 552 522 490 348 292 235
is_linear=0
shrinkage=0.05


Tree=58
num_leaves=9
num_cat=0
split_feature=0 0 0 1 0 1 1 0
split_gain=1.78519 0.967533 0.597547 1.32901 0.962527 0.541904 1.01815 0.22476
threshold=0.31542682910130254 0.36588008808621048 0.3115374922007772 0.31115226009562208 0.30138779181882824 0.35939768048726567 0.34622069534527394 0.30941355615956084
decision_type=2 2 2 2 2 2 2 2
left_child=2 5 3 4 -1 6 -2 -5
right_child=1 -3 -4 7 -6 -7 -8 -9
leaf_value=-3.4831784934663544e-05 9.6764347431166366e-07 0.00061268412303642778 -8.7456586466583275e-05 4.3336204154834083e-05 -0.00011843948785335429 -2.1093860305101964e-05 0.00012298441683446376 7.2607650076578217e-06
leaf_weight=136 413 30 56 37 80 31 78 39
leaf_count=136 413 30 56 37 80 31 78 39
internal_value=-0.0005 0.00126812 -0.0033046 -0.00239726 -0.00439815 0.000766284 0.00117108 0.00328947
internal_weight=900 552 348 292 216 522 491 76
internal_count=900 552 348 292 216 522 491 76
is_linear=0
shrinkage=0.05


Tree=59
num_leaves=9
num_cat=0
split_feature=1 0 1 1 0 1 0 0
split_gain=1.57509 0.796324 1.36139 1.11366 0.725361 1.26015 1.35094 0.374989
threshold=0.31115226009562208 0.30138779181882824 0.30756141843542034 0.30256840949734881 0.36588008808621048 0.35939768048726567 0.30941355615956084 0.29459476638012949
decision_type=2 2 2 2 2 2 2 2
left_child=1 3 -3 7 5 6 -2 -1
right_child=4 2 -4 -5 -6 -7 -8 -9
leaf_value=-6.2230885539840694e-05 0.0001014822746952221 -0.00020123796762128445 -5.8381710806179604e-05 7.1209889535794879e-05 0.00058204991688460552 -0.0001293749474335859 2.1774543513097824e-06 -0.00016155042330734393
leaf_weight=75 32 33 47 30 30 39 583 31
leaf_count=75 32 33 47 30 30 39 583 31
internal_value=-0.000444444 -0.00416667 -0.008125 -0.00183824 0.000730994 0.000382263 0.000934959 -0.00424528
internal_weight=900 216 80 136 684 654 615 106
internal_count=900 216 80 136 684 654 615 106
is_linear=0
shrinkage=0.05


Tree=60
num_leaves=8
num_cat=0
split_feature=0 1 0 1 0 1 0
split_gain=1.56787 0.967533 0.671272 1.14339 0.454383 1.07969 0.565626
threshold=0.31542682910130254 0.38540124330588948 0.35538857643701072 0.34622069534527394 0.3115374922007772 0.31266119970587286 0.3054515841132191
decision_type=2 2 2 2 2 2 2
left_child=4 2 3 -2 5 6 -1
right_child=1 -3 -4 -5 -6 -7 -8
leaf_value=-4.7845443108071597e-05 8.1038858303073003e-07 0.00048767437454684537 -8.0233519246547536e-05 0.00012489618917164991 -8.3192629860820441e-05 5.4758844178637306e-05 -0.00012264659031926002
leaf_weight=189 413 30 32 77 56 57 46
leaf_count=189 413 30 32 77 56 57 46
internal_value=-0.000388889 0.00126812 0.000766284 0.00122449 -0.00301724 -0.00222603 -0.0037234
internal_weight=900 552 522 490 348 292 235
internal_count=900 552 522 490 348 292 235
is_linear=0
shrinkage=0.05


Tree=61
num_leaves=8
num_cat=0
split_feature=1 0 0 1 0 1 0
split_gain=1.29138 0.738716 0.725361 1.26015 1.35094 0.620911 0.437451
threshold=0.31115226009562208 0.3048038556373503 0.36588008808621048 0.35939768048726567 0.30941355615956084 0.30538200514495289 0.2952053515444949
decision_type=2 2 2 2 2 2 2
left_child=1 5 3 4 -2 6 -1
right_child=2 -3 -4 -5 -6 -7 -8
leaf_value=-4.8036826091552022e-05 9.8105354613976797e-05 -0.00012549941823915278 0.00052856370231303413 -0.00011889452409957757 1.7201801248978299e-06 4.7382439472482e-05 -0.00010466293495642044
leaf_weight=81 32 37 30 39 583 39 59
leaf_count=81 32 37 30 39 583 39 59
internal_value=-0.000333333 -0.0037037 0.000730994 0.000382263 0.000934959 -0.0023743 -0.00392857
internal_weight=900 216 684 654 615 179 140
internal_count=900 216 684 654 615 179 140
is_linear=0
shrinkage=0.05


Tree=62
num_leaves=11
num_cat=0
split_feature=0 1 0 1 0 1 0 0 1 1
split_gain=1.12852 0.619644 1.73914 3.09886 1.52979 1.42329 0.364147 0.470737 1.82597 0.59176
threshold=0.31542682910130254 0.33161331196104066 0.3253150559001845 0.32766039842972411 0.33109101606591868 0.33661979345747522 0.28700590964560962 0.30138779181882824 0.30756141843542034 0.29870221066124808
decision_type=2 2 2 2 2 2 2 2 2 2
left_child=6 2 3 -2 -3 -6 -1 9 -9 -8
right_child=1 4 -4 -5 5 -7 7 8 -10 -11
leaf_value=-0.00044418654329168031 -3.3989592258804048e-05 0.00013885036780175443 -5.8922128460725533e-05 0.0002523001309496467 -8.5381160915128107e-05 3.1055291142670363e-05 -5.4365575130449489e-05 -0.00019115291905844045 -2.9348369096135475e-05 2.5399260289651895e-05
leaf_weight=32 146 56 46 34 34 236 41 33 175 67
leaf_count=32 146 56 46 34 34 236 41 33 175 67
internal_value=-0.0005 0.000905797 -0.00110619 0.00111111 0.00230061 0.000740741 -0.00272989 -0.00221519 -0.00360577 0.000462963
internal_weight=900 552 226 180 326 270 348 316 208 108
internal_count=900 552 226 180 326 270 348 316 208 108
is_linear=0
shrinkage=0.05


Tree=63
num_leaves=10
num_cat=0
split_feature=0 1 0 0 1 1 0 0 1
split_gain=0.906088 0.636685 1.72329 1.2328 0.947849 0.822124 0.406486 0.515458 0.661684
threshold=0.31542682910130254 0.33404352217322725 0.32801156096287792 0.33213504066442673 0.32827179508797105 0.33993601053854844 0.28700590964560962 0.3115374922007772 0.31115226009562208
decision_type=2 2 2 2 2 2 2 2 2
left_child=6 2 4 -3 -2 -5 -1 8 -8
right_child=1 3 -4 5 -6 -7 7 -9 -10
leaf_value=-0.0004219772161270952 -2.3127206776638046e-05 0.00024991596207803168 -8.6089067971037444e-05 -3.1182989814815269e-05 0.00014528702560911712 3.9659568510111431e-05 -4.2754312159726254e-05 -7.7651588919216974e-05 2.1235964646457164e-05
leaf_weight=32 167 36 36 49 65 199 185 56 75
leaf_count=32 167 36 36 49 65 199 185 56 75
internal_value=-0.000444444 0.000815217 -0.000932836 0.00246479 0.000646552 0.00120968 -0.00244253 -0.00189873 -0.000961538
internal_weight=900 552 268 284 232 248 348 316 260
internal_count=900 552 268 284 232 248 348 316 260
is_linear=0
shrinkage=0.05


Tree=64
num_leaves=11
num_cat=0
split_feature=0 1 0 1 0 1 1 0 0 1
split_gain=0.935865 0.644258 1.74993 3.2446 1.30994 0.807079 0.481863 0.385026 0.478651 0.637449
threshold=0.31542682910130254 0.33428024633818793 0.32569166958657864 0.32827179508797105 0.33181630137838197 0.33993601053854844 0.33226249319791001 0.28700590964560962 0.3115374922007772 0.31266119970587286
decision_type=2 2 2 2 2 2 2 2 2 2
left_child=7 2 3 -2 -3 -6 -4 -1 9 -9
right_child=1 4 6 -5 5 -7 -8 8 -10 -11
leaf_value=-0.00040087835532074127 -1.6134353908910104e-05 0.00025682765381949968 -5.2560678376192831e-05 0.00049776617474935341 -2.4411097527635152e-05 3.7676590084606554e-05 -5.6055314519357083e-05 -3.8649714007077396e-05 -7.3769009473256819e-05 5.227959910577285e-05
leaf_weight=32 162 31 48 30 51 199 31 204 56 56
leaf_count=32 162 31 48 30 51 199 31 204 56 56
internal_value=-0.000555556 0.000724638 -0.00101476 0.0015625 0.00240214 0.0012 -0.00727848 -0.00258621 -0.00205696 -0.00115385
internal_weight=900 552 271 192 281 250 79 348 316 260
internal_count=900 552 271 192 281 250 79 348 316 260
is_linear=0
shrinkage=0.05


Tree=65
num_leaves=8
num_cat=0
split_feature=1 0 1 0 1 0 0
split_gain=0.960975 0.848896 0.834803 0.464231 1.23814 0.980466 0.367814
threshold=0.31115226009562208 0.3048038556373503 0.30623249045910456 0.36588008808621048 0.35939768048726567 0.30941355615956084 0.29924386601595115
decision_type=2 2 2 2 2 2 2
left_child=1 2 6 4 5 -2 -1
right_child=3 -3 -4 -5 -6 -7 -8
leaf_value=-3.8753792378998231e-05 9.3264959978293926e-05 -0.00011368682756404958 9.2956902027466212e-05 0.00049671594471051295 -0.0001183693703814659 2.471690721855824e-06 -9.1043685429567653e-05
leaf_weight=113 32 37 31 30 39 583 35
leaf_count=113 32 37 31 30 39 583 35
internal_value=-0.000333333 -0.00324074 -0.00181564 0.000584795 0.00030581 0.000853659 -0.00337838
internal_weight=900 216 179 684 654 615 148
internal_count=900 216 179 684 654 615 148
is_linear=0
shrinkage=0.05


Tree=66
num_leaves=12
num_cat=0
split_feature=0 1 0 1 0 1 0 0 1 1 1
split_gain=0.876792 0.51262 1.60557 3.13368 1.30994 0.807079 0.428529 0.466626 1.49261 0.715344 0.416119
threshold=0.31542682910130254 0.33428024633818793 0.32569166958657864 0.32827179508797105 0.33181630137838197 0.33993601053854844 0.28700590964560962 0.30138779181882824 0.30756141843542034 0.29898870771033853 0.3313335518941653
decision_type=2 2 2 2 2 2 2 2 2 2 2
left_child=6 2 3 -2 -3 -6 -1 9 -9 -8 -4
right_child=1 4 10 -5 5 -7 7 8 -10 -11 -12
leaf_value=-0.00037889674793575303 -1.5451220749558571e-05 0.00024386268659243039 -5.4834675408693692e-05 0.0004727542814757929 -2.3314127187346047e-05 3.5669176044283989e-05 -4.5599058119052961e-05 -0.00018217291689855142 -2.6704669116281446e-05 3.2751682854986754e-05 -3.6990460998817533e-05
leaf_weight=32 162 31 35 30 51 199 45 33 175 63 44
leaf_count=32 162 31 35 30 51 199 45 33 175 63 44
internal_value=-0.000333333 0.000905797 -0.000645756 0.00182292 0.00240214 0.0012 -0.00229885 -0.00174051 -0.003125 0.000925926 -0.00664557
internal_weight=900 552 271 192 281 250 348 316 208 108 79
internal_count=900 552 271 192 281 250 348 316 208 108 79
is_linear=0
shrinkage=0.05


Tree=67
num_leaves=10
num_cat=0
split_feature=0 0 1 1 0 0 0 1 1
split_gain=0.957175 0.554734 1.60776 1.29333 0.825236 0.406486 0.413748 0.378627 0.280139
threshold=0.31542682910130254 0.32023613664099354 0.32310244710750124 0.330216732540971 0.33109101606591868 0.28700590964560962 0.31306905527573653 0.31115226009562208 0.32608663335541238
decision_type=2 2 2 2 2 2 2 2 2
left_child=5 2 -2 8 -5 -1 7 -7 -3
right_child=1 3 -4 4 -6 6 -8 -9 -10
leaf_value=-0.0003599519105389665 -8.8421671831845353e-06 -0.00013002512291628577 0.00022675490254155106 9.0888804603161957e-05 3.4135412966485036e-06 -3.1664536017367299e-05 -0.00011469923316859421 9.1664168110294777e-06 -2.7953648168346779e-05
leaf_weight=32 57 33 31 82 270 185 36 95 79
leaf_count=32 57 33 31 82 270 185 36 95 79
internal_value=-0.000388889 0.000905797 0.00454545 0.000215517 0.00170455 -0.00244253 -0.00189873 -0.00125 -0.00446429
internal_weight=900 552 88 464 352 348 316 280 112
internal_count=900 552 88 464 352 348 316 280 112
is_linear=0
shrinkage=0.05


Tree=68
num_leaves=6
num_cat=0
split_feature=1 0 1 1 0
split_gain=0.782609 0.573615 1.12288 0.810718 0.117361
threshold=0.29870221066124808 0.36588008808621048 0.35838381523169999 0.34622069534527394 0.29103364351071453
decision_type=2 2 2 2 2
left_child=4 2 3 -2 -1
right_child=1 -3 -4 -5 -6
leaf_value=-9.2522287672083819e-05 -5.3920398598195087e-06 0.0004699260116079407 -7.7768751047277434e-05 0.00011106807781681438 -0.0001132474657571353
leaf_weight=40 681 30 42 75 32
leaf_count=40 681 30 42 75 32
internal_value=-0.000555556 -0.000120773 -0.00037594 6.61376e-05 -0.00555556
internal_weight=900 828 798 756 72
internal_count=900 828 798 756 72
is_linear=0
shrinkage=0.05


Tree=69
num_leaves=6
num_cat=0
split_feature=0 1 1 0 0
split_gain=0.902672 1.06937 0.997076 1.33939 1.33361
threshold=0.36033912389886563 0.35939768048726567 0.33428024633818793 0.32801156096287792 0.33213504066442673
decision_type=2 2 2 2 2
left_child=1 2 3 -1 -4
right_child=-2 -3 4 -5 -6
leaf_value=-1.0882403714618239e-05 0.00030645118300477725 -0.00021346778866765116 0.00026638242403351778 -7.8385553043899836e-05 3.9830176385674541e-06
leaf_weight=571 39 30 31 38 191
leaf_count=571 39 30 31 38 191
internal_value=-0.000388889 -0.0007259 -0.000391095 -0.00143678 0.00247748
internal_weight=900 861 831 609 222
internal_count=900 861 831 609 222
is_linear=0
shrinkage=0.05


Tree=70
num_leaves=8
num_cat=0
split_feature=1 0 1 0 1 0 1
split_gain=0.946877 1.06096 2.85591 0.660597 0.462555 1.48542 1.26366
threshold=0.33161331196104066 0.3253150559001845 0.32766039842972411 0.32050401360639463 0.36545751485232086 0.33109101606591868 0.33993601053854844
decision_type=2 2 2 2 2 2 2
left_child=1 2 3 -1 5 -2 -7
right_child=4 -3 -4 -5 -6 6 -8
leaf_value=-1.6926760394987695e-05 0.00016673269140438375 -5.157242976821519e-05 0.00021619828333235003 -0.00010356110894880616 -8.8465046513655504e-05 -3.4281532470270552e-05 2.0716946421808771e-05
leaf_weight=424 54 46 34 60 51 71 160
leaf_count=424 54 46 34 60 51 71 160
internal_value=-0.000166667 -0.00141844 -0.000772201 -0.0017562 0.00193452 0.0027193 0.000974026
internal_weight=900 564 518 484 336 285 231
internal_count=900 564 518 484 336 285 231
is_linear=0
shrinkage=0.05


Tree=71
num_leaves=9
num_cat=0
split_feature=1 0 1 0 1 1 1 0
split_gain=0.984449 1.41856 0.765689 1.46678 0.543054 0.339358 1.0297 1.33325
threshold=0.33404352217322725 0.32801156096287792 0.32827179508797105 0.32601530395724754 0.29870221066124808 0.38540124330588948 0.36118277437300833 0.33213504066442673
decision_type=2 2 2 2 2 2 2 2
left_child=1 2 4 -4 -1 6 7 -2
right_child=5 -3 3 -5 -6 -7 -8 -9
leaf_value=-0.00010619463426379816 0.00022523281325768365 -7.323931402508505e-05 0.00023451237493830602 -3.3946587325625613e-06 -1.6014621661225582e-05 0.00029555187618022231 -0.00012687500664840536 5.4452831114173988e-06
leaf_weight=72 34 36 31 34 433 33 33 194
leaf_count=72 34 36 31 34 433 33 33 194
internal_value=-0.000333333 -0.00148515 -0.000877193 0.00423077 -0.00153465 0.00204082 0.00143678 0.00263158
internal_weight=900 606 570 65 505 294 261 228
internal_count=900 606 570 65 505 294 261 228
is_linear=0
shrinkage=0.05


Tree=72
num_leaves=6
num_cat=0
split_feature=0 1 1 1 0
split_gain=0.977857 1.0593 0.922766 0.691277 0.0166667
threshold=0.35338004271422679 0.35589340841629286 0.34622069534527394 0.29870221066124808 0.36588008808621048
decision_type=2 2 2 2 2
left_child=1 2 3 -1 -2
right_child=4 -3 -4 -5 -6
leaf_value=-0.00010088490255060757 1.2169068797526773e-05 -0.0002651618586100982 0.00010909990165064443 -3.1964465288247812e-06 0.00042075281039397619
leaf_weight=72 30 30 57 681 30
leaf_count=72 30 30 57 681 30
internal_value=-0.000333333 -0.00077381 -0.000432099 -0.000896414 0.00583333
internal_weight=900 840 810 753 60
internal_count=900 840 810 753 60
is_linear=0
shrinkage=0.05


Tree=73
num_leaves=7
num_cat=0
split_feature=0 1 0 1 1 1
split_gain=1.04345 0.695737 0.405539 1.868 0.390016 0.0697894
threshold=0.34959353407332977 0.29461947285398149 0.30066527814942673 0.30756141843542034 0.29898870771033853 0.35939768048726567
decision_type=2 2 2 2 2 2
left_child=1 -1 4 -4 -3 -2
right_child=5 2 3 -5 -6 -7
leaf_value=-0.00014742514857806895 8.102423745744158e-06 -2.0004122234018595e-05 -0.00015418688562970906 -6.7277789179143179e-07 2.8434370977517554e-05 0.00012040960331252959
leaf_weight=44 30 32 40 647 56 51
leaf_count=44 30 32 40 647 56 51
internal_value=-0.000166667 -0.000702076 -0.000354839 -0.000764192 0.00284091 0.00524691
internal_weight=900 819 775 687 88 81
internal_count=900 819 775 687 88 81
is_linear=0
shrinkage=0.05


Tree=74
num_leaves=9
num_cat=0
split_feature=0 0 1 1 1 0 0 1
split_gain=0.847745 0.792537 0.706026 0.561348 0.554563 0.932971 0.247742 0.444734
threshold=0.3337561183114211 0.33153993683433414 0.29461947285398149 0.33174368692725903 0.34622069534527394 0.33826251349909214 0.34628214943023872 0.35743946072228677
decision_type=2 2 2 2 2 2 2 2
left_child=1 2 -1 -4 5 -2 -6 -8
right_child=4 -3 3 -5 6 -7 7 -9
leaf_value=-0.00014005389114916529 3.0567265249412116e-05 -3.6149457773609894e-05 -7.4763253982590429e-06 3.9435853089678235e-05 0.00010113230042107236 -3.4401699065111928e-05 -1.7644760272712833e-05 0.00013031604584304163
leaf_weight=44 56 36 523 69 38 38 34 62
leaf_count=44 56 36 523 69 38 38 34 62
internal_value=-0.000222222 -0.00111607 -0.000707547 -0.000253378 0.00241228 -0.000531915 0.00447761 0.003125
internal_weight=900 672 636 592 228 94 134 96
internal_count=900 672 636 592 228 94 134 96
is_linear=0
shrinkage=0.05


Tree=75
num_leaves=5
num_cat=0
split_feature=1 0 1 1
split_gain=0.751744 0.346455 1.24455 0.604724
threshold=0.29461947285398149 0.36033912389886563 0.35838381523169999 0.34622069534527394
decision_type=2 2 2 2
left_child=-1 2 3 -2
right_child=1 -3 -4 -5
leaf_value=-0.00013305119659170613 -2.5223306385879776e-06 0.00024720035939373167 -0.00011251845066966026 9.3529440358389176e-05
leaf_weight=44 709 39 33 75
leaf_count=44 709 39 33 75
internal_value=-0.000444444 -0.000116822 -0.000336597 6.37755e-05
internal_weight=900 856 817 784
internal_count=900 856 817 784
is_linear=0
shrinkage=0.05


Tree=76
num_leaves=5
num_cat=0
split_feature=1 1 1 1
split_gain=0.764906 0.394649 0.893327 0.628553
threshold=0.29461947285398149 0.38540124330588948 0.36118277437300833 0.35435097487314687
decision_type=2 2 2 2
left_child=-1 2 3 -2
right_child=1 -3 -4 -5
leaf_value=-0.00012639863676212199 -1.5019008559380432e-06 0.00023484034142404466 -0.0001460360101833258 0.00014535308878051436
leaf_weight=44 757 33 33 33
leaf_count=44 757 33 33 33
internal_value=-0.000388889 -5.84112e-05 -0.00027339 6.32911e-05
internal_weight=900 856 823 790
internal_count=900 856 823 790
is_linear=0
shrinkage=0.05


Tree=77
num_leaves=5
num_cat=0
split_feature=0 0 1 0
split_gain=0.709683 0.340039 1.14277 0.419985
threshold=0.28700590964560962 0.36588008808621048 0.36286775275628508 0.29261210442086877
decision_type=2 2 2 2
left_child=-1 2 3 -2
right_child=1 -3 -4 -5
leaf_value=-0.00029823732192816037 8.572937235883927e-05 0.00036307685237560732 -0.00025753371729211053 -1.8477525682208952e-06
leaf_weight=32 31 30 30 777
leaf_count=32 31 30 30 777
internal_value=-0.0005 -0.000230415 -0.000417661 -6.18812e-05
internal_weight=900 868 838 808
internal_count=900 868 838 808
is_linear=0
shrinkage=0.05


Tree=78
num_leaves=5
num_cat=0
split_feature=0 1 1 0
split_gain=0.538947 0.741053 0.531835 0.399254
threshold=0.3579438144772954 0.35798355356869022 0.29461947285398149 0.30066527814942673
decision_type=2 2 2 2
left_child=1 2 -1 -4
right_child=-2 -3 3 -5
leaf_value=-0.00011476600618478273 0.0001156917892588344 -0.00025061453876377705 1.9922795336707602e-05 -2.3159765978858496e-06
leaf_weight=44 45 30 87 694
leaf_count=44 45 30 87 694
internal_value=-0.000333333 -0.000614035 -0.000333333 -3.20102e-05
internal_weight=900 855 825 781
internal_count=900 855 825 781
is_linear=0
shrinkage=0.05


Tree=79
num_leaves=6
num_cat=0
split_feature=0 1 1 0 0
split_gain=0.671746 0.768254 0.449774 1.08893 0.963257
threshold=0.35338004271422679 0.35589340841629286 0.33428024633818793 0.33213504066442673 0.32569166958657864
decision_type=2 2 2 2 2
left_child=1 2 4 -4 -1
right_child=-2 -3 3 -5 -6
leaf_value=-1.094760444105003e-06 4.4536024905243722e-05 -0.00023535079332676209 0.00023209609419831689 1.1268687395538102e-06 -4.5525508955671094e-05
leaf_weight=530 60 30 31 170 79
leaf_count=530 60 30 31 170 79
internal_value=-0.000111111 -0.00047619 -0.000185185 0.00186567 -0.000862069
internal_weight=900 840 810 201 609
internal_count=900 840 810 201 609
is_linear=0
shrinkage=0.05


Tree=80
num_leaves=9
num_cat=0
split_feature=1 0 1 0 0 1 0 0
split_gain=0.49936 0.787176 1.46338 0.792379 0.420941 1.59533 0.809434 0.462006
threshold=0.330216732540971 0.32360635365370061 0.32608663335541238 0.31768598945245879 0.33109101606591868 0.33840079702204323 0.33766838611483235 0.32664044595697972
decision_type=2 2 2 2 2 2 2 2
left_child=1 2 3 -1 7 -6 -7 -2
right_child=4 -3 -4 -5 5 6 -8 -9
leaf_value=-6.6383730731062187e-06 8.3787278073704785e-05 -4.7755547221892128e-05 8.8774621950132862e-05 -4.2427770920255847e-05 -5.5801656780440915e-05 0.0001232835224051654 4.8977644943284939e-06 3.8029250201312981e-05
leaf_weight=377 38 50 40 69 56 40 174 56
leaf_count=377 38 50 40 69 56 40 174 56
internal_value=-5.55556e-05 -0.00102612 -0.000411523 -0.00123318 0.00137363 0.00037037 0.00233645 0.00425532
internal_weight=900 536 486 446 364 270 214 94
internal_count=900 536 486 446 364 270 214 94
is_linear=0
shrinkage=0.05


Tree=81
num_leaves=7
num_cat=0
split_feature=0 1 1 0 0 0
split_gain=0.434603 0.514286 0.437797 1.29557 0.94164 0.0166667
threshold=0.35338004271422679 0.35589340841629286 0.32922810103325523 0.33109101606591868 0.32360635365370061 0.36588008808621048
decision_type=2 2 2 2 2 2
left_child=1 2 4 -4 -1 -2
right_child=5 -3 3 -5 -6 -7
leaf_value=-5.5384123338830809e-06 3.7207042894657483e-06 -0.00022580037972462497 9.1659880455069459e-05 -5.0936508176807619e-06 -5.5335176680959554e-05 0.00033666673082390633
leaf_weight=485 30 30 94 192 39 30
leaf_count=485 30 30 94 192 39 30
internal_value=5.55556e-05 -0.000238095 0 0.00157343 -0.000858779 0.00416667
internal_weight=900 840 810 286 524 60
internal_count=900 840 810 286 524 60
is_linear=0
shrinkage=0.05


Tree=82
num_leaves=7
num_cat=0
split_feature=0 1 1 0 0 1
split_gain=0.6218 0.309689 0.445768 2.02817 1.19593 0.0395062
threshold=0.34959353407332977 0.34803169024682706 0.33404352217322725 0.32801156096287792 0.33213504066442673 0.36177845541428705
decision_type=2 2 2 2 2 2
left_child=1 2 3 -1 -4 -2
right_child=5 -3 4 -5 -6 -7
leaf_value=-4.90907925495554e-06 5.4750601500119796e-06 -0.00013163992897713973 0.00019451297795164413 -6.8162161983108258e-05 -1.6365948248192598e-06 0.00019237482189501666
leaf_weight=570 36 42 34 36 137 45
leaf_count=570 36 42 34 36 137 45
internal_value=-0.000166667 -0.000579976 -0.000353925 -0.000990099 0.00190058 0.00401235
internal_weight=900 819 777 606 171 81
internal_count=900 819 777 606 171 81
is_linear=0
shrinkage=0.05


Tree=83
num_leaves=8
num_cat=0
split_feature=1 0 1 0 1 0 1
split_gain=0.455441 1.92537 0.719986 0.57452 0.476402 0.926246 1.13489
threshold=0.33428024633818793 0.32801156096287792 0.330216732540971 0.32360635365370061 0.36438185781342064 0.33213504066442673 0.34074419338158007
decision_type=2 2 2 2 2 2 2
left_child=1 2 3 -1 5 -2 -7
right_child=4 -3 -4 -5 -6 6 -8
leaf_value=-4.6636252922088728e-06 0.00020428118405800002 -6.4754053883951673e-05 0.00016641360631197146 -4.1862026930619694e-05 -0.00011241613600933287 -2.0538993283331086e-05 2.285319435741118e-05
leaf_weight=486 31 38 40 45 54 61 145
leaf_count=486 31 38 40 45 54 61 145
internal_value=-0.000166667 -0.000944171 -0.000218914 -0.000706215 0.00146048 0.00242616 0.00121359
internal_weight=900 609 571 531 291 237 206
internal_count=900 609 571 531 291 237 206
is_linear=0
shrinkage=0.05


Tree=84
num_leaves=6
num_cat=0
split_feature=0 1 0 1 0
split_gain=0.437694 0.328037 0.379396 1.54571 0.0810887
threshold=0.34959353407332977 0.34803169024682706 0.34120600123191031 0.34107338220767214 0.35639980821771972
decision_type=2 2 2 2 2
left_child=1 2 3 -1 -2
right_child=4 -3 -4 -5 -6
leaf_value=-5.2598020475844167e-06 1.6723024959303114e-05 -0.00012620059224615344 -4.2708645531763791e-05 0.00021930727718226658 7.7760658670683602e-05
leaf_weight=702 33 42 31 44 48
leaf_count=702 33 42 31 44 48
internal_value=-0.000111111 -0.000457875 -0.000225225 0 0.00339506
internal_weight=900 819 777 746 81
internal_count=900 819 777 746 81
is_linear=0
shrinkage=0.05


Tree=85
num_leaves=6
num_cat=0
split_feature=1 1 1 0 0
split_gain=0.401658 0.881776 0.769146 0.912698 0.875814
threshold=0.38540124330588948 0.36118277437300833 0.34622069534527394 0.34628214943023872 0.33826251349909214
decision_type=2 2 2 2 2
left_child=1 2 4 -4 -1
right_child=-2 -3 3 -5 -6
leaf_value=-1.767919503870008e-06 0.00018448885466719746 -0.0001489492717031027 0.00014280746075373275 1.1789894427655101e-06 -3.6673993645747198e-05
leaf_weight=715 33 33 35 46 38
leaf_count=715 33 33 35 46 38
internal_value=-0.000111111 -0.000317186 0 0.00462963 -0.000498008
internal_weight=900 867 834 81 753
internal_count=900 867 834 81 753
is_linear=0
shrinkage=0.05


Tree=86
num_leaves=6
num_cat=0
split_feature=0 1 0 1 1
split_gain=0.437694 0.328037 0.398873 1.40493 0.104321
threshold=0.34959353407332977 0.34803169024682706 0.33917715965385387 0.34074419338158007 0.36177845541428705
decision_type=2 2 2 2 2
left_child=1 2 3 -1 -2
right_child=4 -3 -4 -5 -6
leaf_value=-4.4314704122611069e-06 3.8101955270514191e-06 -0.00011994951210598238 -3.0941074354029485e-05 0.0003958785081821209 0.00017526441193383704
leaf_weight=697 36 42 49 31 45
leaf_count=697 36 42 49 31 45
internal_value=-0.000111111 -0.000457875 -0.000225225 6.86813e-05 0.00339506
internal_weight=900 819 777 728 81
internal_count=900 819 777 728 81
is_linear=0
shrinkage=0.05


Tree=87
num_leaves=6
num_cat=0
split_feature=1 1 1 0 0
split_gain=0.401658 0.881776 0.769146 1.03929 0.912698
threshold=0.38540124330588948 0.36118277437300833 0.34622069534527394 0.33766838611483235 0.34628214943023872
decision_type=2 2 2 2 2
left_child=1 2 3 -1 -4
right_child=-2 -3 4 -5 -6
leaf_value=-1.4579500080658115e-06 0.00016650119133714559 -0.00015026502871463843 0.00014166456332134482 -4.2433870976148204e-05 9.2953019427688417e-07
leaf_weight=709 33 33 35 44 46
leaf_count=709 33 33 35 44 46
internal_value=-0.000111111 -0.000317186 0 -0.000498008 0.00462963
internal_weight=900 867 834 753 81
internal_count=900 867 834 753 81
is_linear=0
shrinkage=0.05


Tree=88
num_leaves=6
num_cat=0
split_feature=0 1 0 1 1
split_gain=0.589175 0.328037 0.398873 1.00349 0.104866
threshold=0.34959353407332977 0.34803169024682706 0.33917715965385387 0.34074419338158007 0.35939768048726567
decision_type=2 2 2 2 2
left_child=1 2 3 -1 -2
right_child=4 -3 -4 -5 -6
leaf_value=-4.1369993912465657e-06 1.0284634452006892e-05 -0.00011399851301039655 -2.7272327087521367e-05 0.00037615748027341745 0.00010556100230782185
leaf_weight=697 30 42 49 31 51
leaf_count=697 30 42 49 31 51
internal_value=-5.55556e-05 -0.000457875 -0.000225225 6.86813e-05 0.00401235
internal_weight=900 819 777 728 81
internal_count=900 819 777 728 81
is_linear=0
shrinkage=0.05


Tree=89
num_leaves=6
num_cat=0
split_feature=1 1 1 0 0
split_gain=0.409943 0.78729 0.676595 1.35895 1.02891
threshold=0.38540124330588948 0.36177845541428705 0.34622069534527394 0.33766838611483235 0.34628214943023872
decision_type=2 2 2 2 2
left_child=1 2 3 -1 -4
right_child=-2 -3 4 -5 -6
leaf_value=-1.1782025381018579e-06 0.00015289808165489807 -0.0002324084496572218 0.00014028126080579961 -3.9526944265372288e-05 -9.1621188456902924e-07
leaf_weight=709 33 30 35 44 49
leaf_count=709 33 30 35 44 49
internal_value=-0.000166667 -0.000374856 -8.96057e-05 -0.000564409 0.00416667
internal_weight=900 867 837 753 84
internal_count=900 867 837 753 84
is_linear=0
shrinkage=0.05


Tree=90
num_leaves=6
num_cat=0
split_feature=0 1 1 0 0
split_gain=0.484269 0.798256 0.555806 0.762426 0.7139
threshold=0.3579438144772954 0.35798355356869022 0.34622069534527394 0.33766838611483235 0.34628214943023872
decision_type=2 2 2 2 2
left_child=1 2 3 -1 -4
right_child=-2 -3 4 -5 -6
leaf_value=-1.119292411197459e-06 0.00011190337467529288 -0.00022289723805218322 0.00013326719776551033 -3.7550597052102289e-05 -4.703036090633606e-06
leaf_weight=709 45 30 35 44 37
leaf_count=709 45 30 35 44 37
internal_value=-5.55556e-05 -0.000321637 -3.0303e-05 -0.000431607 0.00416667
internal_weight=900 855 825 753 72
internal_count=900 855 825 753 72
is_linear=0
shrinkage=0.05


Tree=91
num_leaves=7
num_cat=0
split_feature=0 0 0 1 0 1
split_gain=0.605378 0.390759 0.289288 0.903264 0.512968 0.0395062
threshold=0.34959353407332977 0.34140490210360125 0.31542682910130254 0.34330503773420967 0.31306905527573653 0.36177845541428705
decision_type=2 2 2 2 2 2
left_child=1 2 4 -4 -1 -2
right_child=5 -3 3 -5 -6 -7
leaf_value=-1.5515630659787562e-05 6.4762971403176106e-06 -3.6224125302361522e-05 -3.117806972180448e-07 0.00018497585246364246 -0.00010341701036913065 0.00013965800883838643
leaf_weight=312 36 54 386 31 36 45
leaf_count=312 36 54 386 31 36 45
internal_value=-0.000111111 -0.000518926 -0.000228758 0.000659472 -0.0012931 0.00401235
internal_weight=900 819 765 417 348 81
internal_count=900 819 765 417 348 81
is_linear=0
shrinkage=0.05


Tree=92
num_leaves=6
num_cat=0
split_feature=0 1 0 1 0
split_gain=0.451674 0.329675 0.427 0.993446 0.0810887
threshold=0.34959353407332977 0.34702407889274217 0.33766838611483235 0.33428024633818793 0.35639980821771972
decision_type=2 2 2 2 2
left_child=1 2 3 -1 -2
right_child=4 -3 -4 -5 -6
leaf_value=-1.0255781149628996e-05 1.5033853772278283e-05 -0.0001036438604619161 -2.2440294256401152e-05 7.7954016180215024e-05 7.3834423353133513e-05
leaf_weight=609 33 51 56 103 48
leaf_count=609 33 51 56 103 48
internal_value=-0.000166667 -0.000518926 -0.000260417 7.02247e-05 0.00339506
internal_weight=900 819 768 712 81
internal_count=900 819 768 712 81
is_linear=0
shrinkage=0.05


Tree=93
num_leaves=6
num_cat=0
split_feature=0 1 1 0 0
split_gain=0.480294 0.300713 0.354458 1.0803 0.0810887
threshold=0.34959353407332977 0.34803169024682706 0.34403513116017553 0.33153993683433414 0.35639980821771972
decision_type=2 2 2 2 2
left_child=1 2 3 -1 -2
right_child=4 -3 -4 -5 -6
leaf_value=2.4730692659097332e-06 1.4282161083664646e-05 -0.00010102422567290215 5.267807828414906e-05 -2.2426573577702392e-05 7.0142702185477251e-05
leaf_weight=623 33 42 45 109 48
leaf_count=623 33 42 45 109 48
internal_value=-0.000277778 -0.000641026 -0.000418275 -0.00068306 0.00339506
internal_weight=900 819 777 732 81
internal_count=900 819 777 732 81
is_linear=0
shrinkage=0.05


Tree=94
num_leaves=5
num_cat=0
split_feature=1 1 1 0
split_gain=0.435307 1.187 0.996075 0.743565
threshold=0.38540124330588948 0.36118277437300833 0.35435097487314687 0.34140490210360125
decision_type=2 2 2 2
left_child=1 2 3 -1
right_child=-2 -3 -4 -5
leaf_value=-2.5133709098859594e-06 0.00012547625211953851 -0.00015618633036404984 0.00014084039405403703 -8.0340895920222321e-05
leaf_weight=750 33 33 33 51
leaf_count=750 33 33 33 51
internal_value=-0.000333333 -0.000547866 -0.000179856 -0.000530587
internal_weight=900 867 834 801
internal_count=900 867 834 801
is_linear=0
shrinkage=0.05


Tree=95
num_leaves=6
num_cat=0
split_feature=1 1 1 0 0
split_gain=0.426768 0.924188 0.740538 1.0026 0.984752
threshold=0.38540124330588948 0.35939768048726567 0.34622069534527394 0.33766838611483235 0.34628214943023872
decision_type=2 2 2 2 2
left_child=1 2 3 -1 -4
right_child=-2 -3 4 -5 -6
leaf_value=-2.5800565752132077e-06 0.00011920243951356048 -0.00012869633563843962 0.00013230139627940784 -3.1907763442617919e-05 -4.0865736754797098e-06
leaf_weight=709 33 36 35 44 43
leaf_count=709 33 36 35 44 43
internal_value=-0.000277778 -0.000490196 -0.000150421 -0.00063081 0.00448718
internal_weight=900 867 831 753 78
internal_count=900 867 831 753 78
is_linear=0
shrinkage=0.05


Tree=96
num_leaves=6
num_cat=0
split_feature=0 1 0 1 1
split_gain=0.71627 0.44978 0.375424 0.880985 0.776125
threshold=0.35338004271422679 0.35589340841629286 0.33766838611483235 0.33840079702204323 0.34853891033856271
decision_type=2 2 2 2 2
left_child=1 2 3 -1 -4
right_child=-2 -3 4 -5 -6
leaf_value=-3.1637282583596439e-06 3.3491082382061664e-05 -0.00016566946837424934 -2.2632176364154044e-05 0.00011694427832580346 0.00016328383965562993
leaf_weight=669 60 30 67 44 30
leaf_count=669 60 30 67 44 30
internal_value=-0.000277778 -0.000654762 -0.000432099 -3.50631e-05 -0.00335052
internal_weight=900 840 810 713 97
internal_count=900 840 810 713 97
is_linear=0
shrinkage=0.05


Tree=97
num_leaves=6
num_cat=0
split_feature=0 1 0 1 1
split_gain=0.494934 0.29116 0.625019 1.06429 0.0569354
threshold=0.34959353407332977 0.34935666293084228 0.34140490210360125 0.34277585120030712 0.35939768048726567
decision_type=2 2 2 2 2
left_child=1 2 3 -1 -2
right_child=4 -3 -4 -5 -6
leaf_value=-3.011770937944025e-06 6.021510869272384e-06 -0.00012573840942934622 -6.9131529010323109e-05 0.00025301427964566359 9.9047807783708699e-05
leaf_weight=719 30 33 36 31 51
leaf_count=719 30 33 36 31 51
internal_value=-0.000333333 -0.000702076 -0.000508906 -0.0002 0.00339506
internal_weight=900 819 786 750 81
internal_count=900 819 786 750 81
is_linear=0
shrinkage=0.05


Tree=98
num_leaves=6
num_cat=0
split_feature=1 1 1 0 0
split_gain=0.44393 0.975494 0.690424 0.9845 0.643809
threshold=0.38540124330588948 0.35838381523169999 0.34622069534527394 0.33766838611483235 0.34628214943023872
decision_type=2 2 2 2 2
left_child=1 2 3 -1 -4
right_child=-2 -3 4 -5 -6
leaf_value=-2.1422787866376415e-06 0.00010661537302959491 -9.0567341966116274e-05 0.00013027451173416304 -3.3123161973111492e-05 -1.2129330994994915e-06
leaf_weight=709 33 39 35 44 40
leaf_count=709 33 39 35 44 40
internal_value=-0.000388889 -0.000605536 -0.000241546 -0.000697211 0.00433333
internal_weight=900 867 828 753 75
internal_count=900 867 828 753 75
is_linear=0
shrinkage=0.05


Tree=99
num_leaves=9
num_cat=0
split_feature=0 1 0 1 1 1 1 0
split_gain=0.655305 0.386866 0.581957 1.44591 0.619355 0.286654 0.436331 0.0928639
threshold=0.34959353407332977 0.33983414136165324 0.33153993683433414 0.33161331196104066 0.33684971628672772 0.34403513116017553 0.34702407889274217 0.35915251690496003
decision_type=2 2 2 2 2 2 2 2
left_child=1 2 3 -1 -4 -3 -7 -2
right_child=7 5 4 -5 -6 6 -8 -9
leaf_value=-9.5932408612345314e-06 7.4013644230513931e-06 -2.4428677808968624e-05 -6.8066990612132561e-05 0.00012163267371403941 -8.5009184964374158e-06 6.1425325696871927e-05 -9.2099365576370229e-05 7.1027444781458784e-05
leaf_weight=564 39 48 30 58 32 36 51 42
leaf_count=564 39 48 30 58 32 36 51 42
internal_value=-0.000277778 -0.000702076 -0.000219298 0.000241158 -0.00483871 -0.00314815 -0.00143678 0.00401235
internal_weight=900 819 684 622 62 135 87 81
internal_count=900 819 684 622 62 135 87 81
is_linear=0
shrinkage=0.05


Tree=100
num_leaves=6
num_cat=0
split_feature=0 1 0 1 0
split_gain=0.638443 0.298938 0.637437 1.04871 0.0928639
threshold=0.34959353407332977 0.34935666293084228 0.34140490210360125 0.34277585120030712 0.35915251690496003
decision_type=2 2 2 2 2
left_child=1 2 3 -1 -2
right_child=4 -3 -4 -5 -6
leaf_value=-6.9334050201041998e-06 7.0312962018981302e-06 -0.00011478587402408425 -6.8134641028684556e-05 0.00023894845747719496 6.747607254238703e-05
leaf_weight=719 39 33 36 31 42
leaf_count=719 39 33 36 31 42
internal_value=-0.000222222 -0.000641026 -0.000445293 -0.000133333 0.00401235
internal_weight=900 819 786 750 81
internal_count=900 819 786 750 81
is_linear=0
shrinkage=0.05


Tree=101
num_leaves=7
num_cat=0
split_feature=0 0 0 1 1 0
split_gain=0.589175 0.238299 0.355638 1.47211 0.568182 0.0928639
threshold=0.34959353407332977 0.28700590964560962 0.30066527814942673 0.30756141843542034 0.29898870771033853 0.35915251690496003
decision_type=2 2 2 2 2 2
left_child=1 -1 4 -4 -3 -2
right_child=5 2 3 -5 -6 -7
leaf_value=-0.00027281555149234472 6.6797313918037782e-06 -1.8926331557669874e-05 -0.00014092272301510778 -1.1103917025745424e-06 3.833910030859311e-05 6.4102268915268434e-05
leaf_weight=32 39 45 40 647 55 42
leaf_count=32 39 45 40 647 55 42
internal_value=-5.55556e-05 -0.000457875 -0.000285896 -0.000691412 0.0025 0.00401235
internal_weight=900 819 787 687 100 81
internal_count=900 819 787 687 100 81
is_linear=0
shrinkage=0.05


Tree=102
num_leaves=6
num_cat=0
split_feature=1 1 1 0 0
split_gain=0.401658 1.24661 0.965477 1.03929 0.402124
threshold=0.38540124330588948 0.36118277437300833 0.34622069534527394 0.33766838611483235 0.34628214943023872
decision_type=2 2 2 2 2
left_child=1 2 3 -1 -4
right_child=-2 -3 4 -5 -6
leaf_value=-6.7813069780653385e-07 9.1154315066160907e-05 -0.00015262861419567677 0.00012415177149917579 -3.7810621069725439e-05 3.1247258830552349e-06
leaf_weight=709 33 33 35 44 46
leaf_count=709 33 33 35 44 46
internal_value=-0.000111111 -0.000317186 5.9952e-05 -0.000498008 0.00524691
internal_weight=900 867 834 753 81
internal_count=900 867 834 753 81
is_linear=0
shrinkage=0.05


Tree=103
num_leaves=8
num_cat=0
split_feature=0 0 1 1 0 1 0
split_gain=0.605378 0.249448 0.885516 0.301547 1.50039 0.432655 0.0928639
threshold=0.34959353407332977 0.33766838611483235 0.34596826580166978 0.33404352217322725 0.32724830325306603 0.33946810322507642 0.35915251690496003
decision_type=2 2 2 2 2 2 2
left_child=1 3 -3 4 -1 -5 -2
right_child=6 2 -4 5 -6 -7 -8
leaf_value=9.2771552589743238e-07 7.5739381205031103e-06 -4.1142745941474829e-05 5.0529778546021255e-05 7.6805015198391788e-05 -5.9090814022200183e-05 -9.6240824773885524e-06 6.2434012947741599e-05
leaf_weight=561 39 42 51 71 45 49 42
leaf_count=561 39 42 51 71 45 49 42
internal_value=-0.000111111 -0.000518926 -0.00295699 -0.000206612 -0.000660066 0.00208333 0.00401235
internal_weight=900 819 93 726 606 120 81
internal_count=900 819 93 726 606 120 81
is_linear=0
shrinkage=0.05


Tree=104
num_leaves=9
num_cat=0
split_feature=0 0 1 0 0 0 1 0
split_gain=0.6218 0.286186 1.07475 0.950868 0.573015 0.294242 0.26569 0.0928639
threshold=0.34959353407332977 0.33153993683433414 0.34074419338158007 0.34140490210360125 0.32918075401078556 0.3337561183114211 0.33283859398429044 0.35915251690496003
decision_type=2 2 2 2 2 2 2 2
left_child=1 4 5 -4 6 -3 -1 -2
right_child=7 2 3 -5 -6 -7 -8 -9
leaf_value=-1.5834453998858635e-06 7.1952412144776774e-06 -4.9795212511219437e-05 0.00015096879192792734 -2.2365215764452719e-05 8.8376995879098366e-05 -2.1736886444201354e-05 -3.8322030727970525e-05 5.9312312300353889e-05
leaf_weight=576 39 34 52 54 30 43 30 42
leaf_count=576 39 34 52 54 30 43 30 42
internal_value=-0.000166667 -0.000579976 -0.0023224 0.000943396 -7.86164e-05 -0.00681818 -0.000412541 0.00401235
internal_weight=900 819 183 106 636 77 606 81
internal_count=900 819 183 106 636 77 606 81
is_linear=0
shrinkage=0.05


Tree=105
num_leaves=8
num_cat=0
split_feature=0 0 1 0 1 0 0
split_gain=0.605378 0.249448 0.885516 0.284749 0.434028 0.316015 0.0928639
threshold=0.34959353407332977 0.33766838611483235 0.34596826580166978 0.3325965507050222 0.33840079702204323 0.33053514007140578 0.35915251690496003
decision_type=2 2 2 2 2 2 2
left_child=1 3 -3 5 -5 -1 -2
right_child=6 2 -4 4 -6 -7 -8
leaf_value=-2.4852746753983857e-06 6.8354791537550419e-06 -4.6634048240798422e-05 4.8103137438240689e-05 -2.0816467674765473e-05 0.00010749022825084637 -5.7480709806878583e-05 5.6346696685337376e-05
leaf_weight=621 39 42 51 32 40 33 42
leaf_count=621 39 42 51 32 40 33 42
internal_value=-0.000111111 -0.000518926 -0.00295699 -0.000206612 0.00277778 -0.000535168 0.00401235
internal_weight=900 819 93 726 72 654 81
internal_count=900 819 93 726 72 654 81
is_linear=0
shrinkage=0.05


Tree=106
num_leaves=9
num_cat=0
split_feature=0 1 1 0 0 1 1 0
split_gain=0.465874 0.426452 0.540935 1.18625 1.09145 0.286654 0.436331 0.169583
threshold=0.34959353407332977 0.33983414136165324 0.33404352217322725 0.3255602975016873 0.33213504066442673 0.34403513116017553 0.34702407889274217 0.35915251690496003
decision_type=2 2 2 2 2 2 2 2
left_child=1 2 3 -1 -4 -3 -7 -2
right_child=7 5 4 -5 -6 6 -8 -9
leaf_value=4.2396145832679369e-06 6.49370519606729e-06 -2.8035661212509613e-05 0.00019388980873697448 -3.5454704349284494e-05 -1.9775644291027129e-05 5.5844397276863522e-05 -8.5669205316363245e-05 5.3529361851069326e-05
leaf_weight=526 39 48 32 80 46 36 51 42
leaf_count=526 39 48 32 80 46 36 51 42
internal_value=-0.000222222 -0.000579976 -7.30994e-05 -0.000577558 0.00384615 -0.00314815 -0.00143678 0.00339506
internal_weight=900 819 684 606 78 135 87 81
internal_count=900 819 684 606 78 135 87 81
is_linear=0
shrinkage=0.05


Tree=107
num_leaves=9
num_cat=0
split_feature=0 1 1 0 0 1 1 0
split_gain=0.465874 0.312319 0.48985 1.44665 0.885952 0.359195 0.325445 0.169583
threshold=0.34959353407332977 0.33983414136165324 0.33428024633818793 0.32724830325306603 0.33294302844820384 0.34403513116017553 0.34702407889274217 0.35915251690496003
decision_type=2 2 2 2 2 2 2 2
left_child=1 2 3 -1 -4 -3 -7 -2
right_child=7 5 4 -5 -6 6 -8 -9
leaf_value=2.0316192811190015e-06 6.1690199362640643e-06 -2.6633878151884062e-05 0.00011148992880584825 -5.2323172833457222e-05 -1.8953287629250305e-05 5.3052177413021041e-05 -8.1385745050543973e-05 5.0852893758517038e-05
leaf_weight=562 39 48 40 47 35 36 51 42
leaf_count=562 39 48 40 47 35 36 51 42
internal_value=-0.000222222 -0.000579976 -0.000146199 -0.000615764 0.00366667 -0.00277778 -0.000862069 0.00339506
internal_weight=900 819 684 609 75 135 87 81
internal_count=900 819 684 609 75 135 87 81
is_linear=0
shrinkage=0.05


Tree=108
num_leaves=7
num_cat=0
split_feature=0 0 0 1 1 0
split_gain=0.451674 0.23147 0.372043 1.08345 0.568182 0.169583
threshold=0.34959353407332977 0.28700590964560962 0.30066527814942673 0.30756141843542034 0.29898870771033853 0.35915251690496003
decision_type=2 2 2 2 2 2
left_child=1 -1 4 -4 -3 -2
right_child=5 2 3 -5 -6 -7
leaf_value=-0.00025929737884858864 5.8605689394503059e-06 -1.8102619910648212e-05 -0.00013399919179521159 -1.2759178989685261e-06 3.6299540362302876e-05 4.8310249070591954e-05
leaf_weight=32 39 45 40 647 55 42
leaf_count=32 39 45 40 647 55 42
internal_value=-0.000166667 -0.000518926 -0.000349428 -0.000764192 0.0025 0.00339506
internal_weight=900 819 787 687 100 81
internal_count=900 819 787 687 100 81
is_linear=0
shrinkage=0.05


Tree=109
num_leaves=7
num_cat=0
split_feature=0 0 0 1 1 0
split_gain=0.451674 0.23147 0.372043 1.08345 0.568182 0.169583
threshold=0.34959353407332977 0.28700590964560962 0.30066527814942673 0.30756141843542034 0.29898870771033853 0.35915251690496003
decision_type=2 2 2 2 2 2
left_child=1 -1 4 -4 -3 -2
right_child=5 2 3 -5 -6 -7
leaf_value=-0.00024633250990615808 5.567540492476542e-06 -1.7197488915116076e-05 -0.00012729923220545226 -1.2121220040212101e-06 3.4484563344186482e-05 4.5894736617062287e-05
leaf_weight=32 39 45 40 647 55 42
leaf_count=32 39 45 40 647 55 42
internal_value=-0.000166667 -0.000518926 -0.000349428 -0.000764192 0.0025 0.00339506
internal_weight=900 819 787 687 100 81
internal_count=900 819 787 687 100 81
is_linear=0
shrinkage=0.05


Tree=110
num_leaves=6
num_cat=0
split_feature=0 0 0 1 0
split_gain=0.465874 0.22474 0.347102 0.348259 0.169583
threshold=0.34959353407332977 0.28700590964560962 0.29261210442086877 0.31115226009562208 0.35915251690496003
decision_type=2 2 2 2 2
left_child=1 -1 -3 -4 -2
right_child=4 2 3 -5 -6
leaf_value=-0.00023401588441085143 5.2891634678531314e-06 8.5117177792543022e-05 -2.2300506508857178e-05 -4.9906608275834818e-07 4.3599999786210486e-05
leaf_weight=32 39 32 155 600 42
leaf_count=32 39 32 155 600 42
internal_value=-0.000222222 -0.000579976 -0.000412961 -0.000629139 0.00339506
internal_weight=900 819 787 755 81
internal_count=900 819 787 755 81
is_linear=0
shrinkage=0.05


Tree=111
num_leaves=5
num_cat=0
split_feature=1 1 1 0
split_gain=0.418313 0.937829 0.883372 0.541724
threshold=0.38540124330588948 0.35939768048726567 0.35435097487314687 0.34140490210360125
decision_type=2 2 2 2
left_child=1 2 3 -1
right_child=-2 -3 -4 -5
leaf_value=-8.4624331466026667e-07 9.0195133121698248e-05 -0.00013108290054316269 0.00018852978444128254 -7.1961954403054754e-05
leaf_weight=750 33 36 30 51
leaf_count=750 33 36 30 51
internal_value=-0.000222222 -0.000432526 -9.02527e-05 -0.000405743
internal_weight=900 867 831 801
internal_count=900 867 831 801
is_linear=0
shrinkage=0.05


Tree=112
num_leaves=6
num_cat=0
split_feature=1 1 1 0 0
split_gain=0.426768 0.844125 0.458615 1.02086 0.855425
threshold=0.38540124330588948 0.36118277437300833 0.34622069534527394 0.33766838611483235 0.34628214943023872
decision_type=2 2 2 2 2
left_child=1 2 3 -1 -4
right_child=-2 -3 4 -5 -6
leaf_value=-9.5898556225770827e-07 8.5685376465613475e-05 -0.00012741936624706407 0.00011243342219817155 -3.6994299050115148e-05 -7.3869500169382318e-06
leaf_weight=709 33 33 35 44 46
leaf_count=709 33 33 35 44 46
internal_value=-0.000277778 -0.000490196 -0.000179856 -0.000564409 0.00339506
internal_weight=900 867 834 753 81
internal_count=900 867 834 753 81
is_linear=0
shrinkage=0.05


Tree=113
num_leaves=6
num_cat=0
split_feature=1 1 1 0 0
split_gain=0.435307 0.831757 0.326765 1.02086 0.636025
threshold=0.38540124330588948 0.36118277437300833 0.34622069534527394 0.33766838611483235 0.34628214943023872
decision_type=2 2 2 2 2
left_child=1 2 3 -1 -4
right_child=-2 -3 4 -5 -6
leaf_value=-9.1103628414579423e-07 8.140110764233156e-05 -0.00012104839793471156 0.00010681175108826213 -3.5144584097608626e-05 -7.0176025160906264e-06
leaf_weight=709 33 33 35 44 46
leaf_count=709 33 33 35 44 46
internal_value=-0.000333333 -0.000547866 -0.000239808 -0.000564409 0.00277778
internal_weight=900 867 834 753 81
internal_count=900 867 834 753 81
is_linear=0
shrinkage=0.05


Tree=114
num_leaves=5
num_cat=0
split_feature=1 1 1 0
split_gain=0.435307 0.753432 0.296031 0.75954
threshold=0.38540124330588948 0.36177845541428705 0.35435097487314687 0.34140490210360125
decision_type=2 2 2 2
left_child=1 2 3 -1
right_child=-2 -3 -4 -5
leaf_value=-7.1043005660936798e-07 7.7331052260215532e-05 -0.00019189676881342654 1.5550418222724795e-05 -7.2848777151923724e-05
leaf_weight=750 33 30 36 51
leaf_count=750 33 30 36 51
internal_value=-0.000333333 -0.000547866 -0.000268817 -0.000468165
internal_weight=900 867 837 801
internal_count=900 867 837 801
is_linear=0
shrinkage=0.05


Tree=115
num_leaves=6
num_cat=0
split_feature=0 1 1 0 0
split_gain=0.516725 0.702168 0.565079 1.02086 0.309156
threshold=0.3579438144772954 0.35647526322591766 0.34622069534527394 0.33766838611483235 0.34602174014768278
decision_type=2 2 2 2 2
left_child=1 2 3 -1 -4
right_child=-2 -3 4 -5 -6
leaf_value=-8.2996296710824426e-07 4.8851952687517522e-05 -0.00010540113959730536 0.00010052815691420081 -3.3351833389898276e-05 1.5285353131971879e-06
leaf_weight=709 45 39 32 44 31
leaf_count=709 45 39 32 44 31
internal_value=-0.000222222 -0.000497076 -0.000183824 -0.000564409 0.00436508
internal_weight=900 855 816 753 63
internal_count=900 855 816 753 63
is_linear=0
shrinkage=0.05


Tree=116
num_leaves=5
num_cat=0
split_feature=0 1 1 0
split_gain=0.527778 0.689693 0.506888 1.28386
threshold=0.3579438144772954 0.35647526322591766 0.34853891033856271 0.34140490210360125
decision_type=2 2 2 2
left_child=1 2 3 -1
right_child=-2 -3 -4 -5
leaf_value=-7.8846481875172185e-07 4.6409355053142481e-05 -0.0001001310826174412 0.00014829177210664015 -0.00010781891747418671
leaf_weight=749 45 39 36 31
leaf_count=749 45 39 36 31
internal_value=-0.000277778 -0.000555556 -0.000245098 -0.000512821
internal_weight=900 855 816 780
internal_count=900 855 816 780
is_linear=0
shrinkage=0.05


Tree=117
num_leaves=6
num_cat=0
split_feature=1 1 1 0 0
split_gain=0.418313 0.856584 0.443362 0.794373 0.490829
threshold=0.38540124330588948 0.36118277437300833 0.34622069534527394 0.33153993683433414 0.34628214943023872
decision_type=2 2 2 2 2
left_child=1 2 3 -1 -4
right_child=-2 -3 4 -5 -6
leaf_value=2.6298761642659653e-06 8.3741110757940007e-05 -0.00011475534287402612 0.00010547814041944327 -1.7745151034714856e-05 -2.3654243726869972e-06
leaf_weight=624 33 33 35 129 46
leaf_count=624 33 33 35 129 46
internal_value=-0.000222222 -0.000432526 -0.000119904 -0.000498008 0.00339506
internal_weight=900 867 834 753 81
internal_count=900 867 834 753 81
is_linear=0
shrinkage=0.05


Tree=118
num_leaves=5
num_cat=0
split_feature=0 1 1 0
split_gain=0.671746 0.768254 0.335043 0.929986
threshold=0.35338004271422679 0.35589340841629286 0.34853891033856271 0.34140490210360125
decision_type=2 2 2 2
left_child=1 2 3 -1
right_child=-2 -3 -4 -5
leaf_value=-8.8053538602750339e-07 2.579064775187906e-05 -0.00013631101992407358 0.00013829936560014051 -0.00010770187862144954
leaf_weight=749 60 30 30 31
leaf_count=749 60 30 30 31
internal_value=-0.000111111 -0.00047619 -0.000185185 -0.000384615
internal_weight=900 840 810 780
internal_count=900 840 810 780
is_linear=0
shrinkage=0.05


Tree=119
num_leaves=5
num_cat=0
split_feature=0 1 1 0
split_gain=0.642857 0.495414 0.406434 0.762426
threshold=0.35338004271422679 0.35589340841629286 0.34622069534527394 0.33766838611483235
decision_type=2 2 2 2
left_child=1 2 3 -1
right_child=-2 -3 -4 -5
leaf_value=-8.3650861672501804e-07 2.4501115364285177e-05 -0.00012949546892787044 5.7373640054611546e-05 -3.0713534158428869e-05
leaf_weight=709 60 30 57 44
leaf_count=709 60 30 57 44
internal_value=0 -0.000357143 -0.000123457 -0.000431607
internal_weight=900 840 810 753
internal_count=900 840 810 753
is_linear=0
shrinkage=0.05


end of trees

feature_importances:
Column_1=503
Column_0=473

parameters:
[boosting: gbdt]
[objective: quantile]
[metric: quantile]
[tree_learner: serial]
[device_type: cpu]
[data_sample_strategy: bagging]
[data: ]
[valid: ]
[num_iterations: 120]
[learning_rate: 0.05]
[num_leaves: 12]
[num_threads: 2]
[seed: 26170]
[deterministic: 0]
[force_col_wise: 0]
[force_row_wise: 0]
[histogram_pool_size: -1]
[max_depth: 4]
[min_data_in_leaf: 30]
[min_sum_hessian_in_leaf: 0.001]
[bagging_fraction: 1]
[pos_bagging_fraction: 1]
[neg_bagging_fraction: 1]
[bagging_freq: 0]
[bagging_seed: 13002]
[bagging_by_query: 0]
[feature_fraction: 1]
[feature_fraction_bynode: 1]
[feature_fraction_seed: 3933]
[extra_trees: 0]
[extra_seed: 13870]
[early_stopping_round: 0]
[early_stopping_min_delta: 0]
[first_metric_only: 0]
[max_delta_step: 0]
[lambda_l1: 0]
[lambda_l2: 0]
[linear_lambda: 0]
[min_gain_to_split: 0]
[drop_rate: 0.1]
[max_drop: 50]
[skip_drop: 0.5]
[xgboost_dart_mode: 0]
[uniform_drop: 0]
[drop_seed: 25549]
[top_rate: 0.2]
[other_rate: 0.1]
[min_data_per_group: 100]
[max_cat_threshold: 32]
[cat_l2: 10]
[cat_smooth: 10]
[max_cat_to_onehot: 4]
[top_k: 20]
[monotone_constraints: ]
[monotone_constraints_method: basic]
[monotone_penalty: 0]
[feature_contri: ]
[forcedsplits_filename: ]
[refit_decay_rate: 0.9]
[cegb_tradeoff: 1]
[cegb_penalty_split: 0]
[cegb_penalty_feature_lazy: ]
[cegb_penalty_feature_coupled: ]
[path_smooth: 0]
[interaction_constraints: ]
[verbosity: -1]
[saved_feature_importance_type: 0]
[use_quantized_grad: 0]
[num_grad_quant_bins: 4]
[quant_train_renew_leaf: 0]
[stochastic_rounding: 1]
[linear_tree: 0]
[max_bin: 255]
[max_bin_by_feature: ]
[min_data_in_bin: 3]
[bin_construct_sample_cnt: 200000]
[data_random_seed: 19962]
[is_enable_sparse: 1]
[enable_bundle: 1]
[use_missing: 1]
[zero_as_missing: 0]
[feature_pre_filter: 1]
[pre_partition: 0]
[two_round: 0]
[header: 0]
[label_column: ]
[weight_column: ]
[group_column: ]
[ignore_column: ]
[categorical_feature: ]
[forcedbins_filename: ]
[precise_float_parser: 0]
[parser_config_file: ]
[objective_seed: 31251]
[num_class: 1]
[is_unbalance: 0]
[scale_pos_weight: 1]
[sigmoid: 1]
[boost_from_average: 1]
[reg_sqrt: 0]
[alpha: 0.5]
[fair_c: 1]
[poisson_max_delta_step: 0.7]
[tweedie_variance_power: 1.5]
[lambdarank_truncation_level: 30]
[lambdarank_norm: 1]
[label_gain: ]
[lambdarank_position_bias_regularization: 0]
[eval_at: ]
[multi_error_top_k: 1]
[auc_mu_weights: ]
[num_machines: 1]
[local_listen_port: 12400]
[time_out: 120]
[machine_list_filename: ]
[machines: ]
[gpu_platform_id: -1]
[gpu_device_id: -1]
[gpu_device_id_list: ]
[gpu_use_dp: 0]
[num_gpu: 1]

end of parameters

pandas_categorical:null
