tree
version=v4
num_class=1
num_tree_per_iteration=1
label_index=0
max_feature_idx=1
objective=quantile
feature_names=Column_0 Column_1
feature_infos=[3.1279060556945266:5.6410386938468182] [3.1676953950515698:5.652041660997658]
tree_sizes=779 918 840 757 840 754 753 752 834 756 930 845 754 754 848 844 757 849 926 924 846 762 759 839 837 841 841 844 847 847 759 760 760 761 760 762 763 849 931 933 757 934 757 1020 673 672 676 672 671 671 755 755 755 588 838 1019 839 839 838 1019 839 590 839 1020 591 1191 839 839 932 840 839 932 761 756 849 940 592 763 763 1194 1107 763 762 762 758 763 762 763 764 772 765 938 935 768 768 770 1020 769 764 763 770 769 763 765 773 597 1110 1024 767 761 1021 769 1022 1021 1113 938 943 943 1109 1107

Tree=0
num_leaves=8
num_cat=0
split_feature=0 0 0 1 0 1 0
split_gain=20.6983 0.8809 0.269231 0.156646 0.184972 0.0409399 2.22045e-16
threshold=4.6190744389114418 4.2273757805939445 4.2969935660958924 4.0855241124350217 4.0806841493209047 4.4099806534678629 4.0336933527844456
decision_type=2 2 2 2 2 2 2
left_child=1 3 -3 6 -5 -4 -1
right_child=-2 2 5 4 -6 -7 -8
leaf_value=4.7580086219454927 4.8097356423184934 4.7939497609377613 4.778869304310251 4.7817192449313719 4.7717895003444371 4.7884667769545954 4.752493776775947
leaf_weight=477 30 42 43 45 176 32 55
leaf_count=477 30 42 43 45 176 32 55
internal_value=4.7799 4.77849 4.78253 4.77786 4.77898 4.78073 4.7774
internal_weight=900 870 117 753 221 75 532
internal_count=900 870 117 753 221 75 532
is_linear=0
shrinkage=1


Tree=1
num_leaves=9
num_cat=0
split_feature=0 0 1 1 1 0 0 1
split_gain=17.4052 0.954613 0.156049 0.686439 0.076254 0.225492 0.0710155 0.012089
threshold=4.6190744389114418 4.1904523227632842 4.2819692828267533 4.3621584106047457 4.0855241124350217 4.0806841493209047 4.2187895859033206 3.9641300305704794
decision_type=2 2 2 2 2 2 2 2
left_child=1 4 6 -4 7 -6 -3 -1
right_child=-2 2 3 -5 5 -7 -8 -9
leaf_value=-0.032392485857981511 0.028346054874199569 0.0029635968814383687 0.013696801823612638 -0.000627459351546511 0.0017304773564345234 -0.0086919963423332646 -0.0012888755803109665 -0.014743907839838267
leaf_weight=328 30 32 34 55 45 137 35 204
leaf_count=328 30 32 34 55 45 137 35 204
internal_value=5.5555e-05 -0.00123563 0.00230769 0.00367977 -0.0020098 -0.00112637 0.000485074 -0.00231203
internal_weight=900 870 156 89 714 182 67 532
internal_count=900 870 156 89 714 182 67 532
is_linear=0
shrinkage=0.05


Tree=2
num_leaves=8
num_cat=0
split_feature=0 0 1 1 1 0 0
split_gain=15.8903 0.923898 0.147071 0.388568 0.0646441 0.225492 0.0201197
threshold=4.6190744389114418 4.1904523227632842 4.3621584106047457 4.2819692828267533 4.0855241124350217 4.0806841493209047 3.9197407914352271
decision_type=2 2 2 2 2 2 2
left_child=1 4 3 -3 6 -6 -1
right_child=-2 2 -4 -5 5 -7 -8
leaf_value=-0.031129091591315564 0.026928752130489599 9.1325870210279226e-05 -0.00059608638396917439 0.01301196173243202 0.0016439534886127927 -0.0082573965252166204 -0.013738718267019638
leaf_weight=289 30 67 55 34 45 137 243
leaf_count=289 30 67 55 34 45 137 243
internal_value=5.5555e-05 -0.00117816 0.00230769 0.00344059 -0.00193978 -0.00112637 -0.00221805
internal_weight=900 870 156 101 714 182 532
internal_count=900 870 156 101 714 182 532
is_linear=0
shrinkage=0.05


Tree=3
num_leaves=7
num_cat=0
split_feature=0 0 1 1 1 0
split_gain=15.7917 0.863973 0.147071 0.388568 0.0745362 0.0670979
threshold=4.6190744389114418 4.1904523227632842 4.3621584106047457 4.2819692828267533 3.911509799370223 4.1000511600076566
decision_type=2 2 2 2 2 2
left_child=1 4 3 -3 -1 -6
right_child=-2 2 -4 -5 5 -7
leaf_value=-0.031226065343439836 0.025582314523965134 8.6759576699768602e-05 -0.00056628206477071785 0.012361363645810419 -0.0074663461493546636 -0.0098338117701739954
leaf_weight=248 30 67 55 34 355 111
leaf_count=248 30 67 55 34 355 111
internal_value=0.000166666 -0.00106322 0.00230769 0.00344059 -0.00179972 -0.00142704
internal_weight=900 870 156 101 714 466
internal_count=900 870 156 101 714 466
is_linear=0
shrinkage=0.05


Tree=4
num_leaves=8
num_cat=0
split_feature=0 0 1 1 1 0 1
split_gain=15.6935 0.806057 0.147071 0.388568 0.114543 0.281331 0.0410357
threshold=4.6190744389114418 4.1904523227632842 4.3621584106047457 4.2819692828267533 4.0855241124350217 4.1086145366992088 3.911509799370223
decision_type=2 2 2 2 2 2 2
left_child=1 4 3 -3 6 -6 -1
right_child=-2 2 -4 -5 5 -7 -8
leaf_value=-0.029664762076267826 0.024303198797766878 8.2421597864779062e-05 -0.00053796796153218198 0.011743295463519888 0.00038860776931137357 -0.017888938869616889 -0.012721099770476325
leaf_weight=248 30 67 55 34 89 93 284
leaf_count=248 30 67 55 34 89 93 284
internal_value=0.000277777 -0.000948276 0.00230769 0.00344059 -0.00165966 -0.000576924 -0.00203008
internal_weight=900 870 156 101 714 182 532
internal_count=900 870 156 101 714 182 532
is_linear=0
shrinkage=0.05


Tree=5
num_leaves=7
num_cat=0
split_feature=0 0 1 1 1 0
split_gain=12.9334 0.777853 0.147071 0.388568 0.125966 0.0904222
threshold=4.6190744389114418 4.1904523227632842 4.3621584106047457 4.2819692828267533 3.911509799370223 4.1086145366992088
decision_type=2 2 2 2 2 2
left_child=1 4 3 -3 -1 -6
right_child=-2 2 -4 -5 5 -7
leaf_value=-0.028181523972454416 0.023088038857878513 7.8300517971530107e-05 -0.00051106956345559063 0.011156130690343914 -0.0061375665829793103 -0.016994491926136047
leaf_weight=248 30 67 55 34 373 93
leaf_count=248 30 67 55 34 373 93
internal_value=0.000222222 -0.000890805 0.00230769 0.00344059 -0.00158964 -0.00110515
internal_weight=900 870 156 101 714 466
internal_count=900 870 156 101 714 466
is_linear=0
shrinkage=0.05


Tree=6
num_leaves=7
num_cat=0
split_feature=0 0 1 1 1 0
split_gain=9.35004 0.777853 0.147071 0.388568 0.125966 0.0904222
threshold=4.6190744389114418 4.1904523227632842 4.3621584106047457 4.2819692828267533 3.911509799370223 4.1086145366992088
decision_type=2 2 2 2 2 2
left_child=1 4 3 -3 -1 -6
right_child=-2 2 -4 -5 5 -7
leaf_value=-0.026772447773831677 0.021933636914984601 7.4385492072948049e-05 -0.00048551608528279999 0.010598324155826733 -0.0058306882538303358 -0.016144767329829258
leaf_weight=248 30 67 55 34 373 93
leaf_count=248 30 67 55 34 373 93
internal_value=5.5555e-05 -0.000890805 0.00230769 0.00344059 -0.00158964 -0.00110515
internal_weight=900 870 156 101 714 466
internal_count=900 870 156 101 714 466
is_linear=0
shrinkage=0.05


Tree=7
num_leaves=7
num_cat=0
split_feature=0 0 1 1 1 0
split_gain=9.35004 0.777853 0.147071 0.388568 0.125966 0.0904222
threshold=4.6190744389114418 4.1904523227632842 4.3621584106047457 4.2819692828267533 3.911509799370223 4.1086145366992088
decision_type=2 2 2 2 2 2
left_child=1 4 3 -3 -1 -6
right_child=-2 2 -4 -5 5 -7
leaf_value=-0.025433825385140097 0.020836955069235375 7.0666217469317298e-05 -0.0004612402810186822 0.010068407948035409 -0.0055391538411388172 -0.015337528963337777
leaf_weight=248 30 67 55 34 373 93
leaf_count=248 30 67 55 34 373 93
internal_value=5.5555e-05 -0.000890805 0.00230769 0.00344059 -0.00158964 -0.00110515
internal_weight=900 870 156 101 714 466
internal_count=900 870 156 101 714 466
is_linear=0
shrinkage=0.05


Tree=8
num_leaves=8
num_cat=0
split_feature=0 0 1 0 1 1 1
split_gain=8.21337 0.764835 0.198093 0.6 0.273838 0.0692055 0.133289
threshold=4.6190744389114418 4.0742799232882634 4.2189276575935279 4.1156132643415582 4.3621584106047457 3.911509799370223 3.9696649523107586
decision_type=2 2 2 2 2 2 2
left_child=1 5 3 -3 -4 -1 -7
right_child=-2 2 4 -5 -6 6 -8
leaf_value=-0.024162134115883083 0.019795107315773608 0.0012775970410374158 0.0089396471813895772 -0.015210740488518538 -0.0012654716087079354 -0.0039552942189980643 -0.013436834058385595
leaf_weight=248 30 64 88 96 61 92 221
leaf_count=248 30 64 88 96 61 92 221
internal_value=0.000111111 -0.000775863 0.00122168 -5.96046e-10 0.00253356 -0.00187611 -0.00138179
internal_weight=900 870 309 160 149 561 313
internal_count=900 870 309 160 149 561 313
is_linear=0
shrinkage=0.05


Tree=9
num_leaves=7
num_cat=0
split_feature=0 0 0 1 0 1
split_gain=8.32015 0.538568 0.402381 0.156269 0.234376 0.0591293
threshold=4.6190744389114418 4.2744267216575453 4.3388803919274972 4.0855241124350217 4.1156132643415582 3.8769995827898032
decision_type=2 2 2 2 2 2
left_child=1 3 -3 5 -5 -1
right_child=-2 2 -4 4 -6 -7
leaf_value=-0.024431244771375794 0.018805351949984939 0.010566697054015473 -0.0002370224209926608 0.0011211794120945379 -0.0044088795854940622 -0.011890939032966334
leaf_weight=208 30 30 54 98 156 324
leaf_count=208 30 30 54 98 156 324
internal_value=-5.55562e-05 -0.000948276 0.00285714 -0.00135496 -0.000334646 -0.00184211
internal_weight=900 870 84 786 254 532
internal_count=900 870 84 786 254 532
is_linear=0
shrinkage=0.05


Tree=10
num_leaves=9
num_cat=0
split_feature=0 0 0 1 1 1 1 0
split_gain=8.28448 0.325647 0.165768 0.336111 0.294078 0.0399009 0.111751 0.0277778
threshold=4.6190744389114418 4.0742799232882634 4.1156132643415582 4.2189276575935279 4.1143761190062973 3.8574804099862177 3.9696649523107586 3.6316900394282885
decision_type=2 2 2 2 2 2 2 2
left_child=1 5 4 -4 -3 7 -7 -1
right_child=-2 2 3 -5 -6 6 -8 -9
leaf_value=-0.021031478450833332 0.017865084352485683 -0.0033083480719249721 -0.014229759484817929 0.0077750818319480041 0.0014401212158465029 -0.0075804105807245701 -0.012170445403818009 -0.024146661677850914
leaf_weight=30 30 32 96 144 37 160 221 150
leaf_count=30 30 32 96 144 37 160 221 150
internal_value=-5.96046e-10 -0.000890805 0.000412621 -0.000208334 0.00257246 -0.00160873 -0.0013189 -0.00222222
internal_weight=900 870 309 240 69 561 381 180
internal_count=900 870 309 240 69 561 381 180
is_linear=0
shrinkage=0.05


Tree=11
num_leaves=8
num_cat=0
split_feature=0 0 0 0 0 0 0
split_gain=8.21337 0.270745 0.296911 0.176768 0.0404278 0.104593 0.0243056
threshold=4.6190744389114418 4.0742799232882634 4.1019445769155887 4.2744267216575453 3.8128526450988587 3.8418921595347251 3.6316900394282885
decision_type=2 2 2 2 2 2 2
left_child=1 4 -3 -4 6 -6 -1
right_child=-2 2 3 -5 5 -7 -8
leaf_value=-0.021871891111044397 0.01697183013486141 0.0021560168786111831 -0.0025020802015327998 0.0086309155630048817 0.00043909948373508707 -0.011402165149838248 -0.022737878484717956
leaf_weight=32 30 45 180 84 40 377 112
leaf_count=32 30 45 180 84 40 377 112
internal_value=0.000111111 -0.000775863 0.000412621 -0.000227273 -0.00143048 -0.00118106 -0.00215278
internal_weight=900 870 309 264 561 417 144
internal_count=900 870 309 264 561 417 144
is_linear=0
shrinkage=0.05


Tree=12
num_leaves=7
num_cat=0
split_feature=0 0 0 1 0 1
split_gain=7.25 0.232443 0.116667 0.0880455 0.234376 0.0355999
threshold=4.6190744389114418 4.2744267216575453 4.3388803919274972 4.0855241124350217 4.1156132643415582 4.0459982946865436
decision_type=2 2 2 2 2 2
left_child=1 3 -3 5 -5 -1
right_child=-2 2 -4 4 -6 -7
leaf_value=-0.014204675693884986 0.016123238628118354 0.0092180623315670559 -0.0010454711696906928 0.0010044936982480316 -0.0036181930775401219 -0.015412042107564198
leaf_weight=460 30 30 54 98 156 72
leaf_count=460 30 30 54 98 156 72
internal_value=-5.96046e-10 -0.000833334 0.00166667 -0.00110051 -0.000334646 -0.00146617
internal_weight=900 870 84 786 254 532
internal_count=900 870 84 786 254 532
is_linear=0
shrinkage=0.05


Tree=13
num_leaves=7
num_cat=0
split_feature=0 0 0 0 0 0
split_gain=7.2167 0.221879 0.116667 0.0878105 0.0707737 0.0243056
threshold=4.6190744389114418 4.2744267216575453 4.3388803919274972 3.8128526450988587 3.8418921595347251 3.6316900394282885
decision_type=2 2 2 2 2 2
left_child=1 3 -3 5 -5 -1
right_child=-2 2 -4 4 -6 -7
leaf_value=-0.020068062770797913 0.01531707669671243 0.0087571592149886975 -0.00099319761120617587 0.0011273782942425904 -0.0038670073535481465 -0.020890750775787795
leaf_weight=32 30 30 54 40 602 112
leaf_count=32 30 30 54 40 602 112
internal_value=5.5555e-05 -0.000775863 0.00166667 -0.0010369 -0.000786605 -0.00215278
internal_weight=900 870 84 786 642 144
internal_count=900 870 84 786 642 144
is_linear=0
shrinkage=0.05


Tree=14
num_leaves=8
num_cat=0
split_feature=0 0 0 1 0 0 0
split_gain=6.22257 0.292521 0.271867 0.231906 0.0510204 0.0945304 0.0243056
threshold=4.6190744389114418 4.0742799232882634 4.1019445769155887 4.2643575200001278 3.8128526450988587 3.8418921595347251 3.6316900394282885
decision_type=2 2 2 2 2 2 2
left_child=1 4 -3 -4 6 -6 -1
right_child=-2 2 3 -5 5 -7 -8
leaf_value=-0.019064659632258032 0.014551222861876802 0.0021913417174456882 -0.0039727548113535965 0.0072576085094010704 0.0010710093795304667 -0.0098801778128404308 -0.019846213236998402
leaf_weight=32 30 45 159 105 40 377 112
leaf_count=32 30 45 159 105 40 377 112
internal_value=0.000111111 -0.00066092 0.000574433 -3.78794e-05 -0.00134136 -0.00106115 -0.00215278
internal_weight=900 870 309 264 561 417 144
internal_count=900 870 309 264 561 417 144
is_linear=0
shrinkage=0.05


Tree=15
num_leaves=8
num_cat=0
split_feature=0 0 0 1 0 0 0
split_gain=6.19172 0.344022 0.247926 0.271356 0.0510204 0.0945304 0.0243056
threshold=4.6190744389114418 4.0742799232882634 4.1019445769155887 4.2189276575935279 3.8128526450988587 3.8418921595347251 3.6316900394282885
decision_type=2 2 2 2 2 2 2
left_child=1 4 -3 -4 6 -6 -1
right_child=-2 2 3 -5 5 -7 -8
leaf_value=-0.018111426650645114 0.013823661718782977 0.002081774631573424 -0.010438644798191819 0.00619935684907039 0.0010174589105539401 -0.0093861689221983909 -0.018853902575148497
leaf_weight=32 30 45 117 147 40 377 112
leaf_count=32 30 45 117 147 40 377 112
internal_value=0.000166666 -0.000603449 0.000736245 0.000151515 -0.00134136 -0.00106115 -0.00215278
internal_weight=900 870 309 264 561 417 144
internal_count=900 870 309 264 561 417 144
is_linear=0
shrinkage=0.05


Tree=16
num_leaves=7
num_cat=0
split_feature=0 0 0 0 0 0
split_gain=5.41671 0.221879 0.116667 0.0878105 0.0707737 0.0243056
threshold=4.6190744389114418 4.2744267216575453 4.3388803919274972 3.8128526450988587 3.8418921595347251 3.6316900394282885
decision_type=2 2 2 2 2 2
left_child=1 3 -3 5 -5 -1
right_child=-2 2 -4 4 -6 -7
leaf_value=-0.017205855318112872 0.013132478632843815 0.0076464529863156556 -0.0016163859985694807 0.0009665859650262378 -0.0029530870053934514 -0.017911207446391054
leaf_weight=32 30 30 54 40 602 112
leaf_count=32 30 30 54 40 602 112
internal_value=-5.55562e-05 -0.000775863 0.00166667 -0.0010369 -0.000786605 -0.00215278
internal_weight=900 870 84 786 642 144
internal_count=900 870 84 786 642 144
is_linear=0
shrinkage=0.05


Tree=17
num_leaves=8
num_cat=0
split_feature=0 0 0 1 0 0 0
split_gain=3.8259 0.292521 0.271867 0.217166 0.0510204 0.0945304 0.0243056
threshold=4.6190744389114418 4.0742799232882634 4.1019445769155887 4.2189276575935279 3.8128526450988587 3.8418921595347251 3.6316900394282885
decision_type=2 2 2 2 2 2 2
left_child=1 4 -3 -4 6 -6 -1
right_child=-2 2 3 -5 5 -7 -8
leaf_value=-0.016345562552207229 0.012475854701201605 0.0021253402502644345 -0.0097690582080125574 0.0058682193762140296 0.00091825666677494493 -0.0087692061258187962 -0.017015647074071483
leaf_weight=32 30 45 117 147 40 377 112
leaf_count=32 30 45 117 147 40 377 112
internal_value=-5.55562e-05 -0.00066092 0.000574433 -3.78794e-05 -0.00134136 -0.00106115 -0.00215278
internal_weight=900 870 309 264 561 417 144
internal_count=900 870 309 264 561 417 144
is_linear=0
shrinkage=0.05


Tree=18
num_leaves=9
num_cat=0
split_feature=0 0 0 1 1 0 0 0
split_gain=3.89889 0.16306 0.219166 0.294078 0.225 0.0510204 0.0945304 0.0243056
threshold=4.6190744389114418 4.0742799232882634 4.1156132643415582 4.1143761190062973 4.2189276575935279 3.8128526450988587 3.8418921595347251 3.6316900394282885
decision_type=2 2 2 2 2 2 2 2
left_child=1 5 3 -3 -4 7 -7 -1
right_child=-2 2 4 -5 -6 6 -8 -9
leaf_value=-0.015528284424596884 0.011852061966141525 -0.0023108558419318486 -0.011662230237798355 0.0023339467261974298 0.005650618708938549 0.00087234383343617677 -0.0083307458195278627 -0.016164864720367912
leaf_weight=32 30 32 96 37 144 40 377 112
leaf_count=32 30 32 96 37 144 40 377 112
internal_value=-0.000222223 -0.000833334 8.89962e-05 0.00257246 -0.000625001 -0.00134136 -0.00106115 -0.00215278
internal_weight=900 870 309 69 240 561 417 144
internal_count=900 870 309 69 240 561 417 144
is_linear=0
shrinkage=0.05


Tree=19
num_leaves=9
num_cat=0
split_feature=0 0 0 1 1 1 0 0
split_gain=3.8259 0.159333 0.329761 0.225 0.170437 0.0647223 0.132467 0.0177778
threshold=4.6190744389114418 4.0742799232882634 4.1156132643415582 4.2189276575935279 4.1143761190062973 3.8574804099862177 3.8561850071302004 3.6316900394282885
decision_type=2 2 2 2 2 2 2 2
left_child=1 5 4 -4 -3 7 -7 -1
right_child=-2 2 3 -5 -6 6 -8 -9
leaf_value=-0.012859883620614321 0.011259458867834438 -0.0021953130498352474 -0.011079118725908456 0.0053680877734916255 0.0022172493898875729 0.00080554637686335744 -0.0064675216022080182 -0.017412274313014241
leaf_weight=30 30 32 96 144 37 31 350 150
leaf_count=30 30 32 96 144 37 31 350 150
internal_value=-5.55562e-05 -0.00066092 0.000250808 -0.000625001 0.0032971 -0.0011631 -0.000793964 -0.00194445
internal_weight=900 870 309 240 69 561 381 180
internal_count=900 870 309 240 69 561 381 180
is_linear=0
shrinkage=0.05


Tree=20
num_leaves=8
num_cat=0
split_feature=0 0 0 0 1 0 0
split_gain=3.80172 0.197889 0.296911 0.0831169 0.0647223 0.132467 0.0177778
threshold=4.6190744389114418 4.0742799232882634 4.1019445769155887 4.2744267216575453 3.8574804099862177 3.8561850071302004 3.6316900394282885
decision_type=2 2 2 2 2 2 2
left_child=1 4 -3 -4 6 -6 -1
right_child=-2 2 3 -5 5 -7 -8
leaf_value=-0.01221688943958359 0.010696485924442722 0.0017915134319469726 -0.001189137554101642 0.0054010914973552822 0.00076526905802018366 -0.0061441455220976023 -0.01654166059736353
leaf_weight=30 30 45 180 84 31 350 150
leaf_count=30 30 45 180 84 31 350 150
internal_value=-5.96046e-10 -0.000603449 0.000412621 -0.000227273 -0.0011631 -0.000793964 -0.00194445
internal_weight=900 870 309 264 561 381 180
internal_count=900 870 309 264 561 381 180
is_linear=0
shrinkage=0.05


Tree=21
num_leaves=7
num_cat=0
split_feature=0 1 0 0 0 0
split_gain=3.77762 0.177545 0.0824406 0.118082 0.0177778 0.0171429
threshold=4.6190744389114418 3.8574804099862177 3.8561850071302004 4.0742799232882634 3.6316900394282885 3.8128526450988587
decision_type=2 2 2 2 2 2
left_child=1 4 -3 -4 -1 -6
right_child=-2 2 3 -5 5 -7
leaf_value=-0.011606044967604402 0.010161661628220565 0.00072700560511919528 -0.0058369382459927321 0.00053507983888638748 -0.014762590636327922 -0.019903108689374435
leaf_weight=30 30 31 350 309 108 42
leaf_count=30 30 31 350 309 108 42
internal_value=5.5555e-05 -0.000545978 -0.00018116 -0.000299697 -0.00194445 -0.00216667
internal_weight=900 870 690 659 180 150
internal_count=900 870 690 659 180 150
is_linear=0
shrinkage=0.05


Tree=22
num_leaves=7
num_cat=0
split_feature=0 0 0 0 0 1
split_gain=3.09027 0.155649 0.296911 0.0831169 0.0770616 0.138035
threshold=4.6190744389114418 4.0742799232882634 4.1019445769155887 4.2744267216575453 4.0336933527844456 4.0193824079426044
decision_type=2 2 2 2 2 2
left_child=1 4 -3 -4 5 -1
right_child=-2 2 3 -5 -6 -7
leaf_value=-0.011364652859725616 0.0096535785468095277 0.0016751837684053025 -0.0011564346683409037 0.0051042829305431693 -0.01349784806207127 0.0032939863469815148
leaf_weight=424 30 45 180 84 73 64
leaf_count=424 30 45 180 84 73 64
internal_value=5.5555e-05 -0.000488506 0.000412621 -0.000227273 -0.000984849 -0.000758197
internal_weight=900 870 309 264 561 488
internal_count=900 870 309 264 561 488
is_linear=0
shrinkage=0.05


Tree=23
num_leaves=8
num_cat=0
split_feature=0 1 0 1 1 0 1
split_gain=3.09027 0.141204 0.17515 0.15625 0.0743315 0.0554846 0.104822
threshold=4.6190744389114418 4.0855241124350217 4.1156132643415582 4.2189276575935279 4.1230306822514171 4.0336933527844456 4.0193824079426044
decision_type=2 2 2 2 2 2 2
left_child=1 5 4 -4 -3 6 -1
right_child=-2 2 3 -5 -6 -7 -8
leaf_value=-0.010796420216739329 0.0091708996194690418 0.00030254255062704509 -0.010434638170435218 0.0048490681688963203 0.0018816493759184817 -0.015752579744774398 0.0020547618934706031
leaf_weight=424 30 58 96 144 40 55 53
leaf_count=424 30 58 96 144 40 55 53
internal_value=5.5555e-05 -0.000488506 0.00031065 -0.000416667 0.00209184 -0.000996241 -0.000822852
internal_weight=900 870 338 240 98 532 477
internal_count=900 870 338 240 98 532 477
is_linear=0
shrinkage=0.05


Tree=24
num_leaves=8
num_cat=0
split_feature=0 1 0 1 1 0 1
split_gain=3.09027 0.141204 0.17515 0.15625 0.0743315 0.0554846 0.104822
threshold=4.6190744389114418 4.0855241124350217 4.1156132643415582 4.2189276575935279 4.1230306822514171 4.0336933527844456 4.0193824079426044
decision_type=2 2 2 2 2 2 2
left_child=1 5 4 -4 -3 6 -1
right_child=-2 2 3 -5 -6 -7 -8
leaf_value=-0.010256599205902345 0.0087123546384956004 0.0002874154230956893 -0.0099129062619134345 0.0046066147604514997 0.0017875669071225619 -0.0149649507575357 0.0019520237987970875
leaf_weight=424 30 58 96 144 40 55 53
leaf_count=424 30 58 96 144 40 55 53
internal_value=5.5555e-05 -0.000488506 0.00031065 -0.000416667 0.00209184 -0.000996241 -0.000822852
internal_weight=900 870 338 240 98 532 477
internal_count=900 870 338 240 98 532 477
is_linear=0
shrinkage=0.05


Tree=25
num_leaves=8
num_cat=0
split_feature=0 1 0 1 1 0 1
split_gain=2.49138 0.141204 0.17515 0.15625 0.0743315 0.0554846 0.104822
threshold=4.6190744389114418 4.0855241124350217 4.1156132643415582 4.2189276575935279 4.1230306822514171 4.0336933527844456 4.0193824079426044
decision_type=2 2 2 2 2 2 2
left_child=1 5 4 -4 -3 6 -1
right_child=-2 2 3 -5 -6 -7 -8
leaf_value=-0.0097437692456072093 0.0082767369065708252 0.00027304465194088573 -0.0094172609488177642 0.004376284022428934 0.001698188561766445 -0.014216703219658912 0.0018544226088572432
leaf_weight=424 30 58 96 144 40 55 53
leaf_count=424 30 58 96 144 40 55 53
internal_value=-5.96046e-10 -0.000488506 0.00031065 -0.000416667 0.00209184 -0.000996241 -0.000822852
internal_weight=900 870 338 240 98 532 477
internal_count=900 870 338 240 98 532 477
is_linear=0
shrinkage=0.05


Tree=26
num_leaves=8
num_cat=0
split_feature=0 1 0 1 1 0 1
split_gain=1.92245 0.212374 0.233863 0.183333 0.135808 0.0554846 0.104822
threshold=4.6190744389114418 4.0855241124350217 4.1228702126846803 4.1394870167071263 4.2189276575935279 4.0336933527844456 4.0193824079426044
decision_type=2 2 2 2 2 2 2
left_child=1 5 3 -3 -4 6 -1
right_child=-2 2 4 -5 -6 -7 -8
leaf_value=-0.0092565807833268569 0.0078629000612422846 0.00014693219343871609 -0.0092547622049761191 0.0018891833404213222 0.0041574698213074695 -0.013505868058675975 0.0017617014784143911
leaf_weight=424 30 80 84 30 144 55 53
leaf_count=424 30 80 84 30 144 55 53
internal_value=5.5555e-05 -0.000373564 0.000606508 0.0025 -0.000307018 -0.000996241 -0.000822852
internal_weight=900 870 338 110 228 532 477
internal_count=900 870 338 110 228 532 477
is_linear=0
shrinkage=0.05


Tree=27
num_leaves=8
num_cat=0
split_feature=0 0 0 1 1 0 1
split_gain=1.92245 0.118474 0.180176 0.273759 0.135808 0.0962603 0.113135
threshold=4.6190744389114418 4.0742799232882634 4.1228702126846803 4.1230306822514171 4.2189276575935279 4.0336933527844456 4.0193824079426044
decision_type=2 2 2 2 2 2 2
left_child=1 5 3 -3 -4 6 -1
right_child=-2 2 4 -5 -6 -7 -8
leaf_value=-0.0087937517441605117 0.0074697550581801497 -0.00050643463945547072 -0.0087920240947273239 0.0016015912286800181 0.0039495963302420998 -0.011089948750611643 0.0027481415406555351
leaf_weight=424 30 44 84 37 144 73 64
leaf_count=424 30 44 84 37 144 73 64
internal_value=5.5555e-05 -0.000373564 0.000412621 0.00243827 -0.000307018 -0.000806596 -0.000553279
internal_weight=900 870 309 81 228 561 488
internal_count=900 870 309 81 228 561 488
is_linear=0
shrinkage=0.05


Tree=28
num_leaves=8
num_cat=0
split_feature=0 1 0 1 1 0 1
split_gain=1.0431 0.132684 0.164255 0.135808 0.0775758 0.0702227 0.0849057
threshold=4.6190744389114418 4.0855241124350217 4.1228702126846803 4.2189276575935279 4.1230306822514171 4.0336933527844456 4.0193824079426044
decision_type=2 2 2 2 2 2 2
left_child=1 5 4 -4 -3 6 -1
right_child=-2 2 3 -5 -6 -7 -8
leaf_value=-0.0083540641569525061 0.0070962673052711537 0.0006088046520771875 -0.0083524228899909403 0.003752116513729975 0.00088499167073901458 -0.012276077218211601 0.0015362093274609255
leaf_weight=424 30 60 84 144 50 55 53
leaf_count=424 30 60 84 144 50 55 53
internal_value=-5.96046e-10 -0.000316093 0.000458579 -0.000307018 0.00204545 -0.000808271 -0.000613208
internal_weight=900 870 338 228 110 532 477
internal_count=900 870 338 228 110 532 477
is_linear=0
shrinkage=0.05


Tree=29
num_leaves=8
num_cat=0
split_feature=0 1 0 1 1 0 1
split_gain=1.0431 0.132684 0.164255 0.135808 0.0775758 0.0702227 0.0849057
threshold=4.6190744389114418 4.0855241124350217 4.1228702126846803 4.2189276575935279 4.1230306822514171 4.0336933527844456 4.0193824079426044
decision_type=2 2 2 2 2 2 2
left_child=1 5 4 -4 -3 6 -1
right_child=-2 2 3 -5 -6 -7 -8
leaf_value=-0.0079363609491048866 0.0067414539400076027 0.0005783644194733309 -0.0079348017454913943 0.0035645106880434875 0.0008407420872020441 -0.011662273357301035 0.0014593988610878805
leaf_weight=424 30 60 84 144 50 55 53
leaf_count=424 30 60 84 144 50 55 53
internal_value=-5.96046e-10 -0.000316093 0.000458579 -0.000307018 0.00204545 -0.000808271 -0.000613208
internal_weight=900 870 338 228 110 532 477
internal_count=900 870 338 228 110 532 477
is_linear=0
shrinkage=0.05


Tree=30
num_leaves=7
num_cat=0
split_feature=0 0 0 1 0 1
split_gain=1.05579 0.10781 0.18798 0.108114 0.0720902 0.0507087
threshold=4.6190744389114418 3.9197407914352271 3.9399319371979975 4.0855241124350217 3.6709364567153644 3.8165800042652074
decision_type=2 2 2 2 2 2
left_child=1 4 -3 -4 -1 -6
right_child=-2 2 3 -5 5 -7
leaf_value=0.00047364263243540144 0.00640438124300724 0.011479012022623629 -0.007713154018143183 0.00032294345410245178 -0.013400261952845761 -0.0099913474856547779
leaf_weight=48 30 32 211 331 83 165
leaf_count=48 30 32 211 331 83 165
internal_value=-5.55562e-05 -0.000373564 2.61318e-05 -0.000193728 -0.00114865 -0.00149194
internal_weight=900 870 574 542 296 248
internal_count=900 870 574 542 296 248
is_linear=0
shrinkage=0.05


Tree=31
num_leaves=7
num_cat=0
split_feature=0 1 0 1 0 0
split_gain=1.0431 0.104481 0.118519 0.0841506 0.131781 0.0164021
threshold=4.6190744389114418 3.8574804099862177 3.6709364567153644 4.4623081335538872 4.2744267216575453 3.8128526450988587
decision_type=2 2 2 2 2 2
left_child=1 2 -1 4 -3 -4
right_child=-2 3 5 -5 -6 -7
leaf_value=0.00080981804182538638 0.0060841621808569004 -0.00017916464608716911 -0.010696947423388937 -0.0084324757777712641 0.0049549983378316849 -0.014583275922546997
leaf_weight=45 30 594 93 33 63 42
leaf_count=45 30 594 93 33 63 42
internal_value=-5.96046e-10 -0.000316093 -0.00138889 -3.62325e-05 8.75184e-05 -0.00212963
internal_weight=900 870 180 690 657 135
internal_count=900 870 180 690 657 135
is_linear=0
shrinkage=0.05


Tree=32
num_leaves=7
num_cat=0
split_feature=0 1 0 1 0 0
split_gain=1.0431 0.104481 0.118519 0.0841506 0.131781 0.0164021
threshold=4.6190744389114418 3.8574804099862177 3.6709364567153644 4.4623081335538872 4.2744267216575453 3.8128526450988587
decision_type=2 2 2 2 2 2
left_child=1 2 -1 4 -3 -4
right_child=-2 3 5 -5 -6 -7
leaf_value=0.00076932713973410286 0.0057799540718140646 -0.00017020641378281224 -0.010162100052219493 -0.0080108519888827164 0.0047072484209401029 -0.013854112126419644
leaf_weight=45 30 594 93 33 63 42
leaf_count=45 30 594 93 33 63 42
internal_value=-5.96046e-10 -0.000316093 -0.00138889 -3.62325e-05 8.75184e-05 -0.00212963
internal_weight=900 870 180 690 657 135
internal_count=900 870 180 690 657 135
is_linear=0
shrinkage=0.05


Tree=33
num_leaves=7
num_cat=0
split_feature=0 1 0 1 0 0
split_gain=1.0431 0.104481 0.118519 0.0841506 0.131781 0.0164021
threshold=4.6190744389114418 3.8574804099862177 3.6709364567153644 4.4623081335538872 4.2744267216575453 3.8128526450988587
decision_type=2 2 2 2 2 2
left_child=1 2 -1 4 -3 -4
right_child=-2 3 5 -5 -6 -7
leaf_value=0.00073086078274740341 0.0054909563682233658 -0.00016169609309367542 -0.0096539950496085328 -0.0076103093894385855 0.0044718859998930773 -0.013161406520098668
leaf_weight=45 30 594 93 33 63 42
leaf_count=45 30 594 93 33 63 42
internal_value=-5.96046e-10 -0.000316093 -0.00138889 -3.62325e-05 8.75184e-05 -0.00212963
internal_weight=900 870 180 690 657 135
internal_count=900 870 180 690 657 135
is_linear=0
shrinkage=0.05


Tree=34
num_leaves=7
num_cat=0
split_feature=0 1 0 1 0 0
split_gain=1.0431 0.104481 0.118519 0.0841506 0.131781 0.0164021
threshold=4.6190744389114418 3.8574804099862177 3.6709364567153644 4.4623081335538872 4.2744267216575453 3.8128526450988587
decision_type=2 2 2 2 2 2
left_child=1 2 -1 4 -3 -4
right_child=-2 3 5 -5 -6 -7
leaf_value=0.0006943177436100434 0.0052164085498121798 -0.00015361128843899101 -0.0091712952971281236 -0.0072297939199666766 0.0042482916998984434 -0.012503336194093734
leaf_weight=45 30 594 93 33 63 42
leaf_count=45 30 594 93 33 63 42
internal_value=-5.96046e-10 -0.000316093 -0.00138889 -3.62325e-05 8.75184e-05 -0.00212963
internal_weight=900 870 180 690 657 135
internal_count=900 870 180 690 657 135
is_linear=0
shrinkage=0.05


Tree=35
num_leaves=7
num_cat=0
split_feature=0 1 0 1 0 0
split_gain=0.708659 0.104481 0.118519 0.0841506 0.131781 0.0164021
threshold=4.6190744389114418 3.8574804099862177 3.6709364567153644 4.4623081335538872 4.2744267216575453 3.8128526450988587
decision_type=2 2 2 2 2 2
left_child=1 2 -1 4 -3 -4
right_child=-2 3 5 -5 -6 -7
leaf_value=0.00065960185642952919 0.0049555881223215525 -0.00014593072401706078 -0.008712730532271706 -0.0068683042239683356 0.0040358771149035192 -0.011878169384389054
leaf_weight=45 30 594 93 33 63 42
leaf_count=45 30 594 93 33 63 42
internal_value=-5.55562e-05 -0.000316093 -0.00138889 -3.62325e-05 8.75184e-05 -0.00212963
internal_weight=900 870 180 690 657 135
internal_count=900 870 180 690 657 135
is_linear=0
shrinkage=0.05


Tree=36
num_leaves=7
num_cat=0
split_feature=0 1 0 1 0 0
split_gain=0.708659 0.104481 0.118519 0.0841506 0.131781 0.0164021
threshold=4.6190744389114418 3.8574804099862177 3.6709364567153644 4.4623081335538872 4.2744267216575453 3.8128526450988587
decision_type=2 2 2 2 2 2
left_child=1 2 -1 4 -3 -4
right_child=-2 3 5 -5 -6 -7
leaf_value=0.00062662176360806291 0.0047078087162054864 -0.00013863418781622042 -0.0082770940056581029 -0.0065248890127699083 0.0038340832591583496 -0.011284260915169582
leaf_weight=45 30 594 93 33 63 42
leaf_count=45 30 594 93 33 63 42
internal_value=-5.55562e-05 -0.000316093 -0.00138889 -3.62325e-05 8.75184e-05 -0.00212963
internal_weight=900 870 180 690 657 135
internal_count=900 870 180 690 657 135
is_linear=0
shrinkage=0.05


Tree=37
num_leaves=8
num_cat=0
split_feature=0 1 1 0 0 1 0
split_gain=0.698276 0.0782998 0.318182 0.11349 0.0652975 0.143768 0.0406289
threshold=4.6190744389114418 4.1527323754727083 4.1802306412444743 4.1904523227632842 4.0430907185670231 4.0193824079426044 4.0756771342030511
decision_type=2 2 2 2 2 2 2
left_child=1 4 -3 -4 5 -1 -6
right_child=-2 2 3 -5 6 -7 -8
leaf_value=-0.0064631711478627578 0.0044724182803951964 0.0026699858460339544 -0.0073435610666833023 0.001584518815360525 -0.0096654399371265617 0.0022971151975053842 -0.0010947406432982776
leaf_weight=424 30 33 43 155 58 69 88
leaf_count=424 30 33 43 155 58 69 88
internal_value=-5.96046e-10 -0.000258621 0.000530302 -0.000227273 -0.000543819 -0.000268763 -0.0014726
internal_weight=900 870 231 198 639 493 146
internal_count=900 870 231 198 639 493 146
is_linear=0
shrinkage=0.05


Tree=38
num_leaves=9
num_cat=0
split_feature=0 1 0 1 0 1 1 1
split_gain=0.687969 0.0962312 0.164255 0.135808 0.0975705 0.156085 0.0775758 0.0241363
threshold=4.6190744389114418 4.0855241124350217 4.1228702126846803 4.2189276575935279 3.981128518181698 3.9641300305704794 4.1230306822514171 4.0406739594515786
decision_type=2 2 2 2 2 2 2 2
left_child=1 4 6 -4 5 -1 -3 -6
right_child=-2 2 3 -5 7 -7 -8 -9
leaf_value=-0.006483264200384981 0.0042487973663754451 0.00047438495390253102 -0.0073260251210891976 0.001978292798536918 -0.013090722874704926 0.0068594374268463962 0.00075565926643573512 -0.0035637151611566335
leaf_weight=328 30 60 84 144 62 67 50 75
leaf_count=328 30 60 84 144 62 67 50 75
internal_value=5.5555e-05 -0.00020115 0.000458579 -0.000307018 -0.000620301 -0.00022152 0.00204545 -0.00177007
internal_weight=900 870 338 228 532 395 110 137
internal_count=900 870 338 228 532 395 110 137
is_linear=0
shrinkage=0.05


Tree=39
num_leaves=9
num_cat=0
split_feature=0 1 0 1 0 1 1 1
split_gain=0.422414 0.0962312 0.164255 0.135808 0.0975705 0.156085 0.0775758 0.0241363
threshold=4.6190744389114418 4.0855241124350217 4.1228702126846803 4.2189276575935279 3.981128518181698 3.9641300305704794 4.1230306822514171 4.0406739594515786
decision_type=2 2 2 2 2 2 2 2
left_child=1 4 6 -4 5 -1 -3 -6
right_child=-2 2 3 -5 7 -7 -8 -9
leaf_value=-0.0061591009903657129 0.0040363574980566861 0.00045066570620742234 -0.0069597238650347393 0.001879378158610079 -0.012436186730969674 0.0065164655555040836 0.0007178763031139377 -0.0033855294030987974
leaf_weight=328 30 60 84 144 62 67 50 75
leaf_count=328 30 60 84 144 62 67 50 75
internal_value=-5.96046e-10 -0.00020115 0.000458579 -0.000307018 -0.000620301 -0.00022152 0.00204545 -0.00177007
internal_weight=900 870 338 228 532 395 110 137
internal_count=900 870 338 228 532 395 110 137
is_linear=0
shrinkage=0.05


Tree=40
num_leaves=7
num_cat=0
split_feature=0 0 0 1 0 0
split_gain=0.438659 0.0716003 0.178836 0.045629 0.151002 0.129688
threshold=4.6190744389114418 4.2744267216575453 4.3388803919274972 3.8165800042652074 3.827961421088713 3.6709364567153644
decision_type=2 2 2 2 2 2
left_child=1 3 -3 5 -5 -1
right_child=-2 2 -4 4 -6 -7
leaf_value=0.0015505674923583601 0.003834539623153832 0.0028041024125116999 -0.0039270423231576555 0.0056565937686966009 -0.00091775064133343238 -0.0089412639202590249
leaf_weight=45 30 30 54 38 620 83
leaf_count=45 30 30 54 38 620 83
internal_value=-0.000111112 -0.000316093 0.00107143 -0.000464377 -0.000296353 -0.00132813
internal_weight=900 870 84 786 658 128
internal_count=900 870 84 786 658 128
is_linear=0
shrinkage=0.05


Tree=41
num_leaves=9
num_cat=0
split_feature=0 1 0 1 0 1 1 1
split_gain=0.422414 0.0962312 0.164255 0.135808 0.0975705 0.156085 0.0775758 0.0241363
threshold=4.6190744389114418 4.0855241124350217 4.1228702126846803 4.2189276575935279 3.981128518181698 3.9641300305704794 4.1230306822514171 4.0406739594515786
decision_type=2 2 2 2 2 2 2 2
left_child=1 4 6 -4 5 -1 -3 -6
right_child=-2 2 3 -5 7 -7 -8 -9
leaf_value=-0.0058785102744981351 0.0036428126419961516 0.00047401995296372427 -0.0065658501397163338 0.0016452041300540011 -0.011768489862354532 0.0062365298097955581 0.0007278700200248876 -0.0031703654008771844
leaf_weight=328 30 60 84 144 62 67 50 75
leaf_count=328 30 60 84 144 62 67 50 75
internal_value=-5.96046e-10 -0.00020115 0.000458579 -0.000307018 -0.000620301 -0.00022152 0.00204545 -0.00177007
internal_weight=900 870 338 228 532 395 110 137
internal_count=900 870 338 228 532 395 110 137
is_linear=0
shrinkage=0.05


Tree=42
num_leaves=7
num_cat=0
split_feature=0 0 0 1 0 0
split_gain=0.446897 0.0776545 0.178836 0.0391556 0.158596 0.129688
threshold=4.6190744389114418 4.2744267216575453 4.3388803919274972 3.8165800042652074 3.827961421088713 3.6709364567153644
decision_type=2 2 2 2 2 2
left_child=1 3 -3 5 -5 -1
right_child=-2 2 -4 4 -6 -7
leaf_value=0.0017669646314653767 0.0034606720098963265 0.0025816370853834151 -0.0038129504135024882 0.0056676895939866863 -0.0011601758324297242 -0.0082002752105211577
leaf_weight=45 30 30 54 38 620 83
leaf_count=45 30 30 54 38 620 83
internal_value=-0.000166667 -0.000373564 0.00107143 -0.00052799 -0.000372341 -0.00132813
internal_weight=900 870 84 786 658 128
internal_count=900 870 84 786 658 128
is_linear=0
shrinkage=0.05


Tree=43
num_leaves=10
num_cat=0
split_feature=1 0 0 1 1 1 1 0 0
split_gain=0.22583 0.219277 0.183604 0.0987013 0.222727 0.0950187 0.0478261 0.127174 0.0445455
threshold=4.0855241124350217 4.0806841493209047 4.6190744389114418 3.9762448380555635 3.9591522271519812 4.1625072406807151 4.0276114911723964 4.0336933527844456 3.6709364567153644
decision_type=2 2 2 2 2 2 2 2 2
left_child=3 -2 5 4 8 -3 -5 -8 -1
right_child=1 2 -4 6 -6 -7 7 -9 -10
leaf_value=0.0016786163998921114 0.0025950336703468844 -0.0059195965583567966 0.0032876384094015169 -0.013835752805413458 0.010582733587400028 0.0010624116014343716 0.0037989760554691548 -0.0098784390544522857 -0.0063352172248647715
leaf_weight=45 45 86 30 88 32 207 40 52 275
leaf_count=45 45 86 30 88 32 207 40 52 275
internal_value=-5.55562e-05 0.000896739 0.000441176 -0.000714286 -0.000227273 5.97264e-05 -0.00166667 -0.000869566 -0.000625001
internal_weight=900 368 323 532 352 293 180 92 320
internal_count=900 368 323 532 352 293 180 92 320
is_linear=0
shrinkage=0.05


Tree=44
num_leaves=6
num_cat=0
split_feature=0 1 0 0 1
split_gain=0.221303 0.0762455 0.129688 0.122914 0.124263
threshold=4.6190744389114418 3.8165800042652074 3.6709364567153644 3.827961421088713 3.911509799370223
decision_type=2 2 2 2 2
left_child=1 2 -1 -3 -5
right_child=-2 3 -4 4 -6
leaf_value=0.0015946855798975069 0.0031232564889314587 0.0057010659755305677 -0.0074735005887518469 -0.0097043609863820147 8.4953292371834071e-05
leaf_weight=45 30 38 83 87 617
leaf_count=45 30 38 83 87 617
internal_value=-5.55562e-05 -0.00020115 -0.00132813 -6.73914e-06 -0.000156251
internal_weight=900 870 128 742 704
internal_count=900 870 128 742 704
is_linear=0
shrinkage=0.05


Tree=45
num_leaves=6
num_cat=0
split_feature=0 1 0 0 1
split_gain=0.221303 0.0762455 0.129688 0.122914 0.124263
threshold=4.6190744389114418 3.8165800042652074 3.6709364567153644 3.827961421088713 3.911509799370223
decision_type=2 2 2 2 2
left_child=1 2 -1 -3 -5
right_child=-2 3 -4 4 -6
leaf_value=0.0015149513009026262 0.0029670936644848656 0.0054160126767540187 -0.0070998255593142552 -0.0092191429370629008 8.070562775326111e-05
leaf_weight=45 30 38 83 87 617
leaf_count=45 30 38 83 87 617
internal_value=-5.55562e-05 -0.00020115 -0.00132813 -6.73914e-06 -0.000156251
internal_weight=900 870 128 742 704
internal_count=900 870 128 742 704
is_linear=0
shrinkage=0.05


Tree=46
num_leaves=6
num_cat=0
split_feature=0 1 0 1 0
split_gain=0.215517 0.0761793 0.145753 0.0831169 0.0730425
threshold=4.6190744389114418 4.4623081335538872 4.2744267216575453 4.3621584106047457 4.1156132643415582
decision_type=2 2 2 2 2
left_child=1 2 4 -4 -1
right_child=-2 -3 3 -5 -6
leaf_value=-0.00010332654959112706 0.0028187389812606156 -0.0062274181465044268 0.0023911517050362987 0.002118201551951682 -0.0027554087718687208
leaf_weight=619 30 33 30 33 155
leaf_count=619 30 33 30 33 155
internal_value=-5.96046e-10 -0.000143679 -5.07772e-05 0.0022619 -0.000239019
internal_weight=900 870 837 63 774
internal_count=900 870 837 63 774
is_linear=0
shrinkage=0.05


Tree=47
num_leaves=6
num_cat=0
split_feature=0 1 0 1 1
split_gain=0.209808 0.0799407 0.13832 0.0831169 0.065719
threshold=4.6190744389114418 4.4623081335538872 4.2744267216575453 4.3621584106047457 3.8146702394456362
decision_type=2 2 2 2 2
left_child=1 2 4 -4 -1
right_child=-2 -3 3 -5 -6
leaf_value=-0.0067138455222768741 0.0026778020321975848 -0.0059160472391792231 0.0022715941197844814 0.0020122914743541109 -5.8167182746365641e-05
leaf_weight=120 30 33 30 33 654
leaf_count=120 30 33 30 33 654
internal_value=5.5555e-05 -8.62075e-05 8.95998e-06 0.0022619 -0.000174419
internal_weight=900 870 837 63 774
internal_count=900 870 837 63 774
is_linear=0
shrinkage=0.05


Tree=48
num_leaves=6
num_cat=0
split_feature=0 1 0 1 1
split_gain=0.209808 0.0799407 0.13832 0.0831169 0.065719
threshold=4.6190744389114418 4.4623081335538872 4.2744267216575453 4.3621584106047457 3.8146702394456362
decision_type=2 2 2 2 2
left_child=1 2 4 -4 -1
right_child=-2 -3 3 -5 -6
leaf_value=-0.0063781532461630432 0.002543911930587717 -0.0056202448772202825 0.0021580144137952396 0.0019116769006363834 -5.5258823609066498e-05
leaf_weight=120 30 33 30 33 654
leaf_count=120 30 33 30 33 654
internal_value=5.5555e-05 -8.62075e-05 8.95998e-06 0.0022619 -0.000174419
internal_weight=900 870 837 63 774
internal_count=900 870 837 63 774
is_linear=0
shrinkage=0.05


Tree=49
num_leaves=6
num_cat=0
split_feature=0 1 0 1 0
split_gain=0.204176 0.0837927 0.131082 0.0831169 0.0689863
threshold=4.6190744389114418 4.4623081335538872 4.2744267216575453 4.3621584106047457 4.1228702126846803
decision_type=2 2 2 2 2
left_child=1 2 4 -4 -1
right_child=-2 -3 3 -5 -6
leaf_value=8.648349676811432e-05 0.0024167163340583111 -0.0053392326333592706 0.002050113693105482 0.0018160930556045509 -0.0045284615466762755
leaf_weight=631 30 33 30 33 143
leaf_count=631 30 33 30 33 143
internal_value=0.000111111 -2.87362e-05 6.86971e-05 0.0022619 -0.00010982
internal_weight=900 870 837 63 774
internal_count=900 870 837 63 774
is_linear=0
shrinkage=0.05


Tree=50
num_leaves=7
num_cat=0
split_feature=0 0 0 0 1 0
split_gain=0.101145 0.120426 0.076455 0.0672128 0.166924 0.204291
threshold=4.2744267216575453 4.3388803919274972 4.6190744389114418 3.6709364567153644 3.8146702394456362 3.8202887639596588
decision_type=2 2 2 2 2 2
left_child=3 -2 -3 -1 -5 -6
right_child=1 2 -4 4 5 -7
leaf_value=0.0017347882859088627 0.001947608008450219 -0.0035347994432322876 0.0022958805173554087 -0.0062507358500732751 0.0027546948373006154 -0.00051768774339920631
leaf_weight=48 30 54 30 75 31 632
leaf_count=48 30 54 30 75 31 632
internal_value=5.5555e-05 0.00144737 0.00047619 -0.000146311 -0.000264228 -1.13128e-05
internal_weight=900 114 84 786 738 663
internal_count=900 114 84 786 738 663
is_linear=0
shrinkage=0.05


Tree=51
num_leaves=7
num_cat=0
split_feature=0 0 0 0 1 0
split_gain=0.109381 0.120426 0.076455 0.0720122 0.175825 0.1583
threshold=4.2744267216575453 4.3388803919274972 4.6190744389114418 3.6709364567153644 3.8165800042652074 3.827961421088713
decision_type=2 2 2 2 2 2
left_child=3 -2 -3 -1 -5 -6
right_child=1 2 -4 4 5 -7
leaf_value=0.0016480488716134401 0.0018502276080277103 -0.0033580594710706548 0.0021810864914876492 -0.0057768553977817667 0.0053437530820878024 -0.00054096870063945267
leaf_weight=48 30 54 30 83 35 620
leaf_count=48 30 54 30 83 35 620
internal_value=-5.96046e-10 0.00144737 0.00047619 -0.000209924 -0.000331979 -5.72525e-05
internal_weight=900 114 84 786 738 655
internal_count=900 114 84 786 738 655
is_linear=0
shrinkage=0.05


Tree=52
num_leaves=7
num_cat=0
split_feature=0 0 0 0 1 0
split_gain=0.101145 0.120426 0.076455 0.0672128 0.166924 0.204291
threshold=4.2744267216575453 4.3388803919274972 4.6190744389114418 3.6709364567153644 3.8146702394456362 3.8202887639596588
decision_type=2 2 2 2 2 2
left_child=3 -2 -3 -1 -5 -6
right_child=1 2 -4 4 5 -7
leaf_value=0.0015656464280327531 0.001757716227626327 -0.0031901564975171416 0.0020720321669132516 -0.0056493562876805299 0.0023671943966123237 -0.00046475492119724978
leaf_weight=48 30 54 30 75 31 632
leaf_count=48 30 54 30 75 31 632
internal_value=5.5555e-05 0.00144737 0.00047619 -0.000146311 -0.000264228 -1.13128e-05
internal_weight=900 114 84 786 738 663
internal_count=900 114 84 786 738 663
is_linear=0
shrinkage=0.05


Tree=53
num_leaves=5
num_cat=0
split_feature=0 1 1 0
split_gain=0.0917558 0.160846 0.214722 0.0788467
threshold=4.4089046101418274 4.2952880899161556 4.2549960719170636 4.2013276435693703
decision_type=2 2 2 2
left_child=1 2 3 -1
right_child=-2 -3 -4 -5
leaf_value=-5.2559109585579769e-05 0.0042117164460781439 -0.010703324255785997 0.002473280107804295 -0.010885387226787158
leaf_weight=710 57 69 30 34
leaf_count=710 57 69 30 34
internal_value=-5.55562e-05 -0.000186833 1.93792e-05 -0.00014785
internal_weight=900 843 774 744
internal_count=900 843 774 744
is_linear=0
shrinkage=0.05


Tree=54
num_leaves=8
num_cat=0
split_feature=0 0 0 1 0 0 1
split_gain=0.109381 0.120426 0.076455 0.0612802 0.220525 0.125 0.0842377
threshold=4.2744267216575453 4.3388803919274972 4.6190744389114418 3.8146702394456362 3.8180636009089546 3.6709364567153644 3.911509799370223
decision_type=2 2 2 2 2 2 2
left_child=3 -2 -3 5 -5 -1 -6
right_child=1 2 -4 4 6 -7 -8
leaf_value=0.0018498496031221371 0.001546166410854788 -0.0027564952009615793 0.0017578447362636585 0.0024613558261617806 -0.0086517601921657448 -0.0053642605178172431 2.9977318445676903e-05
leaf_weight=45 30 54 30 30 103 75 533
leaf_count=45 30 54 30 30 103 75 533
internal_value=-5.96046e-10 0.00144737 0.00047619 -0.000209924 -2.25231e-05 -0.00125 -0.000220126
internal_weight=900 114 84 786 666 120 636
internal_count=900 114 84 786 666 120 636
is_linear=0
shrinkage=0.05


Tree=55
num_leaves=10
num_cat=0
split_feature=0 0 0 1 0 0 1 1 1
split_gain=0.117939 0.120426 0.076455 0.0655132 0.0907407 0.0891661 0.22767 0.0507937 0.037037
threshold=4.2744267216575453 4.3388803919274972 4.6190744389114418 3.8574804099862177 3.6709364567153644 4.1228702126846803 4.1230306822514171 4.2189276575935279 3.8146702394456362
decision_type=2 2 2 2 2 2 2 2 2
left_child=3 -2 -3 4 -1 6 -5 -7 -6
right_child=1 2 -4 5 8 7 -8 -9 -10
leaf_value=0.0017573571229660336 0.0014688580903120308 -0.0026186704409134906 0.0016699524994504779 -0.00022101256225429581 -0.005096047491926381 -0.0057937878931231257 0.00086950166922552358 -0.0012848034567598532 -0.0053695390668766245
leaf_weight=45 30 54 30 412 75 84 50 60 60
leaf_count=45 30 54 30 412 75 84 50 60 60
internal_value=-5.55562e-05 0.00144737 0.00047619 -0.000273537 -0.00111111 -2.47531e-05 0.000313852 -0.00111111 -0.00175926
internal_weight=900 114 84 786 180 606 462 144 135
internal_count=900 114 84 786 180 606 462 144 135
is_linear=0
shrinkage=0.05


Tree=56
num_leaves=8
num_cat=0
split_feature=0 0 0 1 0 0 1
split_gain=0.109381 0.120426 0.076455 0.0612802 0.220525 0.125 0.0842377
threshold=4.2744267216575453 4.3388803919274972 4.6190744389114418 3.8146702394456362 3.8180636009089546 3.6709364567153644 3.911509799370223
decision_type=2 2 2 2 2 2 2
left_child=3 -2 -3 5 -5 -1 -6
right_child=1 2 -4 4 6 -7 -8
leaf_value=0.0016694892668177178 0.0013954151857964447 -0.0024877369188678177 0.0015864548744779494 0.0024651805983144717 -0.0079764381747503676 -0.0048412451173300399 1.7719141804990768e-05
leaf_weight=45 30 54 30 30 103 75 533
leaf_count=45 30 54 30 30 103 75 533
internal_value=-5.96046e-10 0.00144737 0.00047619 -0.000209924 -2.25231e-05 -0.00125 -0.000220126
internal_weight=900 114 84 786 666 120 636
internal_count=900 114 84 786 666 120 636
is_linear=0
shrinkage=0.05


Tree=57
num_leaves=8
num_cat=0
split_feature=0 0 0 1 0 0 1
split_gain=0.109381 0.120426 0.076455 0.0612802 0.220525 0.125 0.0842377
threshold=4.2744267216575453 4.3388803919274972 4.6190744389114418 3.8146702394456362 3.8180636009089546 3.6709364567153644 3.911509799370223
decision_type=2 2 2 2 2 2 2
left_child=3 -2 -3 5 -5 -1 -6
right_child=1 2 -4 4 6 -7 -8
leaf_value=0.0015860148034768243 0.0013256444265066225 -0.0023633500729244371 0.0015071321307540408 0.0023419215683987264 -0.0075776162660128668 -0.0045991828614635466 1.6833184714722148e-05
leaf_weight=45 30 54 30 30 103 75 533
leaf_count=45 30 54 30 30 103 75 533
internal_value=-5.96046e-10 0.00144737 0.00047619 -0.000209924 -2.25231e-05 -0.00125 -0.000220126
internal_weight=900 114 84 786 666 120 636
internal_count=900 114 84 786 666 120 636
is_linear=0
shrinkage=0.05


Tree=58
num_leaves=8
num_cat=0
split_feature=0 0 0 1 0 0 1
split_gain=0.109381 0.120426 0.076455 0.0612802 0.220525 0.125 0.0842377
threshold=4.2744267216575453 4.3388803919274972 4.6190744389114418 3.8146702394456362 3.8180636009089546 3.6709364567153644 3.911509799370223
decision_type=2 2 2 2 2 2 2
left_child=3 -2 -3 5 -5 -1 -6
right_child=1 2 -4 4 6 -7 -8
leaf_value=0.0015067140633029641 0.0012593622051813025 -0.002245182569278221 0.0014317755242163168 0.0022248254899787838 -0.0071987354527122257 -0.0043692237183903691 1.5991525478993607e-05
leaf_weight=45 30 54 30 30 103 75 533
leaf_count=45 30 54 30 30 103 75 533
internal_value=-5.96046e-10 0.00144737 0.00047619 -0.000209924 -2.25231e-05 -0.00125 -0.000220126
internal_weight=900 114 84 786 666 120 636
internal_count=900 114 84 786 666 120 636
is_linear=0
shrinkage=0.05


Tree=59
num_leaves=10
num_cat=0
split_feature=1 0 0 0 0 1 0 1 0
split_gain=0.146944 0.118519 0.0831748 0.120426 0.0891661 0.22767 0.076455 0.0507937 0.0164021
threshold=3.8574804099862177 3.6709364567153644 4.2744267216575453 4.3388803919274972 4.1228702126846803 4.1230306822514171 4.6190744389114418 4.2189276575935279 3.8128526450988587
decision_type=2 2 2 2 2 2 2 2 2
left_child=1 -1 4 -4 5 -2 -5 -6 -3
right_child=2 8 3 6 7 -7 -8 -9 -10
leaf_value=0.0014313783601378283 -0.00021248912674153191 -0.0040738250302734258 0.0011963940949222263 -0.0021329234408143114 -0.0055066256910669244 0.00082349939316428249 0.0013601867480054876 -0.0012230904765218042 -0.0061799967233259817
leaf_weight=45 412 93 30 54 84 50 30 60 42
leaf_count=45 412 93 30 54 84 50 30 60 42
internal_value=-0.000111112 -0.00138889 0.000208333 0.00144737 -2.47531e-05 0.000313852 0.00047619 -0.00111111 -0.00212963
internal_weight=900 180 720 114 606 462 84 144 135
internal_count=900 180 720 114 606 462 84 144 135
is_linear=0
shrinkage=0.05


Tree=60
num_leaves=8
num_cat=0
split_feature=0 0 0 1 0 0 1
split_gain=0.109381 0.120426 0.076455 0.0612802 0.220525 0.125 0.0842377
threshold=4.2744267216575453 4.3388803919274972 4.6190744389114418 3.8146702394456362 3.8180636009089546 3.6709364567153644 3.911509799370223
decision_type=2 2 2 2 2 2 2
left_child=3 -2 -3 5 -5 -1 -6
right_child=1 2 -4 4 6 -7 -8
leaf_value=0.0013598094421309248 0.0011365743901761149 -0.0020262772687736083 0.0012921774106052109 0.0022110887963909197 -0.0065493963389755125 -0.0039470712809571932 5.0969636525425139e-06
leaf_weight=45 30 54 30 30 103 75 533
leaf_count=45 30 54 30 30 103 75 533
internal_value=-5.96046e-10 0.00144737 0.00047619 -0.000209924 -2.25231e-05 -0.00125 -0.000220126
internal_weight=900 114 84 786 666 120 636
internal_count=900 114 84 786 666 120 636
is_linear=0
shrinkage=0.05


Tree=61
num_leaves=5
num_cat=0
split_feature=0 1 1 0
split_gain=0.0917558 0.160846 0.214722 0.0788467
threshold=4.4089046101418274 4.2952880899161556 4.2549960719170636 4.2013276435693703
decision_type=2 2 2 2
left_child=1 2 3 -1
right_child=-2 -3 -4 -5
leaf_value=-0.00011580659194655966 0.0037432151168436721 -0.010622612268177447 0.0018831953622265825 -0.0097803780929431663
leaf_weight=710 57 69 30 34
leaf_count=710 57 69 30 34
internal_value=-5.55562e-05 -0.000186833 1.93792e-05 -0.00014785
internal_weight=900 843 774 744
internal_count=900 843 774 744
is_linear=0
shrinkage=0.05


Tree=62
num_leaves=8
num_cat=0
split_feature=0 0 0 1 0 0 1
split_gain=0.109381 0.120426 0.076455 0.0612802 0.220525 0.125 0.0842377
threshold=4.2744267216575453 4.3388803919274972 4.6190744389114418 3.8146702394456362 3.8180636009089546 3.6709364567153644 3.911509799370223
decision_type=2 2 2 2 2 2 2
left_child=3 -2 -3 5 -5 -1 -6
right_child=1 2 -4 4 6 -7 -8
leaf_value=0.0012976092996216859 0.0011764404735376596 -0.0016452343173407895 0.0010404077842327553 0.0021063246861686979 -0.0062161361924294237 -0.0037439273873120186 1.0632445067207158e-05
leaf_weight=45 30 54 30 30 103 75 533
leaf_count=45 30 54 30 30 103 75 533
internal_value=-5.96046e-10 0.00144737 0.00047619 -0.000209924 -2.25231e-05 -0.00125 -0.000220126
internal_weight=900 114 84 786 666 120 636
internal_count=900 114 84 786 666 120 636
is_linear=0
shrinkage=0.05


Tree=63
num_leaves=10
num_cat=0
split_feature=1 0 0 0 0 1 0 1 0
split_gain=0.146944 0.118519 0.0831748 0.120426 0.0891661 0.22767 0.076455 0.0507937 0.0164021
threshold=3.8574804099862177 3.6709364567153644 4.2744267216575453 4.3388803919274972 4.1228702126846803 4.1230306822514171 4.6190744389114418 4.2189276575935279 3.8128526450988587
decision_type=2 2 2 2 2 2 2 2 2
left_child=1 -1 4 -4 5 -2 -5 -6 -3
right_child=2 8 3 6 7 -7 -8 -9 -10
leaf_value=0.0012327288346406097 -0.00019686081124318136 -0.0034797935157489857 0.001117618449860774 -0.0015629726014737624 -0.0052262905473523082 0.00078732828266734169 0.00098838739502111746 -0.00069786460736560591 -0.0052269299309921583
leaf_weight=45 412 93 30 54 84 50 30 60 42
leaf_count=45 412 93 30 54 84 50 30 60 42
internal_value=-0.000111112 -0.00138889 0.000208333 0.00144737 -2.47531e-05 0.000313852 0.00047619 -0.00111111 -0.00212963
internal_weight=900 180 720 114 606 462 84 144 135
internal_count=900 180 720 114 606 462 84 144 135
is_linear=0
shrinkage=0.05


Tree=64
num_leaves=5
num_cat=0
split_feature=0 0 0 0
split_gain=0.0917558 0.116184 0.14436 0.0669575
threshold=4.4089046101418274 4.2880898200339006 4.2335986152994005 4.2013276435693703
decision_type=2 2 2 2
left_child=1 2 3 -1
right_child=-2 -3 -4 -5
leaf_value=-0.00028805499143033512 0.0035069844482156724 -0.0082196110586787441 0.001633140395851027 -0.0089256243996388204
leaf_weight=726 57 51 36 30
leaf_count=726 57 51 36 30
internal_value=-5.55562e-05 -0.000186833 -3.78794e-05 -0.000185186
internal_weight=900 843 792 756
internal_count=900 843 792 756
is_linear=0
shrinkage=0.05


Tree=65
num_leaves=12
num_cat=0
split_feature=1 0 1 1 0 1 1 1 1 1 0
split_gain=0.123881 0.237879 0.123584 0.134989 0.069843 0.138633 0.0899267 0.0677741 0.0635232 0.0543066 0.0845455
threshold=4.0855241124350217 4.0806841493209047 4.1625072406807151 4.1952673688153448 3.981128518181698 3.9641300305704794 3.9832521967692629 4.1239365294167589 3.9407113010499084 4.0406739594515786 4.0477153122596219
decision_type=2 2 2 2 2 2 2 2 2 2 2
left_child=4 -2 7 -4 5 8 -7 -3 -1 -6 -11
right_child=1 2 3 -5 9 6 -8 -9 -10 10 -12
leaf_value=-0.0020795598288990027 0.0025892096927458575 -0.0016492488547467394 0.0014076817838389552 0.00029320865484760885 -0.010316234659689028 0.010315639337656092 -0.0049052653908705206 -0.0081250460815717861 -0.016952200782532505 0.00023292878196443448 -0.0094825714960374632
leaf_weight=292 45 35 31 206 62 31 36 51 36 44 31
leaf_count=292 45 35 31 206 62 31 36 51 36 44 31
internal_value=5.5555e-05 0.000760869 0.000286377 0.000875527 -0.000432331 -9.49373e-05 0.00197761 -0.00133721 -0.000518293 -0.00140511 -0.000500001
internal_weight=900 368 323 237 532 395 67 86 328 137 75
internal_count=900 368 323 237 532 395 67 86 328 137 75
is_linear=0
shrinkage=0.05


Tree=66
num_leaves=8
num_cat=0
split_feature=0 0 0 1 0 0 1
split_gain=0.117939 0.120426 0.076455 0.0540134 0.2285 0.125 0.0744232
threshold=4.2744267216575453 4.3388803919274972 4.6190744389114418 3.8146702394456362 3.8180636009089546 3.6709364567153644 3.911509799370223
decision_type=2 2 2 2 2 2 2
left_child=3 -2 -3 5 -5 -1 -6
right_child=1 2 -4 4 6 -7 -8
leaf_value=0.0012894731339250487 0.00099625258188628784 -0.0012937189021305887 0.00074895837011688124 0.0022030982760368862 -0.0055256021452418942 -0.0032643606011425242 -0.0001147973414848842
leaf_weight=45 30 54 30 30 103 75 533
leaf_count=45 30 54 30 30 103 75 533
internal_value=-5.55562e-05 0.00144737 0.00047619 -0.000273537 -9.75982e-05 -0.00125 -0.000298743
internal_weight=900 114 84 786 666 120 636
internal_count=900 114 84 786 666 120 636
is_linear=0
shrinkage=0.05


Tree=67
num_leaves=8
num_cat=0
split_feature=0 0 0 1 0 0 1
split_gain=0.117939 0.120426 0.076455 0.0540134 0.2285 0.125 0.0744232
threshold=4.2744267216575453 4.3388803919274972 4.6190744389114418 3.8146702394456362 3.8180636009089546 3.6709364567153644 3.911509799370223
decision_type=2 2 2 2 2 2 2
left_child=3 -2 -3 5 -5 -1 -6
right_child=1 2 -4 4 6 -7 -8
leaf_value=0.0012249994772288086 0.00094643995279199546 -0.0012290329570240758 0.00071151045161101936 0.0020929433622350452 -0.005249322037979811 -0.0031011425710854024 -0.00010905747441062276
leaf_weight=45 30 54 30 30 103 75 533
leaf_count=45 30 54 30 30 103 75 533
internal_value=-5.55562e-05 0.00144737 0.00047619 -0.000273537 -9.75982e-05 -0.00125 -0.000298743
internal_weight=900 114 84 786 666 120 636
internal_count=900 114 84 786 666 120 636
is_linear=0
shrinkage=0.05


Tree=68
num_leaves=9
num_cat=0
split_feature=0 0 0 1 0 0 1 1
split_gain=0.12682 0.120426 0.076455 0.0559398 0.0907407 0.078186 0.0974175 0.037037
threshold=4.2744267216575453 4.3388803919274972 4.6190744389114418 3.8574804099862177 3.6709364567153644 3.8561850071302004 3.911509799370223 3.8146702394456362
decision_type=2 2 2 2 2 2 2 2
left_child=3 -2 -3 4 -1 -5 -7 -6
right_child=1 2 -4 5 7 6 -8 -9
leaf_value=0.0011637495033673762 0.00089911795515237999 -0.0011675813091728685 0.00067593492903048622 0.0065152363147321342 -0.0029460854425311213 -0.0076202363512504426 -0.00010316081736642768 -0.0029914677318399986
leaf_weight=45 30 54 30 31 75 44 531 60
leaf_count=45 30 54 30 31 75 44 531 60
internal_value=-0.000111112 0.00144737 0.00047619 -0.000337151 -0.00111111 -0.000107261 -0.000239131 -0.00175926
internal_weight=900 114 84 786 180 606 575 135
internal_count=900 114 84 786 180 606 575 135
is_linear=0
shrinkage=0.05


Tree=69
num_leaves=8
num_cat=0
split_feature=0 0 0 1 0 0 1
split_gain=0.117939 0.120426 0.076455 0.0540134 0.2285 0.125 0.0744232
threshold=4.2744267216575453 4.3388803919274972 4.6190744389114418 3.8146702394456362 3.8180636009089546 3.6709364567153644 3.911509799370223
decision_type=2 2 2 2 2 2 2
left_child=3 -2 -3 5 -5 -1 -6
right_child=1 2 -4 4 6 -7 -8
leaf_value=0.0011055620281990287 0.00085416205739474293 -0.0011092022437142214 0.00064213818257896627 0.0018764353837612342 -0.0048372825494888546 -0.0027987811704045743 -9.8446559821773871e-05
leaf_weight=45 30 54 30 30 103 75 533
leaf_count=45 30 54 30 30 103 75 533
internal_value=-5.55562e-05 0.00144737 0.00047619 -0.000273537 -9.75982e-05 -0.00125 -0.000298743
internal_weight=900 114 84 786 666 120 636
internal_count=900 114 84 786 666 120 636
is_linear=0
shrinkage=0.05


Tree=70
num_leaves=8
num_cat=0
split_feature=0 0 0 1 0 0 1
split_gain=0.117939 0.120426 0.076455 0.0540134 0.2285 0.125 0.0744232
threshold=4.2744267216575453 4.3388803919274972 4.6190744389114418 3.8146702394456362 3.8180636009089546 3.6709364567153644 3.911509799370223
decision_type=2 2 2 2 2 2 2
left_child=3 -2 -3 5 -5 -1 -6
right_child=1 2 -4 4 6 -7 -8
leaf_value=0.0010502839267890784 0.00081145395452501671 -0.0010537421315285314 0.00061003127345000692 0.0017826136145731716 -0.0045954184220144091 -0.002658842111884341 -9.3524231830699055e-05
leaf_weight=45 30 54 30 30 103 75 533
leaf_count=45 30 54 30 30 103 75 533
internal_value=-5.55562e-05 0.00144737 0.00047619 -0.000273537 -9.75982e-05 -0.00125 -0.000298743
internal_weight=900 114 84 786 666 120 636
internal_count=900 114 84 786 666 120 636
is_linear=0
shrinkage=0.05


Tree=71
num_leaves=9
num_cat=0
split_feature=0 0 1 0 0 1 0 0
split_gain=0.136022 0.120426 0.0911815 0.118519 0.078186 0.0974175 0.076455 0.0164021
threshold=4.2744267216575453 4.3388803919274972 3.8574804099862177 3.6709364567153644 3.8561850071302004 3.911509799370223 4.6190744389114418 3.8128526450988587
decision_type=2 2 2 2 2 2 2 2
left_child=2 -2 3 -1 -4 -6 -3 -5
right_child=1 6 4 7 5 -7 -8 -9
leaf_value=0.00099776973044963017 0.0007708812567987568 -0.0010010550249521103 0.0063338155642260092 -0.002448962504092678 -0.0067675894851127356 -8.8404236915469057e-05 0.00057952970977752653 -0.0036872480490978744
leaf_weight=45 30 54 31 93 44 531 30 42
leaf_count=45 30 54 31 93 44 531 30 42
internal_value=-0.000166667 0.00144737 -0.000400764 -0.00138889 -0.000107261 -0.000239131 0.00047619 -0.00212963
internal_weight=900 114 786 180 606 575 84 135
internal_count=900 114 786 180 606 575 84 135
is_linear=0
shrinkage=0.05


Tree=72
num_leaves=7
num_cat=0
split_feature=1 0 0 1 0 0
split_gain=0.0624948 0.2846 0.119643 0.101399 0.114562 0.0761905
threshold=3.8044709797341265 3.8180636009089546 3.6709364567153644 3.911509799370223 3.9267010685828767 3.8418921595347251
decision_type=2 2 2 2 2 2
left_child=2 -2 -1 5 -5 -3
right_child=1 3 -4 4 -6 -7
leaf_value=0.00094788124392713221 0.00077377991836302402 0.00014297330366505601 -0.0025324949493996441 0.0055747773812467056 -6.4123102674544508e-05 -0.0048856388703701018
leaf_weight=45 36 35 67 51 596 70
leaf_count=45 36 35 67 51 596 70
internal_value=-5.55562e-05 0.000101522 -0.00116071 -0.000106384 0.000127511 -0.00154762
internal_weight=900 788 112 752 647 105
internal_count=900 788 112 752 647 105
is_linear=0
shrinkage=0.05


Tree=73
num_leaves=7
num_cat=0
split_feature=1 0 0 1 0 0
split_gain=0.0718376 0.210051 0.125 0.0975428 0.114562 0.0788121
threshold=3.8146702394456362 3.8180636009089546 3.6709364567153644 3.911509799370223 3.9267010685828767 3.8418921595347251
decision_type=2 2 2 2 2 2
left_child=2 -2 -1 5 -5 -3
right_child=1 3 -4 4 -6 -7
leaf_value=0.00090048718173079464 0.0015357158180656057 0.00078696285328265232 -0.0022768271336155001 0.0052960385121843716 -6.0916947540805283e-05 -0.0046189920667067952
leaf_weight=45 30 34 75 51 596 69
leaf_count=45 30 34 75 51 596 69
internal_value=-0.000111112 6.4102e-05 -0.00125 -0.000100001 0.000127511 -0.00152913
internal_weight=900 780 120 750 647 103
internal_count=900 780 120 750 647 103
is_linear=0
shrinkage=0.05


Tree=74
num_leaves=8
num_cat=0
split_feature=1 0 0 1 0 0 0
split_gain=0.0802778 0.0907407 0.0667276 0.114454 0.12903 0.0328704 0.0708333
threshold=3.8574804099862177 3.6709364567153644 3.8561850071302004 3.911509799370223 3.9267010685828767 3.7860304836136991 3.8202887639596588
decision_type=2 2 2 2 2 2 2
left_child=1 -1 -2 -4 -5 -3 -7
right_child=2 5 3 4 -6 6 -8
leaf_value=0.00085546282264424068 0.0059361389640118596 -0.0021602964147212633 -0.0059539784640032511 0.0056060967588829093 -5.7871100163779657e-05 3.4924280582585086e-05 -0.0035315972439308244
leaf_weight=45 31 71 44 49 596 30 34
leaf_count=45 31 71 44 49 596 30 34
internal_value=-0.000166667 -0.00111111 6.94438e-05 -3.26566e-05 0.000135658 -0.00175926 -0.000937501
internal_weight=900 180 720 689 645 135 64
internal_count=900 180 720 689 645 135 64
is_linear=0
shrinkage=0.05


Tree=75
num_leaves=9
num_cat=0
split_feature=1 1 0 0 1 1 0 0
split_gain=0.0672435 0.307435 0.123352 0.110827 0.0802605 0.0732843 0.069843 0.0296703
threshold=4.1527323754727083 4.1802306412444743 4.1904523227632842 4.2969935660958924 4.1239365294167589 4.0855241124350217 3.981128518181698 4.0806841493209047
decision_type=2 2 2 2 2 2 2 2
left_child=4 -2 -3 -4 5 6 -1 -7
right_child=1 2 3 -5 -6 7 -8 -9
leaf_value=-0.00030869076706087573 0.0027816009998819628 -0.0045760765048050269 0.0012545915460380726 -0.00081293507717288905 -0.0084737301477602941 0.0018260249961698416 -0.0074774301286881749 -0.0015272713213989226
leaf_weight=395 33 43 80 105 42 30 137 35
leaf_count=395 33 43 80 105 42 30 137 35
internal_value=-0.000111112 0.000565134 -8.77199e-05 0.000472972 -0.000387325 -0.000238694 -0.000432331 0.00134615
internal_weight=900 261 228 185 639 597 532 65
internal_count=900 261 228 185 639 597 532 65
is_linear=0
shrinkage=0.05


Tree=76
num_leaves=5
num_cat=0
split_feature=0 1 1 0
split_gain=0.0970821 0.152703 0.221464 0.0786056
threshold=4.4089046101418274 4.2952880899161556 4.2549960719170636 4.1156132643415582
decision_type=2 2 2 2
left_child=1 2 3 -1
right_child=-2 -3 -4 -5
leaf_value=1.2861960136828066e-05 0.0032765859522249658 -0.00967128871914796 0.0012605157876999856 -0.0023830112315062035
leaf_weight=615 57 69 30 129
leaf_count=615 57 69 30 129
internal_value=-0.000111112 -0.000246145 -4.52202e-05 -0.000215054
internal_weight=900 843 774 744
internal_count=900 843 774 744
is_linear=0
shrinkage=0.05


Tree=77
num_leaves=7
num_cat=0
split_feature=1 0 0 1 0 0
split_gain=0.0563696 0.137392 0.119643 0.101399 0.114562 0.0761905
threshold=3.8044709797341265 3.8180636009089546 3.6709364567153644 3.911509799370223 3.9267010685828767 3.8418921595347251
decision_type=2 2 2 2 2 2
left_child=2 -2 -1 5 -5 -3
right_child=1 3 -4 4 -6 -7
leaf_value=0.00082748112185824564 0.00067990611929446003 0.00014583194711041277 -0.0021692225841666302 0.0047657231889772188 -3.5406467423703997e-05 -0.0042190360209735543
leaf_weight=45 36 35 67 51 596 70
leaf_count=45 36 35 67 51 596 70
internal_value=-0.000111112 3.80705e-05 -0.00116071 -0.000106384 0.000127511 -0.00154762
internal_weight=900 788 112 752 647 105
internal_count=900 788 112 752 647 105
is_linear=0
shrinkage=0.05


Tree=78
num_leaves=7
num_cat=0
split_feature=1 0 0 1 0 0
split_gain=0.0563696 0.137392 0.119643 0.101399 0.114562 0.0761905
threshold=3.8044709797341265 3.8180636009089546 3.6709364567153644 3.911509799370223 3.9267010685828767 3.8418921595347251
decision_type=2 2 2 2 2 2
left_child=2 -2 -1 5 -5 -3
right_child=1 3 -4 4 -6 -7
leaf_value=0.00078610706576534356 0.00064591081332975313 0.00013854034975490509 -0.0020607614549583045 0.0045274370295283655 -3.3636144052517678e-05 -0.0040080842199248677
leaf_weight=45 36 35 67 51 596 70
leaf_count=45 36 35 67 51 596 70
internal_value=-0.000111112 3.80705e-05 -0.00116071 -0.000106384 0.000127511 -0.00154762
internal_weight=900 788 112 752 647 105
internal_count=900 788 112 752 647 105
is_linear=0
shrinkage=0.05


Tree=79
num_leaves=12
num_cat=0
split_feature=1 0 1 0 1 0 1 1 0 1 1
split_gain=0.0738807 0.152013 0.149168 0.167124 0.0775758 0.069843 0.138633 0.0899267 0.0666667 0.0635232 0.0543066
threshold=4.0855241124350217 4.1228702126846803 4.2189276575935279 4.2969935660958924 4.1230306822514171 3.981128518181698 3.9641300305704794 3.9832521967692629 4.0806841493209047 3.9407113010499084 4.0406739594515786
decision_type=2 2 2 2 2 2 2 2 2 2 2
left_child=5 4 -3 -4 8 6 9 -8 -2 -1 -7
right_child=1 2 3 -5 -6 10 7 -9 -10 -11 -12
leaf_value=-0.0012230552923079892 0.001737532778928299 -0.0045826706987581968 0.0012078074387645355 -0.0005866463466673009 0.00076095538382154075 -0.0093842272970927412 0.0092070649011768042 -0.0046022434597965548 -0.0026961678766871861 -0.016253665813158326 -0.002615310245555369
leaf_weight=292 30 84 69 105 50 62 31 36 30 36 75
leaf_count=292 30 84 69 105 50 62 31 36 30 36 75
internal_value=-5.55562e-05 0.00048913 -0.000174419 0.000660919 0.00204545 -0.000432331 -9.49373e-05 0.00197761 0.000833333 -0.000518293 -0.00140511
internal_weight=900 368 258 174 110 532 395 67 60 328 137
internal_count=900 368 258 174 110 532 395 67 60 328 137
is_linear=0
shrinkage=0.05


Tree=80
num_leaves=11
num_cat=0
split_feature=0 0 1 0 1 0 1 0 1 0
split_gain=0.0726911 0.337622 0.125874 0.185553 0.0827506 0.0671479 0.14014 0.119643 0.057309 0.0555556
threshold=3.9197407914352271 3.9399319371979975 4.0193824079426044 4.0258215881804462 3.9762448380555635 3.8418921595347251 3.8044709797341265 3.6709364567153644 3.911509799370223 3.8180636009089546
decision_type=2 2 2 2 2 2 2 2 2 2
left_child=5 -2 4 -4 -3 6 7 -1 -7 -8
right_child=1 2 3 -5 -6 8 9 -9 -10 -11
leaf_value=0.00080795447709245739 0.0085435418503161924 -0.0045329213787498506 0.0042165641057651257 -1.1162343745094761e-05 -0.012315417290909236 -0.0037241623841683946 0.00067476803727865029 -0.0018965706175949838 -0.006475783987839834 -0.00043470277175520073
leaf_weight=45 32 33 41 427 71 69 36 67 43 36
leaf_count=45 32 33 41 427 71 69 36 67 43 36
internal_value=-5.96046e-10 0.000314569 3.49644e-05 0.000384615 -0.00153846 -0.000641892 -5.43484e-05 -0.00116071 -0.00160714 0.00166667
internal_weight=900 604 572 468 104 296 184 112 112 72
internal_count=900 604 572 468 104 296 184 112 112 72
is_linear=0
shrinkage=0.05


Tree=81
num_leaves=7
num_cat=0
split_feature=1 0 0 1 0 0
split_gain=0.0563696 0.137392 0.119643 0.101399 0.114562 0.0761905
threshold=3.8044709797341265 3.8180636009089546 3.6709364567153644 3.911509799370223 3.9267010685828767 3.8418921595347251
decision_type=2 2 2 2 2 2
left_child=2 -2 -1 5 -5 -3
right_child=1 3 -4 4 -6 -7
leaf_value=0.00076755675323785574 0.00064102963541473601 0.00021450123547030327 -0.0018017420867152412 0.0038664975432482875 -4.8982514396162885e-05 -0.0035603191251047939
leaf_weight=45 36 35 67 51 596 70
leaf_count=45 36 35 67 51 596 70
internal_value=-0.000111112 3.80705e-05 -0.00116071 -0.000106384 0.000127511 -0.00154762
internal_weight=900 788 112 752 647 105
internal_count=900 788 112 752 647 105
is_linear=0
shrinkage=0.05


Tree=82
num_leaves=7
num_cat=0
split_feature=1 0 0 1 0 0
split_gain=0.0563696 0.137392 0.119643 0.101399 0.114562 0.0761905
threshold=3.8044709797341265 3.8180636009089546 3.6709364567153644 3.911509799370223 3.9267010685828767 3.8418921595347251
decision_type=2 2 2 2 2 2
left_child=2 -2 -1 5 -5 -3
right_child=1 3 -4 4 -6 -7
leaf_value=0.00072917891557595981 0.0006089781536439909 0.00020377617369677221 -0.0017116549823794848 0.0036731726660858945 -4.6533388676335071e-05 -0.0033823031688495321
leaf_weight=45 36 35 67 51 596 70
leaf_count=45 36 35 67 51 596 70
internal_value=-0.000111112 3.80705e-05 -0.00116071 -0.000106384 0.000127511 -0.00154762
internal_weight=900 788 112 752 647 105
internal_count=900 788 112 752 647 105
is_linear=0
shrinkage=0.05


Tree=83
num_leaves=7
num_cat=0
split_feature=1 0 0 1 0 0
split_gain=0.0563696 0.137392 0.119643 0.101399 0.114562 0.0761905
threshold=3.8044709797341265 3.8180636009089546 3.6709364567153644 3.911509799370223 3.9267010685828767 3.8418921595347251
decision_type=2 2 2 2 2 2
left_child=2 -2 -1 5 -5 -3
right_child=1 3 -4 4 -6 -7
leaf_value=0.00069271996979714315 0.00057852924596178972 0.00019358736501193103 -0.0016260722332605004 0.003489514032781599 -4.4206719242507542e-05 -0.0032131880104070646
leaf_weight=45 36 35 67 51 596 70
leaf_count=45 36 35 67 51 596 70
internal_value=-0.000111112 3.80705e-05 -0.00116071 -0.000106384 0.000127511 -0.00154762
internal_weight=900 788 112 752 647 105
internal_count=900 788 112 752 647 105
is_linear=0
shrinkage=0.05


Tree=84
num_leaves=7
num_cat=0
split_feature=1 0 0 1 0 0
split_gain=0.1225 0.118519 0.0667276 0.114454 0.12903 0.0164021
threshold=3.8574804099862177 3.6709364567153644 3.8561850071302004 3.911509799370223 3.9267010685828767 3.8128526450988587
decision_type=2 2 2 2 2 2
left_child=1 -1 -2 -4 -5 -3
right_child=2 5 3 4 -6 -7
leaf_value=0.00065808397130726949 0.0056080097529503737 -0.0014143808753825484 -0.004474980689370067 0.0037993060492917292 -4.1996383280380262e-05 -0.0017158010877504461
leaf_weight=45 31 93 44 49 596 42
leaf_count=45 31 93 44 49 596 42
internal_value=-0.000222223 -0.00138889 6.94438e-05 -3.26566e-05 0.000135658 -0.00212963
internal_weight=900 180 720 689 645 135
internal_count=900 180 720 689 645 135
is_linear=0
shrinkage=0.05


Tree=85
num_leaves=7
num_cat=0
split_feature=1 0 0 1 0 0
split_gain=0.0563696 0.137392 0.119643 0.101399 0.114562 0.0761905
threshold=3.8044709797341265 3.8180636009089546 3.6709364567153644 3.911509799370223 3.9267010685828767 3.8418921595347251
decision_type=2 2 2 2 2 2
left_child=2 -2 -1 5 -5 -3
right_child=1 3 -4 4 -6 -7
leaf_value=0.00062517977274192732 0.00053254209107715287 0.00015984103695961956 -0.0014740495778283514 0.0031250730286779328 -3.9896564116366018e-05 -0.0029667385554991823
leaf_weight=45 36 35 67 51 596 70
leaf_count=45 36 35 67 51 596 70
internal_value=-0.000111112 3.80705e-05 -0.00116071 -0.000106384 0.000127511 -0.00154762
internal_weight=900 788 112 752 647 105
internal_count=900 788 112 752 647 105
is_linear=0
shrinkage=0.05


Tree=86
num_leaves=7
num_cat=0
split_feature=1 0 0 1 0 0
split_gain=0.0563696 0.137392 0.119643 0.101399 0.114562 0.0761905
threshold=3.8044709797341265 3.8180636009089546 3.6709364567153644 3.911509799370223 3.9267010685828767 3.8418921595347251
decision_type=2 2 2 2 2 2
left_child=2 -2 -1 5 -5 -3
right_child=1 3 -4 4 -6 -7
leaf_value=0.00059392078410483223 0.00050591498652327496 0.00015184898511165918 -0.0014003470989369271 0.0029688193772440309 -3.7901735910545815e-05 -0.002818401627724221
leaf_weight=45 36 35 67 51 596 70
leaf_count=45 36 35 67 51 596 70
internal_value=-0.000111112 3.80705e-05 -0.00116071 -0.000106384 0.000127511 -0.00154762
internal_weight=900 788 112 752 647 105
internal_count=900 788 112 752 647 105
is_linear=0
shrinkage=0.05


Tree=87
num_leaves=7
num_cat=0
split_feature=1 0 0 1 0 0
split_gain=0.0563696 0.137392 0.119643 0.101399 0.114562 0.0761905
threshold=3.8044709797341265 3.8180636009089546 3.6709364567153644 3.911509799370223 3.9267010685828767 3.8418921595347251
decision_type=2 2 2 2 2 2
left_child=2 -2 -1 5 -5 -3
right_child=1 3 -4 4 -6 -7
leaf_value=0.00056422474489956965 0.00048061923719710419 0.00014425653585609238 -0.0013303297439900775 0.0028203784083818129 -3.6006649115012189e-05 -0.0026774815463380011
leaf_weight=45 36 35 67 51 596 70
leaf_count=45 36 35 67 51 596 70
internal_value=-0.000111112 3.80705e-05 -0.00116071 -0.000106384 0.000127511 -0.00154762
internal_weight=900 788 112 752 647 105
internal_count=900 788 112 752 647 105
is_linear=0
shrinkage=0.05


Tree=88
num_leaves=7
num_cat=0
split_feature=1 0 0 1 0 0
split_gain=0.111111 0.118519 0.0708741 0.107821 0.0634607 0.0164021
threshold=3.8574804099862177 3.6709364567153644 3.8561850071302004 3.911509799370223 3.9231543853970066 3.8128526450988587
decision_type=2 2 2 2 2 2
left_child=1 -1 -2 -4 -5 -3
right_child=2 5 3 4 -6 -7
leaf_value=0.00053601350765457908 0.0052782336744745077 -0.0011334255105756475 -0.0038281005684234872 0.0038900287833357689 -4.0453381945638244e-05 -0.0012068799468848202
leaf_weight=45 31 93 44 46 599 42
leaf_count=45 31 93 44 46 599 42
internal_value=-0.000277778 -0.00138889 -5.96046e-10 -0.000105226 5.81389e-05 -0.00212963
internal_weight=900 180 720 689 645 135
internal_count=900 180 720 689 645 135
is_linear=0
shrinkage=0.05


Tree=89
num_leaves=7
num_cat=0
split_feature=1 0 0 1 0 0
split_gain=0.0563696 0.137392 0.119643 0.0680311 0.20085 0.0595017
threshold=3.8044709797341265 3.8180636009089546 3.6709364567153644 4.0855241124350217 4.1228702126846803 3.981128518181698
decision_type=2 2 2 2 2 2
left_child=2 -2 -1 5 -5 -3
right_child=1 3 -4 4 -6 -7
leaf_value=0.00050921283227183586 0.00043311394481053721 -6.2660027346196515e-05 -0.0012071419812617946 0.00083078970804509572 -0.00037454678410796222 -0.0068849384715763589
leaf_weight=45 36 251 67 106 258 137
leaf_count=45 36 251 67 106 258 137
internal_value=-0.000111112 3.80705e-05 -0.00116071 -0.000106384 0.000384615 -0.000567011
internal_weight=900 788 112 752 364 388
internal_count=900 788 112 752 364 388
is_linear=0
shrinkage=0.05


Tree=90
num_leaves=7
num_cat=0
split_feature=1 0 0 1 0 0
split_gain=0.0624948 0.131674 0.119643 0.0670413 0.160262 0.0516327
threshold=3.8044709797341265 3.8180636009089546 3.6709364567153644 3.9357713191432895 3.9399319371979975 3.8809929671704357
decision_type=2 2 2 2 2 2
left_child=2 -2 -1 5 -5 -3
right_child=1 3 -4 4 -6 -7
leaf_value=0.00048375219065824093 0.00041145824757002922 -0.0019202864709916502 -0.0011467848821987037 0.0039407942046109012 -1.8679509663449921e-05 -0.0028230375301369296
leaf_weight=45 36 95 67 45 570 42
leaf_count=45 36 95 67 45 570 42
internal_value=-5.55562e-05 0.000101522 -0.00116071 -3.98942e-05 0.000182926 -0.00104015
internal_weight=900 788 112 752 615 137
internal_count=900 788 112 752 615 137
is_linear=0
shrinkage=0.05


Tree=91
num_leaves=9
num_cat=0
split_feature=0 0 1 0 1 0 1 0
split_gain=0.101235 0.175265 0.112277 0.198099 0.0827506 0.0590126 0.0730205 0.114151
threshold=3.9197407914352271 3.9399319371979975 4.0193824079426044 4.0258215881804462 3.9762448380555635 3.6709364567153644 3.8165800042652074 3.8418921595347251
decision_type=2 2 2 2 2 2 2 2
left_child=5 -2 4 -4 -3 -1 -7 -8
right_child=1 2 3 -5 -6 6 7 -9
leaf_value=9.9707040113562401e-05 0.0071701153002725372 -0.0042854094661277167 0.0043677155037172314 -1.6330516206493794e-05 -0.011337666660467606 -0.00096868883719509753 0.0040054606404470623 -0.0024064812201926469
leaf_weight=48 32 33 41 427 71 83 54 111
leaf_count=48 32 33 41 427 71 83 54 111
internal_value=-0.000222223 0.000149006 -5.24481e-05 0.000277777 -0.00153846 -0.00097973 -0.00129032 -0.000681819
internal_weight=900 604 572 468 104 296 248 165
internal_count=900 604 572 468 104 296 248 165
is_linear=0
shrinkage=0.05


Tree=92
num_leaves=9
num_cat=0
split_feature=1 0 1 1 1 0 0 0
split_gain=0.0639417 0.142156 0.140249 0.123499 0.222727 0.120701 0.202541 0.0705985
threshold=4.0193824079426044 4.0477153122596219 4.0567007063836371 3.9762448380555635 3.9591522271519812 4.0742799232882634 4.1156132643415582 3.8809929671704357
decision_type=2 2 2 2 2 2 2 2
left_child=3 2 -2 4 7 -3 -7 -1
right_child=1 5 -4 -5 -6 6 -8 -9
leaf_value=-0.00052448743175861445 -0.002474112844417807 -0.0080979437885402746 0.0019760607692721663 -0.010770985983284787 0.0068116095352588977 0.0012352425767779207 -0.00019409274147181381 -0.0016416012776991895
leaf_weight=238 52 49 36 72 32 69 270 82
leaf_count=238 52 49 36 72 32 69 270 82
internal_value=-0.000166667 0.000231092 0.00204545 -0.000613208 -0.000227273 -0.000180413 0.000154867 -0.000625001
internal_weight=900 476 88 424 352 388 339 320
internal_count=900 476 88 424 352 388 339 320
is_linear=0
shrinkage=0.05


Tree=93
num_leaves=7
num_cat=0
split_feature=1 0 0 1 1 0
split_gain=0.0563696 0.137392 0.119643 0.0584919 0.362173 0.0518708
threshold=3.8044709797341265 3.8180636009089546 3.6709364567153644 3.9641300305704794 3.9809971099629489 3.8916103068515566
decision_type=2 2 2 2 2 2
left_child=2 -2 -1 5 -5 -3
right_child=1 3 -4 4 -6 -7
leaf_value=0.00048080360070759442 0.00040336738393749845 -0.0011996421826338201 -0.0010147868246410897 0.0064710290584959673 -3.5159770821383834e-05 -0.0022942127898962551
leaf_weight=45 36 107 67 32 535 78
leaf_count=45 36 107 67 32 535 78
internal_value=-0.000111112 3.80705e-05 -0.00116071 -0.000106384 0.000145502 -0.000878379
internal_weight=900 788 112 752 567 185
internal_count=900 788 112 752 567 185
is_linear=0
shrinkage=0.05


Tree=94
num_leaves=7
num_cat=0
split_feature=1 0 0 1 1 0
split_gain=0.0563696 0.137392 0.119643 0.0584919 0.362173 0.0518708
threshold=3.8044709797341265 3.8180636009089546 3.6709364567153644 3.9641300305704794 3.9809971099629489 3.8916103068515566
decision_type=2 2 2 2 2 2
left_child=2 -2 -1 5 -5 -3
right_child=1 3 -4 4 -6 -7
leaf_value=0.00045676342067222709 0.00038319901474060498 -0.0011396600735021245 -0.00096404748340903632 0.0061474776055711472 -3.3401782280332588e-05 -0.002179502150401458
leaf_weight=45 36 107 67 32 535 78
leaf_count=45 36 107 67 32 535 78
internal_value=-0.000111112 3.80705e-05 -0.00116071 -0.000106384 0.000145502 -0.000878379
internal_weight=900 788 112 752 567 185
internal_count=900 788 112 752 567 185
is_linear=0
shrinkage=0.05


Tree=95
num_leaves=7
num_cat=0
split_feature=1 0 0 1 0 0
split_gain=0.0563696 0.137392 0.119643 0.0680311 0.20085 0.0595017
threshold=3.8044709797341265 3.8180636009089546 3.6709364567153644 4.0855241124350217 4.1228702126846803 3.981128518181698
decision_type=2 2 2 2 2 2
left_child=2 -2 -1 5 -5 -3
right_child=1 3 -4 4 -6 -7
leaf_value=0.00043392524963861478 0.0003640390640035584 -8.222337063731274e-05 -0.00091584510923858886 0.00073266667275254365 -0.00034093622888039214 -0.006186853633182404
leaf_weight=45 36 251 67 106 258 137
leaf_count=45 36 251 67 106 258 137
internal_value=-0.000111112 3.80705e-05 -0.00116071 -0.000106384 0.000384615 -0.000567011
internal_weight=900 788 112 752 364 388
internal_count=900 788 112 752 364 388
is_linear=0
shrinkage=0.05


Tree=96
num_leaves=10
num_cat=0
split_feature=1 0 0 0 0 1 1 0 1
split_gain=0.0666193 0.256493 0.107941 0.185874 0.10721 0.144455 0.0849602 0.0735766 0.0206117
threshold=4.0567007063836371 4.0477153122596219 4.0742799232882634 4.1156132643415582 3.981128518181698 3.9641300305704794 3.9832521967692629 3.8916103068515566 4.0406739594515786
decision_type=2 2 2 2 2 2 2 2 2
left_child=4 -2 -3 -4 5 7 -7 -1 -6
right_child=1 2 3 -5 8 6 -8 -9 -10
leaf_value=-0.00038362622077978435 0.0021900284901227494 -0.0071591718648593263 0.0011678656126307976 -0.00018943259967400773 -0.0078536278389431512 0.0061173066343612279 -0.0028576144681055761 -0.0020664158743495253 -0.0077832523832614079
leaf_weight=250 36 38 68 270 62 31 35 78 32
leaf_count=250 36 38 68 270 62 31 35 78 32
internal_value=-5.55562e-05 0.000412621 2.65951e-05 0.00031065 -0.00045082 -8.88331e-05 0.00204545 -0.000518293 -0.00196809
internal_weight=900 412 376 338 488 394 66 328 94
internal_count=900 412 376 338 488 394 66 328 94
is_linear=0
shrinkage=0.05


Tree=97
num_leaves=7
num_cat=0
split_feature=1 0 0 0 0 0
split_gain=0.0624948 0.131674 0.119643 0.0591066 0.162406 0.0810628
threshold=3.8044709797341265 3.8180636009089546 3.6709364567153644 4.2744267216575453 4.3388803919274972 4.1156132643415582
decision_type=2 2 2 2 2 2
left_child=2 -2 -1 5 -5 -3
right_child=1 3 -4 4 -6 -7
leaf_value=0.00043141029819564799 0.00036501842184234019 6.6153742349783019e-05 -0.00085087154273766341 0.00085140840741379899 -7.3864969087614554e-05 -0.0024077993396230328
leaf_weight=45 36 482 67 30 84 156
leaf_count=45 36 482 67 30 84 156
internal_value=-5.55562e-05 0.000101522 -0.00116071 -3.98942e-05 0.00100877 -0.000227273
internal_weight=900 788 112 752 114 638
internal_count=900 788 112 752 114 638
is_linear=0
shrinkage=0.05


Tree=98
num_leaves=7
num_cat=0
split_feature=1 0 0 1 0 1
split_gain=0.0624948 0.131674 0.119643 0.0519434 0.114562 0.0447205
threshold=3.8044709797341265 3.8180636009089546 3.6709364567153644 3.911509799370223 3.9267010685828767 3.8792700229210024
decision_type=2 2 2 2 2 2
left_child=2 -2 -1 5 -5 -3
right_child=1 3 -4 4 -6 -7
leaf_value=0.00040983978328588467 0.00034676750075022904 -0.0011822121617482307 -0.00080832796560077475 0.0016430928192187209 -2.159462802793609e-05 -0.0028168735794269931
leaf_weight=45 36 69 67 51 596 36
leaf_count=45 36 69 67 51 596 36
internal_value=-5.55562e-05 0.000101522 -0.00116071 -3.98942e-05 0.000127511 -0.00107143
internal_weight=900 788 112 752 647 105
internal_count=900 788 112 752 647 105
is_linear=0
shrinkage=0.05


Tree=99
num_leaves=7
num_cat=0
split_feature=1 0 1 1 0 0
split_gain=0.0976789 0.112892 0.0762666 0.0873966 0.0356481 0.024128
threshold=3.8497167850363287 3.6709364567153644 3.8792700229210024 3.911509799370223 3.9231543853970066 3.8128526450988587
decision_type=2 2 2 2 2 2
left_child=1 -1 -2 -4 -5 -3
right_child=2 5 3 4 -6 -7
leaf_value=0.00038934779412158946 0.0012117625163341834 -0.00063685148055245841 -0.0026760299004556566 0.0012741132527264261 -1.0789934241320042e-05 -0.002518851922263754
leaf_weight=45 44 92 36 53 599 31
leaf_count=45 44 92 36 53 599 31
internal_value=-0.000222223 -0.00130952 2.73218e-05 -0.000101745 3.06743e-05 -0.0020935
internal_weight=900 168 732 688 652 123
internal_count=900 168 732 688 652 123
is_linear=0
shrinkage=0.05


Tree=100
num_leaves=7
num_cat=0
split_feature=1 0 0 1 0 1
split_gain=0.0563696 0.137392 0.119643 0.0677118 0.165725 0.122597
threshold=3.8044709797341265 3.8180636009089546 3.6709364567153644 4.0193824079426044 4.0258215881804462 3.9762448380555635
decision_type=2 2 2 2 2 2
left_child=2 -2 -1 5 -5 -3
right_child=1 3 -4 4 -6 -7
leaf_value=0.00036988040441550461 0.00033816406334435272 -6.2931142036390026e-05 -0.00073606899329312645 0.0037771572487314622 -1.3779738877186917e-05 -0.0095286729918631977
leaf_weight=45 36 209 67 44 427 72
leaf_count=45 36 209 67 44 427 72
internal_value=-0.000111112 3.80705e-05 -0.00116071 -0.000106384 0.000260084 -0.000720641
internal_weight=900 788 112 752 471 281
internal_count=900 788 112 752 471 281
is_linear=0
shrinkage=0.05


Tree=101
num_leaves=7
num_cat=0
split_feature=1 0 0 1 1 0
split_gain=0.0563696 0.137392 0.119643 0.0584919 0.362173 0.0518708
threshold=3.8044709797341265 3.8180636009089546 3.6709364567153644 3.9641300305704794 3.9809971099629489 3.8916103068515566
decision_type=2 2 2 2 2 2
left_child=2 -2 -1 5 -5 -3
right_child=1 3 -4 4 -6 -7
leaf_value=0.00035138638419474397 0.00032125586017713194 -0.001061023238001102 -0.00069926554362846898 0.0054586938632623806 -5.2528903442184795e-05 -0.0016886110366536311
leaf_weight=45 36 107 67 32 535 78
leaf_count=45 36 107 67 32 535 78
internal_value=-0.000111112 3.80705e-05 -0.00116071 -0.000106384 0.000145502 -0.000878379
internal_weight=900 788 112 752 567 185
internal_count=900 788 112 752 567 185
is_linear=0
shrinkage=0.05


Tree=102
num_leaves=7
num_cat=0
split_feature=1 0 1 1 0 0
split_gain=0.0976789 0.112892 0.0762666 0.0873966 0.0916194 0.024128
threshold=3.8497167850363287 3.6709364567153644 3.8792700229210024 3.911509799370223 3.9267010685828767 3.8128526450988587
decision_type=2 2 2 2 2 2
left_child=1 -1 -2 -4 -5 -3
right_child=2 5 3 4 -6 -7
leaf_value=0.0003338170649849903 0.0011315787473259759 -0.0005332421796787612 -0.0024546512964983783 0.0007548716707620768 -4.5731277522505281e-05 -0.0023367116071486781
leaf_weight=45 44 92 36 56 596 31
leaf_count=45 44 92 36 56 596 31
internal_value=-0.000222223 -0.00130952 2.73218e-05 -0.000101745 3.06743e-05 -0.0020935
internal_weight=900 168 732 688 652 123
internal_count=900 168 732 688 652 123
is_linear=0
shrinkage=0.05


Tree=103
num_leaves=7
num_cat=0
split_feature=1 0 0 1 0 1
split_gain=0.0563696 0.137392 0.119643 0.045463 0.122479 0.0447205
threshold=3.8044709797341265 3.8180636009089546 3.6709364567153644 3.911509799370223 3.9267010685828767 3.8792700229210024
decision_type=2 2 2 2 2 2
left_child=2 -2 -1 5 -5 -3
right_child=1 3 -4 4 -6 -7
leaf_value=0.00031712621173574427 0.00031104494929553743 -0.0011840708978419379 -0.00063764015746310416 0.0013526939178563257 -4.3444713646397022e-05 -0.0023319187316734437
leaf_weight=45 36 69 67 51 596 36
leaf_count=45 36 69 67 51 596 36
internal_value=-0.000111112 3.80705e-05 -0.00116071 -0.000106384 5.02312e-05 -0.00107143
internal_weight=900 788 112 752 647 105
internal_count=900 788 112 752 647 105
is_linear=0
shrinkage=0.05


Tree=104
num_leaves=7
num_cat=0
split_feature=1 0 0 1 0 0
split_gain=0.0505602 0.143231 0.119643 0.0574605 0.265402 0.0655395
threshold=3.8044709797341265 3.8180636009089546 3.6709364567153644 4.1143761190062973 4.1228702126846803 4.0477153122596219
decision_type=2 2 2 2 2 2
left_child=2 -2 -1 5 -5 -3
right_child=1 3 -4 4 -6 -7
leaf_value=0.00030126990114894058 0.00029549270183074788 -5.6535047939879917e-05 -0.00060575814958994121 0.00078447318813909387 -0.00019311191773675905 -0.0051988739313576105
leaf_weight=45 36 357 67 60 257 78
leaf_count=45 36 357 67 60 257 78
internal_value=-0.000166667 -2.53813e-05 -0.00116071 -0.000172873 0.000339116 -0.000545978
internal_weight=900 788 112 752 317 435
internal_count=900 788 112 752 317 435
is_linear=0
shrinkage=0.05


Tree=105
num_leaves=5
num_cat=0
split_feature=0 0 0 1
split_gain=0.108185 0.0989971 0.162578 0.0740741
threshold=4.4089046101418274 4.2880898200339006 4.2335986152994005 3.8497167850363287
decision_type=2 2 2 2
left_child=1 2 3 -1
right_child=-2 -3 -4 -5
leaf_value=-0.00044172080595257236 0.0032457693873266706 -0.0074671005151917495 0.0011533241208369713 -4.9928471742082166e-05
leaf_weight=168 57 51 36 588
leaf_count=168 57 51 36 588
internal_value=-0.000222223 -0.000364769 -0.000227273 -0.000383598
internal_weight=900 843 792 756
internal_count=900 843 792 756
is_linear=0
shrinkage=0.05


Tree=106
num_leaves=11
num_cat=0
split_feature=0 0 1 1 0 0 1 1 0 1
split_gain=0.0684556 0.168322 0.273759 0.149168 0.167124 0.0902441 0.0574916 0.139419 0.058818 0.0151223
threshold=4.0742799232882634 4.1228702126846803 4.1230306822514171 4.2189276575935279 4.2969935660958924 4.0477153122596219 4.0193824079426044 3.9762448380555635 4.020136884423037 4.1699326094168567
decision_type=2 2 2 2 2 2 2 2 2 2
left_child=5 2 -2 9 -5 6 7 -1 -8 -3
right_child=1 3 -4 4 -6 -7 8 -9 -10 -11
leaf_value=-3.4728601998518177e-05 -0.00048970562862166113 -0.0053469076355700156 0.00083051734590355517 0.0011437154767651671 -0.0003052261288803565 -0.0067354361185447079 0.0039173414057029543 -0.0090398309215554036 -6.0419648467223067e-05 -0.0038456140579360646
leaf_weight=352 44 37 37 69 105 49 42 72 46 47
leaf_count=352 44 37 37 69 105 49 42 72 46 47
internal_value=-0.000111112 0.000449852 0.00243827 -0.000174419 0.000660919 -0.00045009 -0.000253907 -0.000495284 0.00090909 -0.00190476
internal_weight=900 339 81 258 174 561 512 424 88 84
internal_count=900 339 81 258 174 561 512 424 88 84
is_linear=0
shrinkage=0.05


Tree=107
num_leaves=10
num_cat=0
split_feature=0 0 0 1 0 1 0 0 1
split_gain=0.109381 0.180214 0.0572717 0.266876 0.0535075 0.0507937 0.0166667 0.0166667 0.0151223
threshold=4.2744267216575453 4.4152974606549682 4.1228702126846803 4.1230306822514171 3.981128518181698 4.2189276575935279 4.3388803919274972 4.2335986152994005 4.1699326094168567
decision_type=2 2 2 2 2 2 2 2 2
left_child=2 6 3 4 -1 8 -2 -7 -4
right_child=1 -3 5 -5 -6 7 -8 -9 -10
leaf_value=-1.1449314356055491e-05 0.00071303506283768405 -0.00062907830286459748 -0.0050795622537915322 0.00047494761864547456 -0.002291803485190752 0.0022563364955766191 0.0065825748762765096 -0.0035376378148739025 -0.0036533333550392566
leaf_weight=395 30 54 37 50 197 30 30 30 47
leaf_count=395 30 54 37 50 197 30 30 30 47
internal_value=-5.96046e-10 0.00144737 -0.000209924 -7.78876e-06 -0.000304055 -0.00111111 0.00333333 -5.96046e-10 -0.00190476
internal_weight=900 114 786 642 592 144 60 60 84
internal_count=900 114 786 642 592 144 60 60 84
is_linear=0
shrinkage=0.05


Tree=108
num_leaves=7
num_cat=0
split_feature=1 0 0 1 1 0
split_gain=0.0756927 0.120604 0.119643 0.0926231 0.326036 0.0518708
threshold=3.8044709797341265 3.8180636009089546 3.6709364567153644 3.9641300305704794 3.9809971099629489 3.8916103068515566
decision_type=2 2 2 2 2 2
left_child=2 -2 -1 5 -5 -3
right_child=1 3 -4 4 -6 -7
leaf_value=0.00031060134220684319 0.00030021560685034937 -0.00099771539677340204 -0.00055107530599507459 0.0051374396074251975 1.1131176747470156e-05 -0.0013572199116104857
leaf_weight=45 36 107 67 32 535 78
leaf_count=45 36 107 67 32 535 78
internal_value=5.5555e-05 0.000228426 -0.00116071 9.30845e-05 0.000410052 -0.000878379
internal_weight=900 788 112 752 567 185
internal_count=900 788 112 752 567 185
is_linear=0
shrinkage=0.05


Tree=109
num_leaves=7
num_cat=0
split_feature=1 0 1 1 1 0
split_gain=0.141686 0.112892 0.0570139 0.109868 0.10981 0.024128
threshold=3.8497167850363287 3.6709364567153644 3.8792700229210024 3.911509799370223 3.9762448380555635 3.8128526450988587
decision_type=2 2 2 2 2 2
left_child=1 -1 -2 -4 -5 -3
right_child=2 5 3 4 -6 -7
leaf_value=0.00029507127509649565 0.001058055606577904 -0.00039700886104996269 -0.0021398297277074097 0.0012413259991987569 -7.0773255317963426e-06 -0.0020835650235480952
leaf_weight=45 44 92 36 104 548 31
leaf_count=45 44 92 36 104 548 31
internal_value=-5.96046e-10 -0.00130952 0.000300546 0.000188953 0.000337423 -0.0020935
internal_weight=900 168 732 688 652 123
internal_count=900 168 732 688 652 123
is_linear=0
shrinkage=0.05


Tree=110
num_leaves=10
num_cat=0
split_feature=1 0 0 0 0 1 1 0 1
split_gain=0.0866624 0.241284 0.119602 0.174708 0.10721 0.144455 0.0849602 0.0735766 0.0206117
threshold=4.0567007063836371 4.0477153122596219 4.0742799232882634 4.1228702126846803 3.981128518181698 3.9641300305704794 3.9832521967692629 3.8916103068515566 4.0406739594515786
decision_type=2 2 2 2 2 2 2 2 2
left_child=4 -2 -3 -4 5 7 -7 -1 -6
right_child=1 2 3 -5 8 6 -8 -9 -10
leaf_value=-0.00017401531225844647 0.0021122359149386058 -0.0060815280911650678 0.00068226987996967406 -0.00029297717312438997 -0.0073115041491965838 0.0051044589012332288 -0.0021691633204446088 -0.001182367429644593 -0.0066744045836470093
leaf_weight=250 36 38 80 258 62 31 35 78 32
leaf_count=250 36 38 80 258 62 31 35 78 32
internal_value=-5.96046e-10 0.00053398 0.000159574 0.000458579 -0.00045082 -8.88331e-05 0.00204545 -0.000518293 -0.00196809
internal_weight=900 412 376 338 488 394 66 328 94
internal_count=900 412 376 338 488 394 66 328 94
is_linear=0
shrinkage=0.05


Tree=111
num_leaves=7
num_cat=0
split_feature=1 0 0 0 0 0
split_gain=0.0624948 0.131674 0.119643 0.0591066 0.162406 0.0810628
threshold=3.8044709797341265 3.8180636009089546 3.6709364567153644 4.2744267216575453 4.3388803919274972 4.1156132643415582
decision_type=2 2 2 2 2 2
left_child=2 -2 -1 5 -5 -3
right_child=1 3 -4 4 -6 -7
leaf_value=0.00028901847695459777 0.00029556775968290295 7.2594028186065376e-06 -0.00049497033202989822 0.00069182947579127067 -0.00012599044800519027 -0.002048625091989398
leaf_weight=45 36 482 67 30 84 156
leaf_count=45 36 482 67 30 84 156
internal_value=-5.55562e-05 0.000101522 -0.00116071 -3.98942e-05 0.00100877 -0.000227273
internal_weight=900 788 112 752 114 638
internal_count=900 788 112 752 114 638
is_linear=0
shrinkage=0.05


Tree=112
num_leaves=10
num_cat=0
split_feature=0 0 0 1 0 1 0 0 1
split_gain=0.0474425 0.162406 0.074584 0.243701 0.0837332 0.0507937 0.0169312 0.0166667 0.0151223
threshold=4.2744267216575453 4.3388803919274972 4.1228702126846803 4.1230306822514171 3.981128518181698 4.2189276575935279 4.6190744389114418 4.2335986152994005 4.1699326094168567
decision_type=2 2 2 2 2 2 2 2 2
left_child=2 -2 3 4 -1 8 -3 -7 -4
right_child=1 6 5 -5 -6 7 -8 -9 -10
leaf_value=1.310153204213947e-05 0.00065723800200172364 -0.00065304726925644583 -0.0047087067204070595 0.00041652108101303568 -0.002144255278101428 0.0022603970914927079 0.00047470141148453493 -0.0032438785034353229 -0.0033537892665923778
leaf_weight=395 30 54 37 50 197 30 30 30 47
leaf_count=395 30 54 37 50 197 30 30 30 47
internal_value=5.5555e-05 0.00100877 -8.26978e-05 0.000147974 -0.000135136 -0.00111111 -0.000119048 -5.96046e-10 -0.00190476
internal_weight=900 114 786 642 592 144 84 60 84
internal_count=900 114 786 642 592 144 84 60 84
is_linear=0
shrinkage=0.05


Tree=113
num_leaves=10
num_cat=0
split_feature=1 0 0 0 0 0 0 0 1
split_gain=0.0410067 0.241284 0.155048 0.12253 0.233315 0.119602 0.174708 0.0891944 0.0206117
threshold=4.0567007063836371 4.0477153122596219 3.981128518181698 3.9197407914352271 3.9399319371979975 4.0742799232882634 4.1228702126846803 3.8916103068515566 4.0406739594515786
decision_type=2 2 2 2 2 2 2 2 2
left_child=2 -2 3 7 -5 -3 -7 -1 -4
right_child=1 5 8 4 -6 6 -8 -9 -10
leaf_value=-0.00014428147948198551 0.0021134739129558175 -0.005670601892842653 -0.0068390791479726086 0.0045622603352893131 0.00010415782315878605 0.00062696736177961503 -0.00024783437095764123 -0.0020697668164977759 -0.0062338345607005248
leaf_weight=250 36 38 62 32 74 80 258 38 32
leaf_count=250 36 38 62 32 74 80 258 38 32
internal_value=0.000166666 0.00053398 -0.000143443 0.000291878 0.00174528 0.000159574 0.000458579 -0.000243056 -0.00196809
internal_weight=900 412 488 394 106 376 338 288 94
internal_count=900 412 488 394 106 376 338 288 94
is_linear=0
shrinkage=0.05


Tree=114
num_leaves=11
num_cat=0
split_feature=0 0 0 0 0 1 1 0 0 1
split_gain=0.0591474 0.162406 0.0572717 0.221846 0.098262 0.0900977 0.0507937 0.0169312 0.0166667 0.0151223
threshold=4.2744267216575453 4.3388803919274972 4.1228702126846803 4.0742799232882634 4.0477153122596219 4.1230306822514171 4.2189276575935279 4.6190744389114418 4.2335986152994005 4.1699326094168567
decision_type=2 2 2 2 2 2 2 2 2 2
left_child=2 -2 3 4 -1 -5 9 -3 -8 -4
right_child=1 7 6 5 -6 -7 8 -9 -10 -11
leaf_value=-0.00013310178408693438 0.00063676782044954456 -0.00060800318724570914 -0.0044608796658387869 -0.00030944493381513901 -0.0055551372962205324 0.00067839051883628802 0.0021597689554659709 0.00046335805945822988 -0.0030692928597156402 -0.0031737080847148661
leaf_weight=512 30 54 37 44 49 37 30 30 30 47
leaf_count=512 30 54 37 44 49 37 30 30 30 47
internal_value=-5.55562e-05 0.00100877 -0.000209924 -7.78876e-06 -0.000360963 0.00243827 -0.00111111 -0.000119048 -5.96046e-10 -0.00190476
internal_weight=900 114 786 642 561 81 144 84 60 84
internal_count=900 114 786 642 561 81 144 84 60 84
is_linear=0
shrinkage=0.05


Tree=115
num_leaves=9
num_cat=0
split_feature=0 0 0 0 0 0 0 0
split_gain=0.0654832 0.162406 0.0694368 0.222937 0.0639474 0.0590521 0.0858197 0.0169312
threshold=4.2744267216575453 4.3388803919274972 4.1156132643415582 4.0956116677628289 4.0784793883749844 4.1635154313803033 4.2013276435693703 4.6190744389114418
decision_type=2 2 2 2 2 2 2 2
left_child=2 -2 3 4 -1 -4 -7 -3
right_child=1 7 5 -5 -6 6 -8 -9
leaf_value=-0.00011497938733151053 0.00060492942942704615 -0.00057760302788342191 -0.0036341504712150761 0.00083760393761469825 -0.0032657067381757 0.0044726411757451531 -0.0039608641728453393 0.00044019015648530949
leaf_weight=570 30 54 57 30 30 39 60 30
leaf_count=570 30 54 57 30 30 39 60 30
internal_value=-0.000111112 0.00100877 -0.000273537 -3.96831e-05 -0.000250001 -0.00121795 -0.000479799 -0.000119048
internal_weight=900 114 786 630 600 156 99 84
internal_count=900 114 786 630 600 156 99 84
is_linear=0
shrinkage=0.05


Tree=116
num_leaves=9
num_cat=0
split_feature=0 0 0 1 0 1 0 0
split_gain=0.0776229 0.264421 0.098262 0.0889674 0.0899679 0.0514706 0.100953 0.0166667
threshold=4.0742799232882634 4.1019445769155887 4.0477153122596219 4.1625072406807151 4.2969935660958924 4.0567007063836371 3.981128518181698 4.1228702126846803
decision_type=2 2 2 2 2 2 2 2
left_child=2 -2 5 7 -5 6 -1 -3
right_child=1 3 -4 4 -6 -7 -8 -9
leaf_value=-0.00010175131314092204 0.0004111099089178211 -0.0067437156762650803 -0.0052716314620429331 0.00060702775484540515 -0.00030754045914556881 0.0020202042758789415 -0.0069067028264025209 -0.0058739179716072697
leaf_weight=394 45 30 49 129 105 36 82 30
leaf_count=394 45 30 49 129 105 36 82 30
internal_value=-5.96046e-10 0.000597345 -0.000360963 5.10198e-05 0.000491452 -0.000156251 -0.000294118 -0.00166667
internal_weight=900 339 561 294 234 512 476 60
internal_count=900 339 561 294 234 512 476 60
is_linear=0
shrinkage=0.05


Tree=117
num_leaves=9
num_cat=0
split_feature=0 0 0 1 0 1 0 0
split_gain=0.0776229 0.264421 0.098262 0.0889674 0.0899679 0.0514706 0.100953 0.0166667
threshold=4.0742799232882634 4.1019445769155887 4.0477153122596219 4.1625072406807151 4.2969935660958924 4.0567007063836371 3.981128518181698 4.1228702126846803
decision_type=2 2 2 2 2 2 2 2
left_child=2 -2 5 7 -5 6 -1 -3
right_child=1 3 -4 4 -6 -7 -8 -9
leaf_value=-9.6663747483889421e-05 0.00039055441347191468 -0.0064065298924518262 -0.0050080498889407766 0.00057667636710314945 -0.00029216343618830516 0.001919194062085002 -0.0065613676850824077 -0.0055802220730268998
leaf_weight=394 45 30 49 129 105 36 82 30
leaf_count=394 45 30 49 129 105 36 82 30
internal_value=-5.96046e-10 0.000597345 -0.000360963 5.10198e-05 0.000491452 -0.000156251 -0.000294118 -0.00166667
internal_weight=900 339 561 294 234 512 476 60
internal_count=900 339 561 294 234 512 476 60
is_linear=0
shrinkage=0.05


Tree=118
num_leaves=11
num_cat=0
split_feature=0 0 0 0 1 0 1 0 0 1
split_gain=0.0591474 0.162406 0.0572717 0.221846 0.21968 0.098262 0.0507937 0.0169312 0.0166667 0.0151223
threshold=4.2744267216575453 4.3388803919274972 4.1228702126846803 4.0742799232882634 4.1282995257239801 4.0477153122596219 4.2189276575935279 4.6190744389114418 4.2335986152994005 4.1699326094168567
decision_type=2 2 2 2 2 2 2 2 2 2
left_child=2 -2 3 5 -5 -1 9 -3 -8 -4
right_child=1 7 6 4 -6 -7 8 -9 -10 -11
leaf_value=-0.00020264837939347287 0.00051549775185828306 -0.00051873768172258064 -0.0036097993272415025 6.1240509056529803e-07 0.00074513443673031321 -0.0047576473944937218 0.001958717258927334 0.00044816584342770587 -0.0027769702141849889 -0.0031531001105028367
leaf_weight=512 30 54 37 51 30 49 30 30 30 47
leaf_count=512 30 54 37 51 30 49 30 30 30 47
internal_value=-5.55562e-05 0.00100877 -0.000209924 -7.78876e-06 0.00243827 -0.000360963 -0.00111111 -0.000119048 -5.96046e-10 -0.00190476
internal_weight=900 114 786 642 81 561 144 84 60 84
internal_count=900 114 786 642 81 561 144 84 60 84
is_linear=0
shrinkage=0.05


Tree=119
num_leaves=11
num_cat=0
split_feature=0 0 0 0 1 0 1 0 0 1
split_gain=0.0591474 0.162406 0.0572717 0.221846 0.21968 0.098262 0.0507937 0.0169312 0.0166667 0.0151223
threshold=4.2744267216575453 4.3388803919274972 4.1228702126846803 4.0742799232882634 4.1282995257239801 4.0477153122596219 4.2189276575935279 4.6190744389114418 4.2335986152994005 4.1699326094168567
decision_type=2 2 2 2 2 2 2 2 2 2
left_child=2 -2 3 5 -5 -1 9 -3 -8 -4
right_child=1 7 6 4 -6 -7 8 -9 -10 -11
leaf_value=-0.0001925159604237957 0.00048972286426536104 -0.00049280079763646106 -0.0034293093608794172 5.8178483605557016e-07 0.0007078777148937927 -0.0045197650247690143 0.0018607813959809817 0.0004257575512563339 -0.0026381217034757223 -0.0029954451049776774
leaf_weight=512 30 54 37 51 30 49 30 30 30 47
leaf_count=512 30 54 37 51 30 49 30 30 30 47
internal_value=-5.55562e-05 0.00100877 -0.000209924 -7.78876e-06 0.00243827 -0.000360963 -0.00111111 -0.000119048 -5.96046e-10 -0.00190476
internal_weight=900 114 786 642 81 561 144 84 60 84
internal_count=900 114 786 642 81 561 144 84 60 84
is_linear=0
shrinkage=0.05


end of trees

feature_importances:
Column_0=515
Column_1=304

parameters:
[boosting: gbdt]
[objective: quantile]
[metric: quantile]
[tree_learner: serial]
[device_type: cpu]
[data_sample_strategy: bagging]
[data: ]
[valid: ]
[num_iterations: 120]
[learning_rate: 0.05]
[num_leaves: 12]
[num_threads: 2]
[seed: 26170]
[deterministic: 0]
[force_col_wise: 0]
[force_row_wise: 0]
[histogram_pool_size: -1]
[max_depth: 4]
[min_data_in_leaf: 30]
[min_sum_hessian_in_leaf: 0.001]
[bagging_fraction: 1]
[pos_bagging_fraction: 1]
[neg_bagging_fraction: 1]
[bagging_freq: 0]
[bagging_seed: 13002]
[bagging_by_query: 0]
[feature_fraction: 1]
[feature_fraction_bynode: 1]
[feature_fraction_seed: 3933]
[extra_trees: 0]
[extra_seed: 13870]
[early_stopping_round: 0]
[early_stopping_min_delta: 0]
[first_metric_only: 0]
[max_delta_step: 0]
[lambda_l1: 0]
[lambda_l2: 0]
[linear_lambda: 0]
[min_gain_to_split: 0]
[drop_rate: 0.1]
[max_drop: 50]
[skip_drop: 0.5]
[xgboost_dart_mode: 0]
[uniform_drop: 0]
[drop_seed: 25549]
[top_rate: 0.2]
[other_rate: 0.1]
[min_data_per_group: 100]
[max_cat_threshold: 32]
[cat_l2: 10]
[cat_smooth: 10]
[max_cat_to_onehot: 4]
[top_k: 20]
[monotone_constraints: ]
[monotone_constraints_method: basic]
[monotone_penalty: 0]
[feature_contri: ]
[forcedsplits_filename: ]
[refit_decay_rate: 0.9]
[cegb_tradeoff: 1]
[cegb_penalty_split: 0]
[cegb_penalty_feature_lazy: ]
[cegb_penalty_feature_coupled: ]
[path_smooth: 0]
[interaction_constraints: ]
[verbosity: -1]
[saved_feature_importance_type: 0]
[use_quantized_grad: 0]
[num_grad_quant_bins: 4]
[quant_train_renew_leaf: 0]
[stochastic_rounding: 1]
[linear_tree: 0]
[max_bin: 255]
[max_bin_by_feature: ]
[min_data_in_bin: 3]
[bin_construct_sample_cnt: 200000]
[data_random_seed: 19962]
[is_enable_sparse: 1]
[enable_bundle: 1]
[use_missing: 1]
[zero_as_missing: 0]
[feature_pre_filter: 1]
[pre_partition: 0]
[two_round: 0]
[header: 0]
[label_column: ]
[weight_column: ]
[group_column: ]
[ignore_column: ]
[categorical_feature: ]
[forcedbins_filename: ]
[precise_float_parser: 0]
[parser_config_file: ]
[objective_seed: 31251]
[num_class: 1]
[is_unbalance: 0]
[scale_pos_weight: 1]
[sigmoid: 1]
[boost_from_average: 1]
[reg_sqrt: 0]
[alpha: 0.95]
[fair_c: 1]
[poisson_max_delta_step: 0.7]
[tweedie_variance_power: 1.5]
[lambdarank_truncation_level: 30]
[lambdarank_norm: 1]
[label_gain: ]
[lambdarank_position_bias_regularization: 0]
[eval_at: ]
[multi_error_top_k: 1]
[auc_mu_weights: ]
[num_machines: 1]
[local_listen_port: 12400]
[time_out: 120]
[machine_list_filename: ]
[machines: ]
[gpu_platform_id: -1]
[gpu_device_id: -1]
[gpu_device_id_list: ]
[gpu_use_dp: 0]
[num_gpu: 1]

end of parameters

pandas_categorical:null
