tree
version=v4
num_class=1
num_tree_per_iteration=1
label_index=0
max_feature_idx=1
objective=quantile
feature_names=Column_0 Column_1
feature_infos=[1.5338379282914254:2.390175182614501] [1.5428884655994211:2.4082642922270256]
tree_sizes=932 998 997 994 995 1084 1170 1083 1167 1170 1172 1171 1173 1160 1090 1177 1174 1171 1177 1179 1182 1183 1182 1177 1178 1173 1179 1176 1180 1178 1173 1181 1176 1178 1177 1180 1178 1176 1182 1177 1177 1180 1180 1014 1016 1013 1173 1017 1095 1100 1103 1096 1175 1105 934 934 1020 1019 1019 1019 929 1191 1018 1015 1017 1179 1102 1104 1015 1024 1108 1015 1014 840 936 936 937 935 852 593 594 850 1191 668 848 594 848 1016 936 1190 934 1109 848 759 590 592 745 580 592 593 594 593 593 595 595 595 593 574 928 592 847 762 757 746 764 932 1021 844 1201 1201

Tree=0
num_leaves=10
num_cat=0
split_feature=0 1 1 1 1 0 0 1 0
split_gain=141.155 11.3265 4.54806 1.34317 1.08396 0.534811 0.381062 0.106579 0.021275
threshold=1.8113789152230944 1.8444866505855595 1.8178793321675517 1.7826350189511462 1.835070166894132 1.7368794635884708 1.7805192132851355 1.8535276398057416 1.8551029660059275
decision_type=2 2 2 2 2 2 2 2 2
left_child=2 4 3 5 -2 -1 -5 -3 -9
right_child=1 7 -4 6 -6 -7 -8 8 -10
leaf_value=1.8855107724666595 1.8918717443943023 1.8934385776519775 1.8919703423976899 1.8908307552337646 1.8926356971263885 1.8887973785400392 1.8908919394016266 1.8940562784671784 1.897569438815117
leaf_weight=205 45 31 37 32 31 119 79 41 280
leaf_count=205 45 31 37 32 31 119 79 41 280
internal_value=1.8922 1.913 1.87335 1.87192 1.89549 1.87029 1.87666 1.91678 1.91705
internal_weight=900 428 472 435 76 324 111 352 321
internal_count=900 428 472 435 76 324 111 352 321
is_linear=0
shrinkage=1


Tree=1
num_leaves=10
num_cat=0
split_feature=0 1 1 1 1 0 0 1 0
split_gain=138.08 11.3066 4.5584 1.35245 0.918005 0.603571 0.473502 0.106579 0.021275
threshold=1.8108484526219748 1.8444866505855595 1.8178793321675517 1.7819336863261546 1.835070166894132 1.7797914619887722 1.7368794635884708 1.8535276398057416 1.8551029660059275
decision_type=2 2 2 2 2 2 2 2 2
left_child=2 4 3 6 -2 -5 -1 -3 -9
right_child=1 7 -4 5 -6 -7 -8 8 -10
leaf_value=-0.0063584968447685242 -0.00014197498559951339 0.0011729180812835695 -0.0003268453478813216 -0.0010859757661819459 0.00041018158197403398 -0.0013742521405220032 -0.0032620835304260302 0.0017597338557243326 0.0050972361862659417
leaf_weight=205 49 31 36 32 31 80 115 41 280
leaf_count=205 49 31 36 32 31 80 115 41 280
internal_value=0.000333333 0.0207176 -0.0184829 -0.0199074 0.00375 -0.0151786 -0.0215625 0.0245739 0.0248442
internal_weight=900 432 468 432 80 112 320 352 321
internal_count=900 432 468 432 80 112 320 352 321
is_linear=0
shrinkage=0.05


Tree=2
num_leaves=10
num_cat=0
split_feature=0 1 1 1 1 0 0 1 0
split_gain=135.645 10.8486 4.5584 1.35245 0.918005 0.603571 0.473502 0.321257 0.268778
threshold=1.8108484526219748 1.8444866505855595 1.8178793321675517 1.7819336863261546 1.835070166894132 1.7797914619887722 1.7368794635884708 1.8708278347861855 1.8424469351741186
decision_type=2 2 2 2 2 2 2 2 2
left_child=2 4 3 6 -2 -5 -1 8 -3
right_child=1 7 -4 5 -6 -7 -8 -9 -10
leaf_value=-0.0060405720025300987 -0.00013487623631953661 0.0020274199992418307 -0.00031050308048725662 -0.001031676977872853 0.00038967250287533787 -0.0013055395334959031 -0.0030989793539047297 0.0052212304398417397 0.0010020083710551187
leaf_weight=205 49 33 36 32 31 80 115 267 52
leaf_count=205 49 33 36 32 31 80 115 267 52
internal_value=0.000166667 0.0203704 -0.0184829 -0.0199074 0.00375 -0.0151786 -0.0215625 0.0241477 0.0214706
internal_weight=900 432 468 432 80 112 320 352 85
internal_count=900 432 468 432 80 112 320 352 85
is_linear=0
shrinkage=0.05


Tree=3
num_leaves=10
num_cat=0
split_feature=0 1 1 1 1 0 1 0 0
split_gain=131.818 10.5485 4.4717 0.985939 0.918005 0.71045 0.499033 0.42948 0.152731
threshold=1.8108484526219748 1.8444866505855595 1.812388948981329 1.7819336863261546 1.835070166894132 1.7797914619887722 1.8743866234475897 1.7368794635884708 1.8424469351741186
decision_type=2 2 2 2 2 2 2 2 2
left_child=2 4 3 7 -2 -5 8 -1 -3
right_child=1 6 -4 5 -6 -7 -8 -9 -10
leaf_value=-0.0057385434024035953 -0.00012813242450355756 0.0019260489992797393 -0.00039879862070083541 -0.00098009312897920928 0.00037018887773156985 -0.0014814825542271094 0.0049914911586791183 -0.0029440303862094952 0.00097955854721366582
leaf_weight=205 49 33 54 32 31 62 258 115 61
leaf_count=205 49 33 54 32 31 62 258 115 61
internal_value=0.000222222 0.0201389 -0.0181624 -0.0199275 0.00375 -0.0154255 0.0238636 -0.02125 0.0207447
internal_weight=900 432 468 414 80 94 352 320 94
internal_count=900 432 468 414 80 94 352 320 94
is_linear=0
shrinkage=0.05


Tree=4
num_leaves=10
num_cat=0
split_feature=0 1 1 1 0 1 1 0 1
split_gain=128.771 10.2526 4.3316 1.11722 0.973083 0.918005 0.779739 0.443746 0.189845
threshold=1.8108484526219748 1.8444866505855595 1.812388948981329 1.7819336863261546 1.7797914619887722 1.835070166894132 1.8743866234475897 1.7371590847838811 1.8554017224142803
decision_type=2 2 2 2 2 2 2 2 2
left_child=2 5 3 7 -5 -2 8 -1 -3
right_child=1 6 -4 4 -6 -7 -8 -9 -10
leaf_value=-0.0054145838664844681 -0.00012172580327838301 0.00091659872729330525 -0.00037885868966579532 -0.00093108847253025044 -0.001407408426515755 0.00035167943384498693 0.0047419166007451668 -0.0027899624118209012 0.0012507500910572734
leaf_weight=209 49 37 54 32 62 31 258 111 57
leaf_count=209 49 37 54 32 62 31 258 111 57
internal_value=0.000222222 0.0199074 -0.0179487 -0.019686 -0.0148936 0.00375 0.0235795 -0.0210938 0.0196809
internal_weight=900 432 468 414 94 80 352 320 94
internal_count=900 432 468 414 94 80 352 320 94
is_linear=0
shrinkage=0.05


Tree=5
num_leaves=11
num_cat=0
split_feature=0 1 1 0 1 1 0 1 0 0
split_gain=122.727 9.53133 4.25811 1.31732 0.918005 0.884546 1.07266 0.685222 0.429753 0.26289
threshold=1.8108484526219748 1.8444866505855595 1.8074521521283498 1.8681831506617248 1.835070166894132 1.7819336863261546 1.7797914619887722 1.8178793321675517 1.8594676916750468 1.7371590847838811
decision_type=2 2 2 2 2 2 2 2 2 2
left_child=2 4 5 8 -2 9 -7 -4 -3 -1
right_child=1 3 7 -5 -6 6 -8 -9 -10 -11
leaf_value=-0.0051438546731602426 -0.00011563951311446275 0.0013850436265151922 -0.0007276419746279684 0.0046527058548601289 0.00033409546215273922 -0.00088453404890374019 -0.0016645059235859683 -0.00025609506094456116 0.00083782534853834027 -0.0026504642912298596
leaf_weight=209 49 85 33 237 31 32 47 36 30 111
leaf_count=209 49 85 33 237 31 32 47 36 30 111
internal_value=0.000111111 0.0193287 -0.0176282 0.0228693 0.00375 -0.0196115 -0.0148734 -0.00615942 0.0184783 -0.0207813
internal_weight=900 432 468 352 80 399 79 69 115 320
internal_count=900 432 468 352 80 399 79 69 115 320
is_linear=0
shrinkage=0.05


Tree=6
num_leaves=12
num_cat=0
split_feature=0 1 1 0 1 0 1 0 1 0 0
split_gain=119.03 9.87426 4.31445 1.40928 1.22605 0.725339 0.690675 0.360188 0.290909 0.306326 0.0291139
threshold=1.8108484526219748 1.8444866505855595 1.7932862453642071 1.8681831506617248 1.8178793321675517 1.7914578341228251 1.8314077964562048 1.8594676916750468 1.7819336863261546 1.7371590847838811 1.8811977922764977
decision_type=2 2 2 2 2 2 2 2 2 2 2
left_child=2 6 8 7 5 -4 -2 -3 9 -1 -5
right_child=1 3 4 10 -6 -7 -8 -9 -10 -11 -12
leaf_value=-0.0048866619395022352 -0.00028345606536706036 0.0013157914451894293 -0.00080483364212048387 0.0011734650386277024 -0.00024329030789733698 -0.00085402051464421595 0.00018589688220611579 0.00079593408111142128 -0.0020560215626908573 -0.0025179410766683619 0.0049270199868607705
leaf_weight=209 35 85 33 30 36 47 45 30 32 111 207
leaf_count=209 35 85 33 30 36 47 45 30 32 111 207
internal_value=5.55556e-05 0.0189815 -0.0174145 0.0225852 -0.00905172 -0.0125 0.003125 0.0180435 -0.0201705 -0.020625 0.024789
internal_weight=900 432 468 352 116 80 80 115 352 320 237
internal_count=900 432 468 352 116 80 80 115 352 320 237
is_linear=0
shrinkage=0.05


Tree=7
num_leaves=11
num_cat=0
split_feature=0 1 1 0 1 0 0 1 1 0
split_gain=115.332 10.0771 4.20491 1.87116 1.22605 0.729293 0.725339 0.31582 0.273011 0.353081
threshold=1.8108484526219748 1.8444866505855595 1.7932862453642071 1.8756582359499294 1.8178793321675517 1.8235039903799846 1.7914578341228251 1.8571120849007172 1.7819336863261546 1.7371590847838811
decision_type=2 2 2 2 2 2 2 2 2 2
left_child=2 5 8 7 6 -2 -4 -3 9 -1
right_child=1 3 4 -5 -6 -7 -8 -9 -10 -11
leaf_value=-0.0046423288425271212 0.000281287589570145 0.00075534590617123423 -0.00076459196001446019 0.0044626232760003994 -0.00023112579250247347 -0.00013465383393290731 -0.00081131948891201018 0.0010674894133839042 -0.0019532204845563172 -0.0023920440228349495
leaf_weight=209 44 46 33 219 36 36 47 87 32 111
leaf_count=209 44 46 33 219 36 36 47 87 32 111
internal_value=-0.000111111 0.0185185 -0.0173077 0.0221591 -0.00905172 0.0025 -0.0125 0.0174812 -0.0200284 -0.0204688
internal_weight=900 432 468 352 116 80 80 133 352 320
internal_count=900 432 468 352 116 80 80 133 352 320
is_linear=0
shrinkage=0.05


Tree=8
num_leaves=12
num_cat=0
split_feature=0 1 1 0 1 0 1 1 0 1 1
split_gain=113.846 9.0283 4.20491 1.83121 1.22605 0.725339 0.690675 0.273011 0.353081 0.248928 0.110767
threshold=1.8108484526219748 1.8444866505855595 1.7932862453642071 1.8756582359499294 1.8178793321675517 1.7914578341228251 1.8314077964562048 1.7819336863261546 1.7371590847838811 1.8571120849007172 1.89803853750055
decision_type=2 2 2 2 2 2 2 2 2 2 2
left_child=2 6 7 9 5 -4 -2 8 -1 -3 -5
right_child=1 3 4 10 -6 -7 -8 -9 -10 -11 -12
leaf_value=-0.0044102124004007709 -0.00028334764157721403 0.00071757861086266814 -0.00072636236201373272 0.0010763928232599528 -0.00021956950287734813 -0.0007707535144664047 0.00018333472979245038 -0.0018555594603285042 -0.0022724418216932053 0.0010141149427147055 0.0047373875914026534
leaf_weight=209 35 46 33 31 36 47 45 32 111 87 188
leaf_count=209 35 46 33 31 36 47 45 32 111 87 188
internal_value=-0.000222222 0.018287 -0.0173077 0.021733 -0.00905172 -0.0125 0.003125 -0.0200284 -0.0204688 0.0171053 0.0245434
internal_weight=900 432 468 352 116 80 80 352 320 133 219
internal_count=900 432 468 352 116 80 80 352 320 133 219
is_linear=0
shrinkage=0.05


Tree=9
num_leaves=12
num_cat=0
split_feature=0 1 1 1 1 0 1 0 0 0 1
split_gain=110.287 9.55884 4.48713 1.66851 1.12538 1.18914 1.03469 0.497515 0.267805 0.128237 0.0824176
threshold=1.8108484526219748 1.8571120849007172 1.8109025923621569 1.8396142186537778 1.7819336863261546 1.7797914619887722 1.89803853750055 1.8204255628229478 1.7371590847838811 1.8756582359499294 1.8493682493491872
decision_type=2 2 2 2 2 2 2 2 2 2 2
left_child=2 3 4 7 8 -6 9 -2 -1 -3 -5
right_child=1 6 -4 10 5 -7 -8 -9 -10 -11 -12
leaf_value=-0.0041897017803807285 0.00022836047263274928 0.00095624990534660676 -0.00031353096532503737 0.00055619204306174292 -0.00063629260966545094 -0.0011430585452545273 0.004508940348139279 -0.00026918025949835834 -0.0021588197306085413 0.0010225731820969531 0.00068033684250527477
leaf_weight=209 30 86 57 35 32 59 189 31 111 31 30
leaf_count=209 30 86 57 35 32 59 189 31 111 31 30
internal_value=-0.000277778 0.0179398 -0.017094 0.00634921 -0.0189173 -0.014011 0.0227124 0.000409836 -0.0203125 0.0190171 0.0119231
internal_weight=900 432 468 126 411 91 306 61 320 117 65
internal_count=900 432 468 126 411 91 306 61 320 117 65
is_linear=0
shrinkage=0.05


Tree=10
num_leaves=12
num_cat=0
split_feature=0 1 1 1 1 1 0 1 0 1 0
split_gain=106.768 11.7218 2.78784 1.78323 0.95883 0.583358 0.960317 0.474548 0.215558 0.203135 0.174179
threshold=1.807750158001393 1.8571120849007172 1.7932862453642071 1.8330898407837621 1.9095697646405914 1.750745192351685 1.7439013981921743 1.8109025923621569 1.7267735887531106 1.8444866505855595 1.8756582359499294
decision_type=2 2 2 2 2 2 2 2 2 2 2
left_child=2 3 5 -2 10 8 -7 -4 -1 -5 -3
right_child=1 4 7 9 -6 6 -8 -9 -10 -11 -12
leaf_value=-0.00423645109878662 -0.00012312941818504175 0.00090843741007927696 -0.00085748288037490461 0.00020465769420455749 0.0044638689067516002 -0.0017441985260542526 -0.0018133428849299305 -0.00057166898585852004 -0.0025487575029003898 0.00065078645818036354 0.00097144452299210429
leaf_weight=177 56 86 58 39 174 32 112 42 31 46 47
leaf_count=177 56 86 58 39 174 32 112 42 31 46 47
internal_value=-0.000222222 0.0170759 -0.0173673 0.00514184 0.022557 -0.0194602 -0.0170139 -0.01 -0.0211538 0.00970588 0.0193609
internal_weight=900 448 452 141 307 352 144 100 208 85 133
internal_count=900 448 452 141 307 352 144 100 208 85 133
is_linear=0
shrinkage=0.05


Tree=11
num_leaves=12
num_cat=0
split_feature=0 1 1 1 1 1 0 1 1 0 0
split_gain=106.083 11.7218 2.70475 1.35319 0.95883 0.51758 0.960317 0.474548 0.323195 0.243345 0.174179
threshold=1.807750158001393 1.8571120849007172 1.7932862453642071 1.8330898407837621 1.9095697646405914 1.750745192351685 1.7439013981921743 1.8109025923621569 1.8444866505855595 1.7267735887531106 1.8756582359499294
decision_type=2 2 2 2 2 2 2 2 2 2 2
left_child=2 3 5 -2 10 9 -7 -4 -5 -1 -3
right_child=1 4 7 8 -6 6 -8 -9 -10 -11 -12
leaf_value=-0.0040246285438472864 -0.00011697294727579522 0.00086301553957531809 -0.0008146087363561594 0.00019442480949433127 0.0042406754614140235 -0.001656988599751541 -0.0017226757406834381 -0.00054308553656559069 0.00061824713527134376 -0.0024213196277553697 0.00092287229684250298
leaf_weight=177 56 86 58 39 174 32 112 42 46 31 47
leaf_count=177 56 86 58 39 174 32 112 42 46 31 47
internal_value=-0.000166667 0.0170759 -0.0172566 0.00514184 0.022557 -0.0193182 -0.0170139 -0.01 0.00911765 -0.0209135 0.0193609
internal_weight=900 448 452 141 307 352 144 100 85 208 133
internal_count=900 448 452 141 307 352 144 100 85 208 133
is_linear=0
shrinkage=0.05


Tree=12
num_leaves=12
num_cat=0
split_feature=0 1 1 1 1 1 0 0 1 0 1
split_gain=102.039 9.94244 3.9301 1.25661 1.13466 1.04105 0.591232 0.497515 0.282559 0.243345 0.21256
threshold=1.8108484526219748 1.8580765547837959 1.8074521521283498 1.8396142186537778 1.750745192351685 1.89803853750055 1.7439013981921743 1.8204255628229478 1.8504062069936487 1.7267735887531106 1.8178793321675517
decision_type=2 2 2 2 2 2 2 2 2 2 2
left_child=2 3 4 7 9 -3 -6 -2 -5 -1 -4
right_child=1 5 10 8 6 -7 -8 -9 -10 -11 -12
leaf_value=-0.0038233971166549254 0.00022894756727416256 0.00083689606122662745 -0.00049804092560797877 0.0005069069331776699 -0.0015741391697639663 0.0038482661123240393 -0.0013257389227217644 -0.00024371612825040413 0.00048529937978667451 -0.0023002536463676004 -0.0002190742780247057
leaf_weight=177 30 114 33 38 32 189 159 31 30 31 36
leaf_count=177 30 114 33 38 32 189 159 31 30 31 36
internal_value=-0.000277778 0.0172454 -0.016453 0.00562016 -0.0183584 0.0221947 -0.0155759 0.000409836 0.0102941 -0.0209135 -0.00543478
internal_weight=900 432 468 129 399 303 191 61 68 208 69
internal_count=900 432 468 129 399 303 191 61 68 208 69
is_linear=0
shrinkage=0.05


Tree=13
num_leaves=12
num_cat=0
split_feature=0 1 1 1 1 1 0 0 0 1 0
split_gain=98.1478 9.1351 5.24023 1.568 1.30667 1.22151 1.05755 0.434028 0.221138 0.213333 0.17029
threshold=1.8113789152230944 1.8580765547837959 1.8074521521283498 1.835070166894132 1.9095697646405914 1.7501404106418337 1.7421514489717114 1.8011067901981617 1.6410350978087973 1.8504062069936487 1.8594676916750468
decision_type=2 2 2 2 2 2 2 2 2 2 2
left_child=2 3 5 -2 10 8 -7 -4 -1 -5 -3
right_child=1 4 7 9 -6 6 -8 -9 -10 -11 -12
leaf_value=-0.0069635487387121886 -0.00023153032183788059 0.0011992154094456866 -0.00086017773113354905 0.00039608524345384759 0.0038454432608094006 -0.0012195464714928441 -0.0013041952483165533 3.872299333701479e-06 -0.0030224151203573912 0.00046103441079734523 0.00069745405188781362
leaf_weight=40 45 37 32 50 173 30 166 40 164 30 93
leaf_count=40 45 37 32 50 173 30 166 40 164 30 93
internal_value=-0.000166667 0.0171729 -0.0158898 0.0058 0.0218647 -0.018125 -0.0153061 -0.00347222 -0.0208333 0.01 0.0180769
internal_weight=900 428 472 125 303 400 196 72 204 80 130
internal_count=900 428 472 125 303 400 196 72 204 80 130
is_linear=0
shrinkage=0.05


Tree=14
num_leaves=11
num_cat=0
split_feature=0 1 1 0 1 0 0 0 1 0
split_gain=93.4176 9.87457 3.12345 3.1057 1.24034 1.04639 0.696922 0.270846 0.239475 0.221138
threshold=1.807750158001393 1.8444866505855595 1.8074521521283498 1.8938165041425241 1.7501404106418337 1.7421514489717114 1.8235039903799846 1.8681831506617248 1.9202071163382426 1.6410350978087973
decision_type=2 2 2 2 2 2 2 2 2 2
left_child=2 6 4 7 9 -6 -2 -3 -5 -1
right_child=1 3 -4 8 5 -7 -8 -9 -10 -11
leaf_value=-0.0066153713017765847 0.00024851542853175922 0.00065417584668402422 -0.00047212146501517398 0.0012282336111203663 -0.0011585691479182036 -0.0012207912653742214 -0.00016928750671564298 0.00077515886175892894 0.0040605807657376758 -0.0028712943643395272
leaf_weight=40 59 116 53 31 30 165 36 60 146 164
leaf_count=40 59 116 53 31 30 165 36 60 146 164
internal_value=-0.000555556 0.015625 -0.0165929 0.0194759 -0.0181078 -0.0152564 0.00131579 0.0147727 0.0241525 -0.0208333
internal_weight=900 448 452 353 399 195 95 176 177 204
internal_count=900 448 452 353 399 195 95 176 177 204
is_linear=0
shrinkage=0.05


Tree=15
num_leaves=12
num_cat=0
split_feature=1 0 1 0 1 0 1 0 0 1 0
split_gain=86.1083 10.7368 3.31225 2.32241 1.14618 0.750893 0.649706 1.31843 0.445315 3.76639 0.277778
threshold=1.8172906877958497 1.8700551698475276 1.7769745347250423 1.8333561520146213 1.9229027445991893 1.8235039903799846 1.8074521521283498 1.7797914619887722 1.7371590847838811 1.7382607172741147 1.8864130257177374
decision_type=2 2 2 2 2 2 2 2 2 2 2
left_child=2 3 8 5 10 -2 7 -4 9 -1 -3
right_child=1 4 6 -5 -6 -7 -8 -9 -10 -11 -12
leaf_value=-0.0033218776859403666 0.00024747445583487296 0.00092203140448123835 -0.00079864774024134282 0.00057117023690242961 0.0039143668748506943 -0.00026917014459945101 -0.00042751965564228337 -0.0010281930875269075 -0.0017422447965014466 -0.00067740084090316404 0.0010689987875589725
leaf_weight=179 80 45 51 121 141 32 36 49 91 30 45
leaf_count=179 80 45 51 121 141 32 36 49 91 30 45
internal_value=-0.000444444 0.0145474 -0.0163991 0.00697425 0.0221861 0.00178571 -0.00992647 -0.012 -0.0193333 -0.0180622 0.0177778
internal_weight=900 464 436 233 231 112 136 100 300 209 90
internal_count=900 464 436 233 231 112 136 100 300 209 90
is_linear=0
shrinkage=0.05


Tree=16
num_leaves=12
num_cat=0
split_feature=0 0 1 1 1 1 0 1 0 1 0
split_gain=82.7766 8.85045 4.00008 2.46934 1.42299 0.802464 1.27098 0.515319 2.16837 0.274677 0.261438
threshold=1.807750158001393 1.8700551698475276 1.7769745347250423 1.8330898407837621 1.9259273271418167 1.8074521521283498 1.7797914619887722 1.7501404106418337 1.7421514489717114 1.8580765547837959 1.8864130257177374
decision_type=2 2 2 2 2 2 2 2 2 2 2
left_child=2 3 7 -2 10 6 -4 -1 -9 -5 -3
right_child=1 4 5 9 -6 -7 -8 8 -10 -11 -12
leaf_value=-0.0029548476034087947 -8.3556237390747248e-05 0.00087592983425717203 -0.00075871535322927794 0.00027303990928881361 0.0039169531842758844 -0.00042713940898230223 -0.00087378603650449809 -0.0010401495495871826 -0.0016141465176434445 0.00068299009224013227 0.00094151906650755688
leaf_weight=204 56 45 51 88 135 53 48 30 66 73 51
leaf_count=204 56 45 51 88 135 53 48 30 66 73 51
internal_value=-0.000722222 0.0145089 -0.0158186 0.00725806 0.0213203 -0.00921053 -0.0118687 -0.0191667 -0.0161458 0.0104037 0.0166667
internal_weight=900 448 452 217 231 152 99 300 96 161 96
internal_count=900 448 452 217 231 152 99 300 96 161 96
is_linear=0
shrinkage=0.05


Tree=17
num_leaves=12
num_cat=0
split_feature=1 0 1 1 0 1 0 1 1 0 1
split_gain=78.2685 9.83474 3.75046 1.61523 1.60469 0.672843 0.464598 1.20994 0.439305 0.430357 3.54977
threshold=1.8172906877958497 1.8700551698475276 1.7769745347250423 1.9259273271418167 1.8333561520146213 1.8405742671219494 1.785921737730269 1.8074521521283498 1.8554017224142803 1.7371590847838811 1.7382607172741147
decision_type=2 2 2 2 2 2 2 2 2 2 2
left_child=2 4 9 -3 5 -2 -4 -8 -6 10 -1
right_child=1 3 6 -5 8 -7 7 -9 -10 -11 -12
leaf_value=-0.0030080414214729181 0.00018454162214877058 0.00086328822786324588 -0.00070659534023047592 0.0037211055250620851 0.00015256203485322086 -0.00026450378591522664 -0.001160699475912641 -0.00040578243853318653 0.0006488405876281301 -0.0015744252307942075 -0.00054365587003311064
leaf_weight=179 81 96 65 135 40 31 36 35 81 91 30
leaf_count=179 81 96 65 135 40 31 36 35 81 91 30
internal_value=-0.0005 0.0137931 -0.015711 0.0211039 0.00654506 0.00223214 -0.00882353 -0.0116197 0.0105372 -0.0188333 -0.0175837
internal_weight=900 464 436 231 233 112 136 71 121 300 209
internal_count=900 464 436 231 233 112 136 71 121 300 209
is_linear=0
shrinkage=0.05


Tree=18
num_leaves=12
num_cat=0
split_feature=1 0 1 0 1 0 1 0 1 0 1
split_gain=71.965 10.1546 3.65194 2.1777 1.19543 0.750893 0.677249 0.594801 1.20994 0.593372 3.23687
threshold=1.8172906877958497 1.8938165041425241 1.7769745347250423 1.8333561520146213 1.9292166087080662 1.8235039903799846 1.8554017224142803 1.785921737730269 1.8074521521283498 1.7371590847838811 1.7382607172741147
decision_type=2 2 2 2 2 2 2 2 2 2 2
left_child=2 3 9 5 -3 -2 -5 -4 -9 10 -1
right_child=1 4 7 6 -6 -7 -8 8 -10 -11 -12
leaf_value=-0.0028576393503992772 0.00021644632003631203 0.0010044218060446975 -0.00067126557321894875 0.00014493393311055814 0.0036500991341544388 -0.00025844967507277498 0.00064219172579588202 -0.0011026645021170124 -0.00038549331660652224 -0.0014957039692544917 -0.00051647307653145407
leaf_weight=179 80 49 65 40 128 32 135 36 35 91 30
leaf_count=179 80 49 65 40 128 32 135 36 35 91 30
internal_value=-0.000666667 0.0130388 -0.0152523 0.00722997 0.0224576 0.00178571 0.0107143 -0.00845588 -0.0116197 -0.0183333 -0.016866
internal_weight=900 464 436 287 177 112 175 136 71 300 209
internal_count=900 464 436 287 177 112 175 136 71 300 209
is_linear=0
shrinkage=0.05


Tree=19
num_leaves=12
num_cat=0
split_feature=0 0 0 1 1 1 1 0 0 1 0
split_gain=68.3195 9.02728 4.44473 2.06953 1.77707 1.0959 1.09439 1.75138 0.928006 0.383853 0.258455
threshold=1.807750158001393 1.8938165041425241 1.7701694656189846 1.8396142186537778 1.8109025923621569 1.9292166087080662 1.7138190662571993 1.7371590847838811 1.785921737730269 1.8580765547837959 1.6502690070762926
decision_type=2 2 2 2 2 2 2 2 2 2 2
left_child=2 3 6 -2 8 -3 10 -8 -4 -5 -1
right_child=1 5 4 9 -6 -7 7 -9 -10 -11 -12
leaf_value=-0.0048498457707560677 2.3063084463198492e-05 0.00095420071574245932 -0.00063339585897297383 0.00038891409787170653 0.00017059452613599202 0.0034675941774467201 -0.0010306668385959283 -0.0014196532670371577 -0.00089582275339725745 0.00061008213950608514 -0.0028155011534786835
leaf_weight=50 76 49 56 68 31 128 84 104 45 127 82
leaf_count=50 76 49 56 68 31 128 84 104 45 127 82
internal_value=-0.000444444 0.0133929 -0.0141593 0.00765683 -0.00643939 0.0221751 -0.0173438 -0.0148936 -0.00965347 0.0103846 -0.0208333
internal_weight=900 448 452 271 132 177 320 188 101 195 132
internal_count=900 448 452 271 132 177 320 188 101 195 132
is_linear=0
shrinkage=0.05


Tree=20
num_leaves=12
num_cat=0
split_feature=0 1 1 1 1 0 0 0 1 0 0
split_gain=62.9155 8.47757 4.63744 2.48517 1.09278 2.56333 0.780577 0.514185 0.386483 0.258455 0.198312
threshold=1.807750158001393 1.9390841720038423 1.7755233527204426 1.8396142186537778 1.7138190662571993 1.7371590847838811 1.8700551698475276 1.7964335429161211 1.8002814361969612 1.6502690070762926 1.8204255628229478
decision_type=2 2 2 2 2 2 2 2 2 2 2
left_child=2 3 4 10 9 -6 -5 8 -4 -1 -2
right_child=1 -3 7 6 5 -7 -8 -9 -10 -11 -12
leaf_value=-0.0046073534822182686 0.00016333907081635959 0.0035547702127455283 -0.0005974196304392998 0.00045125021666642118 -0.00086262722858208027 -0.0013680242318438675 0.00071822006727288452 -0.00015218200705703901 -0.00088013915650642094 -0.002674726095804747 -0.00025765578237413322
leaf_weight=50 45 119 79 139 77 83 114 44 37 82 31
leaf_count=50 45 119 79 139 77 83 114 44 37 82 31
internal_value=-0.000555556 0.0127232 -0.0137168 0.00858663 -0.0174658 -0.0146875 0.0109684 -0.006875 -0.00862069 -0.0208333 0.000657895
internal_weight=900 448 452 329 292 160 253 160 116 132 76
internal_count=900 448 452 329 292 160 253 160 116 132 76
is_linear=0
shrinkage=0.05


Tree=21
num_leaves=12
num_cat=0
split_feature=0 1 1 1 1 0 1 0 0 0 0
split_gain=61.3368 8.81173 4.49432 2.27271 0.894489 2.48585 0.888115 0.720743 0.258455 0.236234 0.0913866
threshold=1.807750158001393 1.9390841720038423 1.7634264049656292 1.8330898407837621 1.7138190662571993 1.7368794635884708 1.8825790680868684 1.7964335429161211 1.6502690070762926 1.7582389237031577 1.9476968607350129
decision_type=2 2 2 2 2 2 2 2 2 2 2
left_child=2 3 4 -2 8 -6 -5 9 -1 -4 -3
right_child=1 10 7 6 5 -7 -8 -9 -10 -11 -12
leaf_value=-0.0043769858081073587 -7.8941337961324631e-05 0.0016944283428858454 -0.0014813754635652711 0.00036072097079532518 -0.00081949586715297513 -0.0013735506611665894 0.00078305193803723805 -0.00014457290670418234 -0.0025409897910145143 -0.00061132050331441645 0.0047290557804773982
leaf_weight=50 56 32 31 163 71 53 110 44 82 121 87
leaf_count=50 56 32 31 163 71 53 110 44 82 121 87
internal_value=-0.000611111 0.0125 -0.0136062 0.00828267 -0.0179688 -0.0149194 0.0101648 -0.00790816 -0.0208333 -0.00953947 0.0241597
internal_weight=900 448 452 329 256 124 273 196 132 152 119
internal_count=900 448 452 329 256 124 273 196 132 152 119
is_linear=0
shrinkage=0.05


Tree=22
num_leaves=12
num_cat=0
split_feature=0 1 1 1 1 0 1 0 1 0 0
split_gain=58.2395 9.49942 4.61123 1.98154 1.32634 2.09887 0.649064 0.446728 0.469525 0.258455 0.0913866
threshold=1.807750158001393 1.9390841720038423 1.7755233527204426 1.8330898407837621 1.7138190662571993 1.7371590847838811 1.8750633629588973 1.7964335429161211 1.8002814361969612 1.6502690070762926 1.9476968607350129
decision_type=2 2 2 2 2 2 2 2 2 2 2
left_child=2 3 4 -2 9 -6 -5 8 -4 -1 -3
right_child=1 10 7 6 5 -7 -8 -9 -10 -11 -12
leaf_value=-0.0041581365177019939 -7.499427106325563e-05 0.0016097069257415499 -0.00053698262375161403 0.00031272616222295939 -0.00077852107379532414 -0.0012690569950859487 0.00065341748229388321 -0.00013734426136897127 -0.00080556617351538193 -0.0024139403014637908 0.0044926029914535313
leaf_weight=50 56 32 79 136 77 83 137 44 37 82 87
leaf_count=50 56 32 79 136 77 83 137 44 37 82 87
internal_value=-0.000722222 0.0120536 -0.013385 0.00767477 -0.0171233 -0.0140625 0.00943223 -0.0065625 -0.00818966 -0.0208333 0.0241597
internal_weight=900 448 452 329 292 160 273 160 116 132 119
internal_count=900 448 452 329 292 160 273 160 116 132 119
is_linear=0
shrinkage=0.05


Tree=23
num_leaves=12
num_cat=0
split_feature=1 0 1 0 1 0 0 1 1 1 0
split_gain=55.9913 9.751 4.13623 1.68254 1.4516 2.34344 0.866164 0.679288 0.672843 0.42067 0.258455
threshold=1.8172906877958497 1.927828367122211 1.7755233527204426 1.8333561520146213 1.7138190662571993 1.7371590847838811 1.7732904560771174 1.8750633629588973 1.8405742671219494 1.8074521521283498 1.6502690070762926
decision_type=2 2 2 2 2 2 2 2 2 2 2
left_child=2 3 4 8 10 -6 -4 -5 -2 -8 -1
right_child=1 -3 6 7 5 -7 9 -9 -10 -11 -12
leaf_value=-0.0039502296918168976 0.00012331716148672456 0.0031790555864792402 1.644375074270066e-05 0.00029941843684335725 -0.0007395950201055546 -0.0012056041453316513 -0.00053925036153681385 0.00070916730150888396 -0.00034267789302159238 -0.00023890134929406283 -0.0022932432863906004
leaf_weight=50 81 114 31 97 77 83 77 141 31 36 82
leaf_count=50 81 114 31 97 77 83 77 141 31 36 82
internal_value=-0.000666667 0.0114224 -0.0135321 0.00728571 -0.0169521 -0.01375 -0.00659722 0.00966387 0.00223214 -0.00862832 -0.0208333
internal_weight=900 464 436 350 292 160 144 238 112 113 132
internal_count=900 464 436 350 292 160 144 238 112 113 132
is_linear=0
shrinkage=0.05


Tree=24
num_leaves=12
num_cat=0
split_feature=0 1 1 1 0 1 0 1 0 0 1
split_gain=52.2943 9.50799 4.90782 1.71207 1.28561 1.38049 0.843573 0.64146 0.258455 0.141926 0.118604
threshold=1.807750158001393 1.9405056652486579 1.7138190662571993 1.8330898407837621 1.7774616966011447 1.8109025923621569 1.7368794635884708 1.8750633629588973 1.6502690070762926 1.9575915290356358 1.6923819608059603
decision_type=2 2 2 2 2 2 2 2 2 2 2
left_child=2 3 8 -2 6 -6 -4 -5 -1 -3 -10
right_child=1 9 4 7 5 -7 -8 -9 10 -11 -12
leaf_value=-0.0037527182072260579 -6.8354952814914102e-05 0.0013711522303730518 -0.00078325427481863448 0.00028211893226964271 -0.00036792390369785324 0.00020920964701127699 -0.0010889952131395541 0.00057994215554107444 -0.0025962904726570036 0.0048245976649433642 -0.0016778484617774869
leaf_weight=50 56 41 80 136 73 31 136 140 51 75 31
leaf_count=50 56 41 80 136 73 31 136 140 51 75 31
internal_value=-0.000722222 0.0113839 -0.0127212 0.00707831 -0.009375 -0.00480769 -0.0115741 0.00869565 -0.0208333 0.0237069 -0.022561
internal_weight=900 448 452 332 320 104 216 276 132 116 82
internal_count=900 448 452 332 320 104 216 276 132 116 82
is_linear=0
shrinkage=0.05


Tree=25
num_leaves=12
num_cat=0
split_feature=0 1 1 1 0 1 0 0 0 0 0
split_gain=47.5762 10.0561 5.31758 1.94925 1.578 1.0965 0.750436 0.675 0.39886 0.258455 0.225705
threshold=1.807750158001393 1.9405056652486579 1.7138190662571993 1.8403290802594208 1.7774616966011447 1.8109025923621569 1.7368794635884708 1.8223528009105181 1.8700551698475276 1.6502690070762926 1.9595302452919692
decision_type=2 2 2 2 2 2 2 2 2 2 2
left_child=2 3 9 7 6 -6 -4 -2 -5 -1 -3
right_child=1 10 4 8 5 -7 -8 -9 -10 -11 -12
leaf_value=-0.0035650822968647522 0.00016507826752721889 0.0012773353624914831 -0.00074409156107769776 0.00039483182946558064 -0.00034952770851296447 0.00019874916466071648 -0.0010345454524825716 -0.00014429086470947318 0.00054772480487468305 -0.0020487665984382122 0.0048354954290960933
leaf_weight=50 48 44 80 135 73 31 136 32 117 82 72
leaf_count=50 48 44 80 135 73 31 136 32 117 82 72
internal_value=-0.000944444 0.0106027 -0.0123894 0.0061747 -0.00890625 -0.00384615 -0.0113426 -0.000625 0.00833333 -0.0208333 0.0232759
internal_weight=900 448 452 332 320 104 216 80 252 132 116
internal_count=900 448 452 332 320 104 216 80 252 132 116
is_linear=0
shrinkage=0.05


Tree=26
num_leaves=12
num_cat=0
split_feature=0 1 1 0 1 1 0 0 0 0 1
split_gain=44.8651 9.55556 6.03702 1.69245 1.34591 0.845185 0.503704 0.481297 0.316398 0.258455 0.118604
threshold=1.807750158001393 1.9405056652486579 1.7138190662571993 1.7774616966011447 1.8330898407837621 1.8109025923621569 1.7368794635884708 1.8700551698475276 1.9638563298394545 1.6502690070762926 1.6923819608059603
decision_type=2 2 2 2 2 2 2 2 2 2 2
left_child=2 4 9 6 -2 -5 -4 -6 -3 -1 -11
right_child=1 8 3 5 7 -7 -8 -9 -10 10 -12
leaf_value=-0.0033868281820215174 -7.3191118550536288e-05 0.0012027624080723554 -0.00070688698302381339 -0.00033205132308731237 0.00025593999998523297 0.00018881170642768286 -0.00098281817985844682 0.00052033856463095112 0.0049385454485958886 -0.0023640376191022441 -0.0014915177087667097
leaf_weight=50 56 47 80 73 159 31 136 117 69 51 31
leaf_count=50 56 47 80 73 159 31 136 117 69 51 31
internal_value=-0.000722222 0.0104911 -0.0118363 -0.008125 0.0061747 -0.00288462 -0.0106481 0.0076087 0.0228448 -0.0208333 -0.022561
internal_weight=900 448 452 320 332 104 216 276 116 132 82
internal_count=900 448 452 320 332 104 216 276 116 132 82
is_linear=0
shrinkage=0.05


Tree=27
num_leaves=12
num_cat=0
split_feature=0 1 1 1 0 1 0 0 0 0 0
split_gain=43.0928 10.0805 5.6825 1.69882 1.69245 0.845185 0.675 0.503704 0.464001 0.316398 0.200395
threshold=1.807750158001393 1.9405056652486579 1.7138190662571993 1.8403290802594208 1.7774616966011447 1.8109025923621569 1.8223528009105181 1.7368794635884708 1.8700551698475276 1.9638563298394545 1.6410350978087973
decision_type=2 2 2 2 2 2 2 2 2 2 2
left_child=2 3 10 6 7 -6 -2 -4 -5 -3 -1
right_child=1 9 4 8 5 -7 -8 -9 -10 -11 -12
leaf_value=-0.0040451234357910875 0.00015225563211498374 0.0011426242876687366 -0.00067154263387262389 0.00036229323799303882 -0.00031544875693294565 0.00017937112110629763 -0.00014164504350986374 -0.00093367727086552949 0.00049432163639940858 0.0046916181761661015 -0.0018839938211091646
leaf_weight=40 48 47 80 135 73 31 32 136 117 69 92
leaf_count=40 48 47 80 135 73 31 32 136 117 69 92
internal_value=-0.000833333 0.0101563 -0.0117257 0.00572289 -0.008125 -0.00288462 -0.000625 -0.0106481 0.0077381 0.0228448 -0.0204545
internal_weight=900 448 452 332 320 104 80 216 252 116 132
internal_count=900 448 452 332 320 104 80 216 252 116 132
is_linear=0
shrinkage=0.05


Tree=28
num_leaves=12
num_cat=0
split_feature=0 1 1 0 1 0 0 1 0 0 0
split_gain=42.6543 9.57938 5.6825 1.69245 1.66863 1.14286 0.503704 0.496975 0.455613 0.425705 0.200395
threshold=1.807750158001393 1.9405056652486579 1.7138190662571993 1.7774616966011447 1.8535276398057416 1.8235039903799846 1.7368794635884708 1.8109025923621569 1.9638563298394545 1.9005755318743642 1.6410350978087973
decision_type=2 2 2 2 2 2 2 2 2 2 2
left_child=2 4 10 6 5 -2 -4 -5 -3 -6 -1
right_child=1 8 3 7 9 -7 -8 -9 -10 -11 -12
leaf_value=-0.0038428672640015375 0.00020789214781967715 0.0010854930732852931 -0.00063796550217899435 -0.00029967631908629501 0.00047817188503144207 -4.7257610769446681e-05 -0.00088699340732225631 0.00017040256505098663 0.0044570372673577996 0.00023857840069163583 -0.0017897941300537012
leaf_weight=40 63 47 80 73 163 63 136 31 69 43 92
leaf_count=40 63 47 80 73 163 63 136 31 69 43 92
internal_value=-0.000888889 0.0100446 -0.0117257 -0.008125 0.00572289 0.00119048 -0.0106481 -0.00288462 0.0224138 0.00849515 -0.0204545
internal_weight=900 448 452 320 332 126 216 104 116 206 132
internal_count=900 448 452 320 332 126 216 104 116 206 132
is_linear=0
shrinkage=0.05


Tree=29
num_leaves=12
num_cat=0
split_feature=0 1 1 0 1 0 0 1 0 0 0
split_gain=40.0781 9.60324 5.47922 1.59303 1.35254 0.869288 0.620139 0.496975 0.432353 0.339471 0.152306
threshold=1.807750158001393 1.9405056652486579 1.7138190662571993 1.7774616966011447 1.8535276398057416 1.8223528009105181 1.9638563298394545 1.8109025923621569 1.7368794635884708 1.8527092750301664 1.6410350978087973
decision_type=2 2 2 2 2 2 2 2 2 2 2
left_child=2 4 10 8 5 -2 -3 -5 -4 -6 -1
right_child=1 6 3 7 9 -7 -8 -9 -10 -11 -12
leaf_value=-0.0036507239008014558 0.0002368411582552188 0.0010312184196210384 -0.00060606722707003959 -0.00028469250313197805 0.00093875638907657273 -2.1385076254121228e-05 0.0042341854039899211 0.00016188243679843284 -0.00084264373695613903 0.00032347109943790532 -0.0017003044235510134
leaf_weight=40 55 47 80 73 32 71 69 31 136 174 92
leaf_count=40 55 47 80 73 32 71 69 31 136 174 92
internal_value=-0.001 0.00959821 -0.0115044 -0.00796875 0.00527108 0.00119048 0.0219828 -0.00288462 -0.0104167 0.00776699 -0.0200758
internal_weight=900 448 452 320 332 126 116 104 216 206 132
internal_count=900 448 452 320 332 126 116 104 216 206 132
is_linear=0
shrinkage=0.05


Tree=30
num_leaves=12
num_cat=0
split_feature=0 1 1 1 0 0 0 1 1 0 0
split_gain=38.5028 11.4563 3.0576 2.84459 0.748153 0.694833 0.432353 1.54316 0.666542 0.425571 0.152306
threshold=1.7774616966011447 1.9405056652486579 1.7138190662571993 1.8232983038817869 1.972962484080008 1.8223528009105181 1.7368794635884708 1.7678913413553594 1.7358123375235437 1.7883213506127105 1.6410350978087973
decision_type=2 2 2 2 2 2 2 2 2 2 2
left_child=2 3 10 9 -3 -5 8 -8 -4 -2 -1
right_child=1 4 6 5 -6 -7 7 -9 -10 -11 -12
leaf_value=-0.0034681877057613831 5.1739927360361375e-05 0.00098098744190185951 -0.00072416772682424311 0.0010123288735442992 0.0048331112236646989 0.00022403614374231218 -0.00089583568532918272 -0.00053800358719996444 -0.00040293656191751074 -0.00030337335000425459 -0.00161528920237346
leaf_weight=40 36 56 39 42 60 275 67 69 41 83 92
leaf_count=40 36 56 39 42 60 275 67 69 41 83 92
internal_value=-0.00105556 0.0071558 -0.0140805 0.00344037 0.0211207 0.00591483 -0.0104167 -0.0121324 -0.0075 -0.00315126 -0.0200758
internal_weight=900 552 348 436 116 317 216 136 80 119 132
internal_count=900 552 348 436 116 317 216 136 80 119 132
is_linear=0
shrinkage=0.05


Tree=31
num_leaves=12
num_cat=0
split_feature=0 1 1 1 0 1 0 1 1 0 1
split_gain=35.549 10.2594 2.73604 2.59679 0.974005 0.683632 0.432353 1.54316 0.666542 0.412677 0.216107
threshold=1.7774616966011447 1.9405056652486579 1.8535276398057416 1.7138190662571993 1.9820458730181818 1.8172906877958497 1.7368794635884708 1.7678913413553594 1.7358123375235437 1.8527092750301664 1.6889265129112347
decision_type=2 2 2 2 2 2 2 2 2 2 2
left_child=3 2 5 10 -3 -2 8 -8 -5 -4 -1
right_child=1 4 9 6 -6 -7 7 -9 -10 -11 -12
leaf_value=-0.0023539352599635968 -0.00027304487434339777 0.00088509579920021959 0.00088061676243563207 -0.00068795934048303535 0.0051999356391355224 9.2854600583347502e-05 -0.00085104390106272021 -0.00051110340783996346 -0.00038278973382163131 0.00029609573727889529 -0.0011406046633811618
leaf_weight=92 99 65 32 39 51 131 67 69 41 174 40
leaf_count=92 99 65 32 39 51 131 67 69 41 174 40
internal_value=-0.00127778 0.00661232 0.00309633 -0.0137931 0.0198276 -0.000652174 -0.0104167 -0.0121324 -0.0075 0.00728155 -0.0193182
internal_weight=900 552 436 348 116 230 216 136 80 206 132
internal_count=900 552 436 348 116 230 216 136 80 206 132
is_linear=0
shrinkage=0.05


Tree=32
num_leaves=12
num_cat=0
split_feature=0 1 1 1 0 1 0 1 1 0 1
split_gain=34.4262 10.5426 2.7336 2.52465 0.974005 0.677856 0.366449 1.33453 0.666542 0.357809 0.216107
threshold=1.7774616966011447 1.9405056652486579 1.7138190662571993 1.8554017224142803 1.9820458730181818 1.8172906877958497 1.7368794635884708 1.7678913413553594 1.7358123375235437 1.8582951836977997 1.6889265129112347
decision_type=2 2 2 2 2 2 2 2 2 2 2
left_child=2 3 10 5 -3 -2 8 -8 -4 -5 -1
right_child=1 4 6 9 -6 -7 7 -9 -10 -11 -12
leaf_value=-0.0022362384969654204 -0.00025939263062623174 0.00084084100924020078 -0.00065356137345888858 0.00068654166862166523 0.0049399388571787391 8.8211870554177899e-05 -0.00080849170600958429 -0.00048554823744796362 -0.00036365024713055363 0.00027739387111609947 -0.0010835744302121087
leaf_weight=92 99 65 39 46 51 137 67 69 41 154 40
leaf_count=92 99 65 39 46 51 137 67 69 41 154 40
internal_value=-0.00133333 0.00643116 -0.0136494 0.00286697 0.0198276 -0.000635593 -0.0101852 -0.0117647 -0.0075 0.007 -0.0193182
internal_weight=900 552 348 436 116 236 216 136 80 200 132
internal_count=900 552 348 436 116 236 216 136 80 200 132
is_linear=0
shrinkage=0.05


Tree=33
num_leaves=12
num_cat=0
split_feature=0 1 1 1 0 1 1 0 1 1 1
split_gain=33.0165 9.96527 2.87393 2.46326 1.02987 0.677856 0.374942 0.305991 1.5369 0.666542 0.216107
threshold=1.7774616966011447 1.948880403468273 1.7138190662571993 1.8554017224142803 1.9820458730181818 1.8172906877958497 1.8825790680868684 1.7368794635884708 1.7678913413553594 1.7358123375235437 1.6889265129112347
decision_type=2 2 2 2 2 2 2 2 2 2 2
left_child=2 3 10 5 -3 -2 -5 9 -9 -4 -1
right_child=1 4 7 6 -6 -7 -8 8 -10 -11 -12
leaf_value=-0.0021244265721171497 -0.00024642299909491964 0.00081337672443742019 -0.0006208833047859464 0.00022405623563527267 0.0046929419143197926 8.3801277026474005e-05 0.00049468514415110796 -0.00076806712070910394 -0.00046127082557556598 -0.00034546773477402983 -0.0010293957087015083
leaf_weight=92 99 56 39 87 51 137 122 67 69 41 40
leaf_count=92 99 56 39 87 51 137 122 67 69 41 40
internal_value=-0.00144444 0.00615942 -0.0135057 0.00286517 0.0198598 -0.000635593 0.00681818 -0.0099537 -0.0113971 -0.0075 -0.0193182
internal_weight=900 552 348 445 107 236 209 216 136 80 132
internal_count=900 552 348 445 107 236 209 216 136 80 132
is_linear=0
shrinkage=0.05


Tree=34
num_leaves=12
num_cat=0
split_feature=0 1 1 1 1 0 0 1 0 1 1
split_gain=31.462 9.79059 2.78422 2.37738 1.07043 1.0099 0.711601 0.361905 1.22921 0.317582 0.230643
threshold=1.7774616966011447 1.9517748762872889 1.7138190662571993 1.8825790680868684 1.8172906877958497 1.9820458730181818 1.8864130257177374 1.750745192351685 1.7267735887531106 1.7600768307280985 1.6706751715568109
decision_type=2 2 2 2 2 2 2 2 2 2 2
left_child=2 3 10 4 -2 -3 -5 8 -4 -9 -1
right_child=1 5 7 6 -6 -7 -8 9 -10 -11 -12
leaf_value=-0.0023441665205030993 -0.00023410184914017808 0.00080497239316287275 -0.0004228980604731869 0.00059817286154849607 0.00012898746901242043 0.0044582948186038035 0.00037689253475854391 -0.00045483153322555263 -0.00083277095964497951 -0.00061547383237796078 -0.0010974749592924328
leaf_weight=64 99 50 45 41 224 51 87 36 31 104 68
leaf_count=64 99 50 45 41 224 51 87 36 31 104 68
internal_value=-0.00144444 0.00597826 -0.0132184 0.00282705 0.000541796 0.0200495 0.00859375 -0.00972222 -0.0125 -0.00821429 -0.0189394
internal_weight=900 552 348 451 323 101 128 216 76 140 132
internal_count=900 552 348 451 323 101 128 216 76 140 132
is_linear=0
shrinkage=0.05


Tree=35
num_leaves=12
num_cat=0
split_feature=0 1 0 1 0 1 0 1 0 0 1
split_gain=29.4873 9.35866 2.83531 2.00931 0.908668 0.891304 0.852828 0.735178 1.02874 0.642959 0.318878
threshold=1.7774616966011447 1.9517748762872889 1.6990104371432513 1.884742652568264 1.8864130257177374 1.8172906877958497 1.9991114088223201 1.750745192351685 1.7267735887531106 1.7521024354686638 1.6706751715568109
decision_type=2 2 2 2 2 2 2 2 2 2 2
left_child=2 3 10 5 -5 -2 -3 8 -4 -9 -1
right_child=1 6 7 4 -6 -7 -8 9 -10 -11 -12
leaf_value=-0.0022269581944779461 -0.00022239675668317416 0.00076605371676659046 -0.00043376700715165866 0.00057009943912277321 0.00035804790802062007 0.00011724135243497137 0.0053703359606997354 -0.00040977993802484571 -0.00079113241166273163 -0.0005075748783663792 -0.0011357398347981329
leaf_weight=64 99 59 52 35 87 230 42 46 31 87 68
leaf_count=64 99 59 52 35 87 230 42 46 31 87 68
internal_value=-0.00138889 0.0057971 -0.0127874 0.00271619 0.00819672 0.000683891 0.0195545 -0.00925926 -0.0129518 -0.00695489 -0.0185606
internal_weight=900 552 348 451 122 329 101 216 83 133 132
internal_count=900 552 348 451 122 329 101 216 83 133 132
is_linear=0
shrinkage=0.05


Tree=36
num_leaves=12
num_cat=0
split_feature=0 1 1 1 0 0 1 0 1 1 0
split_gain=25.4621 8.00694 2.91989 1.96817 1.38144 0.617605 0.588438 0.254917 1.53065 0.493578 0.155597
threshold=1.7774616966011447 1.9517748762872889 1.6889265129112347 1.8403290802594208 1.9991114088223201 1.8223528009105181 1.884742652568264 1.7368794635884708 1.7678913413553594 1.7358123375235437 1.6468497929172037
decision_type=2 2 2 2 2 2 2 2 2 2 2
left_child=2 3 10 5 -3 -2 -5 9 -9 -4 -1
right_child=1 4 7 6 -6 -7 -8 8 -10 -11 -12
leaf_value=-0.002341369446733921 -2.0477538302454692e-05 0.00072775103092825866 -0.00062902379619464996 0.00021039523965738494 0.005101819162664745 -0.0001678872926508812 0.00044129641569505833 -0.0006864331911111244 -0.00038205484875957212 -0.00024699917946994224 -0.0015718687597338077
leaf_weight=47 151 59 79 146 42 32 122 67 69 41 45
leaf_count=47 151 59 79 146 42 32 122 67 69 41 45
internal_value=-0.00133333 0.0053442 -0.0119253 0.00249446 0.0180693 -0.00150273 0.00522388 -0.00917969 -0.0106618 -0.0075 -0.0195652
internal_weight=900 552 348 451 101 183 268 256 136 120 92
internal_count=900 552 348 451 101 183 268 256 136 120 92
is_linear=0
shrinkage=0.05


Tree=37
num_leaves=12
num_cat=0
split_feature=0 1 1 1 0 0 0 1 0 1 0
split_gain=23.5824 7.2364 2.72739 1.80499 1.30272 0.844601 0.822278 0.272306 1.49063 0.381229 0.246485
threshold=1.7774616966011447 1.9517748762872889 1.6889265129112347 1.8889664904587746 1.9991114088223201 1.8657998847906223 1.9198033264926044 1.750745192351685 1.7267735887531106 1.7785810389067771 1.6468497929172037
decision_type=2 2 2 2 2 2 2 2 2 2 2
left_child=2 3 10 5 -3 -2 -5 8 -4 -9 -1
right_child=1 4 7 6 -6 -7 -8 9 -10 -11 -12
leaf_value=-0.0022243009743972198 8.5773741385686275e-05 0.00069136347938183464 -0.00051555469635566897 0.00054194993351415206 0.0048467282045315148 -6.2539128551669654e-05 4.4788066316170388e-05 -0.00040436482554665479 -0.00071725413152403663 -0.0007124242906575651 -0.0014932753217471229
leaf_weight=47 300 59 85 82 42 38 31 93 31 47 45
leaf_count=47 300 59 85 82 42 38 31 93 31 47 45
internal_value=-0.00144444 0.00498188 -0.0116379 0.00227273 0.0170792 0.000443787 0.00774336 -0.00898438 -0.0107759 -0.0075 -0.0190217
internal_weight=900 552 348 451 101 338 113 256 116 140 92
internal_count=900 552 348 451 101 338 113 256 116 140 92
is_linear=0
shrinkage=0.05


Tree=38
num_leaves=12
num_cat=0
split_feature=0 1 1 1 0 0 0 0 1 0 0
split_gain=21.9198 7.21982 2.83457 1.77346 1.42942 1.19309 0.720724 0.246485 0.223953 1.32234 0.412565
threshold=1.7774616966011447 1.9533631542307193 1.6889265129112347 1.8903266083264827 1.9991114088223201 1.8657998847906223 1.9214649837140469 1.6468497929172037 1.7462033787503062 1.7133503654337512 1.7394276881019406
decision_type=2 2 2 2 2 2 2 2 2 2 2
left_child=2 3 7 5 -3 -2 -5 -1 9 -4 -10
right_child=1 4 8 6 -6 -7 -8 -9 10 -11 -12
leaf_value=-0.0021130859256773605 8.1485054316399194e-05 0.00065546536215088658 -0.00028769635412364549 0.00051485243683844215 0.0046043917943049406 -5.3067288415720172e-05 4.2548663000363533e-05 -0.0014186115556597658 -0.00036775774460420243 -0.00064087048150427437 -0.00046519551983422727
leaf_weight=47 300 56 56 82 42 41 31 45 31 48 121
leaf_count=47 300 56 56 82 42 41 31 45 31 48 121
internal_value=-0.00166667 0.00452899 -0.0114943 0.00187225 0.0168367 7.33138e-05 0.00730088 -0.0190217 -0.00878906 -0.0105769 -0.00756579
internal_weight=900 552 348 454 98 341 113 92 256 104 152
internal_count=900 552 348 454 98 341 113 92 256 104 152
is_linear=0
shrinkage=0.05


Tree=39
num_leaves=12
num_cat=0
split_feature=0 1 1 0 1 0 0 0 1 0 1
split_gain=20.898 6.73591 2.64496 1.49717 1.49614 0.89454 0.625861 0.358187 0.308845 1.32745 1.04062
threshold=1.7774616966011447 1.9533631542307193 1.6889265129112347 2.0276514796196983 1.8903266083264827 1.8657998847906223 1.9214649837140469 1.6468497929172037 1.7678913413553594 1.7368794635884708 1.7795897694647902
decision_type=2 2 2 2 2 2 2 2 2 2 2
left_child=2 4 7 -3 5 -2 -6 -1 9 -4 -10
right_child=1 3 8 -5 6 -7 -8 -9 10 -11 -12
leaf_value=-0.002007431629393497 7.7410801600574796e-05 0.00062402203730518304 -0.00032698188719617607 0.0060164947448728915 0.00048910981499652453 -5.0413923994929723e-05 4.0421229850340358e-05 -0.0013476809778767752 1.0450701840691857e-06 -0.00061350540304802028 -0.00091180603439136034
leaf_weight=47 300 65 113 33 82 41 31 45 33 67 43
leaf_count=47 300 65 113 33 82 41 31 45 33 67 43
internal_value=-0.00161111 0.00443841 -0.0112069 0.0163265 0.00187225 0.000219941 0.00685841 -0.0184783 -0.00859375 -0.00972222 -0.00592105
internal_weight=900 552 348 98 454 341 113 92 256 180 76
internal_count=900 552 348 98 454 341 113 92 256 180 76
is_linear=0
shrinkage=0.05


Tree=40
num_leaves=12
num_cat=0
split_feature=0 1 1 0 1 0 0 0 1 0 1
split_gain=20.7563 6.63365 2.3621 1.49717 1.48947 0.617605 0.533535 0.495736 0.308845 1.32745 1.04062
threshold=1.7774616966011447 1.9533631542307193 1.6889265129112347 2.0276514796196983 1.8403290802594208 1.8223528009105181 1.8424469351741186 1.6410350978087973 1.7678913413553594 1.7368794635884708 1.7795897694647902
decision_type=2 2 2 2 2 2 2 2 2 2 2
left_child=2 4 7 -3 5 -2 -6 -1 9 -4 -10
right_child=1 3 8 -5 6 -7 -8 -9 10 -11 -12
leaf_value=-0.0022961826694618548 -3.1687141252478847e-05 0.00059282093543993057 -0.00031063279283636284 0.0057156700076292479 0.00068948054139570953 -0.00017172640788347683 0.00017778874093311582 -0.0012265544010212071 9.9281667486073029e-07 -0.00058283013289561758 -0.0008662157326717935
leaf_weight=40 151 65 113 33 50 32 221 52 33 67 43
leaf_count=40 151 65 113 33 50 32 221 52 33 67 43
internal_value=-0.0015 0.00452899 -0.0110632 0.0163265 0.00198238 -0.00150273 0.00433579 -0.0179348 -0.00859375 -0.00972222 -0.00592105
internal_weight=900 552 348 98 454 183 271 92 256 180 76
internal_count=900 552 348 98 454 183 271 92 256 180 76
is_linear=0
shrinkage=0.05


Tree=41
num_leaves=12
num_cat=0
split_feature=0 1 0 1 1 0 0 0 1 0 1
split_gain=19.9005 6.34665 2.63782 2.46191 0.861238 0.876623 0.831169 0.495736 0.265355 1.463 1.04062
threshold=1.7774616966011447 1.9111304608730657 2.0276514796196983 1.6889265129112347 1.8172906877958497 1.8223528009105181 1.7883213506127105 1.6410350978087973 1.7678913413553594 1.7368794635884708 1.7795897694647902
decision_type=2 2 2 2 2 2 2 2 2 2 2
left_child=3 4 -3 7 6 -6 -2 -1 9 -5 -10
right_child=1 2 -4 8 5 -7 -8 -9 10 -11 -12
leaf_value=-0.002181373535988762 0.00010129564059933039 0.00047020273330233842 0.0054298865072477838 -0.00029510115319454356 0.00061746112606155261 3.720540353840396e-05 -0.00039163822544656672 -0.0011652266809701439 9.4317584111713879e-07 -0.00055368862625083677 -0.00082290494603820541
leaf_weight=40 36 140 33 113 60 220 63 52 33 67 43
leaf_count=40 36 140 33 113 60 220 63 52 33 67 43
internal_value=-0.00155556 0.00434783 0.0122832 -0.0109195 0.000725594 0.00214286 -0.00328283 -0.0179348 -0.00839844 -0.00944444 -0.00592105
internal_weight=900 552 173 348 379 280 99 92 256 180 76
internal_count=900 552 173 348 379 280 99 92 256 180 76
is_linear=0
shrinkage=0.05


Tree=42
num_leaves=12
num_cat=0
split_feature=0 1 1 0 1 0 0 0 0 1 0
split_gain=18.2039 6.49237 2.88181 2.63782 0.80548 0.936039 0.831169 0.495736 0.292969 1.6684 0.5625
threshold=1.7774616966011447 1.9111304608730657 1.6889265129112347 2.0276514796196983 1.8172906877958497 1.8223528009105181 1.7883213506127105 1.6410350978087973 1.7133503654337512 1.7462033787503062 1.6937815563441248
decision_type=2 2 2 2 2 2 2 2 2 2 2
left_child=2 4 7 -3 6 -6 -2 -1 10 -10 -4
right_child=1 3 8 -5 5 -7 -8 -9 9 -11 -12
leaf_value=-0.0020723048591893222 9.6230858569368316e-05 0.00044669259663721039 -0.0010051212459303738 0.0051583921818853856 0.00058658806975847024 3.5345133361480707e-05 -0.00037205631417424061 -0.0011069653469216402 -0.00054175845754351754 -0.00027687444710342571 -3.3717013117140481e-05
leaf_weight=40 36 140 32 33 60 220 63 52 48 144 32
leaf_count=40 36 140 32 33 60 220 63 52 48 144 32
internal_value=-0.00138889 0.00425725 -0.0103448 0.0122832 0.000593668 0.00196429 -0.00328283 -0.0179348 -0.00761719 -0.00859375 -0.0046875
internal_weight=900 552 348 173 379 280 99 92 256 192 64
internal_count=900 552 348 173 379 280 99 92 256 192 64
is_linear=0
shrinkage=0.05


Tree=43
num_leaves=10
num_cat=0
split_feature=0 0 1 1 0 0 1 0 0
split_gain=15.8552 6.77742 2.45484 2.28435 1.06549 0.728306 1.6684 0.580024 0.200306
threshold=1.7774616966011447 1.9820458730181818 1.6943550686204276 1.8903266083264827 1.8657998847906223 1.7133503654337512 1.7462033787503062 1.6468497929172037 1.8921527239516234
decision_type=2 2 2 2 2 2 2 2 2
left_child=2 3 7 4 -2 -4 -7 -1 -5
right_child=1 -3 5 8 -6 6 -8 -9 -10
leaf_value=-0.0017258781748083485 6.4453740067721421e-05 0.0021231941494817886 -0.00022498989410024706 0.00047455764748730592 -6.0410191686832707e-05 -0.00051467053466633936 -0.00026303072474825884 -0.001105359607537293 0.00037262680687171206
leaf_weight=47 300 51 52 31 41 48 144 57 129
leaf_count=47 300 51 52 31 41 48 144 57 129
internal_value=-0.00155556 0.00371377 -0.00991379 0.00194611 -0.000366569 -0.00717213 -0.00859375 -0.0163462 0.006875
internal_weight=900 552 348 501 341 244 192 104 160
internal_count=900 552 348 501 341 244 192 104 160
is_linear=0
shrinkage=0.05


Tree=44
num_leaves=10
num_cat=0
split_feature=0 0 1 1 0 0 1 0 1
split_gain=15.3148 6.41551 2.75202 2.56573 1.06549 0.672552 1.36111 0.580024 0.265948
threshold=1.7774616966011447 2.0276514796196983 1.8903266083264827 1.6943550686204276 1.8657998847906223 1.7133503654337512 1.7462033787503062 1.6468497929172037 1.9390841720038423
decision_type=2 2 2 2 2 2 2 2 2
left_child=3 2 4 7 -2 -5 -7 -1 -4
right_child=1 -3 8 5 -6 6 -8 -9 -10
leaf_value=-0.0016395842660679285 6.1231053064331192e-05 0.0047943128653170188 0.00035736053963120185 -0.00021374039939523471 -5.7389682102493292e-05 -0.00048893700793302137 -0.00024987918851084869 -0.0010500916271604323 0.00048058784170988971
leaf_weight=47 300 33 92 52 41 48 144 57 86
leaf_count=47 300 33 92 52 41 48 144 57 86
internal_value=-0.00155556 0.00362319 0.00226397 -0.00977011 -0.000366569 -0.00696721 -0.00833333 -0.0163462 0.00730337
internal_weight=900 552 519 348 341 244 192 104 178
internal_count=900 552 519 348 341 244 192 104 178
is_linear=0
shrinkage=0.05


Tree=45
num_leaves=10
num_cat=0
split_feature=0 1 1 1 0 0 1 0 1
split_gain=13.6349 6.05673 2.39696 1.93338 1.06549 0.619017 1.46007 0.478167 0.272952
threshold=1.7774616966011447 2.0464076759594119 1.8903266083264827 1.6943550686204276 1.8657998847906223 1.7133503654337512 1.7462033787503062 1.6468497929172037 1.9405056652486579
decision_type=2 2 2 2 2 2 2 2 2
left_child=3 2 4 7 -2 -5 -7 -1 -4
right_child=1 -3 8 5 -6 6 -8 -9 -10
leaf_value=-0.0015576050527645324 5.8169500411114908e-05 0.0039233363501639529 0.0003117367264925397 -0.00020305337942547741 -5.4520197997365295e-05 -0.00046449015753636803 -0.00023738522908530737 -0.00099758704580240622 0.00047201450321816553
leaf_weight=47 300 35 95 52 41 48 144 57 81
leaf_count=47 300 35 95 52 41 48 144 57 81
internal_value=-0.00144444 0.00344203 0.0020793 -0.0091954 -0.000366569 -0.0067623 -0.00807292 -0.0149038 0.00681818
internal_weight=900 552 517 348 341 244 192 104 176
internal_count=900 552 517 348 341 244 192 104 176
is_linear=0
shrinkage=0.05


Tree=46
num_leaves=12
num_cat=0
split_feature=0 1 1 1 0 0 0 1 0 0 1
split_gain=12.8728 5.52521 2.61577 1.80547 1.2494 0.669095 0.775641 0.430136 0.394383 0.24907 0.0745229
threshold=1.808273329781094 2.0464076759594119 1.6943550686204276 1.8903266083264827 1.8657998847906223 1.7661740766210079 1.7133503654337512 1.8028819627088792 1.6629924688429234 1.9005755318743642 1.6565874936003
decision_type=2 2 2 2 2 2 2 2 2 2 2
left_child=2 3 8 4 -2 6 -4 -7 10 -5 -1
right_child=1 -3 5 9 -6 7 -8 -9 -10 -11 -12
leaf_value=-0.0019016780014202484 9.514478510170844e-05 0.00372716953265575 -0.00019290071045420244 0.00048375023359642499 -5.1794188097498141e-05 -0.00015172293850788111 -0.00036397270301739007 3.2775987122668494e-05 -0.00089033158703409891 0.00026703351360706228 -0.00048656557156749884
leaf_weight=40 193 35 52 52 41 83 156 61 33 123 31
leaf_count=40 193 35 52 52 41 83 156 61 33 123 31
internal_value=-0.00155556 0.0045045 -0.00745614 0.00287286 0 -0.00539773 -0.00721154 -0.00277778 -0.0144231 0.00671429 -0.0123239
internal_weight=900 444 456 409 234 352 208 144 104 175 71
internal_count=900 444 456 409 234 352 208 144 104 175 71
is_linear=0
shrinkage=0.05


Tree=47
num_leaves=10
num_cat=0
split_feature=0 1 1 1 0 1 0 0 1
split_gain=11.8696 6.22136 1.91545 1.39036 0.839361 0.787721 0.669825 0.567702 1.5625
threshold=1.7774616966011447 2.0464076759594119 1.8403290802594208 1.6943550686204276 1.8204255628229478 1.9405056652486579 1.6468497929172037 1.7133503654337512 1.7462033787503062
decision_type=2 2 2 2 2 2 2 2 2
left_child=3 2 4 6 -2 -4 -1 -5 -9
right_child=1 -3 5 7 -6 -7 -8 8 -10
leaf_value=-0.0013846409000552895 -1.4967790613740207e-05 0.0035408110560229524 0.00017233587757529146 -0.00018325567493149286 -9.3412387701619093e-05 0.00043506210237691527 -0.00090319111416058422 -0.00042306701450868235 -0.00021262357659290743
leaf_weight=47 148 35 253 52 35 81 57 48 144
leaf_count=47 148 35 253 52 35 81 57 48 144
internal_value=-0.00138889 0.00317029 0.00178917 -0.00862069 -0.0023224 0.00404192 -0.0134615 -0.00655738 -0.0078125
internal_weight=900 552 517 348 183 334 104 244 192
internal_count=900 552 517 348 183 334 104 244 192
is_linear=0
shrinkage=0.05


Tree=48
num_leaves=11
num_cat=0
split_feature=0 1 1 1 0 0 0 0 0 0
split_gain=9.75833 5.07469 2.71809 0.94946 1.2494 0.669825 0.65232 0.462413 1.07225 0.453704
threshold=1.808273329781094 1.9942676774951082 1.6943550686204276 1.8903266083264827 1.8657998847906223 1.6468497929172037 1.9005755318743642 1.7661740766210079 1.7368794635884708 1.799025774876531
decision_type=2 2 2 2 2 2 2 2 2 2
left_child=2 3 5 4 -2 -1 -5 8 -4 -9
right_child=1 -3 7 6 -6 -7 -8 9 -10 -11
leaf_value=-0.0013154088550525246 9.5058165231709524e-05 0.0015245197343813468 -0.0001842486372268859 0.00045094592803783811 -5.7821272571390027e-05 -0.00085803155845255448 0.00019652842357669177 -3.0703215169125554e-06 -0.00042813581759370558 -0.00032621075819310732
leaf_weight=47 193 57 108 52 41 57 101 108 100 36
leaf_count=47 193 57 108 52 41 57 101 108 100 36
internal_value=-0.00122222 0.00405405 -0.00635965 0.00200258 0 -0.0134615 0.00506536 -0.00426136 -0.00576923 -0.00208333
internal_weight=900 444 456 387 234 104 153 352 208 144
internal_count=900 444 456 387 234 104 153 352 208 144
is_linear=0
shrinkage=0.05


Tree=49
num_leaves=11
num_cat=0
split_feature=0 1 1 0 0 1 0 0 0 0
split_gain=8.96 3.91212 2.8044 0.723869 0.928212 0.654422 1.62764 0.65232 0.593231 0.410041
threshold=1.8333561520146213 1.9942676774951082 1.6943550686204276 1.7661740766210079 1.7368794635884708 1.8903266083264827 1.861014586095729 1.9005755318743642 1.8235039903799846 1.6468497929172037
decision_type=2 2 2 2 2 2 2 2 2 2
left_child=2 5 9 4 -4 6 -2 -7 -5 -1
right_child=1 -3 3 8 -6 7 -8 -9 -10 -11
leaf_value=-0.0012496384122999027 0.00024357338119074812 0.0014482937476622882 -0.00017503620536553634 -9.2211311721435159e-06 -0.00040672902671402004 0.0004283986316359512 -4.4725241368848149e-05 0.00018670200239785385 -0.00036731994916884282 -0.00081512998052992727
leaf_weight=47 88 57 108 204 100 52 54 101 32 57
leaf_count=47 88 57 108 204 100 52 54 101 32 57
internal_value=-0.00111111 0.00511364 -0.00510949 -0.00337838 -0.00552885 0.00279661 0.000352113 0.00506536 -0.00148305 -0.0125
internal_weight=900 352 548 444 208 295 142 153 236 104
internal_count=900 352 548 444 208 295 142 153 236 104
is_linear=0
shrinkage=0.05


Tree=50
num_leaves=11
num_cat=0
split_feature=0 1 1 1 0 0 0 0 0 0
split_gain=7.98644 4.33325 1.90554 0.837387 1.38775 0.733282 0.395091 0.29917 0.917956 0.453704
threshold=1.808273329781094 2.0464076759594119 1.6943550686204276 1.8903266083264827 1.8657998847906223 1.6468497929172037 1.9005755318743642 1.7661740766210079 1.7368794635884708 1.799025774876531
decision_type=2 2 2 2 2 2 2 2 2 2
left_child=2 3 5 4 -2 -1 -5 8 -4 -9
right_child=1 -3 7 6 -6 -7 -8 9 -10 -11
leaf_value=-0.0011871564916849044 8.1353527340977125e-05 0.0032151298291196451 -0.00016628439509725479 0.00040697870005415029 -5.2693946874371457e-05 -0.00077437348150343204 0.00022590352274921567 -2.455748882462805e-06 -0.00038639257537831931 -0.00030943916372483952
leaf_weight=47 193 35 108 52 41 57 123 108 100 36
leaf_count=47 193 35 108 52 41 57 123 108 100 36
internal_value=-0.000944444 0.00382883 -0.00559211 0.00238386 0.00042735 -0.0115385 0.005 -0.00383523 -0.00504808 -0.00208333
internal_weight=900 444 456 409 234 104 175 352 208 144
internal_count=900 444 456 409 234 104 175 352 208 144
is_linear=0
shrinkage=0.05


Tree=51
num_leaves=11
num_cat=0
split_feature=0 0 0 0 1 1 0 0 0 0
split_gain=6.74935 4.21126 1.6898 0.868056 0.969535 0.680816 0.890675 0.528603 0.458333 0.576136
threshold=1.807750158001393 2.0337156746350886 1.6990104371432513 1.7159204121355478 1.7693150288801875 1.8403290802594208 1.8204255628229478 1.8424469351741186 1.6432908603783452 1.6761705919587679
decision_type=2 2 2 2 2 2 2 2 2 2
left_child=2 5 8 -4 -5 6 -2 -7 -1 -10
right_child=1 -3 3 4 -6 7 -8 -9 9 -11
leaf_value=-0.0011819614078080521 0.00015785860541409625 0.0040933419007434862 5.8733269877242483e-05 -0.00027408001805256932 -0.00011657477773219794 0.00054160943493363758 -7.9196355486721445e-05 0.00014384907193931706 -0.0010899609542173061 -0.0004999704681264705
leaf_weight=44 45 30 32 122 166 50 35 288 48 40
leaf_count=44 45 30 32 122 166 50 35 288 48 40
internal_value=-0.000777778 0.00357143 -0.0050885 -0.003125 -0.00399306 0.00227273 -0.001875 0.00325444 -0.00984848 -0.0119318
internal_weight=900 448 452 320 288 418 80 338 132 88
internal_count=900 448 452 320 288 418 80 338 132 88
is_linear=0
shrinkage=0.05


Tree=52
num_leaves=12
num_cat=0
split_feature=0 0 1 0 0 0 1 1 0 0 0
split_gain=6.5394 4.55654 0.951237 1.19309 0.794671 0.882353 1.92 1.29405 0.545455 0.437879 0.317429
threshold=1.7774616966011447 2.0337156746350886 1.8903266083264827 1.8657998847906223 1.6990104371432513 1.7368794635884708 1.7366727874025931 1.7678913413553594 1.6432908603783452 1.6761705919587679 1.9005755318743642
decision_type=2 2 2 2 2 2 2 2 2 2 2
left_child=4 2 3 -2 8 6 -6 -7 -1 -10 -4
right_child=1 -3 10 -5 5 7 -8 -9 9 -11 -12
leaf_value=-0.0011228633374176457 3.5134836265693357e-05 0.0038886748057063159 0.00037445169993626242 -5.7251703127625403e-05 -0.00023358900993568634 -0.00035496574860630629 0.00056478414167346336 -0.00011195237358624377 -0.0010354629065064459 -0.00047497194472014286 0.00021134223962434586
leaf_weight=44 300 30 55 41 50 67 30 69 48 40 126
leaf_count=44 300 30 55 41 50 67 30 69 48 40 126
internal_value=-0.000666667 0.00271739 0.00162835 7.33138e-05 -0.00603448 -0.00416667 0 -0.00661765 -0.00909091 -0.0113636 0.00455801
internal_weight=900 552 522 341 348 216 80 136 132 88 181
internal_count=900 552 522 341 348 216 80 136 132 88 181
is_linear=0
shrinkage=0.05


Tree=53
num_leaves=11
num_cat=0
split_feature=0 0 1 0 0 0 0 0 1 0
split_gain=5.47995 2.63212 0.973942 0.747838 1.1172 0.698985 0.676991 0.623377 0.546341 0.44329
threshold=1.7774616966011447 2.0337156746350886 1.8403290802594208 1.6990104371432513 1.7159204121355478 1.8204255628229478 1.8424469351741186 1.6468497929172037 1.7693150288801875 1.6761705919587679
decision_type=2 2 2 2 2 2 2 2 2 2
left_child=3 2 5 7 -5 -2 -4 -1 -6 -9
right_child=1 -3 6 4 8 -7 -8 9 -10 -11
leaf_value=-0.0010201647277868376 -3.7515393036813283e-06 0.0036942410654210002 0.00055080813909657027 5.3887089341464471e-05 -0.00024262772971962444 -7.6993279525672262e-05 0.00013049469144509331 -0.00098368976118112794 -0.00010633788180006154 -0.00045122334748413652
leaf_weight=48 148 30 51 32 122 35 288 44 62 40
leaf_count=48 148 30 51 32 122 35 288 44 62 40
internal_value=-0.000833333 0.00226449 0.00143678 -0.00574713 -0.00393519 -0.00150273 0.0030236 -0.00871212 -0.00543478 -0.0113095
internal_weight=900 552 522 348 216 183 339 132 184 84
internal_count=900 552 522 348 216 183 339 132 184 84
is_linear=0
shrinkage=0.05


Tree=54
num_leaves=9
num_cat=0
split_feature=0 0 1 0 1 1 1 0
split_gain=4.90615 2.13302 0.772978 0.732349 0.636231 0.626736 0.663668 0.467916
threshold=1.7774616966011447 1.9991114088223201 1.8403290802594208 1.8424469351741186 1.6678040391988489 1.7819336863261546 1.7693150288801875 1.8204255628229478
decision_type=2 2 2 2 2 2 2 2
left_child=4 2 7 -4 -1 6 -6 -2
right_child=1 -3 3 -5 5 -7 -8 -9
leaf_value=-0.0010561276552698395 -3.5639623384986496e-06 0.0014873153543602858 0.00052326773214174122 0.00011411669999659147 -0.00022585680101788741 -0.00072703671562841527 6.930298509469357e-05 -7.3143615549386976e-05
leaf_weight=60 148 42 51 276 220 32 36 35
leaf_count=60 148 42 51 276 220 32 36 35
internal_value=-0.000666667 0.00226449 0.00137255 0.00282875 -0.00531609 -0.00434028 -0.00351563 -0.00122951
internal_weight=900 552 510 327 348 288 256 183
internal_count=900 552 510 327 348 288 256 183
is_linear=0
shrinkage=0.05


Tree=55
num_leaves=9
num_cat=0
split_feature=0 0 1 0 1 1 1 0
split_gain=4.38317 2.20791 0.731359 1.10722 0.675862 0.660156 0.623114 0.504155
threshold=1.7774616966011447 2.0130860333931575 1.8903266083264827 1.8657998847906223 1.6678040391988489 1.7819336863261546 1.7693150288801875 1.9005755318743642
decision_type=2 2 2 2 2 2 2 2
left_child=4 2 3 -2 -1 6 -6 -4
right_child=1 -3 7 -5 5 -7 -8 -9
leaf_value=-0.0010033212725063469 1.4521309736154065e-05 0.0022466466276106489 0.00034349854536737113 -6.6619687543323375e-05 -0.00021456396096699584 -0.00069068487984699225 6.5837835839960287e-05 0.00018387007185404204
leaf_weight=60 300 39 55 41 220 32 36 117
leaf_count=60 300 39 55 41 220 32 36 117
internal_value=-0.000777778 0.00199275 0.00112086 -0.000219941 -0.00517241 -0.00416667 -0.00332031 0.00377907
internal_weight=900 552 513 341 348 288 256 172
internal_count=900 552 513 341 348 288 256 172
is_linear=0
shrinkage=0.05


Tree=56
num_leaves=10
num_cat=0
split_feature=0 0 0 0 1 1 1 0 1
split_gain=4.13381 1.52532 1.24713 0.810421 1.12562 0.516373 0.807721 0.469925 0.730116
threshold=1.882791942895585 1.7774616966011447 2.0337156746350886 1.8657998847906223 1.8580765547837959 1.7819336863261546 1.7693150288801875 1.9005755318743642 1.9405056652486579
decision_type=2 2 2 2 2 2 2 2 2
left_child=1 5 7 4 -3 6 -1 -2 -9
right_child=2 3 -4 -5 -6 -7 -8 8 -10
leaf_value=-0.00025371804921245914 0.00032632361809900037 -8.1715292381323582e-06 0.0033228309130514111 -5.3083735592185382e-05 0.00046572302105154508 -0.00065615063585464659 6.2545944047959209e-05 -0.00012392493804692651 0.00034632854760259236
leaf_weight=280 45 247 30 48 56 32 36 43 83
leaf_count=280 45 247 30 48 56 32 36 43 83
internal_value=-0.000722222 -0.00253934 0.00559701 -0.000213675 0.000742574 -0.00488506 -0.00427215 0.00394737 0.00238095
internal_weight=900 699 201 351 303 348 316 171 126
internal_count=900 699 201 351 303 348 316 171 126
is_linear=0
shrinkage=0.05


Tree=57
num_leaves=10
num_cat=0
split_feature=0 0 1 0 1 0 1 1 0
split_gain=3.67639 1.54496 1.02501 0.768998 0.736922 0.65884 0.624647 0.494497 0.563672
threshold=1.882791942895585 1.7630072827708381 2.0523625301358792 1.8657998847906223 1.8580765547837959 1.9005755318743642 1.9405056652486579 1.6474574891111862 1.7368794635884708
decision_type=2 2 2 2 2 2 2 2 2
left_child=1 7 5 4 -3 -2 -7 -1 -9
right_child=2 3 -4 -5 -6 6 -8 8 -10
leaf_value=-0.0015585060961417431 0.00031499304871226432 -1.0047171114030418e-05 0.0030546938992591869 -5.0429548812580553e-05 0.00042645090427020362 -0.00011772869114458074 0.00032635223369876788 -0.00017507123239306478 -0.0002887823312306137
leaf_weight=32 44 298 31 48 57 43 83 180 84
leaf_count=32 44 298 31 48 57 43 83 180 84
internal_value=-0.000611111 -0.00232475 0.00534826 -0.000310174 0.000492958 0.00382353 0.00198413 -0.00506757 -0.00435606
internal_weight=900 699 201 403 355 170 126 296 264
internal_count=900 699 201 403 355 170 126 296 264
is_linear=0
shrinkage=0.05


Tree=58
num_leaves=10
num_cat=0
split_feature=0 0 1 0 0 1 1 0 1
split_gain=3.50853 1.28596 0.717838 0.70609 0.65884 0.624647 0.523367 0.628571 0.449673
threshold=1.882791942895585 1.7630072827708381 2.0523625301358792 1.8657998847906223 1.9005755318743642 1.9405056652486579 1.6474574891111862 1.7368794635884708 1.8403290802594208
decision_type=2 2 2 2 2 2 2 2 2
left_child=1 6 4 8 -2 -6 -1 -8 -3
right_child=2 3 -4 -5 5 -7 7 -9 -10
leaf_value=-0.0014805807913346515 0.00029924339627664944 -4.6464498303194769e-05 0.002901959204296234 -4.7908071371949301e-05 -0.00011184225658734671 0.00031003462201382174 -0.0001663176707734082 -0.00027434321466908717 0.00020132271684658587
leaf_weight=32 44 234 31 48 43 83 180 84 121
leaf_count=32 44 234 31 48 43 83 180 84 121
internal_value=-0.000722222 -0.00239628 0.0050995 -0.000558313 0.00382353 0.00198413 -0.00489865 -0.00416667 0.000211268
internal_weight=900 699 201 403 170 126 296 264 355
internal_count=900 699 201 403 170 126 296 264 355
is_linear=0
shrinkage=0.05


Tree=59
num_leaves=10
num_cat=0
split_feature=0 0 1 0 0 1 0 1 1
split_gain=3.2151 1.18781 0.769784 0.734471 0.70609 0.553056 0.697006 0.527401 0.449673
threshold=1.882791942895585 1.7630072827708381 2.0523625301358792 1.9005755318743642 1.8657998847906223 1.6474574891111862 1.7368794635884708 1.9405056652486579 1.8403290802594208
decision_type=2 2 2 2 2 2 2 2 2
left_child=1 5 3 -2 8 -1 -7 -5 -3
right_child=2 4 -4 7 -6 6 -8 -9 -10
leaf_value=-0.0014065517517679151 0.00028428122646281253 -4.4141273388037533e-05 0.0027568612440814324 -0.00010625014375797992 -4.5512667803349065e-05 -0.00015800178723474056 -0.00026062605393563642 0.000294532890913124 0.00019125658100425103
leaf_weight=32 44 234 31 43 48 180 84 83 121
leaf_count=32 44 234 31 43 48 180 84 83 121
internal_value=-0.000722222 -0.00232475 0.00485075 0.00352941 -0.000558313 -0.00472973 -0.00397727 0.0015873 0.000211268
internal_weight=900 699 201 170 403 296 264 126 355
internal_count=900 699 201 170 403 296 264 126 355
is_linear=0
shrinkage=0.05


Tree=60
num_leaves=9
num_cat=0
split_feature=0 1 1 0 1 0 0 1
split_gain=3.02567 1.08805 1.08909 1.05387 0.769784 0.734471 0.688617 0.527401
threshold=1.882791942895585 1.8802330171182684 1.7693150288801875 1.7368794635884708 2.0523625301358792 1.9005755318743642 1.7724506289604978 1.9405056652486579
decision_type=2 2 2 2 2 2 2 2
left_child=1 2 3 -1 5 -2 -4 -7
right_child=4 -3 6 -5 -6 7 -8 -9
leaf_value=-0.00016411474985970065 0.00027006716513967578 -0.00014093734127227365 0.00034937225135340811 -0.00024919155413838379 0.0026190181818773529 -0.00010093763657008648 -2.4699251509707756e-05 0.00027980624636747553
leaf_weight=205 44 48 38 75 31 43 333 83
leaf_count=205 44 48 38 75 31 43 333 83
internal_value=-0.000555556 -0.00211016 -0.0015745 -0.00392857 0.00485075 0.00352941 0.000202156 0.0015873
internal_weight=900 699 651 280 201 170 371 126
internal_count=900 699 651 280 201 170 371 126
is_linear=0
shrinkage=0.05


Tree=61
num_leaves=12
num_cat=0
split_feature=0 0 0 0 0 0 0 1 0 1 1
split_gain=2.38278 0.872413 0.497878 1.17925 0.723214 0.44976 0.603592 0.527401 0.324235 0.705739 0.493346
threshold=1.882791942895585 1.7630072827708381 1.7368794635884708 1.7221841360516625 1.7451549335322738 2.0337156746350886 1.9005755318743642 1.9405056652486579 1.8553243262420429 1.8403290802594208 1.8819739175500276
decision_type=2 2 2 2 2 2 2 2 2 2 2
left_child=1 2 3 -1 -4 6 -2 -8 9 -3 -10
right_child=5 8 4 -5 -6 -7 7 -9 10 -11 -12
leaf_value=-0.00039712795749944355 0.0002515781953644769 -3.9069098177024753e-05 -0.00035095726744469594 0.00010589569695900748 -0.00014312965636293918 0.0025900627409231273 -9.5890754741578824e-05 0.00026581593404910729 -0.00011720940175896644 0.00024766119363168749 3.4723781575096702e-06
leaf_weight=180 45 234 36 32 48 30 43 83 46 91 32
leaf_count=180 45 234 36 32 48 30 43 83 46 91 32
internal_value=-0.000444444 -0.00182403 -0.00388514 -0.00259434 -0.00714286 0.00435323 0.00336257 0.0015873 -0.000310174 0.000384615 -0.00320513
internal_weight=900 699 296 212 84 201 171 126 403 325 78
internal_count=900 699 296 212 84 201 171 126 403 325 78
is_linear=0
shrinkage=0.05


Tree=62
num_leaves=10
num_cat=0
split_feature=0 0 1 0 0 0 1 0 1
split_gain=1.86508 0.888025 0.640152 0.532504 0.497159 0.424326 0.609727 0.401021 0.850393
threshold=1.882791942895585 1.6990104371432513 1.687952261798588 2.0337156746350886 1.6325811357390492 1.8996778900236648 1.9405056652486579 1.7159204121355478 1.7551644860463071
decision_type=2 2 2 2 2 2 2 2 2
left_child=1 2 4 5 -1 -2 -7 -3 -9
right_child=3 7 -4 -5 -6 6 -8 8 -10
leaf_value=-0.0012937154338391044 0.00024398489711446869 0.00013893134532226849 -0.00062175072223669137 0.0024605596038769664 -2.2603179502295179e-05 -7.3458021918626501e-05 0.00025252513734665973 -0.00020955200340028179 -1.3847683422707481e-05
leaf_weight=32 42 32 44 30 56 46 83 67 468
leaf_count=32 42 32 44 30 56 46 83 67 468
internal_value=-0.000388889 -0.00160944 -0.00530303 0.00385572 -0.00284091 0.00277778 0.00135659 -0.000749559 -0.00107477
internal_weight=900 699 132 201 88 171 129 567 535
internal_count=900 699 132 201 88 171 129 567 535
is_linear=0
shrinkage=0.05


Tree=63
num_leaves=10
num_cat=0
split_feature=0 0 1 0 0 0 1 0 1
split_gain=1.86508 0.888025 0.640152 0.532504 0.497159 0.424326 0.609727 0.401021 0.850393
threshold=1.882791942895585 1.6990104371432513 1.687952261798588 2.0337156746350886 1.6325811357390492 1.8996778900236648 1.9405056652486579 1.7159204121355478 1.7551644860463071
decision_type=2 2 2 2 2 2 2 2 2
left_child=1 2 4 5 -1 -2 -7 -3 -9
right_child=3 7 -4 -5 -6 6 -8 8 -10
leaf_value=-0.001229029662147152 0.00023178565225874249 0.00013198477805616006 -0.00059066318612486244 0.002337531623683109 -2.1473020527179588e-05 -6.9785120822696286e-05 0.00023989888047932785 -0.0001990744032302705 -1.3155299251577103e-05
leaf_weight=32 42 32 44 30 56 46 83 67 468
leaf_count=32 42 32 44 30 56 46 83 67 468
internal_value=-0.000388889 -0.00160944 -0.00530303 0.00385572 -0.00284091 0.00277778 0.00135659 -0.000749559 -0.00107477
internal_weight=900 699 132 201 88 171 129 567 535
internal_count=900 699 132 201 88 171 129 567 535
is_linear=0
shrinkage=0.05


Tree=64
num_leaves=10
num_cat=0
split_feature=0 0 1 0 0 1 0 0 1
split_gain=1.69916 0.888025 0.640152 0.497159 0.401021 0.850393 0.315091 0.424326 0.609727
threshold=1.882791942895585 1.6990104371432513 1.687952261798588 1.6325811357390492 1.7159204121355478 1.7551644860463071 2.0337156746350886 1.8996778900236648 1.9405056652486579
decision_type=2 2 2 2 2 2 2 2 2
left_child=1 2 3 -1 -3 -6 7 -2 -9
right_child=6 4 -4 -5 5 -7 -8 8 -10
leaf_value=-0.0011675781790397965 0.0002201963696458087 0.00012538553915335539 -0.00056113002681862367 -2.0399369500817556e-05 -0.00018912068306875529 -1.2497534289002132e-05 0.0022206550424989538 -6.6295864781562577e-05 0.00022790393645535369
leaf_weight=32 42 32 44 56 67 468 30 46 83
leaf_count=32 42 32 44 56 67 468 30 46 83
internal_value=-0.000444444 -0.00160944 -0.00530303 -0.00284091 -0.000749559 -0.00107477 0.00360697 0.00277778 0.00135659
internal_weight=900 699 132 88 567 535 201 171 129
internal_count=900 699 132 88 567 535 201 171 129
is_linear=0
shrinkage=0.05


Tree=65
num_leaves=12
num_cat=0
split_feature=0 1 0 1 0 0 0 0 1 0 1
split_gain=1.63828 0.696322 0.7038 0.866086 0.35386 0.400564 0.293764 1.0042 1.6765 0.670635 0.640152
threshold=1.7630072827708381 1.8903266083264827 1.861014586095729 1.8580765547837959 2.0337156746350886 1.8996778900236648 1.6990104371432513 1.7368794635884708 1.7358123375235437 1.7451549335322738 1.687952261798588
decision_type=2 2 2 2 2 2 2 2 2 2 2
left_child=6 2 3 -2 5 -3 10 8 -8 -9 -1
right_child=1 4 -4 -5 -6 -7 7 9 -10 -11 -12
leaf_value=-0.00045527704238064183 -1.773512386891718e-05 0.00021417216268173613 -4.7810474939863348e-05 0.00050895927179790419 0.0021096222903740137 0.00010068977896648956 -0.00010031804435430836 -0.00031747821390590292 0.00062146260536485312 -0.00013399814769663455 -0.00053307352547768969
leaf_weight=88 298 53 54 40 30 129 46 36 34 48 44
leaf_count=88 298 53 54 40 30 129 46 36 34 48 44
internal_value=-0.0005 0.000993377 -0.000255102 0.000591716 0.00330189 0.00247253 -0.0035473 -0.00213415 0.001875 -0.00595238 -0.00530303
internal_weight=900 604 392 338 212 182 296 164 80 84 132
internal_count=900 604 392 338 212 182 296 164 80 84 132
is_linear=0
shrinkage=0.05


Tree=66
num_leaves=11
num_cat=0
split_feature=0 1 0 1 0 0 0 0 0 0
split_gain=1.51865 0.696322 0.7038 0.866086 0.35386 0.400564 0.310823 1.11719 0.670635 0.239658
threshold=1.7630072827708381 1.8903266083264827 1.861014586095729 1.8580765547837959 2.0337156746350886 1.8996778900236648 1.7368794635884708 1.7221841360516625 1.7451549335322738 1.6325811357390492
decision_type=2 2 2 2 2 2 2 2 2 2
left_child=6 2 3 -2 5 -3 7 9 -8 -1
right_child=1 4 -4 -5 -6 -7 8 -9 -10 -11
leaf_value=-0.0010864354179687674 -1.6848367675476039e-05 0.00020346355454764486 -4.541995119286546e-05 0.0004835113082080067 0.002004141175855323 9.5655290018159544e-05 -0.00030160430321060638 9.941513632777399e-05 -0.00012729824031180171 -0.0001356878113783988
leaf_weight=32 298 53 54 40 30 129 36 32 48 148
leaf_count=32 298 53 54 40 30 129 36 32 48 148
internal_value=-0.000444444 0.000993377 -0.000255102 0.000591716 0.00330189 0.00247253 -0.00337838 -0.00235849 -0.00595238 -0.00388889
internal_weight=900 604 392 338 212 182 296 212 84 180
internal_count=900 604 392 338 212 182 296 212 84 180
is_linear=0
shrinkage=0.05


Tree=67
num_leaves=11
num_cat=0
split_feature=0 1 0 1 0 0 0 0 0 0
split_gain=1.63828 0.696322 0.479386 0.611796 0.35386 0.400564 0.271366 0.799384 0.670635 0.239658
threshold=1.7630072827708381 1.8903266083264827 1.861014586095729 1.8580765547837959 2.0337156746350886 1.8996778900236648 1.7368794635884708 1.7221841360516625 1.7451549335322738 1.6325811357390492
decision_type=2 2 2 2 2 2 2 2 2 2
left_child=6 2 3 -2 5 -3 7 9 -8 -1
right_child=1 4 -4 -5 -6 -7 8 -9 -10 -11
leaf_value=-0.0010321136470703319 -1.6005949291703069e-05 0.00019329037682026541 -4.3148953633226356e-05 0.00045933574279760636 0.0019039341170625558 9.0872525517249339e-05 -0.00028652408805007192 9.4444379511382517e-05 -0.00012093332829621328 -0.00012890342080948414
leaf_weight=32 298 53 54 40 30 129 36 32 48 148
leaf_count=32 298 53 54 40 30 129 36 32 48 148
internal_value=-0.0005 0.000993377 -0.000255102 0.000443787 0.00330189 0.00247253 -0.0035473 -0.00259434 -0.00595238 -0.00388889
internal_weight=900 604 392 338 212 182 296 212 84 180
internal_count=900 604 392 338 212 182 296 212 84 180
is_linear=0
shrinkage=0.05


Tree=68
num_leaves=10
num_cat=0
split_feature=0 1 1 0 0 0 0 0 0
split_gain=1.63828 0.680289 0.420923 0.811241 0.702397 0.271366 0.799384 0.670635 0.239658
threshold=1.7630072827708381 2.0670785126522024 1.8172906877958497 1.799025774876531 1.8204255628229478 1.7368794635884708 1.7221841360516625 1.7451549335322738 1.6325811357390492
decision_type=2 2 2 2 2 2 2 2 2
left_child=5 2 3 -2 -4 6 8 -7 -1
right_child=1 -3 4 -5 -6 7 -8 -9 -10
leaf_value=-0.00098050796471681472 6.7184314860413437e-06 0.001808737411209438 0.0005320742368675746 -0.00054822364223076068 1.8956084094201576e-05 -0.00027219788364756805 8.9722160535810061e-05 -0.00011488666188139707 -0.0001224582497690141
leaf_weight=32 119 30 57 31 367 36 32 48 148
leaf_count=32 119 30 57 31 367 36 32 48 148
internal_value=-0.0005 0.000993377 0.000609756 -0.00166667 0.00141509 -0.0035473 -0.00259434 -0.00595238 -0.00388889
internal_weight=900 604 574 150 424 296 212 84 180
internal_count=900 604 574 150 424 296 212 84 180
is_linear=0
shrinkage=0.05


Tree=69
num_leaves=10
num_cat=0
split_feature=0 0 0 0 0 1 1 0 0
split_gain=1.47609 0.663992 0.892887 0.799384 0.345503 0.728601 0.338401 0.585725 0.270741
threshold=1.882791942895585 1.7451549335322738 1.7368794635884708 1.7221841360516625 1.8996778900236648 1.9405056652486579 1.7693150288801875 1.7724506289604978 1.9564138197868706
decision_type=2 2 2 2 2 2 2 2 2
left_child=1 2 3 -1 -2 -6 -3 -8 -7
right_child=4 6 -4 -5 5 8 7 -9 -10
leaf_value=-0.00029963605088748069 0.00017769244225632753 -0.00011872126892471525 -0.00025858798946519214 8.5236052509019006e-05 -7.8289755472304989e-05 0.00035387652950460426 0.00019163883055691724 -1.3558600910063003e-05 0.00017844389203041102
leaf_weight=180 42 40 36 32 46 35 41 370 78
leaf_count=180 42 40 36 32 46 35 41 370 78
internal_value=-0.000666667 -0.0017525 -0.00383065 -0.00259434 0.00310945 0.00204403 -0.000609756 -0.000182482 0.00420354
internal_weight=900 699 248 212 201 159 451 411 113
internal_count=900 699 248 212 201 159 451 411 113
is_linear=0
shrinkage=0.05


Tree=70
num_leaves=11
num_cat=0
split_feature=0 0 1 1 0 1 0 1 0 0
split_gain=1.55175 0.51304 0.504509 0.473573 0.413369 0.502641 0.355214 0.540025 0.189046 0.152155
threshold=1.8700551698475276 1.7774616966011447 1.7785810389067771 1.7551644860463071 1.8864130257177374 1.9405056652486579 1.861014586095729 1.8580765547837959 1.9564138197868706 1.9102549603757981
decision_type=2 2 2 2 2 2 2 2 2 2
left_child=1 2 3 -1 -2 9 7 -3 -7 -6
right_child=4 6 -4 -5 5 8 -8 -9 -10 -11
leaf_value=-0.00017378049069373682 9.0161371722574657e-05 -1.2371775732999968e-05 -0.00048890921004227648 3.4767297061477631e-05 1.2328335975175797e-05 0.00031311385400198958 -0.00010483213066114772 0.00043032408475728316 0.00016952169742889822 -0.00012811756931151443
leaf_weight=224 45 247 47 77 41 36 33 41 78 31
leaf_count=224 45 247 47 77 41 36 33 41 78 31
internal_value=-0.000611111 -0.00183109 -0.00316092 -0.00240864 0.00292208 0.00188172 -0.000389408 0.000173611 0.00394737 -0.00138889
internal_weight=900 669 348 301 231 186 321 288 114 72
internal_count=900 669 348 301 231 186 321 288 114 72
is_linear=0
shrinkage=0.05


Tree=71
num_leaves=10
num_cat=0
split_feature=0 0 0 1 0 1 1 0 0
split_gain=1.43298 0.534097 0.440996 1.07815 0.345503 0.728601 0.306818 0.497159 0.270741
threshold=1.882791942895585 1.6990104371432513 1.7159204121355478 1.7462033787503062 1.8996778900236648 1.9405056652486579 1.687952261798588 1.6325811357390492 1.9564138197868706
decision_type=2 2 2 2 2 2 2 2 2
left_child=1 6 -3 -4 -2 -6 7 -1 -7
right_child=4 2 3 -5 5 8 -8 -9 -10
leaf_value=-0.00090781173940190918 0.00016624557745106849 0.00016715546559030738 -9.9156000466660291e-05 -9.4258150608206314e-06 -7.148053686528156e-05 0.00032052701032927457 -0.00046339654802690644 4.640775227015559e-05 0.00016104561255745332
leaf_weight=32 42 32 41 494 46 35 44 56 78
leaf_count=32 42 32 41 494 46 35 44 56 78
internal_value=-0.000611111 -0.00168097 -0.00101411 -0.00135514 0.00310945 0.00204403 -0.00454545 -0.00284091 0.00420354
internal_weight=900 699 567 535 201 159 132 88 113
internal_count=900 699 567 535 201 159 132 88 113
is_linear=0
shrinkage=0.05


Tree=72
num_leaves=10
num_cat=0
split_feature=0 0 0 1 0 1 1 0 0
split_gain=1.3905 0.561105 0.42746 1.10417 0.345503 0.728601 0.306818 0.497159 0.270741
threshold=1.882791942895585 1.6990104371432513 1.7159204121355478 1.7462033787503062 1.8996778900236648 1.9405056652486579 1.687952261798588 1.6325811357390492 1.9564138197868706
decision_type=2 2 2 2 2 2 2 2 2
left_child=1 6 -3 -4 -2 -6 7 -1 -7
right_child=4 2 3 -5 5 8 -8 -9 -10
leaf_value=-0.00086242115243181374 0.00015793329857851092 0.00015879769231079701 -9.4198200443329505e-05 -8.9545243077748807e-06 -6.7906510022014419e-05 0.00030450065981280083 -0.00044022672062555835 4.4087364656647536e-05 0.000152993331929574
leaf_weight=32 42 32 41 494 46 35 44 56 78
leaf_count=32 42 32 41 494 46 35 44 56 78
internal_value=-0.000555556 -0.00160944 -0.000925926 -0.00126168 0.00310945 0.00204403 -0.00454545 -0.00284091 0.00420354
internal_weight=900 699 567 535 201 159 132 88 113
internal_count=900 699 567 535 201 159 132 88 113
is_linear=0
shrinkage=0.05


Tree=73
num_leaves=8
num_cat=0
split_feature=0 0 1 1 0 0 1
split_gain=1.16918 0.540229 0.535605 0.304857 0.204321 0.31474 0.51166
threshold=1.882791942895585 1.6325811357390492 1.8802330171182684 1.7966772320663209 2.0337156746350886 1.8996778900236648 1.9405056652486579
decision_type=2 2 2 2 2 2 2
left_child=1 -1 3 -3 5 -2 -7
right_child=4 2 -4 -5 -6 6 -8
leaf_value=-0.00081930009481022696 0.00015003663364958065 -5.1325696214754583e-05 -0.00014781166090237498 2.022381569007914e-05 0.0016852003139516515 -6.4511184520915643e-05 0.00016809982900545251
leaf_weight=32 42 336 48 283 30 46 83
leaf_count=32 42 336 48 283 30 46 83
internal_value=-0.0005 -0.00146638 -0.00116192 -0.000767367 0.0028607 0.00219298 0.000968992
internal_weight=900 699 667 619 201 171 129
internal_count=900 699 667 619 201 171 129
is_linear=0
shrinkage=0.05


Tree=74
num_leaves=9
num_cat=0
split_feature=0 0 1 0 1 0 1 0
split_gain=1.23347 0.708002 0.551995 0.530232 0.297475 0.248426 0.235666 0.0827105
threshold=1.8700551698475276 1.8864130257177374 1.9405056652486579 1.6325811357390492 1.8730311739097012 1.9564138197868706 1.8172906877958497 1.9102549603757981
decision_type=2 2 2 2 2 2 2 2
left_child=3 -2 7 -1 6 -4 -5 -3
right_child=1 2 5 4 -6 -7 -8 -9
leaf_value=-0.00077833509006971504 6.1942527652480991e-05 -2.3002112312098255e-06 0.00025780178634449147 -4.8759411404020184e-05 -0.00030773559188204127 0.00013693867388282489 3.1828003044570564e-05 -0.00011151677927552229
leaf_weight=32 45 41 36 404 43 78 190 31
leaf_count=32 45 41 36 404 43 78 190 31
internal_value=-0.000444444 0.00270563 0.00134409 -0.00153214 -0.00121664 0.00350877 -0.000925926 -0.00208333
internal_weight=900 231 186 669 637 114 594 72
internal_count=900 231 186 669 637 114 594 72
is_linear=0
shrinkage=0.05


Tree=75
num_leaves=9
num_cat=0
split_feature=0 1 0 1 0 0 0 1
split_gain=1.08747 0.711324 0.484664 0.502301 0.350353 0.468831 0.781081 0.535714
threshold=1.7630072827708381 2.0670785126522024 1.974676847663529 1.8750633629588973 1.6325811357390492 1.7368794635884708 1.7221841360516625 1.7643337027835579
decision_type=2 2 2 2 2 2 2 2
left_child=4 2 3 -2 -1 6 -6 -7
right_child=1 -3 -4 -5 5 7 -8 -9
leaf_value=-0.00073941833556623315 -1.3436760914642409e-05 0.0015940933645599122 -0.00023540305187113033 9.6773669935285025e-05 -6.3796848893760147e-05 -0.0001608771762195871 0.0001043352398446995 -2.2018783954580456e-05
leaf_weight=32 347 30 31 196 148 54 32 30
leaf_count=32 347 30 31 196 148 54 32 30
internal_value=-0.000388889 0.000827815 0.00043554 0.000782689 -0.00287162 -0.00227273 -0.000833333 -0.00535714
internal_weight=900 604 574 543 296 264 180 84
internal_count=900 604 574 543 296 264 180 84
is_linear=0
shrinkage=0.05


Tree=76
num_leaves=9
num_cat=0
split_feature=0 1 0 0 0 1 0 1
split_gain=0.944526 0.727102 0.374718 0.528175 0.721021 0.535714 0.367747 0.777896
threshold=1.7630072827708381 2.0670785126522024 1.6325811357390492 1.7368794635884708 1.7221841360516625 1.7643337027835579 1.7724506289604978 1.7966772320663209
decision_type=2 2 2 2 2 2 2 2
left_child=2 6 -1 4 -4 -5 -2 -8
right_child=1 -3 3 5 -6 -7 7 -9
leaf_value=-0.00070244741878792158 3.9624042603503277e-05 0.0015143886963319142 -6.0607006449076019e-05 -0.00015283331740860719 9.9118477852466752e-05 -2.0917844756851435e-05 -0.00029593907305175415 1.8293062799079609e-05
leaf_weight=32 31 30 148 54 32 30 52 491
leaf_count=32 31 30 148 54 32 30 52 491
internal_value=-0.000388889 0.000745033 -0.0027027 -0.00208333 -0.000555556 -0.00535714 0.000348432 4.60405e-05
internal_weight=900 604 296 264 180 84 574 543
internal_count=900 604 296 264 180 84 574 543
is_linear=0
shrinkage=0.05


Tree=77
num_leaves=9
num_cat=0
split_feature=0 1 0 1 0 0 1 0
split_gain=0.944526 0.727102 0.367747 0.777896 0.330553 0.605673 0.535714 0.187688
threshold=1.7630072827708381 2.0670785126522024 1.7724506289604978 1.7966772320663209 1.7368794635884708 1.7221841360516625 1.7643337027835579 1.6325811357390492
decision_type=2 2 2 2 2 2 2 2
left_child=4 2 -2 -4 5 7 -6 -1
right_child=1 -3 3 -5 6 -7 -8 -9
leaf_value=-0.00066732504784852156 3.7642840473328666e-05 0.0014386692615153242 -0.00028114211939916922 1.7378409659130069e-05 -0.00014519165153817904 9.416255395984231e-05 -1.9871952519012748e-05 -5.7576656126623328e-05
leaf_weight=32 31 30 52 491 54 32 30 148
leaf_count=32 31 30 52 491 54 32 30 148
internal_value=-0.000388889 0.000745033 0.000348432 4.60405e-05 -0.0027027 -0.00165094 -0.00535714 -0.00277778
internal_weight=900 604 574 543 296 212 84 180
internal_count=900 604 574 543 296 212 84 180
is_linear=0
shrinkage=0.05


Tree=78
num_leaves=8
num_cat=0
split_feature=1 0 0 0 1 0 0
split_gain=0.944406 0.631236 0.801921 0.605673 0.288072 0.850371 0.510153
threshold=2.0670785126522024 1.7451549335322738 1.7368794635884708 1.7221841360516625 1.7966772320663209 1.7974198574872624 1.7724506289604978
decision_type=2 2 2 2 2 2 2
left_child=1 2 3 -1 6 -6 -3
right_child=-2 4 -4 -5 5 -7 -8
leaf_value=-0.00019777737571701205 0.0013667357984395558 1.3007122802843885e-05 -0.00020894053400489777 8.9454426261847964e-05 0.00016025877089225206 6.4659724671178873e-07 -0.00026708501342921355
leaf_weight=180 30 76 36 32 38 456 52
leaf_count=180 30 76 36 32 38 456 52
internal_value=-0.000388889 -0.000689655 -0.00282258 -0.00165094 0.000160772 0.000708502 -0.00195312
internal_weight=900 870 248 212 622 494 128
internal_count=900 870 248 212 622 494 128
is_linear=0
shrinkage=0.05


Tree=79
num_leaves=5
num_cat=0
split_feature=1 1 1 0
split_gain=0.920498 0.504811 0.324479 0.567438
threshold=2.0670785126522024 1.6678040391988489 1.6889265129112347 1.6990104371432513
decision_type=2 2 2 2
left_child=1 -1 -3 -4
right_child=-2 2 3 -5
leaf_value=-0.00062329052086212977 0.0012983990085175812 0.00012893683962704184 -0.0003942232348540298 -2.1182448137202492e-06
leaf_weight=60 30 32 40 738
leaf_count=60 30 32 40 738
internal_value=-0.000277778 -0.000574713 -0.000246914 -0.000449871
internal_weight=900 870 810 778
internal_count=900 870 810 778
is_linear=0
shrinkage=0.05


Tree=80
num_leaves=5
num_cat=0
split_feature=1 1 1 0
split_gain=0.908659 0.518008 0.316411 0.390944
threshold=2.0670785126522024 1.6678040391988489 1.6889265129112347 1.808273329781094
decision_type=2 2 2 2
left_child=1 -1 -3 -4
right_child=-2 2 3 -5
leaf_value=-0.00059212599481902608 0.0012334790580917022 0.00012248999764568613 -3.0000234573246411e-05 1.1176264952805771e-05
leaf_weight=60 30 32 363 415
leaf_count=60 30 32 363 415
internal_value=-0.000222222 -0.000517241 -0.000185185 -0.000385604
internal_weight=900 870 810 778
internal_count=900 870 810 778
is_linear=0
shrinkage=0.05


Tree=81
num_leaves=8
num_cat=0
split_feature=0 1 1 0 0 1 0
split_gain=0.662539 0.591367 0.355574 0.508468 0.273592 0.566081 0.196168
threshold=1.882791942895585 1.8802330171182684 1.6678040391988489 1.7133503654337512 1.8996778900236648 1.9405056652486579 1.9564138197868706
decision_type=2 2 2 2 2 2 2
left_child=1 2 -1 -4 -2 -6 -7
right_child=4 -3 3 -5 5 6 -8
leaf_value=-0.00056251969507807868 0.00013393625606761828 -0.00015062569222883406 0.00011636549776339878 -1.5033727361102312e-05 -6.5547688521150346e-05 0.00026087305806568042 9.5902282344595421e-05
leaf_weight=60 42 48 90 501 46 35 78
leaf_count=60 42 48 90 501 46 35 78
internal_value=-0.000166667 -0.000894134 -0.000499232 -0.000126904 0.00236318 0.00141509 0.00331858
internal_weight=900 699 651 591 201 159 113
internal_count=900 699 651 591 201 159 113
is_linear=0
shrinkage=0.05


Tree=82
num_leaves=12
num_cat=0
split_feature=0 0 0 1 1 0 0 1 1 1 1
split_gain=0.692347 0.457477 0.36621 0.571438 0.352127 0.743613 0.712595 0.765536 0.537989 0.392402 0.228377
threshold=1.808273329781094 1.799025774876531 1.7630072827708381 1.7966772320663209 1.8750633629588973 1.8864130257177374 1.8424469351741186 1.8444866505855595 1.884742652568264 1.9405056652486579 1.7660941370226804
decision_type=2 2 2 2 2 2 2 2 2 2 2
left_child=1 2 10 -4 6 8 7 -2 -6 -7 -1
right_child=4 -3 3 -5 5 9 -8 -9 -10 -11 -12
leaf_value=-2.5491322256848692e-05 -1.8898561448660314e-05 -0.00026946107102208684 -2.4998336514120423e-05 0.00015460344268504179 1.3957437605760516e-05 -4.2642154256300471e-05 -0.00015367794205727316 0.00071970421079772253 0.00019321169772061332 0.00014124796114203252 -0.00048960179256077872
leaf_weight=262 92 36 82 42 33 72 64 33 36 114 34
leaf_count=262 92 36 82 42 33 72 64 33 36 114 34
internal_value=-0.000166667 -0.00153509 -0.00107143 0.00120968 0.00123874 0.00245098 -0.000396825 0.0018 0.00688406 0.000806452 -0.00202703
internal_weight=900 456 420 124 444 255 189 125 69 186 296
internal_count=900 456 420 124 444 255 189 125 69 186 296
is_linear=0
shrinkage=0.05


Tree=83
num_leaves=6
num_cat=0
split_feature=1 0 0 1 1
split_gain=0.617969 0.414094 0.692391 0.423879 0.548036
threshold=2.0670785126522024 1.6761705919587679 1.6502690070762926 1.9828945927124595 1.9517748762872889
decision_type=2 2 2 2 2
left_child=1 2 -1 4 -3
right_child=-2 3 -4 -5 -6
leaf_value=-9.4973399188785787e-05 0.0011599475930127669 -5.1182963296203537e-06 -0.00064025849319510053 -0.00021586541826106311 0.00013388290369771295
leaf_weight=52 30 703 40 36 39
leaf_count=52 30 703 40 36 39
internal_value=-0.000388889 -0.000632184 -0.00380435 -0.000257069 0
internal_weight=900 870 92 778 742
internal_count=900 870 92 778 742
is_linear=0
shrinkage=0.05


Tree=84
num_leaves=8
num_cat=0
split_feature=0 1 1 0 0 1 0
split_gain=0.601246 0.494562 0.340836 0.379478 0.20129 0.566081 0.196168
threshold=1.8850317276510686 1.8802330171182684 1.6678040391988489 1.7133503654337512 1.8996778900236648 1.9405056652486579 1.9564138197868706
decision_type=2 2 2 2 2 2 2
left_child=1 2 -1 -4 -2 -6 -7
right_child=4 -3 3 -5 5 6 -8
leaf_value=-0.0005011062195515837 0.00024090851811334746 -7.5703451714770342e-05 0.00012086611610918619 -1.2031681816360163e-05 -5.9882281565792898e-05 0.00024102292192176302 6.844252454626388e-05
leaf_weight=60 36 54 90 501 46 35 78
leaf_count=60 36 54 90 501 46 35 78
internal_value=-0.000277778 -0.000957447 -0.000576037 -0.000211506 0.00217949 0.00141509 0.00331858
internal_weight=900 705 651 591 195 159 113
internal_count=900 705 651 591 195 159 113
is_linear=0
shrinkage=0.05


Tree=85
num_leaves=5
num_cat=0
split_feature=1 1 1 0
split_gain=0.608276 0.372667 0.614745 0.320618
threshold=2.0670785126522024 1.9828945927124595 1.9517748762872889 1.9198033264926044
decision_type=2 2 2 2
left_child=1 2 3 -1
right_child=-2 -3 -4 -5
leaf_value=-6.1023532388515546e-06 0.0010985280871348203 -0.00020849427357532148 0.00012376663228552687 -0.00019033835577153546
leaf_weight=764 30 36 39 31
leaf_count=764 30 36 39 31
internal_value=-0.000333333 -0.000574713 -0.000359712 -0.000660377
internal_weight=900 870 834 795
internal_count=900 870 834 795
is_linear=0
shrinkage=0.05


Tree=86
num_leaves=8
num_cat=0
split_feature=0 1 1 0 0 1 0
split_gain=0.601246 0.494562 0.340836 0.379478 0.20129 0.566081 0.196168
threshold=1.8850317276510686 1.8802330171182684 1.6678040391988489 1.7133503654337512 1.8996778900236648 1.9405056652486579 1.9564138197868706
decision_type=2 2 2 2 2 2 2
left_child=1 2 -1 -4 -2 -6 -7
right_child=4 -3 3 -5 5 6 -8
leaf_value=-0.00047574579091205218 0.0002291682098696235 -7.1613161467087849e-05 0.00011512792796567473 -1.1124980063592638e-05 -5.1977149762238994e-05 0.0002384886936142472 4.4401162211615834e-05
leaf_weight=60 36 54 90 501 46 35 78
leaf_count=60 36 54 90 501 46 35 78
internal_value=-0.000277778 -0.000957447 -0.000576037 -0.000211506 0.00217949 0.00141509 0.00331858
internal_weight=900 705 651 591 195 159 113
internal_count=900 705 651 591 195 159 113
is_linear=0
shrinkage=0.05


Tree=87
num_leaves=10
num_cat=0
split_feature=0 1 1 0 0 0 1 1 1
split_gain=0.799237 0.371087 0.348783 0.891266 0.76093 0.284658 0.74034 0.290909 0.149756
threshold=1.882791942895585 1.8802330171182684 1.7545128433709516 1.7299302626067479 1.7521024354686638 1.915216058122458 1.9517748762872889 1.9111304608730657 1.9828945927124595
decision_type=2 2 2 2 2 2 2 2 2
left_child=1 2 3 -1 -4 7 -7 -2 -8
right_child=5 -3 4 -5 -6 6 8 -9 -10
leaf_value=-7.4207234987966331e-06 6.4624191245088454e-06 -0.00014482812936590373 0.0002169563689451315 -0.00040560986235488317 -1.0568731060411897e-05 -9.2273131990361365e-05 0.00011801812908436294 0.00055393910602300476 7.8685928151100989e-05
leaf_weight=187 30 48 34 33 397 37 37 36 61
leaf_count=187 30 48 34 33 397 37 37 36 61
internal_value=-0.000166667 -0.000965665 -0.000652842 -0.00227273 0.000174014 0.00261194 0.0012963 0.00530303 0.00357143
internal_weight=900 699 651 220 431 201 135 66 98
internal_count=900 699 651 220 431 201 135 66 98
is_linear=0
shrinkage=0.05


Tree=88
num_leaves=9
num_cat=0
split_feature=0 0 1 1 0 1 0 0
split_gain=0.645336 0.880813 0.322793 0.27948 0.435804 0.681169 0.237967 0.0827105
threshold=1.8700551698475276 1.8864130257177374 1.9405056652486579 1.8780508868844039 1.8553243262420429 1.8554017224142803 1.9564138197868706 1.9102549603757981
decision_type=2 2 2 2 2 2 2 2
left_child=3 -2 7 4 5 -1 -4 -3
right_child=1 2 6 -5 -6 -7 -8 -9
leaf_value=-1.8744118628788442e-05 2.4385707345808694e-05 -2.5426147776042021e-05 0.00020810906650565731 -0.00041582866687849278 -0.00020340733711586846 0.00044257730891553718 3.8246807693476106e-05 -8.7659475390844402e-05
leaf_weight=571 45 41 36 31 30 37 78 31
leaf_count=571 45 41 36 31 30 37 78 31
internal_value=-0.000222222 0.00205628 0.000537634 -0.00100897 -0.000783699 -0.000493421 0.00219298 -0.00208333
internal_weight=900 231 186 669 638 608 114 72
internal_count=900 231 186 669 638 608 114 72
is_linear=0
shrinkage=0.05


Tree=89
num_leaves=12
num_cat=0
split_feature=0 0 0 1 0 1 0 0 1 1 0
split_gain=0.637272 0.457477 0.36621 0.571438 0.35089 0.319256 0.830536 0.534538 1.29201 0.259975 0.187261
threshold=1.808273329781094 1.799025774876531 1.7630072827708381 1.7966772320663209 1.7368794635884708 1.8554017224142803 1.8235039903799846 1.8864130257177374 1.884742652568264 1.9405056652486579 1.8363970105227354
decision_type=2 2 2 2 2 2 2 2 2 2 2
left_child=1 2 4 -4 -1 6 -2 8 -7 -9 -8
right_child=5 -3 3 -5 -6 7 10 9 -10 -11 -12
leaf_value=-1.271836677453897e-05 0.00019514049674846935 -0.00025280350941409572 -2.0563911631527045e-05 0.00015005777860767068 -0.00010124377381917626 1.9858018352991726e-05 -5.5129064572212452e-05 -5.8092801045767084e-05 0.0001782829998317248 0.00010887493898361634 -0.000233770830028468
leaf_weight=212 60 36 82 42 84 93 35 72 36 114 34
leaf_count=212 60 36 82 42 84 93 35 72 36 114 34
internal_value=-0.000222222 -0.00153509 -0.00107143 0.00120968 -0.00202703 0.00112613 -0.000968992 0.00198413 0.00445736 0.000268817 -0.00471014
internal_weight=900 456 420 124 296 444 129 315 129 186 69
internal_count=900 456 420 124 296 444 129 315 129 186 69
is_linear=0
shrinkage=0.05


Tree=90
num_leaves=9
num_cat=0
split_feature=0 1 0 0 0 0 0 1
split_gain=0.410175 0.265578 0.443902 0.347265 0.250021 0.478001 0.4375 0.177778
threshold=1.7630072827708381 2.0670785126522024 1.974676847663529 1.7724506289604978 1.7368794635884708 1.7221841360516625 1.7451549335322738 1.6678040391988489
decision_type=2 2 2 2 2 2 2 2
left_child=4 2 3 -2 5 7 -6 -1
right_child=1 -3 -4 -5 6 -7 -8 -9
leaf_value=-0.00045001434092133423 4.2930573111088505e-05 0.001030091240926101 -0.00023347379943161606 2.6305805044479769e-06 -0.00018242673332433679 0.00011111535798892237 -6.4847733528528023e-05 -7.7238714198624155e-06
leaf_weight=60 31 30 31 512 36 32 48 120
leaf_count=60 31 30 31 512 36 32 48 120
internal_value=-0.000333333 0.000413907 0.000174216 0.000506446 -0.00185811 -0.000943396 -0.00416667 -0.00194444
internal_weight=900 604 574 543 296 212 84 180
internal_count=900 604 574 543 296 212 84 180
is_linear=0
shrinkage=0.05


Tree=91
num_leaves=11
num_cat=0
split_feature=0 1 0 0 1 0 0 0 0 1
split_gain=0.440609 0.267328 0.888047 0.440829 0.738306 0.421708 0.250021 0.478001 0.4375 0.177778
threshold=1.7630072827708381 1.8172906877958497 1.799025774876531 1.8204255628229478 1.8403290802594208 1.7724506289604978 1.7368794635884708 1.7221841360516625 1.7451549335322738 1.6678040391988489
decision_type=2 2 2 2 2 2 2 2 2 2
left_child=6 2 5 -3 -5 -2 7 9 -8 -1
right_child=1 3 -4 4 -6 -7 8 -9 -10 -11
leaf_value=-0.00042751362387526419 4.0784044455532965e-05 0.00034754702631836776 -0.0004867903915815819 -5.2504140368825339e-05 2.6084120021119263e-05 -4.1640721821600837e-05 -0.00017330539665811885 0.0001055595900894768 -6.1605346852100512e-05 -7.337677848873181e-06
leaf_weight=60 31 58 31 35 361 88 36 32 48 120
leaf_count=60 31 58 31 35 361 88 36 32 48 120
internal_value=-0.000277778 0.000496689 -0.00133333 0.00110132 0.000505051 0.000630252 -0.00185811 -0.000943396 -0.00416667 -0.00194444
internal_weight=900 604 150 454 396 119 296 212 84 180
internal_count=900 604 150 454 396 119 296 212 84 180
is_linear=0
shrinkage=0.05


Tree=92
num_leaves=8
num_cat=0
split_feature=0 0 1 1 0 1 0
split_gain=0.398372 0.495322 0.311111 0.346358 0.2457 0.711661 0.56025
threshold=1.808273329781094 1.799025774876531 1.6678040391988489 1.6889265129112347 1.8204255628229478 1.8403290802594208 1.8424469351741186
decision_type=2 2 2 2 2 2 2
left_child=1 2 -1 -4 -2 -6 -7
right_child=4 -3 3 -5 5 6 -8
leaf_value=-0.00040613794268150598 0.00019450451530576008 -0.0002159553433895456 0.00011558706208673054 -1.3871853236546717e-05 -4.9878933350389068e-05 0.00040714691869616628 5.3193100986448361e-06
leaf_weight=60 48 36 32 328 35 43 318
leaf_count=60 48 36 32 328 35 43 318
internal_value=-0.000277778 -0.00131579 -0.000833333 -0.000277778 0.000788288 0.000378788 0.00103878
internal_weight=900 456 420 360 444 396 361
internal_count=900 456 420 360 444 396 361
is_linear=0
shrinkage=0.05


Tree=93
num_leaves=7
num_cat=0
split_feature=0 1 1 1 0 1
split_gain=0.450057 0.378788 0.36526 0.296147 0.302558 0.718525
threshold=1.6990104371432513 1.687952261798588 1.6660691420981297 2.0670785126522024 1.7159204121355478 1.7462033787503062
decision_type=2 2 2 2 2 2
left_child=1 2 -1 4 -2 -6
right_child=3 -3 -4 -5 5 -7
leaf_value=-0.00030149705668608417 0.0001640643334745895 -0.00038540360931293982 0.00012535235893184062 0.00097701650737380685 -5.640983964945168e-05 2.6276980056971769e-06
leaf_weight=56 32 44 32 30 41 665
leaf_count=56 32 44 32 30 41 665
internal_value=-0.000333333 -0.0030303 -0.00113636 0.000130208 -6.77507e-05 -0.000283286
internal_weight=900 132 88 768 738 706
internal_count=900 132 88 768 738 706
is_linear=0
shrinkage=0.05


Tree=94
num_leaves=5
num_cat=0
split_feature=1 1 1 0
split_gain=0.411429 0.296473 0.300581 0.379434
threshold=1.6678040391988489 2.0670785126522024 1.6889265129112347 1.6990104371432513
decision_type=2 2 2 2
left_child=-1 2 -2 -4
right_child=1 -3 3 -5
leaf_value=-0.00038142742810357569 0.0001163089902419201 0.00092816568200511102 -0.00036613342884729284 6.87353206579866e-07
leaf_weight=60 32 30 40 738
leaf_count=60 32 30 40 738
internal_value=-0.000166667 0.000119048 -6.17284e-05 -0.000257069
internal_weight=900 840 810 778
internal_count=900 840 810 778
is_linear=0
shrinkage=0.05


Tree=95
num_leaves=5
num_cat=0
split_feature=1 1 1 0
split_gain=0.411429 0.296473 0.300581 0.379434
threshold=1.6678040391988489 2.0670785126522024 1.6889265129112347 1.6990104371432513
decision_type=2 2 2 2
left_child=-1 2 -2 -4
right_child=1 -3 3 -5
leaf_value=-0.00036235605669839856 0.00011049354072982798 0.00088175739790485874 -0.0003478267574049232 6.5298554625115026e-07
leaf_weight=60 32 30 40 738
leaf_count=60 32 30 40 738
internal_value=-0.000166667 0.000119048 -6.17284e-05 -0.000257069
internal_weight=900 840 810 778
internal_count=900 840 810 778
is_linear=0
shrinkage=0.05


Tree=96
num_leaves=7
num_cat=0
split_feature=0 0 1 0 1 1
split_gain=0.52597 0.692391 0.288861 0.272409 0.733597 0.0197947
threshold=1.6761705919587679 1.6502690070762926 2.0670785126522024 1.7133503654337512 1.7462033787503062 1.7065456337934666
decision_type=2 2 2 2 2 2
left_child=1 -1 3 5 -5 -2
right_child=2 -3 -4 4 -6 -7
leaf_value=7.7314471849204713e-05 4.6443680117480572e-05 -0.00045137760284724715 0.0008376695280096103 -0.00010170309996122563 2.654765446513663e-06 0.00012034423738305211
leaf_weight=52 33 40 30 48 666 31
leaf_count=52 33 40 30 48 666 31
internal_value=-0.000222222 -0.00380435 0.000185644 0 -0.000280112 0.003125
internal_weight=900 92 808 778 714 64
internal_count=900 92 808 778 714 64
is_linear=0
shrinkage=0.05


Tree=97
num_leaves=5
num_cat=0
split_feature=1 1 1 0
split_gain=0.422936 0.289286 0.292818 0.389787
threshold=1.6678040391988489 2.0670785126522024 1.6889265129112347 1.6990104371432513
decision_type=2 2 2 2
left_child=-1 2 -2 -4
right_child=1 -3 3 -5
leaf_value=-0.00032370546726001592 0.000102646679687457 0.00079578605160912641 -0.00033645263140382744 1.8687146744578165e-06
leaf_weight=60 32 30 40 738
leaf_count=60 32 30 40 738
internal_value=-0.000111111 0.000178571 0 -0.000192802
internal_weight=900 840 810 778
internal_count=900 840 810 778
is_linear=0
shrinkage=0.05


Tree=98
num_leaves=5
num_cat=0
split_feature=1 1 1 1
split_gain=0.411429 0.296473 0.253933 0.311996
threshold=1.6678040391988489 2.0670785126522024 1.9828945927124595 1.9517748762872889
decision_type=2 2 2 2
left_child=-1 2 3 -2
right_child=1 -3 -4 -5
leaf_value=-0.00030752019389701513 -1.7835865306015109e-06 0.0007559967490286646 -0.00020190105912696322 0.00010263485892108015
leaf_weight=60 735 30 36 39
leaf_count=60 735 30 36 39
internal_value=-0.000166667 0.000119048 -6.17284e-05 0.000129199
internal_weight=900 840 810 774
internal_count=900 840 810 774
is_linear=0
shrinkage=0.05


Tree=99
num_leaves=5
num_cat=0
split_feature=1 1 1 1
split_gain=0.411429 0.296473 0.253933 0.311996
threshold=1.6678040391988489 2.0670785126522024 1.9828945927124595 1.9517748762872889
decision_type=2 2 2 2
left_child=-1 2 3 -2
right_child=1 -3 -4 -5
leaf_value=-0.00029214418420216994 -1.6944072040669945e-06 0.00071819691157724028 -0.00019180600617061395 9.7503115975028373e-05
leaf_weight=60 735 30 36 39
leaf_count=60 735 30 36 39
internal_value=-0.000166667 0.000119048 -6.17284e-05 0.000129199
internal_weight=900 840 810 774
internal_count=900 840 810 774
is_linear=0
shrinkage=0.05


Tree=100
num_leaves=5
num_cat=0
split_feature=1 1 1 1
split_gain=0.411429 0.296473 0.253933 0.311996
threshold=1.6678040391988489 2.0670785126522024 1.9828945927124595 1.9517748762872889
decision_type=2 2 2 2
left_child=-1 2 3 -2
right_child=1 -3 -4 -5
leaf_value=-0.00027753697499206532 -1.6096868438619795e-06 0.00068228706599837707 -0.00018221570586207658 9.2627960176283608e-05
leaf_weight=60 735 30 36 39
leaf_count=60 735 30 36 39
internal_value=-0.000166667 0.000119048 -6.17284e-05 0.000129199
internal_weight=900 840 810 774
internal_count=900 840 810 774
is_linear=0
shrinkage=0.05


Tree=101
num_leaves=5
num_cat=0
split_feature=1 1 1 1
split_gain=0.411429 0.296473 0.253933 0.311996
threshold=1.6678040391988489 2.0670785126522024 1.9828945927124595 1.9517748762872889
decision_type=2 2 2 2
left_child=-1 2 3 -2
right_child=1 -3 -4 -5
leaf_value=-0.00026366012624245982 -1.529202501671101e-06 0.00064817271269845822 -0.00017310492056896721 8.7996562167469438e-05
leaf_weight=60 735 30 36 39
leaf_count=60 735 30 36 39
internal_value=-0.000166667 0.000119048 -6.17284e-05 0.000129199
internal_weight=900 840 810 774
internal_count=900 840 810 774
is_linear=0
shrinkage=0.05


Tree=102
num_leaves=5
num_cat=0
split_feature=1 1 1 1
split_gain=0.411429 0.296473 0.253933 0.311996
threshold=1.6678040391988489 2.0670785126522024 1.9828945927124595 1.9517748762872889
decision_type=2 2 2 2
left_child=-1 2 3 -2
right_child=1 -3 -4 -5
leaf_value=-0.00025047711993033686 -1.4527423765842152e-06 0.00061576407706354086 -0.00016444967454052329 8.359673405908819e-05
leaf_weight=60 735 30 36 39
leaf_count=60 735 30 36 39
internal_value=-0.000166667 0.000119048 -6.17284e-05 0.000129199
internal_weight=900 840 810 774
internal_count=900 840 810 774
is_linear=0
shrinkage=0.05


Tree=103
num_leaves=5
num_cat=0
split_feature=1 0 1 1
split_gain=0.324291 0.257288 0.246474 0.321047
threshold=2.0670785126522024 1.6325811357390492 1.9828945927124595 1.9517748762872889
decision_type=2 2 2 2
left_child=1 -1 3 -3
right_child=-2 2 -4 -5
leaf_value=-0.00027972419924772175 0.00058497587321035824 -1.4414303217025194e-06 -0.00015622719081349602 7.9416897356132665e-05
leaf_weight=32 30 763 36 39
leaf_count=32 30 763 36 39
internal_value=-0.000111111 -0.000287356 -0.000119332 6.23441e-05
internal_weight=900 870 838 802
internal_count=900 870 838 802
is_linear=0
shrinkage=0.05


Tree=104
num_leaves=5
num_cat=0
split_feature=1 0 1 1
split_gain=0.324291 0.257288 0.246474 0.321047
threshold=2.0670785126522024 1.6325811357390492 1.9828945927124595 1.9517748762872889
decision_type=2 2 2 2
left_child=1 -1 3 -3
right_child=-2 2 -4 -5
leaf_value=-0.00026573798928533068 0.00055572707954985032 -1.3693588056140628e-06 -0.00014841583127283011 7.5446052488326032e-05
leaf_weight=32 30 763 36 39
leaf_count=32 30 763 36 39
internal_value=-0.000111111 -0.000287356 -0.000119332 6.23441e-05
internal_weight=900 870 838 802
internal_count=900 870 838 802
is_linear=0
shrinkage=0.05


Tree=105
num_leaves=5
num_cat=0
split_feature=1 0 1 1
split_gain=0.324291 0.257288 0.246474 0.321047
threshold=2.0670785126522024 1.6325811357390492 1.9828945927124595 1.9517748762872889
decision_type=2 2 2 2
left_child=1 -1 3 -3
right_child=-2 2 -4 -5
leaf_value=-0.00025245108982105971 0.00052794072557236225 -1.3008908653300289e-06 -0.00014099503970919081 7.1673749863920838e-05
leaf_weight=32 30 763 36 39
leaf_count=32 30 763 36 39
internal_value=-0.000111111 -0.000287356 -0.000119332 6.23441e-05
internal_weight=900 870 838 802
internal_count=900 870 838 802
is_linear=0
shrinkage=0.05


Tree=106
num_leaves=5
num_cat=0
split_feature=1 0 1 1
split_gain=0.31728 0.264053 0.253794 0.312064
threshold=2.0670785126522024 1.6325811357390492 1.9828945927124595 1.9517748762872889
decision_type=2 2 2 2
left_child=1 -1 3 -3
right_child=-2 2 -4 -5
leaf_value=-0.00023982853533001115 0.00050154368929373756 -1.2358463220674132e-06 -0.0001339452877237246 6.8090062370718135e-05
leaf_weight=32 30 763 36 39
leaf_count=32 30 763 36 39
internal_value=-5.55556e-05 -0.000229885 -5.96659e-05 0.000124688
internal_weight=900 870 838 802
internal_count=900 870 838 802
is_linear=0
shrinkage=0.05


Tree=107
num_leaves=5
num_cat=0
split_feature=1 1 1 0
split_gain=0.310345 0.239655 0.329511 0.379752
threshold=2.0670785126522024 1.9828945927124595 1.9517748762872889 1.9198033264926044
decision_type=2 2 2 2
left_child=1 2 3 -1
right_child=-2 -3 -4 -5
leaf_value=-5.0049127370277446e-07 0.00047646650482904287 -0.00012724802333754503 6.4685559252186669e-05 -0.00016777672886009176
leaf_weight=764 30 36 39 31
leaf_count=764 30 36 39 31
internal_value=0 -0.000172414 0 -0.000220126
internal_weight=900 870 834 795
internal_count=900 870 834 795
is_linear=0
shrinkage=0.05


Tree=108
num_leaves=9
num_cat=0
split_feature=0 1 0 1 0 1 0 0
split_gain=0.34728 0.847862 0.233027 0.492502 0.25596 0.226123 0.71809 0.535276
threshold=1.8850317276510686 1.8802330171182684 1.8996778900236648 1.9405056652486579 1.9564138197868706 1.8554017224142803 1.8363970105227354 1.8582951836977997
decision_type=2 2 2 2 2 2 2 2
left_child=1 5 -2 -4 -5 6 -1 -7
right_child=2 -3 3 4 -6 7 -8 -9
leaf_value=2.0433178720247194e-06 0.00020582284883812198 -6.8394301970264856e-05 -5.2436649276726978e-05 0.00022226213291491882 4.3314305451624957e-05 0.00040320805859715985 -0.00023355837296489825 -5.3968769314893808e-05
leaf_weight=539 36 54 46 35 78 45 34 33
leaf_count=539 36 54 46 35 78 45 34 33
internal_value=5.55556e-05 -0.000460993 0.00192308 0.00110063 0.00287611 3.84025e-05 -0.00030541 0.0025641
internal_weight=900 705 195 159 113 651 573 78
internal_count=900 705 195 159 113 651 573 78
is_linear=0
shrinkage=0.05


Tree=109
num_leaves=5
num_cat=0
split_feature=1 1 1 0
split_gain=0.296705 0.253647 0.312137 0.397567
threshold=2.0670785126522024 1.9828945927124595 1.9517748762872889 1.9198033264926044
decision_type=2 2 2 2
left_child=1 2 3 -1
right_child=-2 -3 -4 -5
leaf_value=1.4304153480471095e-06 0.00045047746431501338 -0.00012305133744325847 5.928556601699775e-05 -0.00015676605995325056
leaf_weight=764 30 36 39 31
leaf_count=764 30 36 39 31
internal_value=0.000111111 -5.74713e-05 0.000119904 -9.43396e-05
internal_weight=900 870 834 795
internal_count=900 870 834 795
is_linear=0
shrinkage=0.05


Tree=110
num_leaves=8
num_cat=0
split_feature=0 1 0 1 0 0 1
split_gain=0.326925 0.420439 0.233027 0.492502 0.25596 0.224164 0.658578
threshold=1.8850317276510686 1.8802330171182684 1.8996778900236648 1.9405056652486579 1.9564138197868706 1.8553243262420429 1.8554017224142803
decision_type=2 2 2 2 2 2 2
left_child=1 5 -2 -4 -5 6 -1
right_child=2 -3 3 4 -6 -7 -8
leaf_value=-2.1734405791340452e-06 0.00019546018562881519 -6.5046107639143977e-05 -4.4926255187627279e-05 0.00021097734387640621 2.8404514420743434e-05 -5.5747559273944261e-05 0.000416481841309746
leaf_weight=571 36 54 46 35 78 42 38
leaf_count=571 36 54 46 35 78 42 38
internal_value=0.000111111 -0.000390071 0.00192308 0.00110063 0.00287611 -3.84025e-05 0.000205255
internal_weight=900 705 195 159 113 651 609
internal_count=900 705 195 159 113 651 609
is_linear=0
shrinkage=0.05


Tree=111
num_leaves=7
num_cat=0
split_feature=1 0 1 0 1 1
split_gain=0.296705 0.220712 0.508918 0.461938 0.57456 0.277739
threshold=2.0670785126522024 1.9358708089761423 1.9786224135881476 1.8700551698475276 1.9259273271418167 1.8683881572360279
decision_type=2 2 2 2 2 2
left_child=1 3 -3 5 -5 -1
right_child=-2 2 -4 4 -6 -7
leaf_value=-1.1527190103666208e-06 0.00042653336537823439 -0.00036217768994473154 1.8993218101148736e-05 3.4925203634350589e-06 0.00020639926472303395 -0.00022450222107144315
leaf_weight=615 30 36 40 96 31 52
leaf_count=615 30 36 40 96 31 52
internal_value=0.000111111 -5.74713e-05 -0.00263158 0.000188917 0.00295276 -0.000337331
internal_weight=900 870 76 794 127 667
internal_count=900 870 76 794 127 667
is_linear=0
shrinkage=0.05


Tree=112
num_leaves=7
num_cat=0
split_feature=0 0 0 1 0 1
split_gain=0.248752 0.500029 0.3125 0.260267 1.17063 1.01156
threshold=1.6990104371432513 1.6502690070762926 1.6761705919587679 1.7294312646795911 1.7299302626067479 1.7545128433709516
decision_type=2 2 2 2 2 2
left_child=1 -1 -3 -2 -5 -6
right_child=3 2 -4 4 5 -7
leaf_value=0.00011541743643065372 -4.7976141869532367e-05 -0.00038461527052164327 -6.8086711732712193e-05 0.00029226703754622332 -0.00036954461682447981 3.4500884621868623e-06
leaf_weight=52 31 40 40 33 33 671
leaf_count=52 31 40 40 33 33 671
internal_value=0.000111111 -0.00189394 -0.004375 0.000455729 0.000644505 0.000213068
internal_weight=900 132 80 768 737 704
internal_count=900 132 80 768 737 704
is_linear=0
shrinkage=0.05


Tree=113
num_leaves=7
num_cat=0
split_feature=0 0 0 1 0 1
split_gain=0.29043 0.647492 0.230198 1.09124 0.382276 0.0197947
threshold=1.6761705919587679 1.6502690070762926 1.7133503654337512 1.7462033787503062 1.7521024354686638 1.7065456337934666
decision_type=2 2 2 2 2 2
left_child=1 -1 5 -4 -5 -2
right_child=2 -3 3 4 -6 -7
leaf_value=0.00010964656460912271 6.5036966739184804e-05 -0.00036538450699556414 -9.4090937744173439e-05 0.00016020244776056571 1.2142607851262089e-06 0.00011732090034440868
leaf_weight=52 33 40 48 56 640 31
leaf_count=52 33 40 48 56 640 31
internal_value=-5.55556e-05 -0.00271739 0.000247525 0 0.000502874 0.003125
internal_weight=900 92 808 744 696 64
internal_count=900 92 808 744 696 64
is_linear=0
shrinkage=0.05


Tree=114
num_leaves=7
num_cat=0
split_feature=1 0 0 1 1 0
split_gain=0.400079 0.231382 0.424242 0.370727 0.35241 0.533712
threshold=1.6678040391988489 1.8700551698475276 1.8857284803865342 1.9405056652486579 1.8780508868844039 1.8553243262420429
decision_type=2 2 2 2 2 2
left_child=-1 4 -3 -4 5 -2
right_child=1 2 3 -5 -6 -7
leaf_value=-0.00019873499013974284 1.394490880368693e-06 2.1529574004552911e-05 -2.1410205956717833e-05 6.1917513067011318e-05 -0.0003798681353708422 -0.00019359452333005402
leaf_weight=60 548 42 75 114 31 30
leaf_count=60 548 42 75 114 31 30
internal_value=-0.000222222 5.95238e-05 0.00140693 0.000396825 -0.00045156 -0.00017301
internal_weight=900 840 231 189 609 578
internal_count=900 840 231 189 609 578
is_linear=0
shrinkage=0.05


Tree=115
num_leaves=9
num_cat=0
split_feature=0 0 0 1 1 1 1 0
split_gain=0.249561 0.38032 0.249384 0.625 0.480473 0.222527 0.673112 0.558666
threshold=1.807750158001393 1.799025774876531 1.7774616966011447 1.7966772320663209 1.7785810389067771 1.8276615187976515 1.8403290802594208 1.8424469351741186
decision_type=2 2 2 2 2 2 2 2
left_child=1 2 4 -4 -1 -2 -7 -8
right_child=5 -3 3 -5 -6 6 7 -9
leaf_value=-1.9243698940019096e-06 9.8318284450255033e-05 -0.0002051965905996711 -0.00015822272664769987 0.00014515997502535517 -0.00045809326123359418 -4.4796375387445855e-05 0.00041995373520614665 2.2534547618302539e-06
leaf_weight=301 32 32 32 40 47 48 50 318
leaf_count=301 32 32 32 40 47 48 50 318
internal_value=-0.000166667 -0.000995575 -0.000595238 0.00208333 -0.00114943 0.000669643 0.000360577 0.00108696
internal_weight=900 452 420 72 348 448 416 368
internal_count=900 452 420 72 348 448 416 368
is_linear=0
shrinkage=0.05


Tree=116
num_leaves=10
num_cat=0
split_feature=0 0 0 1 1 0 1 0 0
split_gain=0.283547 0.554908 0.315181 0.508324 0.490502 0.2457 0.636627 0.653631 0.401338
threshold=1.808273329781094 1.799025774876531 1.7661740766210079 1.7839643158461789 1.7660941370226804 1.8204255628229478 1.8523690579412362 1.8493669386947207 1.8326352913983921
decision_type=2 2 2 2 2 2 2 2 2
left_child=1 2 4 -4 -1 -2 8 -8 -7
right_child=5 -3 3 -5 -6 6 7 -9 -10
leaf_value=-1.828151399296818e-06 0.0001834022274342928 -0.00019493676106969172 8.1182479226804557e-05 -4.2183765676884205e-06 -0.00046775753928437471 -2.3003757849660024e-05 0.00060789922294959278 3.8544753519609286e-06 -0.00023264378886015403
leaf_weight=267 48 36 31 77 45 39 30 297 30
leaf_count=267 48 36 31 77 45 39 30 297 30
internal_value=-0.000111111 -0.000986842 -0.00047619 0.00185185 -0.00128205 0.000788288 0.000378788 0.00129969 -0.00398551
internal_weight=900 456 420 108 312 444 396 327 69
internal_count=900 456 420 108 312 444 396 327 69
is_linear=0
shrinkage=0.05


Tree=117
num_leaves=8
num_cat=0
split_feature=0 1 1 0 1 0 1
split_gain=0.247607 0.479443 0.922347 0.391022 0.315441 0.48734 0.936068
threshold=1.7630072827708381 1.7858962770201554 1.7966772320663209 1.7974198574872624 1.7660941370226804 1.7411523223760403 1.7462033787503062
decision_type=2 2 2 2 2 2 2
left_child=4 -2 -3 -4 5 6 -1
right_child=1 2 3 -5 -6 -7 -8
leaf_value=-8.6789185464009051e-06 4.3024551436282589e-05 -0.00027341619446213938 0.00013811289510247128 5.9919179123957278e-07 -0.00042641367842470861 -9.6630402147168676e-05 0.00061062746755896071
leaf_weight=195 48 35 36 485 34 37 30
leaf_count=195 48 35 36 485 34 37 30
internal_value=-0.000166667 0.000413907 0 0.000527831 -0.00135135 -0.000763359 0.000111111
internal_weight=900 604 556 521 296 262 225
internal_count=900 604 556 521 296 262 225
is_linear=0
shrinkage=0.05


Tree=118
num_leaves=12
num_cat=0
split_feature=0 1 1 0 1 1 0 0 1 1 0
split_gain=0.243362 0.478054 0.982604 0.818352 0.261752 0.235764 0.732652 0.654411 0.45963 0.277561 0.138889
threshold=1.8161372548366621 1.7858962770201554 1.7755233527204426 1.7521024354686638 1.7966772320663209 1.8750633629588973 1.8734556332156787 1.8424469351741186 1.8403290802594208 1.9010798749191904 1.8054630606149362
decision_type=2 2 2 2 2 2 2 2 2 2 2
left_child=1 2 3 -1 -3 7 -7 8 -2 -8 -6
right_child=5 4 -4 -5 10 6 9 -9 -10 -11 -12
leaf_value=2.907291271503354e-07 -2.188352954674011e-05 -0.00025353185937008197 0.00014850472706910979 -0.00019465284776220006 -6.4814971553861518e-06 0.00041588392667424312 -4.9192119476848546e-06 -0.00015700074485748284 0.0004053172775240255 8.3032791649984011e-05 -0.00012715500983777052
leaf_weight=252 47 36 40 40 72 31 41 64 46 183 48
leaf_count=252 47 36 40 40 72 31 41 64 46 183 48
internal_value=-0.000166667 -0.000922131 0.000150602 -0.000856164 -0.00320513 0.000728155 0.00166667 -0.000796178 0.00188172 0.000669643 -0.00208333
internal_weight=900 488 332 292 156 412 255 157 93 224 120
internal_count=900 488 332 292 156 412 255 157 93 224 120
is_linear=0
shrinkage=0.05


Tree=119
num_leaves=12
num_cat=0
split_feature=0 1 1 0 1 1 1 0 0 1 1
split_gain=0.253366 0.432617 0.482604 0.818352 0.211413 0.367647 0.151972 0.787214 0.46432 0.543842 0.315894
threshold=1.8045230156208121 1.7858962770201554 1.7755233527204426 1.7521024354686638 1.7966772320663209 1.8100589299282059 1.8554017224142803 1.8363970105227354 1.8582951836977997 1.8825790680868684 1.8330898407837621
decision_type=2 2 2 2 2 2 2 2 2 2 2
left_child=1 2 3 -1 -3 -6 7 10 -8 -10 -2
right_child=6 4 -4 -5 5 -7 8 -9 9 -11 -12
leaf_value=2.7619267078948795e-07 -3.8113774529119354e-05 -0.00024085526640157397 0.00014107949071565651 -0.00018492020537409505 7.699908275038414e-05 -0.00036197541652556177 0.00036520374538137059 -0.00021923360994405839 -3.9987941457148014e-05 2.637715351532233e-05 0.00010310224725520457
leaf_weight=252 72 36 40 40 34 34 47 34 42 227 42
leaf_count=252 72 36 40 40 34 34 47 34 42 227 42
internal_value=-0.000166667 -0.00103211 -0.000150602 -0.000856164 -0.00384615 -0.00220588 0.000646552 -0.000675676 0.00126582 0.000464684 0.00131579
internal_weight=900 436 332 292 104 68 464 148 316 269 114
internal_count=900 436 332 292 104 68 464 148 316 269 114
is_linear=0
shrinkage=0.05


end of trees

feature_importances:
Column_0=549
Column_1=495

parameters:
[boosting: gbdt]
[objective: quantile]
[metric: quantile]
[tree_learner: serial]
[device_type: cpu]
[data_sample_strategy: bagging]
[data: ]
[valid: ]
[num_iterations: 120]
[learning_rate: 0.05]
[num_leaves: 12]
[num_threads: 2]
[seed: 26170]
[deterministic: 0]
[force_col_wise: 0]
[force_row_wise: 0]
[histogram_pool_size: -1]
[max_depth: 4]
[min_data_in_leaf: 30]
[min_sum_hessian_in_leaf: 0.001]
[bagging_fraction: 1]
[pos_bagging_fraction: 1]
[neg_bagging_fraction: 1]
[bagging_freq: 0]
[bagging_seed: 13002]
[bagging_by_query: 0]
[feature_fraction: 1]
[feature_fraction_bynode: 1]
[feature_fraction_seed: 3933]
[extra_trees: 0]
[extra_seed: 13870]
[early_stopping_round: 0]
[early_stopping_min_delta: 0]
[first_metric_only: 0]
[max_delta_step: 0]
[lambda_l1: 0]
[lambda_l2: 0]
[linear_lambda: 0]
[min_gain_to_split: 0]
[drop_rate: 0.1]
[max_drop: 50]
[skip_drop: 0.5]
[xgboost_dart_mode: 0]
[uniform_drop: 0]
[drop_seed: 25549]
[top_rate: 0.2]
[other_rate: 0.1]
[min_data_per_group: 100]
[max_cat_threshold: 32]
[cat_l2: 10]
[cat_smooth: 10]
[max_cat_to_onehot: 4]
[top_k: 20]
[monotone_constraints: ]
[monotone_constraints_method: basic]
[monotone_penalty: 0]
[feature_contri: ]
[forcedsplits_filename: ]
[refit_decay_rate: 0.9]
[cegb_tradeoff: 1]
[cegb_penalty_split: 0]
[cegb_penalty_feature_lazy: ]
[cegb_penalty_feature_coupled: ]
[path_smooth: 0]
[interaction_constraints: ]
[verbosity: -1]
[saved_feature_importance_type: 0]
[use_quantized_grad: 0]
[num_grad_quant_bins: 4]
[quant_train_renew_leaf: 0]
[stochastic_rounding: 1]
[linear_tree: 0]
[max_bin: 255]
[max_bin_by_feature: ]
[min_data_in_bin: 3]
[bin_construct_sample_cnt: 200000]
[data_random_seed: 19962]
[is_enable_sparse: 1]
[enable_bundle: 1]
[use_missing: 1]
[zero_as_missing: 0]
[feature_pre_filter: 1]
[pre_partition: 0]
[two_round: 0]
[header: 0]
[label_column: ]
[weight_column: ]
[group_column: ]
[ignore_column: ]
[categorical_feature: ]
[forcedbins_filename: ]
[precise_float_parser: 0]
[parser_config_file: ]
[objective_seed: 31251]
[num_class: 1]
[is_unbalance: 0]
[scale_pos_weight: 1]
[sigmoid: 1]
[boost_from_average: 1]
[reg_sqrt: 0]
[alpha: 0.5]
[fair_c: 1]
[poisson_max_delta_step: 0.7]
[tweedie_variance_power: 1.5]
[lambdarank_truncation_level: 30]
[lambdarank_norm: 1]
[label_gain: ]
[lambdarank_position_bias_regularization: 0]
[eval_at: ]
[multi_error_top_k: 1]
[auc_mu_weights: ]
[num_machines: 1]
[local_listen_port: 12400]
[time_out: 120]
[machine_list_filename: ]
[machines: ]
[gpu_platform_id: -1]
[gpu_device_id: -1]
[gpu_device_id_list: ]
[gpu_use_dp: 0]
[num_gpu: 1]

end of parameters

pandas_categorical:null
