sample_id,device_id,lot_id,part_number,parameter,unit,test_condition,value_0h,value_24h,change,spec_lower,spec_upper,spec_revision,n_peers,peer_median_level,peer_mad_level,peer_median_change,peer_mad_change,z_level,z_change,robust_score,if_score,ecod_score,ensemble_score,ensemble_threshold,prediction,lower,upper,conformal_margin,decision,basis,rule,decisive_codes,reason_codes,provenance_class,run_id,model_version
SYN_L150_D000:leakage_current,SYN_L150_D000,SYN_L150,DEMO_MEMORY,leakage_current,uA,stress125C_meas25C,9.347521408526545,9.526561767864791,0.1790403593382468,0,50.0,DEMO_ONLY_v1,30,9.9415943238305,0.5849219753407313,0.2678697905645784,0.07198100832007448,-0.4785862656600554,-0.8323672025446334,0.8323672025446334,0.3576493844504902,2.937922728850218,0.42515376539139355,0.9436292582828455,10.990900150585778,0.781879738256487,27.988929990287023,9.771116073985056,PASS,EARLY_SCREEN,R5,B_INTERVAL_INSIDE,DEMO_SPEC_NOT_APPROVED;B_INTERVAL_INSIDE,SYNTHETIC,7bb70511fd9f,drishti-0.1.0/A:749f3fff65152311/B:2ba4eaf285832628
SYN_L150_D000:supply_current,SYN_L150_D000,SYN_L150,DEMO_MEMORY,supply_current,mA,stress125C_meas25C,3.92577321717574,3.9467122390450498,0.020939021869309737,0,6.0,DEMO_ONLY_v1,30,3.947109447012154,0.11341027299885376,0.015416131182235615,0.011720643934736374,-0.002362335406820807,0.31782713942795215,0.31782713942795215,0.3546760231263924,1.7432632492786262,0.07321228671735029,0.9436292582828455,4.050589966335703,3.363140667487228,5.096248740961499,0.6035471673945598,PASS,EARLY_SCREEN,R5,B_INTERVAL_INSIDE,DEMO_SPEC_NOT_APPROVED;B_INTERVAL_INSIDE,SYNTHETIC,7bb70511fd9f,drishti-0.1.0/A:749f3fff65152311/B:2ba4eaf285832628
SYN_L150_D001:leakage_current,SYN_L150_D001,SYN_L150,DEMO_MEMORY,leakage_current,uA,stress125C_meas25C,9.298696926509882,9.54530579564482,0.2466088691349384,0,50.0,DEMO_ONLY_v1,30,9.9415943238305,0.5849219753407313,0.2678697905645784,0.07198100832007448,-0.45697197509482684,-0.19922331427317314,0.45697197509482684,0.34798948497741755,2.046742874591683,0.15553548448224486,0.9436292582828455,11.238366004153068,0.7748209382089115,27.988929990287023,9.771116073985056,PASS,EARLY_SCREEN,R5,B_INTERVAL_INSIDE,DEMO_SPEC_NOT_APPROVED;B_INTERVAL_INSIDE,SYNTHETIC,7bb70511fd9f,drishti-0.1.0/A:749f3fff65152311/B:2ba4eaf285832628
SYN_L150_D001:supply_current,SYN_L150_D001,SYN_L150,DEMO_MEMORY,supply_current,mA,stress125C_meas25C,3.773649860807879,3.8133233584599378,0.03967349765205874,0,6.0,DEMO_ONLY_v1,30,3.947109447012154,0.11341027299885376,0.015416131182235615,0.011720643934736374,-0.7956728970743198,1.395944593508471,1.395944593508471,0.4278259046553093,4.015698518809211,0.7334300340530441,0.9436292582828455,3.9029866648339704,3.2480354728775183,4.585116816586464,0.6035471673945598,PASS,EARLY_SCREEN,R5,B_INTERVAL_INSIDE,DEMO_SPEC_NOT_APPROVED;B_INTERVAL_INSIDE,SYNTHETIC,7bb70511fd9f,drishti-0.1.0/A:749f3fff65152311/B:2ba4eaf285832628
SYN_L150_D002:leakage_current,SYN_L150_D002,SYN_L150,DEMO_MEMORY,leakage_current,uA,stress125C_meas25C,9.858906991154978,10.083302317451338,0.22439532629636005,0,50.0,DEMO_ONLY_v1,30,9.9415943238305,0.5849219753407313,0.2678697905645784,0.07198100832007448,0.16340766165529177,-0.4073730711261915,0.4073730711261915,0.3461462368122367,1.9554207032851152,0.12869412283473167,0.9436292582828455,11.633837158024516,1.2150281952730264,25.32740656129573,9.771116073985056,PASS,EARLY_SCREEN,R5,B_INTERVAL_INSIDE,DEMO_SPEC_NOT_APPROVED;B_INTERVAL_INSIDE,SYNTHETIC,7bb70511fd9f,drishti-0.1.0/A:749f3fff65152311/B:2ba4eaf285832628
SYN_L150_D002:supply_current,SYN_L150_D002,SYN_L150,DEMO_MEMORY,supply_current,mA,stress125C_meas25C,4.037363920134776,4.060644334088504,0.02328041395372793,0,6.0,DEMO_ONLY_v1,30,3.947109447012154,0.11341027299885376,0.015416131182235615,0.011720643934736374,0.6752318831997776,0.4525678016343445,0.6752318831997776,0.375077256893415,2.5398803782711514,0.32901440546531235,0.9436292582828455,4.173030111180656,3.497393720136165,5.008775788712503,0.6035471673945598,PASS,EARLY_SCREEN,R5,B_INTERVAL_INSIDE,DEMO_SPEC_NOT_APPROVED;B_INTERVAL_INSIDE,SYNTHETIC,7bb70511fd9f,drishti-0.1.0/A:749f3fff65152311/B:2ba4eaf285832628
SYN_L150_D003:leakage_current,SYN_L150_D003,SYN_L150,DEMO_MEMORY,leakage_current,uA,stress125C_meas25C,9.518678498803869,9.75955423971724,0.2408757409133706,0,50.0,DEMO_ONLY_v1,30,9.9415943238305,0.5849219753407313,0.2678697905645784,0.07198100832007448,-0.20991578324136617,-0.25294501251817436,0.25294501251817436,0.3462577783781871,1.8675314495819926,0.10189655433443368,0.9436292582828455,11.357212389022079,1.1368993625792836,25.94410306932104,9.771116073985056,PASS,EARLY_SCREEN,R5,B_INTERVAL_INSIDE,DEMO_SPEC_NOT_APPROVED;B_INTERVAL_INSIDE,SYNTHETIC,7bb70511fd9f,drishti-0.1.0/A:749f3fff65152311/B:2ba4eaf285832628
SYN_L150_D003:supply_current,SYN_L150_D003,SYN_L150,DEMO_MEMORY,supply_current,mA,stress125C_meas25C,4.085638027492875,4.100150987762244,0.014512960269368769,0,6.0,DEMO_ONLY_v1,30,3.947109447012154,0.11341027299885376,0.015416131182235615,0.011720643934736374,0.9101918399670859,-0.05197499713742741,0.9101918399670859,0.372942914699456,2.4777687902224037,0.3755858159149148,0.9436292582828455,4.2163763352458785,3.5592123571535823,5.3110683172128414,0.6035471673945598,PASS,EARLY_SCREEN,R5,B_INTERVAL_INSIDE,DEMO_SPEC_NOT_APPROVED;B_INTERVAL_INSIDE,SYNTHETIC,7bb70511fd9f,drishti-0.1.0/A:749f3fff65152311/B:2ba4eaf285832628
SYN_L150_D004:leakage_current,SYN_L150_D004,SYN_L150,DEMO_MEMORY,leakage_current,uA,stress125C_meas25C,10.04377788739577,10.324408508309295,0.2806306209135254,0,50.0,DEMO_ONLY_v1,30,9.9415943238305,0.5849219753407313,0.2678697905645784,0.07198100832007448,0.4414343124604015,0.11957407036229148,0.4414343124604015,0.3454842180485376,1.923309878637394,0.12125062394543074,0.9436292582828455,12.114532121762837,1.7322500279216246,27.666424118711916,9.771116073985056,PASS,EARLY_SCREEN,R5,B_INTERVAL_INSIDE,DEMO_SPEC_NOT_APPROVED;B_INTERVAL_INSIDE,SYNTHETIC,7bb70511fd9f,drishti-0.1.0/A:749f3fff65152311/B:2ba4eaf285832628
SYN_L150_D004:supply_current,SYN_L150_D004,SYN_L150,DEMO_MEMORY,supply_current,mA,stress125C_meas25C,4.682093285820488,4.694712889352898,0.012619603532409762,0,6.0,DEMO_ONLY_v1,30,3.947109447012154,0.11341027299885376,0.015416131182235615,0.011720643934736374,4.446260468986101,-0.16093245976342027,4.446260468986101,0.5747008136809424,4.3209860693886615,0.8948703984281426,0.9436292582828455,4.98321346650505,4.1167785357857465,5.972114513723174,0.6035471673945598,ESCALATE,REVIEW,R4,A_UNUSUAL_LEVEL,DEMO_SPEC_NOT_APPROVED;A_UNUSUAL_LEVEL;B_INTERVAL_INSIDE,SYNTHETIC,7bb70511fd9f,drishti-0.1.0/A:749f3fff65152311/B:2ba4eaf285832628
SYN_L150_D005:leakage_current,SYN_L150_D005,SYN_L150,DEMO_MEMORY,leakage_current,uA,stress125C_meas25C,9.886596555333668,10.395165019477488,0.5085684641438206,0,50.0,DEMO_ONLY_v1,30,9.9415943238305,0.5849219753407313,0.2678697905645784,0.07198100832007448,0.5230257297224187,2.255442580431252,2.255442580431252,0.4158234976147041,3.580882618862997,0.7792800048882179,0.9436292582828455,12.61564748716423,1.4685327918353845,31.41830071633479,9.771116073985056,PASS,EARLY_SCREEN,R5,B_INTERVAL_INSIDE,DEMO_SPEC_NOT_APPROVED;B_INTERVAL_INSIDE,SYNTHETIC,7bb70511fd9f,drishti-0.1.0/A:749f3fff65152311/B:2ba4eaf285832628
SYN_L150_D005:supply_current,SYN_L150_D005,SYN_L150,DEMO_MEMORY,supply_current,mA,stress125C_meas25C,3.8244474638478345,3.833823788090797,0.009376324242962308,0,6.0,DEMO_ONLY_v1,30,3.947109447012154,0.11341027299885376,0.015416131182235615,0.011720643934736374,-0.673749635753413,-0.3475742452587433,0.673749635753413,0.3622743036936092,2.3965019845060245,0.24529185616291724,0.9436292582828455,3.938116572050908,3.2816403012711532,4.743114293696989,0.6035471673945598,PASS,EARLY_SCREEN,R5,B_INTERVAL_INSIDE,DEMO_SPEC_NOT_APPROVED;B_INTERVAL_INSIDE,SYNTHETIC,7bb70511fd9f,drishti-0.1.0/A:749f3fff65152311/B:2ba4eaf285832628
SYN_L150_D006:leakage_current,SYN_L150_D006,SYN_L150,DEMO_MEMORY,leakage_current,uA,stress125C_meas25C,9.051444493057554,9.394215603096647,0.34277111003909333,0,50.0,DEMO_ONLY_v1,30,9.9415943238305,0.5849219753407313,0.2678697905645784,0.07198100832007448,-0.6311985266992827,0.7018552398365793,0.7018552398365793,0.35368995126158626,2.6657421013894407,0.3413036494691751,0.9436292582828455,11.05327566215958,0.6545290166857249,28.790731999662178,9.771116073985056,PASS,EARLY_SCREEN,R5,B_INTERVAL_INSIDE,DEMO_SPEC_NOT_APPROVED;B_INTERVAL_INSIDE,SYNTHETIC,7bb70511fd9f,drishti-0.1.0/A:749f3fff65152311/B:2ba4eaf285832628
SYN_L150_D006:supply_current,SYN_L150_D006,SYN_L150,DEMO_MEMORY,supply_current,mA,stress125C_meas25C,3.632143489830137,3.640845775063218,0.008702285233081142,0,6.0,DEMO_ONLY_v1,30,3.947109447012154,0.11341027299885376,0.015416131182235615,0.011720643934736374,-1.8214577148140407,-0.3863633328057345,1.8214577148140407,0.4430887437702695,4.589955856737583,0.8191680848041315,0.9436292582828455,3.734143161176733,3.1018307437435904,4.821377493946423,0.6035471673945598,PASS,EARLY_SCREEN,R5,B_INTERVAL_INSIDE,DEMO_SPEC_NOT_APPROVED;B_INTERVAL_INSIDE,SYNTHETIC,7bb70511fd9f,drishti-0.1.0/A:749f3fff65152311/B:2ba4eaf285832628
SYN_L150_D007:leakage_current,SYN_L150_D007,SYN_L150,DEMO_MEMORY,leakage_current,uA,stress125C_meas25C,9.22498771321874,9.925943320453747,0.7009556072350076,0,50.0,DEMO_ONLY_v1,30,9.9415943238305,0.5849219753407313,0.2678697905645784,0.07198100832007448,-0.01804763301636533,4.0581868498654154,4.0581868498654154,0.4781585799879074,3.474699213481554,0.8238647144158474,0.9436292582828455,12.530970354622818,0.966321582363026,27.988929990287023,9.771116073985056,ESCALATE,REVIEW,R4,A_UNUSUAL_CHANGE,DEMO_SPEC_NOT_APPROVED;A_UNUSUAL_CHANGE;B_INTERVAL_INSIDE,SYNTHETIC,7bb70511fd9f,drishti-0.1.0/A:749f3fff65152311/B:2ba4eaf285832628
SYN_L150_D007:supply_current,SYN_L150_D007,SYN_L150,DEMO_MEMORY,supply_current,mA,stress125C_meas25C,3.993102253146019,4.032949702390126,0.03984744924410677,0,6.0,DEMO_ONLY_v1,30,3.947109447012154,0.11341027299885376,0.015416131182235615,0.011720643934736374,0.5105221732791198,1.4059550282666597,1.4059550282666597,0.40808625398964576,3.6334902728653145,0.6772139536533347,0.9436292582828455,4.155415963266631,3.4859552737418285,5.074411319028069,0.6035471673945598,PASS,EARLY_SCREEN,R5,B_INTERVAL_INSIDE,DEMO_SPEC_NOT_APPROVED;B_INTERVAL_INSIDE,SYNTHETIC,7bb70511fd9f,drishti-0.1.0/A:749f3fff65152311/B:2ba4eaf285832628
SYN_L150_D008:leakage_current,SYN_L150_D008,SYN_L150,DEMO_MEMORY,leakage_current,uA,stress125C_meas25C,10.086462364054974,10.439693395416484,0.3532310313615099,0,50.0,DEMO_ONLY_v1,30,9.9415943238305,0.5849219753407313,0.2678697905645784,0.07198100832007448,0.5743727116645088,0.7998688748422258,0.7998688748422258,0.35496110503321,2.6447434531207206,0.37584225371985186,0.9436292582828455,12.347274626333633,1.7523533166993452,28.333465949086303,9.771116073985056,PASS,EARLY_SCREEN,R5,B_INTERVAL_INSIDE,DEMO_SPEC_NOT_APPROVED;B_INTERVAL_INSIDE,SYNTHETIC,7bb70511fd9f,drishti-0.1.0/A:749f3fff65152311/B:2ba4eaf285832628
SYN_L150_D008:supply_current,SYN_L150_D008,SYN_L150,DEMO_MEMORY,supply_current,mA,stress125C_meas25C,3.951813062380102,3.983838532981535,0.032025470601432904,0,6.0,DEMO_ONLY_v1,30,3.947109447012154,0.11341027299885376,0.015416131182235615,0.011720643934736374,0.2184407852595431,0.9558217126669252,0.9558217126669252,0.3737854715585906,2.660174026347366,0.4047044673908466,0.9436292582828455,4.078176321468215,3.4139395892042734,5.0100416105742465,0.6035471673945598,PASS,EARLY_SCREEN,R5,B_INTERVAL_INSIDE,DEMO_SPEC_NOT_APPROVED;B_INTERVAL_INSIDE,SYNTHETIC,7bb70511fd9f,drishti-0.1.0/A:749f3fff65152311/B:2ba4eaf285832628
SYN_L150_D009:leakage_current,SYN_L150_D009,SYN_L150,DEMO_MEMORY,leakage_current,uA,stress125C_meas25C,8.633519460905621,9.17703551072952,0.5435160498238982,0,50.0,DEMO_ONLY_v1,30,9.9415943238305,0.5849219753407313,0.2678697905645784,0.07198100832007448,-0.8816352885572547,2.5829153980168744,2.5829153980168744,0.44603701011189595,4.237654209063656,0.8490100806768893,0.9436292582828455,11.354098826482907,0.7197323683625996,22.32858338367773,9.771116073985056,PASS,EARLY_SCREEN,R5,B_INTERVAL_INSIDE,DEMO_SPEC_NOT_APPROVED;B_INTERVAL_INSIDE,SYNTHETIC,7bb70511fd9f,drishti-0.1.0/A:749f3fff65152311/B:2ba4eaf285832628
SYN_L150_D009:supply_current,SYN_L150_D009,SYN_L150,DEMO_MEMORY,supply_current,mA,stress125C_meas25C,3.9803465899874593,3.986620217696785,0.006273627709325602,0,6.0,DEMO_ONLY_v1,30,3.947109447012154,0.11341027299885376,0.015416131182235615,0.011720643934736374,0.23498444207828964,-0.5261258805657237,0.5261258805657237,0.36008522229159173,2.146349183314568,0.16736086949931295,0.9436292582828455,4.10145703729476,3.4611107230933746,5.0100416105742465,0.6035471673945598,PASS,EARLY_SCREEN,R5,B_INTERVAL_INSIDE,DEMO_SPEC_NOT_APPROVED;B_INTERVAL_INSIDE,SYNTHETIC,7bb70511fd9f,drishti-0.1.0/A:749f3fff65152311/B:2ba4eaf285832628
SYN_L150_D010:leakage_current,SYN_L150_D010,SYN_L150,DEMO_MEMORY,leakage_current,uA,stress125C_meas25C,8.17945758378269,8.409641462106489,0.23018387832379794,0,50.0,DEMO_ONLY_v1,30,9.9415943238305,0.5849219753407313,0.2678697905645784,0.07198100832007448,-1.766539970710891,-0.35313202971294544,1.766539970710891,0.42511375568837434,4.29369004059441,0.7993082176248257,0.9436292582828455,10.351720641119023,-0.34721899246329535,21.006651970149875,9.771116073985056,ESCALATE,REVIEW,R4,B_INTERVAL_CROSSES_LIMIT,DEMO_SPEC_NOT_APPROVED;B_INTERVAL_CROSSES_LIMIT,SYNTHETIC,7bb70511fd9f,drishti-0.1.0/A:749f3fff65152311/B:2ba4eaf285832628
SYN_L150_D010:supply_current,SYN_L150_D010,SYN_L150,DEMO_MEMORY,supply_current,mA,stress125C_meas25C,4.001867337554523,4.006556498861958,0.004689161307434908,0,6.0,DEMO_ONLY_v1,30,3.947109447012154,0.11341027299885376,0.015416131182235615,0.011720643934736374,0.35355251416442507,-0.6173075556278832,0.6173075556278832,0.3648079807509846,2.3897857691716062,0.24323487598827298,0.9436292582828455,4.098335539047725,3.4636807065234554,4.888056219536995,0.6035471673945598,PASS,EARLY_SCREEN,R5,B_INTERVAL_INSIDE,DEMO_SPEC_NOT_APPROVED;B_INTERVAL_INSIDE,SYNTHETIC,7bb70511fd9f,drishti-0.1.0/A:749f3fff65152311/B:2ba4eaf285832628
SYN_L150_D011:leakage_current,SYN_L150_D011,SYN_L150,DEMO_MEMORY,leakage_current,uA,stress125C_meas25C,9.858532613560968,10.096170963848149,0.23763835028718105,0,50.0,DEMO_ONLY_v1,30,9.9415943238305,0.5849219753407313,0.2678697905645784,0.07198100832007448,0.1782468768797916,-0.2832806540039304,0.2832806540039304,0.345130755510778,1.8623310911724889,0.09065430855062424,0.9436292582828455,11.763656165832437,1.3583197245613547,25.32740656129573,9.771116073985056,PASS,EARLY_SCREEN,R5,B_INTERVAL_INSIDE,DEMO_SPEC_NOT_APPROVED;B_INTERVAL_INSIDE,SYNTHETIC,7bb70511fd9f,drishti-0.1.0/A:749f3fff65152311/B:2ba4eaf285832628
SYN_L150_D011:supply_current,SYN_L150_D011,SYN_L150,DEMO_MEMORY,supply_current,mA,stress125C_meas25C,3.772094819395221,3.7747966325827846,0.002701813187563573,0,6.0,DEMO_ONLY_v1,30,3.947109447012154,0.11341027299885376,0.015416131182235615,0.011720643934736374,-1.0248048787713415,-0.7316739633253072,1.0248048787713415,0.38423198955456683,3.4369712361942364,0.5345709970762506,0.9436292582828455,3.8763683260012156,3.2358002172946527,4.545790304229228,0.6035471673945598,PASS,EARLY_SCREEN,R5,B_INTERVAL_INSIDE,DEMO_SPEC_NOT_APPROVED;B_INTERVAL_INSIDE,SYNTHETIC,7bb70511fd9f,drishti-0.1.0/A:749f3fff65152311/B:2ba4eaf285832628
SYN_L150_D012:leakage_current,SYN_L150_D012,SYN_L150,DEMO_MEMORY,leakage_current,uA,stress125C_meas25C,8.674306233054914,8.90061996885879,0.22631373580387582,0,50.0,DEMO_ONLY_v1,30,9.9415943238305,0.5849219753407313,0.2678697905645784,0.07198100832007448,-1.2003781921024965,-0.3893968088327031,1.2003781921024965,0.37667208177406425,3.2840094070170824,0.579508416816716,0.9436292582828455,10.549499848945366,0.24437097339878733,22.32858338367773,9.771116073985056,PASS,EARLY_SCREEN,R5,B_INTERVAL_INSIDE,DEMO_SPEC_NOT_APPROVED;B_INTERVAL_INSIDE,SYNTHETIC,7bb70511fd9f,drishti-0.1.0/A:749f3fff65152311/B:2ba4eaf285832628
SYN_L150_D012:supply_current,SYN_L150_D012,SYN_L150,DEMO_MEMORY,supply_current,mA,stress125C_meas25C,3.672148200348533,3.670642810648112,-0.0015053897004206895,0,6.0,DEMO_ONLY_v1,30,3.947109447012154,0.11341027299885376,0.015416131182235615,0.011720643934736374,-1.6442442699437563,-0.9737868956001718,1.6442442699437563,0.4413752425536625,5.0551495890424025,0.8234104218359949,0.9436292582828455,3.8551756705394817,3.140997149168145,4.545790304229228,0.6035471673945598,PASS,EARLY_SCREEN,R5,B_INTERVAL_INSIDE,DEMO_SPEC_NOT_APPROVED;B_INTERVAL_INSIDE,SYNTHETIC,7bb70511fd9f,drishti-0.1.0/A:749f3fff65152311/B:2ba4eaf285832628
SYN_L150_D013:leakage_current,SYN_L150_D013,SYN_L150,DEMO_MEMORY,leakage_current,uA,stress125C_meas25C,8.375539793796447,8.625173276519872,0.249633482723425,0,50.0,DEMO_ONLY_v1,30,9.9415943238305,0.5849219753407313,0.2678697905645784,0.07198100832007448,-1.5180038867137606,-0.17088147850240898,1.5180038867137606,0.39614167112966725,3.6969011647561922,0.7002952669164358,0.9436292582828455,10.351720641119023,-0.34721899246329535,21.006651970149875,9.771116073985056,ESCALATE,REVIEW,R4,B_INTERVAL_CROSSES_LIMIT,DEMO_SPEC_NOT_APPROVED;B_INTERVAL_CROSSES_LIMIT,SYNTHETIC,7bb70511fd9f,drishti-0.1.0/A:749f3fff65152311/B:2ba4eaf285832628
SYN_L150_D013:supply_current,SYN_L150_D013,SYN_L150,DEMO_MEMORY,supply_current,mA,stress125C_meas25C,3.949850561700136,3.955380645682368,0.005530083982232092,0,6.0,DEMO_ONLY_v1,30,3.947109447012154,0.11341027299885376,0.015416131182235615,0.011720643934736374,0.04919172598156663,-0.5689147730518292,0.5689147730518292,0.3545834231184967,2.0330826534412867,0.14189164882369895,0.9436292582828455,4.057810539232509,3.4123549463018246,4.990185269978705,0.6035471673945598,PASS,EARLY_SCREEN,R5,B_INTERVAL_INSIDE,DEMO_SPEC_NOT_APPROVED;B_INTERVAL_INSIDE,SYNTHETIC,7bb70511fd9f,drishti-0.1.0/A:749f3fff65152311/B:2ba4eaf285832628
SYN_L150_D014:leakage_current,SYN_L150_D014,SYN_L150,DEMO_MEMORY,leakage_current,uA,stress125C_meas25C,9.892335087686174,10.232077916794395,0.3397428291082214,0,50.0,DEMO_ONLY_v1,30,9.9415943238305,0.5849219753407313,0.2678697905645784,0.07198100832007448,0.33496518765528427,0.6734790396048487,0.6734790396048487,0.35190935490164793,2.2611188483833646,0.2591059412294307,0.9436292582828455,12.129778946548845,1.513663691646764,25.32740656129573,9.771116073985056,PASS,EARLY_SCREEN,R5,B_INTERVAL_INSIDE,DEMO_SPEC_NOT_APPROVED;B_INTERVAL_INSIDE,SYNTHETIC,7bb70511fd9f,drishti-0.1.0/A:749f3fff65152311/B:2ba4eaf285832628
SYN_L150_D014:supply_current,SYN_L150_D014,SYN_L150,DEMO_MEMORY,supply_current,mA,stress125C_meas25C,3.87534333511596,3.893719261572615,0.0183759264566552,0,6.0,DEMO_ONLY_v1,30,3.947109447012154,0.11341027299885376,0.015416131182235615,0.011720643934736374,-0.31753020051433045,0.17032806163677786,0.31753020051433045,0.3597847238305478,1.8921639035541227,0.103476744944282,0.9436292582828455,4.004173273527606,3.3523044755401057,4.723194809516517,0.6035471673945598,PASS,EARLY_SCREEN,R5,B_INTERVAL_INSIDE,DEMO_SPEC_NOT_APPROVED;B_INTERVAL_INSIDE,SYNTHETIC,7bb70511fd9f,drishti-0.1.0/A:749f3fff65152311/B:2ba4eaf285832628
SYN_L150_D015:leakage_current,SYN_L150_D015,SYN_L150,DEMO_MEMORY,leakage_current,uA,stress125C_meas25C,29.873994756034072,30.17013711172596,0.29614235569188807,0,50.0,DEMO_ONLY_v1,30,9.9415943238305,0.5849219753407313,0.2678697905645784,0.07198100832007448,23.326128549306887,0.2649252124987582,23.326128549306887,0.6859385956690971,5.742804912801397,0.9587678664982535,0.9436292582828455,28.576963128166554,4.202797228706176,43.379814989738,9.771116073985056,ESCALATE,REVIEW,R4,A_UNUSUAL_LEVEL,DEMO_SPEC_NOT_APPROVED;A_UNUSUAL_LEVEL;B_INTERVAL_INSIDE,SYNTHETIC,7bb70511fd9f,drishti-0.1.0/A:749f3fff65152311/B:2ba4eaf285832628
SYN_L150_D015:supply_current,SYN_L150_D015,SYN_L150,DEMO_MEMORY,supply_current,mA,stress125C_meas25C,3.670396100950045,3.6709385457879256,0.0005424448378805735,0,6.0,DEMO_ONLY_v1,30,3.947109447012154,0.11341027299885376,0.015416131182235615,0.011720643934736374,-1.6424854291105393,-0.8559396612065362,1.6424854291105393,0.43675577419340367,4.8629963791964155,0.8084502903934965,0.9436292582828455,3.765814949059644,3.140997149168145,4.821377493946423,0.6035471673945598,PASS,EARLY_SCREEN,R5,B_INTERVAL_INSIDE,DEMO_SPEC_NOT_APPROVED;B_INTERVAL_INSIDE,SYNTHETIC,7bb70511fd9f,drishti-0.1.0/A:749f3fff65152311/B:2ba4eaf285832628
SYN_L150_D016:leakage_current,SYN_L150_D016,SYN_L150,DEMO_MEMORY,leakage_current,uA,stress125C_meas25C,10.67845178017497,10.851557924428093,0.1731061442531221,0,50.0,DEMO_ONLY_v1,30,9.9415943238305,0.5849219753407313,0.2678697905645784,0.07198100832007448,1.0493058321250384,-0.8879731649099447,1.0493058321250384,0.3811408311667939,3.782365335581246,0.6158667093186928,0.9436292582828455,12.479882942797236,2.3236443234810675,28.03097115276288,9.771116073985056,PASS,EARLY_SCREEN,R5,B_INTERVAL_INSIDE,DEMO_SPEC_NOT_APPROVED;B_INTERVAL_INSIDE,SYNTHETIC,7bb70511fd9f,drishti-0.1.0/A:749f3fff65152311/B:2ba4eaf285832628
SYN_L150_D016:supply_current,SYN_L150_D016,SYN_L150,DEMO_MEMORY,supply_current,mA,stress125C_meas25C,3.87104338765564,3.8869118393177153,0.01586845166207551,0,6.0,DEMO_ONLY_v1,30,3.947109447012154,0.11341027299885376,0.015416131182235615,0.011720643934736374,-0.3580163336076843,0.026029797140227826,0.3580163336076843,0.36080877022445706,1.792273928329057,0.11192003546957825,0.9436292582828455,4.00101885065213,3.350205060911019,4.723194809516517,0.6035471673945598,PASS,EARLY_SCREEN,R5,B_INTERVAL_INSIDE,DEMO_SPEC_NOT_APPROVED;B_INTERVAL_INSIDE,SYNTHETIC,7bb70511fd9f,drishti-0.1.0/A:749f3fff65152311/B:2ba4eaf285832628
SYN_L150_D017:leakage_current,SYN_L150_D017,SYN_L150,DEMO_MEMORY,leakage_current,uA,stress125C_meas25C,11.034473896156694,11.16072802076174,0.1262541246050457,0,50.0,DEMO_ONLY_v1,30,9.9415943238305,0.5849219753407313,0.2678697905645784,0.07198100832007448,1.4058189772535974,-1.3269952771721631,1.4058189772535974,0.42861845480388977,4.962847728618861,0.7878644916404599,0.9436292582828455,12.71950216027332,2.3110931198954496,26.590496099228048,9.771116073985056,PASS,EARLY_SCREEN,R5,B_INTERVAL_INSIDE,DEMO_SPEC_NOT_APPROVED;B_INTERVAL_INSIDE,SYNTHETIC,7bb70511fd9f,drishti-0.1.0/A:749f3fff65152311/B:2ba4eaf285832628
SYN_L150_D017:supply_current,SYN_L150_D017,SYN_L150,DEMO_MEMORY,supply_current,mA,stress125C_meas25C,3.945750233763596,4.00312879322607,0.057378559462474055,0,6.0,DEMO_ONLY_v1,30,3.947109447012154,0.11341027299885376,0.015416131182235615,0.011720643934736374,0.33316674384152384,2.4148221102714347,2.4148221102714347,0.49599403425718896,4.428811078154567,0.8686859123017284,0.9436292582828455,4.084711543377937,3.4176941987071667,5.0100416105742465,0.6035471673945598,PASS,EARLY_SCREEN,R5,B_INTERVAL_INSIDE,DEMO_SPEC_NOT_APPROVED;B_INTERVAL_INSIDE,SYNTHETIC,7bb70511fd9f,drishti-0.1.0/A:749f3fff65152311/B:2ba4eaf285832628
SYN_L150_D018:leakage_current,SYN_L150_D018,SYN_L150,DEMO_MEMORY,leakage_current,uA,stress125C_meas25C,8.712931498737195,8.908712311205267,0.19578081246807244,0,50.0,DEMO_ONLY_v1,30,9.9415943238305,0.5849219753407313,0.2678697905645784,0.07198100832007448,-1.1910466737712853,-0.6755024793483417,1.1910466737712853,0.37394283835117365,3.6982763655230015,0.6180728135178962,0.9436292582828455,10.537589580906651,0.2340803743596549,21.804247827675383,9.771116073985056,PASS,EARLY_SCREEN,R5,B_INTERVAL_INSIDE,DEMO_SPEC_NOT_APPROVED;B_INTERVAL_INSIDE,SYNTHETIC,7bb70511fd9f,drishti-0.1.0/A:749f3fff65152311/B:2ba4eaf285832628
SYN_L150_D018:supply_current,SYN_L150_D018,SYN_L150,DEMO_MEMORY,supply_current,mA,stress125C_meas25C,3.9727347680797145,3.990938293189616,0.01820352510990153,0,6.0,DEMO_ONLY_v1,30,3.947109447012154,0.11341027299885376,0.015416131182235615,0.011720643934736374,0.26066555492303506,0.16040683922321716,0.26066555492303506,0.3577810579456559,1.807145925236668,0.08770447163173752,0.9436292582828455,4.102061708037072,3.442709200413336,5.0100416105742465,0.6035471673945598,PASS,EARLY_SCREEN,R5,B_INTERVAL_INSIDE,DEMO_SPEC_NOT_APPROVED;B_INTERVAL_INSIDE,SYNTHETIC,7bb70511fd9f,drishti-0.1.0/A:749f3fff65152311/B:2ba4eaf285832628
SYN_L150_D019:leakage_current,SYN_L150_D019,SYN_L150,DEMO_MEMORY,leakage_current,uA,stress125C_meas25C,10.497603373053453,27.952074192270103,17.454470819216652,0,50.0,DEMO_ONLY_v1,30,9.9415943238305,0.5849219753407313,0.2678697905645784,0.07198100832007448,20.76841486067489,161.04530696611357,161.04530696611357,0.7730271617723222,10.045582175821139,0.9993513281466089,0.9436292582828455,13.871341207971499,2.0580814259607383,23.949848144148962,9.771116073985056,ESCALATE,INSUFFICIENT_EVIDENCE,R3,B_OUT_OF_DOMAIN,DEMO_SPEC_NOT_APPROVED;A_UNUSUAL_CHANGE;B_OUT_OF_DOMAIN;B_INTERVAL_INSIDE,SYNTHETIC,7bb70511fd9f,drishti-0.1.0/A:749f3fff65152311/B:2ba4eaf285832628
SYN_L150_D019:supply_current,SYN_L150_D019,SYN_L150,DEMO_MEMORY,supply_current,mA,stress125C_meas25C,3.866478924320216,3.875861258162736,0.009382333842520296,0,6.0,DEMO_ONLY_v1,30,3.947109447012154,0.11341027299885376,0.015416131182235615,0.011720643934736374,-0.4237380242340268,-0.3472284093650341,0.4237380242340268,0.3597064666423356,2.1150762538637187,0.14392079179243886,0.9436292582828455,4.004186848861469,3.349906625775747,4.724108920824518,0.6035471673945598,PASS,EARLY_SCREEN,R5,B_INTERVAL_INSIDE,DEMO_SPEC_NOT_APPROVED;B_INTERVAL_INSIDE,SYNTHETIC,7bb70511fd9f,drishti-0.1.0/A:749f3fff65152311/B:2ba4eaf285832628
SYN_L150_D020:leakage_current,SYN_L150_D020,SYN_L150,DEMO_MEMORY,leakage_current,uA,stress125C_meas25C,9.664129721660036,10.063253715022348,0.39912399336231275,0,50.0,DEMO_ONLY_v1,30,9.9415943238305,0.5849219753407313,0.2678697905645784,0.07198100832007448,0.1402890276342394,1.2299042344041353,1.2299042344041353,0.36240674621112257,2.5766341217092568,0.47044692625316764,0.9436292582828455,12.046553353410362,1.2795679499284667,26.236444120896248,9.771116073985056,PASS,EARLY_SCREEN,R5,B_INTERVAL_INSIDE,DEMO_SPEC_NOT_APPROVED;B_INTERVAL_INSIDE,SYNTHETIC,7bb70511fd9f,drishti-0.1.0/A:749f3fff65152311/B:2ba4eaf285832628
SYN_L150_D020:supply_current,SYN_L150_D020,SYN_L150,DEMO_MEMORY,supply_current,mA,stress125C_meas25C,4.080978008511283,4.111894665566364,0.030916657055080954,0,6.0,DEMO_ONLY_v1,30,3.947109447012154,0.11341027299885376,0.015416131182235615,0.011720643934736374,0.9800356200030417,0.8920125486686602,0.9800356200030417,0.390886141805613,3.509580947604854,0.554227945766327,0.9436292582828455,4.228160191930043,3.562606140280074,5.3110683172128414,0.6035471673945598,PASS,EARLY_SCREEN,R5,B_INTERVAL_INSIDE,DEMO_SPEC_NOT_APPROVED;B_INTERVAL_INSIDE,SYNTHETIC,7bb70511fd9f,drishti-0.1.0/A:749f3fff65152311/B:2ba4eaf285832628
SYN_L150_D021:leakage_current,SYN_L150_D021,SYN_L150,DEMO_MEMORY,leakage_current,uA,stress125C_meas25C,8.828464070639123,9.09367366653647,0.26520959589734616,0,50.0,DEMO_ONLY_v1,30,9.9415943238305,0.5849219753407313,0.2678697905645784,0.07198100832007448,-0.9777622866383,-0.024927085120543514,0.9777622866383,0.3629932644046364,2.5916065510169948,0.4397557723037558,0.9436292582828455,10.539920318286553,0.3461083598798744,21.313020880865672,9.771116073985056,PASS,EARLY_SCREEN,R5,B_INTERVAL_INSIDE,DEMO_SPEC_NOT_APPROVED;B_INTERVAL_INSIDE,SYNTHETIC,7bb70511fd9f,drishti-0.1.0/A:749f3fff65152311/B:2ba4eaf285832628
SYN_L150_D021:supply_current,SYN_L150_D021,SYN_L150,DEMO_MEMORY,supply_current,mA,stress125C_meas25C,3.8423069759536137,3.829230665428629,-0.013076310524984702,0,6.0,DEMO_ONLY_v1,30,3.947109447012154,0.11341027299885376,0.015416131182235615,0.011720643934736374,-0.7010665507987197,-1.6396615026832915,1.6396615026832915,0.4271081526008186,4.473518678250289,0.7848837416052007,0.9436292582828455,3.9251416407434823,3.2908106963595993,4.584452384308744,0.6035471673945598,PASS,EARLY_SCREEN,R5,B_INTERVAL_INSIDE,DEMO_SPEC_NOT_APPROVED;B_INTERVAL_INSIDE,SYNTHETIC,7bb70511fd9f,drishti-0.1.0/A:749f3fff65152311/B:2ba4eaf285832628
SYN_L150_D022:leakage_current,SYN_L150_D022,SYN_L150,DEMO_MEMORY,leakage_current,uA,stress125C_meas25C,10.17582761723549,10.56405955377811,0.38823193654262056,0,50.0,DEMO_ONLY_v1,30,9.9415943238305,0.5849219753407313,0.2678697905645784,0.07198100832007448,0.7177829922539077,1.1278413174204127,1.1278413174204127,0.3663027863112801,3.111857515460481,0.5203915366098689,0.9436292582828455,12.564303165643523,2.0438483029840757,24.035606575620193,9.771116073985056,PASS,EARLY_SCREEN,R5,B_INTERVAL_INSIDE,DEMO_SPEC_NOT_APPROVED;B_INTERVAL_INSIDE,SYNTHETIC,7bb70511fd9f,drishti-0.1.0/A:749f3fff65152311/B:2ba4eaf285832628
SYN_L150_D022:supply_current,SYN_L150_D022,SYN_L150,DEMO_MEMORY,supply_current,mA,stress125C_meas25C,3.7871909615096273,3.830674077064478,0.04348311555485074,0,6.0,DEMO_ONLY_v1,30,3.947109447012154,0.11341027299885376,0.015416131182235615,0.011720643934736374,-0.6924820744126077,1.6151776055236597,1.6151776055236597,0.4462102535734582,4.147905158813324,0.7822062840511106,0.9436292582828455,3.937747529871417,3.2725439650361823,4.754919985161273,0.6035471673945598,PASS,EARLY_SCREEN,R5,B_INTERVAL_INSIDE,DEMO_SPEC_NOT_APPROVED;B_INTERVAL_INSIDE,SYNTHETIC,7bb70511fd9f,drishti-0.1.0/A:749f3fff65152311/B:2ba4eaf285832628
SYN_L150_D023:leakage_current,SYN_L150_D023,SYN_L150,DEMO_MEMORY,leakage_current,uA,stress125C_meas25C,8.51031982672946,8.780849811961271,0.2705299852318106,0,50.0,DEMO_ONLY_v1,30,9.9415943238305,0.5849219753407313,0.2678697905645784,0.07198100832007448,-1.338488688021853,0.024927085120543514,1.338488688021853,0.3766088602127651,3.2568249560519296,0.5933071587597599,0.9436292582828455,10.314499793114955,-0.011911378506791692,21.006651970149875,9.771116073985056,ESCALATE,REVIEW,R4,B_INTERVAL_CROSSES_LIMIT,DEMO_SPEC_NOT_APPROVED;B_INTERVAL_CROSSES_LIMIT,SYNTHETIC,7bb70511fd9f,drishti-0.1.0/A:749f3fff65152311/B:2ba4eaf285832628
SYN_L150_D023:supply_current,SYN_L150_D023,SYN_L150,DEMO_MEMORY,supply_current,mA,stress125C_meas25C,3.774421650554618,3.781997920160386,0.007576269605768182,0,6.0,DEMO_ONLY_v1,30,3.947109447012154,0.11341027299885376,0.015416131182235615,0.011720643934736374,-0.9819762901524347,-0.4511624291589602,0.9819762901524347,0.37942012474117953,2.9588442413105613,0.46499838386924136,0.9436292582828455,3.884377631381854,3.239293911708939,4.545790304229228,0.6035471673945598,PASS,EARLY_SCREEN,R5,B_INTERVAL_INSIDE,DEMO_SPEC_NOT_APPROVED;B_INTERVAL_INSIDE,SYNTHETIC,7bb70511fd9f,drishti-0.1.0/A:749f3fff65152311/B:2ba4eaf285832628
SYN_L150_D024:leakage_current,SYN_L150_D024,SYN_L150,DEMO_MEMORY,leakage_current,uA,stress125C_meas25C,9.46868056536401,9.957245327207255,0.4885647618432447,0,50.0,DEMO_ONLY_v1,30,9.9415943238305,0.5849219753407313,0.2678697905645784,0.07198100832007448,0.018047633016367377,2.06799991087231,2.06799991087231,0.39564244710369095,2.9985205447717913,0.6704715110255561,0.9436292582828455,12.025873080976414,1.0609986462730667,25.94410306932104,9.771116073985056,PASS,EARLY_SCREEN,R5,B_INTERVAL_INSIDE,DEMO_SPEC_NOT_APPROVED;B_INTERVAL_INSIDE,SYNTHETIC,7bb70511fd9f,drishti-0.1.0/A:749f3fff65152311/B:2ba4eaf285832628
SYN_L150_D024:supply_current,SYN_L150_D024,SYN_L150,DEMO_MEMORY,supply_current,mA,stress125C_meas25C,4.217279856959999,4.232243667662395,0.014963810702395719,0,6.0,DEMO_ONLY_v1,30,3.947109447012154,0.11341027299885376,0.015416131182235615,0.011720643934736374,1.6957934405209651,-0.026029797140227826,1.6957934405209651,0.42345281872084534,3.2589458476210673,0.6997111625883995,0.9436292582828455,4.338094949516231,3.684350245173888,5.390099931465212,0.6035471673945598,PASS,EARLY_SCREEN,R5,B_INTERVAL_INSIDE,DEMO_SPEC_NOT_APPROVED;B_INTERVAL_INSIDE,SYNTHETIC,7bb70511fd9f,drishti-0.1.0/A:749f3fff65152311/B:2ba4eaf285832628
SYN_L150_D025:leakage_current,SYN_L150_D025,SYN_L150,DEMO_MEMORY,leakage_current,uA,stress125C_meas25C,8.796810241499246,9.105977637186951,0.30916739568770524,0,50.0,DEMO_ONLY_v1,30,9.9415943238305,0.5849219753407313,0.2678697905645784,0.07198100832007448,-0.9635742156502216,0.3869750326391863,0.9635742156502216,0.36627377271517086,2.8719340665537714,0.4750972558678159,0.9436292582828455,10.57029545859456,0.3463254310588244,21.804247827675383,9.771116073985056,PASS,EARLY_SCREEN,R5,B_INTERVAL_INSIDE,DEMO_SPEC_NOT_APPROVED;B_INTERVAL_INSIDE,SYNTHETIC,7bb70511fd9f,drishti-0.1.0/A:749f3fff65152311/B:2ba4eaf285832628
SYN_L150_D025:supply_current,SYN_L150_D025,SYN_L150,DEMO_MEMORY,supply_current,mA,stress125C_meas25C,4.158442877811492,4.194583757519988,0.03614087970849589,0,6.0,DEMO_ONLY_v1,30,3.947109447012154,0.11341027299885376,0.015416131182235615,0.011720643934736374,1.4718167167013392,1.1926521658089388,1.4718167167013392,0.4342693075658988,4.423199148899997,0.764087266569251,0.9436292582828455,4.290568081370643,3.622668749395029,5.026495306627803,0.6035471673945598,PASS,EARLY_SCREEN,R5,B_INTERVAL_INSIDE,DEMO_SPEC_NOT_APPROVED;B_INTERVAL_INSIDE,SYNTHETIC,7bb70511fd9f,drishti-0.1.0/A:749f3fff65152311/B:2ba4eaf285832628
SYN_L150_D026:leakage_current,SYN_L150_D026,SYN_L150,DEMO_MEMORY,leakage_current,uA,stress125C_meas25C,8.928543745042605,9.169970455536014,0.2414267104934087,0,50.0,DEMO_ONLY_v1,30,9.9415943238305,0.5849219753407313,0.2678697905645784,0.07198100832007448,-0.8897822118121653,-0.2477822077845159,0.8897822118121653,0.3618936665466204,2.700371056216833,0.42936492385500186,0.9436292582828455,10.746412742836235,0.6136647732860112,21.21996143721337,9.771116073985056,PASS,EARLY_SCREEN,R5,B_INTERVAL_INSIDE,DEMO_SPEC_NOT_APPROVED;B_INTERVAL_INSIDE,SYNTHETIC,7bb70511fd9f,drishti-0.1.0/A:749f3fff65152311/B:2ba4eaf285832628
SYN_L150_D026:supply_current,SYN_L150_D026,SYN_L150,DEMO_MEMORY,supply_current,mA,stress125C_meas25C,3.900342077644932,4.222153018883257,0.3218109412383252,0,6.0,DEMO_ONLY_v1,30,3.947109447012154,0.11341027299885376,0.015416131182235615,0.011720643934736374,1.6357808051689535,17.63217697638106,17.63217697638106,0.6723504092127806,6.241038330911104,0.9686918410682073,0.9436292582828455,4.123698890905067,3.3602273777034637,5.341821894832249,0.6035471673945598,ESCALATE,REVIEW,R4,A_UNUSUAL_CHANGE,DEMO_SPEC_NOT_APPROVED;A_UNUSUAL_CHANGE;B_INTERVAL_INSIDE,SYNTHETIC,7bb70511fd9f,drishti-0.1.0/A:749f3fff65152311/B:2ba4eaf285832628
SYN_L150_D027:leakage_current,SYN_L150_D027,SYN_L150,DEMO_MEMORY,leakage_current,uA,stress125C_meas25C,8.779320788233065,9.184422427469045,0.40510163923597986,0,50.0,DEMO_ONLY_v1,30,9.9415943238305,0.5849219753407313,0.2678697905645784,0.07198100832007448,-0.8731172172727375,1.2859171605816009,1.2859171605816009,0.37873348744239516,3.4783071548577533,0.6228720650044067,0.9436292582828455,11.279607662503663,0.7130272003036335,21.804247827675383,9.771116073985056,PASS,EARLY_SCREEN,R5,B_INTERVAL_INSIDE,DEMO_SPEC_NOT_APPROVED;B_INTERVAL_INSIDE,SYNTHETIC,7bb70511fd9f,drishti-0.1.0/A:749f3fff65152311/B:2ba4eaf285832628
SYN_L150_D027:supply_current,SYN_L150_D027,SYN_L150,DEMO_MEMORY,supply_current,mA,stress125C_meas25C,3.903588006413646,3.940497281202474,0.03690927478882777,0,6.0,DEMO_ONLY_v1,30,3.947109447012154,0.11341027299885376,0.015416131182235615,0.011720643934736374,-0.03932487437713423,1.2368711851902139,1.2368711851902139,0.379390623272733,2.943435615957716,0.5024418628426484,0.9436292582828455,4.0462942738190115,3.373882421709012,5.0612786954452496,0.6035471673945598,PASS,EARLY_SCREEN,R5,B_INTERVAL_INSIDE,DEMO_SPEC_NOT_APPROVED;B_INTERVAL_INSIDE,SYNTHETIC,7bb70511fd9f,drishti-0.1.0/A:749f3fff65152311/B:2ba4eaf285832628
SYN_L150_D028:leakage_current,SYN_L150_D028,SYN_L150,DEMO_MEMORY,leakage_current,uA,stress125C_meas25C,10.213313499522066,10.357038472618674,0.14372497309660837,0,50.0,DEMO_ONLY_v1,30,9.9415943238305,0.5849219753407313,0.2678697905645784,0.07198100832007448,0.4790608854676931,-1.163286458099004,1.163286458099004,0.3797518596485106,3.6550219688904715,0.625666659328623,0.9436292582828455,12.068494221579956,1.6514046852459465,24.035606575620193,9.771116073985056,PASS,EARLY_SCREEN,R5,B_INTERVAL_INSIDE,DEMO_SPEC_NOT_APPROVED;B_INTERVAL_INSIDE,SYNTHETIC,7bb70511fd9f,drishti-0.1.0/A:749f3fff65152311/B:2ba4eaf285832628
SYN_L150_D028:supply_current,SYN_L150_D028,SYN_L150,DEMO_MEMORY,supply_current,mA,stress125C_meas25C,3.9586511983902,3.9475066549792586,-0.011144543410941399,0,6.0,DEMO_ONLY_v1,30,3.947109447012154,0.11341027299885376,0.015416131182235615,0.011720643934736374,0.002362335406820807,-1.5284936287048483,1.5284936287048483,0.40872221639996026,3.6165157527578646,0.6884769578632945,0.9436292582828455,4.059921846566789,3.4113265082684436,4.990185269978705,0.6035471673945598,PASS,EARLY_SCREEN,R5,B_INTERVAL_INSIDE,DEMO_SPEC_NOT_APPROVED;B_INTERVAL_INSIDE,SYNTHETIC,7bb70511fd9f,drishti-0.1.0/A:749f3fff65152311/B:2ba4eaf285832628
SYN_L150_D029:leakage_current,SYN_L150_D029,SYN_L150,DEMO_MEMORY,leakage_current,uA,stress125C_meas25C,9.87671307111944,10.110373307108604,0.23366023598916463,0,50.0,DEMO_ONLY_v1,30,9.9415943238305,0.5849219753407313,0.2678697905645784,0.07198100832007448,0.19462401724370396,-0.3205571717518138,0.3205571717518138,0.34460599018937677,1.923903761659897,0.09877319600088696,0.9436292582828455,11.973642976833002,1.4702021619665153,25.32740656129573,9.771116073985056,PASS,EARLY_SCREEN,R5,B_INTERVAL_INSIDE,DEMO_SPEC_NOT_APPROVED;B_INTERVAL_INSIDE,SYNTHETIC,7bb70511fd9f,drishti-0.1.0/A:749f3fff65152311/B:2ba4eaf285832628
SYN_L150_D029:supply_current,SYN_L150_D029,SYN_L150,DEMO_MEMORY,supply_current,mA,stress125C_meas25C,3.839544894611461,3.88641295953724,0.046868064925778885,0,6.0,DEMO_ONLY_v1,30,3.947109447012154,0.11341027299885376,0.015416131182235615,0.011720643934736374,-0.36098334702827467,1.8099721138032514,1.8099721138032514,0.44991896052753855,4.062485878383673,0.7992234795491626,0.9436292582828455,3.9897923974856697,3.3501210062959816,4.91159195094871,0.6035471673945598,PASS,EARLY_SCREEN,R5,B_INTERVAL_INSIDE,DEMO_SPEC_NOT_APPROVED;B_INTERVAL_INSIDE,SYNTHETIC,7bb70511fd9f,drishti-0.1.0/A:749f3fff65152311/B:2ba4eaf285832628
SYN_L152_D000:RDS_on,SYN_L152_D000,SYN_L152,DEMO_MOSFET,RDS_on,ohm,stress125C_meas25C,0.3368746529653954,0.34054747737074,0.0036728244053445547,0,0.5,DEMO_ONLY_v1,30,0.3408696313506971,0.005541495497761145,0.003722536632089879,0.0006762498499208736,-0.039211415528076436,-0.049582913144675445,0.049582913144675445,0.3538629424688616,1.4910859799882112,0.002674255279005834,0.9436292582828455,0.36734956289841264,0.2714288967966214,0.5089993326920672,0.08260454472117185,ESCALATE,REVIEW,R4,B_INTERVAL_CROSSES_LIMIT,DEMO_SPEC_NOT_APPROVED;B_INTERVAL_CROSSES_LIMIT,SYNTHETIC,7bb70511fd9f,drishti-0.1.0/A:749f3fff65152311/B:2ba4eaf285832628
SYN_L152_D000:threshold_voltage,SYN_L152_D000,SYN_L152,DEMO_MOSFET,threshold_voltage,V,stress125C_meas25C,1.8061799478814708,1.831061502932056,0.024881555050585202,1,2.5,DEMO_ONLY_v1,30,1.8735351624112697,0.03655560485731302,0.010264319198285077,0.007969499672587865,-0.7836853186182202,1.2371153669004342,1.2371153669004342,0.41754850911205327,3.55487990886311,0.6586750674283841,0.9436292582828455,1.8903188525934862,1.5366126583704154,2.5087091061305364,0.31436590685444354,ESCALATE,REVIEW,R4,B_INTERVAL_CROSSES_LIMIT,DEMO_SPEC_NOT_APPROVED;B_INTERVAL_CROSSES_LIMIT,SYNTHETIC,7bb70511fd9f,drishti-0.1.0/A:749f3fff65152311/B:2ba4eaf285832628
SYN_L152_D001:RDS_on,SYN_L152_D001,SYN_L152,DEMO_MOSFET,RDS_on,ohm,stress125C_meas25C,0.3394653167262729,0.3437859928861321,0.004320676159859205,0,0.5,DEMO_ONLY_v1,30,0.3408696313506971,0.005541495497761145,0.003722536632089879,0.0006762498499208736,0.3549689623926631,0.5965836212833321,0.5965836212833321,0.3651190306210006,2.2343303410725515,0.2008534746399726,0.9436292582828455,0.36628293657187316,0.27534466342415403,0.5131044362335191,0.08260454472117185,ESCALATE,REVIEW,R4,B_INTERVAL_CROSSES_LIMIT,DEMO_SPEC_NOT_APPROVED;B_INTERVAL_CROSSES_LIMIT,SYNTHETIC,7bb70511fd9f,drishti-0.1.0/A:749f3fff65152311/B:2ba4eaf285832628
SYN_L152_D001:threshold_voltage,SYN_L152_D001,SYN_L152,DEMO_MOSFET,threshold_voltage,V,stress125C_meas25C,1.8434108004061007,1.839927925635519,-0.0034828747705817342,1,2.5,DEMO_ONLY_v1,30,1.8735351624112697,0.03655560485731302,0.010264319198285077,0.007969499672587865,-0.6200901543077911,-1.163480228580286,1.163480228580286,0.3908111180557393,3.3978039091027004,0.5648486410647445,0.9436292582828455,1.8990340539743604,1.564359502084526,2.265114703305811,0.31436590685444354,PASS,EARLY_SCREEN,R5,B_INTERVAL_INSIDE,DEMO_SPEC_NOT_APPROVED;B_INTERVAL_INSIDE,SYNTHETIC,7bb70511fd9f,drishti-0.1.0/A:749f3fff65152311/B:2ba4eaf285832628
SYN_L152_D002:RDS_on,SYN_L152_D002,SYN_L152,DEMO_MOSFET,RDS_on,ohm,stress125C_meas25C,0.3338676245975244,0.3380654129721789,0.00419778837465451,0,0.5,DEMO_ONLY_v1,30,0.3408696313506971,0.005541495497761145,0.003722536632089879,0.0006762498499208736,-0.34131930353983364,0.474015497116192,0.474015497116192,0.3626437425599696,2.136011893168231,0.1633648871510231,0.9436292582828455,0.35785291298460886,0.2689252274874478,0.5153088073502572,0.08260454472117185,ESCALATE,REVIEW,R4,B_INTERVAL_CROSSES_LIMIT,DEMO_SPEC_NOT_APPROVED;B_INTERVAL_CROSSES_LIMIT,SYNTHETIC,7bb70511fd9f,drishti-0.1.0/A:749f3fff65152311/B:2ba4eaf285832628
SYN_L152_D002:threshold_voltage,SYN_L152_D002,SYN_L152,DEMO_MOSFET,threshold_voltage,V,stress125C_meas25C,1.8316085757495493,1.851434830239726,0.01982625449017683,1,2.5,DEMO_ONLY_v1,30,1.8735351624112697,0.03655560485731302,0.010264319198285077,0.007969499672587865,-0.40777522049638343,0.8092649804953013,0.8092649804953013,0.3847546686279095,2.61816257369283,0.38435192613441016,0.9436292582828455,1.9154559220284089,1.5574007130134975,2.3460658043671376,0.31436590685444354,PASS,EARLY_SCREEN,R5,B_INTERVAL_INSIDE,DEMO_SPEC_NOT_APPROVED;B_INTERVAL_INSIDE,SYNTHETIC,7bb70511fd9f,drishti-0.1.0/A:749f3fff65152311/B:2ba4eaf285832628
SYN_L152_D003:RDS_on,SYN_L152_D003,SYN_L152,DEMO_MOSFET,RDS_on,ohm,stress125C_meas25C,0.3560351520932079,0.3624677475038836,0.006432595410675701,0,0.5,DEMO_ONLY_v1,30,0.3408696313506971,0.005541495497761145,0.003722536632089879,0.0006762498499208736,2.6288444650567877,2.70300925613284,2.70300925613284,0.5530546426293922,5.667659000917499,0.9293320633342219,0.9436292582828455,0.37551767020701216,0.2891831643057608,0.5224293063413741,0.08260454472117185,ESCALATE,REVIEW,R4,B_INTERVAL_CROSSES_LIMIT,DEMO_SPEC_NOT_APPROVED;B_INTERVAL_CROSSES_LIMIT,SYNTHETIC,7bb70511fd9f,drishti-0.1.0/A:749f3fff65152311/B:2ba4eaf285832628
SYN_L152_D003:threshold_voltage,SYN_L152_D003,SYN_L152,DEMO_MOSFET,threshold_voltage,V,stress125C_meas25C,1.827431308207856,1.838336620668602,0.010905312460746108,1,2.5,DEMO_ONLY_v1,30,1.8735351624112697,0.03655560485731302,0.010264319198285077,0.007969499672587865,-0.6494514656548245,0.05424983376357055,0.6494514656548245,0.37186106356130344,2.071036679583636,0.20409716453321314,0.9436292582828455,1.8956006785302395,1.549400337181131,2.288131150254164,0.31436590685444354,PASS,EARLY_SCREEN,R5,B_INTERVAL_INSIDE,DEMO_SPEC_NOT_APPROVED;B_INTERVAL_INSIDE,SYNTHETIC,7bb70511fd9f,drishti-0.1.0/A:749f3fff65152311/B:2ba4eaf285832628
SYN_L152_D004:RDS_on,SYN_L152_D004,SYN_L152,DEMO_MOSFET,RDS_on,ohm,stress125C_meas25C,0.3358392570084503,0.3803458259135891,0.04450656890513882,0,0.5,DEMO_ONLY_v1,30,0.3408696313506971,0.005541495497761145,0.003722536632089879,0.0006762498499208736,4.804899410768872,40.677943079152556,40.677943079152556,0.754936519113571,8.435549202375727,0.9920083328883509,0.9436292582828455,0.36471059712995,0.27659689219396194,0.5520188286001488,0.08260454472117185,ESCALATE,REVIEW,R4,A_UNUSUAL_CHANGE;B_INTERVAL_CROSSES_LIMIT,DEMO_SPEC_NOT_APPROVED;A_UNUSUAL_CHANGE;B_INTERVAL_CROSSES_LIMIT,SYNTHETIC,7bb70511fd9f,drishti-0.1.0/A:749f3fff65152311/B:2ba4eaf285832628
SYN_L152_D004:threshold_voltage,SYN_L152_D004,SYN_L152,DEMO_MOSFET,threshold_voltage,V,stress125C_meas25C,1.846612907461744,1.8588810345870697,0.012268127125325767,1,2.5,DEMO_ONLY_v1,30,1.8735351624112697,0.03655560485731302,0.010264319198285077,0.007969499672587865,-0.27038463305947663,0.16959031132201807,0.27038463305947663,0.36268183718320374,1.78726041336085,0.056020680733696815,0.9436292582828455,1.926160302314424,1.5785802068538841,2.4189681648520285,0.31436590685444354,PASS,EARLY_SCREEN,R5,B_INTERVAL_INSIDE,DEMO_SPEC_NOT_APPROVED;B_INTERVAL_INSIDE,SYNTHETIC,7bb70511fd9f,drishti-0.1.0/A:749f3fff65152311/B:2ba4eaf285832628
SYN_L152_D005:RDS_on,SYN_L152_D005,SYN_L152,DEMO_MOSFET,RDS_on,ohm,stress125C_meas25C,0.3412486156692961,0.3467239185948286,0.005475302925532499,0,0.5,DEMO_ONLY_v1,30,0.3408696313506971,0.005541495497761145,0.003722536632089879,0.0006762498499208736,0.7125626378445544,1.7482069217278482,1.7482069217278482,0.400138060697388,3.6312003425272588,0.6895743105288793,0.9436292582828455,0.37338238022767883,0.2800002129369829,0.5597750448021459,0.08260454472117185,ESCALATE,REVIEW,R4,B_INTERVAL_CROSSES_LIMIT,DEMO_SPEC_NOT_APPROVED;B_INTERVAL_CROSSES_LIMIT,SYNTHETIC,7bb70511fd9f,drishti-0.1.0/A:749f3fff65152311/B:2ba4eaf285832628
SYN_L152_D005:threshold_voltage,SYN_L152_D005,SYN_L152,DEMO_MOSFET,threshold_voltage,V,stress125C_meas25C,1.8373930537145653,1.850798144770499,0.013405091055933793,1,2.5,DEMO_ONLY_v1,30,1.8735351624112697,0.03655560485731302,0.010264319198285077,0.007969499672587865,-0.419522761464803,0.2658161343421328,0.419522761464803,0.37043529927416446,2.051391430988148,0.15099880695395207,0.9436292582828455,1.9174234821545846,1.561936792964267,2.3341180348687143,0.31436590685444354,PASS,EARLY_SCREEN,R5,B_INTERVAL_INSIDE,DEMO_SPEC_NOT_APPROVED;B_INTERVAL_INSIDE,SYNTHETIC,7bb70511fd9f,drishti-0.1.0/A:749f3fff65152311/B:2ba4eaf285832628
SYN_L152_D006:RDS_on,SYN_L152_D006,SYN_L152,DEMO_MOSFET,RDS_on,ohm,stress125C_meas25C,0.3320498132911234,0.3364587383088211,0.00440892501769774,0,0.5,DEMO_ONLY_v1,30,0.3408696313506971,0.005541495497761145,0.003722536632089879,0.0006762498499208736,-0.536877923836074,0.6846029223647601,0.6846029223647601,0.37429387201170267,2.614280032263859,0.3379405558773591,0.9436292582828455,0.36059038785258596,0.2687476894927182,0.4983360476884519,0.08260454472117185,PASS,EARLY_SCREEN,R5,B_INTERVAL_INSIDE,DEMO_SPEC_NOT_APPROVED;B_INTERVAL_INSIDE,SYNTHETIC,7bb70511fd9f,drishti-0.1.0/A:749f3fff65152311/B:2ba4eaf285832628
SYN_L152_D006:threshold_voltage,SYN_L152_D006,SYN_L152,DEMO_MOSFET,threshold_voltage,V,stress125C_meas25C,1.802345469947627,1.8104987568459128,0.008153286898285872,1,2.5,DEMO_ONLY_v1,30,1.8735351624112697,0.03655560485731302,0.010264319198285077,0.007969499672587865,-1.163090399691378,-0.17866514057384056,1.163090399691378,0.3938070404089828,2.884933916306866,0.534395553899507,0.9436292582828455,1.8676253332972788,1.5177548509249754,2.259733837847607,0.31436590685444354,PASS,EARLY_SCREEN,R5,B_INTERVAL_INSIDE,DEMO_SPEC_NOT_APPROVED;B_INTERVAL_INSIDE,SYNTHETIC,7bb70511fd9f,drishti-0.1.0/A:749f3fff65152311/B:2ba4eaf285832628
SYN_L152_D007:RDS_on,SYN_L152_D007,SYN_L152,DEMO_MOSFET,RDS_on,ohm,stress125C_meas25C,0.3323595164868914,0.3365457775023965,0.004186261015505122,0,0.5,DEMO_ONLY_v1,30,0.3408696313506971,0.005541495497761145,0.003722536632089879,0.0006762498499208736,-0.5262838284691079,0.4625181234334622,0.5262838284691079,0.36620988896039575,2.288834579997186,0.20443361621339698,0.9436292582828455,0.357458328789309,0.26692887736479143,0.4983360476884519,0.08260454472117185,PASS,EARLY_SCREEN,R5,B_INTERVAL_INSIDE,DEMO_SPEC_NOT_APPROVED;B_INTERVAL_INSIDE,SYNTHETIC,7bb70511fd9f,drishti-0.1.0/A:749f3fff65152311/B:2ba4eaf285832628
SYN_L152_D007:threshold_voltage,SYN_L152_D007,SYN_L152,DEMO_MOSFET,threshold_voltage,V,stress125C_meas25C,1.79748330553424,1.804802857411318,0.00731955187707789,1,2.5,DEMO_ONLY_v1,30,1.8735351624112697,0.03655560485731302,0.010264319198285077,0.007969499672587865,-1.2681859534522288,-0.2492274833506489,1.2681859534522288,0.3974284451674532,3.1617463165217434,0.5875672687176254,0.9436292582828455,1.864623551044939,1.5140772396425026,2.267296599564045,0.31436590685444354,PASS,EARLY_SCREEN,R5,B_INTERVAL_INSIDE,DEMO_SPEC_NOT_APPROVED;B_INTERVAL_INSIDE,SYNTHETIC,7bb70511fd9f,drishti-0.1.0/A:749f3fff65152311/B:2ba4eaf285832628
SYN_L152_D008:RDS_on,SYN_L152_D008,SYN_L152,DEMO_MOSFET,RDS_on,ohm,stress125C_meas25C,0.349577703340435,0.3532757343866244,0.0036980310461894317,0,0.5,DEMO_ONLY_v1,30,0.3408696313506971,0.005541495497761145,0.003722536632089879,0.0006762498499208736,1.5100259239095728,-0.024441840907388917,1.5100259239095728,0.39903024854757474,3.057081441644862,0.6160092572014572,0.9436292582828455,0.3711863564934494,0.2823588812775924,0.5122076960481123,0.08260454472117185,ESCALATE,REVIEW,R4,B_INTERVAL_CROSSES_LIMIT,DEMO_SPEC_NOT_APPROVED;B_INTERVAL_CROSSES_LIMIT,SYNTHETIC,7bb70511fd9f,drishti-0.1.0/A:749f3fff65152311/B:2ba4eaf285832628
SYN_L152_D008:threshold_voltage,SYN_L152_D008,SYN_L152,DEMO_MOSFET,threshold_voltage,V,stress125C_meas25C,1.896931953599992,1.917522655608264,0.020590702008272066,1,2.5,DEMO_ONLY_v1,30,1.8735351624112697,0.03655560485731302,0.010264319198285077,0.007969499672587865,0.8116172009660213,0.8739632436539748,0.8739632436539748,0.39420948150436985,3.193024860389854,0.5034290561007572,0.9436292582828455,1.983807498298742,1.619535393914299,2.575581246216293,0.31436590685444354,ESCALATE,REVIEW,R4,B_INTERVAL_CROSSES_LIMIT,DEMO_SPEC_NOT_APPROVED;B_INTERVAL_CROSSES_LIMIT,SYNTHETIC,7bb70511fd9f,drishti-0.1.0/A:749f3fff65152311/B:2ba4eaf285832628
SYN_L152_D009:RDS_on,SYN_L152_D009,SYN_L152,DEMO_MOSFET,RDS_on,ohm,stress125C_meas25C,0.3529001891396343,0.4278822377876745,0.0749820486480402,0,0.5,DEMO_ONLY_v1,30,0.3408696313506971,0.005541495497761145,0.003722536632089879,0.0006762498499208736,10.59085927678302,71.0741486821679,71.0741486821679,0.8237880695775885,13.733866568923764,1.0,0.9436292582828455,0.3900308902997812,0.2789835754556475,0.5196053844541717,0.08260454472117185,ESCALATE,INSUFFICIENT_EVIDENCE,R3,B_OUT_OF_DOMAIN,DEMO_SPEC_NOT_APPROVED;A_UNUSUAL_CHANGE;B_OUT_OF_DOMAIN;B_INTERVAL_CROSSES_LIMIT,SYNTHETIC,7bb70511fd9f,drishti-0.1.0/A:749f3fff65152311/B:2ba4eaf285832628
SYN_L152_D009:threshold_voltage,SYN_L152_D009,SYN_L152,DEMO_MOSFET,threshold_voltage,V,stress125C_meas25C,1.839208208039228,1.84731972870237,0.008111520663141913,1,2.5,DEMO_ONLY_v1,30,1.8735351624112697,0.03655560485731302,0.010264319198285077,0.007969499672587865,-0.48370332979969327,-0.18219998476984753,0.48370332979969327,0.3693855064330331,2.01297979308666,0.14662150157663179,0.9436292582828455,1.9172559957411885,1.5665601846741755,2.2999193754470735,0.31436590685444354,PASS,EARLY_SCREEN,R5,B_INTERVAL_INSIDE,DEMO_SPEC_NOT_APPROVED;B_INTERVAL_INSIDE,SYNTHETIC,7bb70511fd9f,drishti-0.1.0/A:749f3fff65152311/B:2ba4eaf285832628
SYN_L152_D010:RDS_on,SYN_L152_D010,SYN_L152,DEMO_MOSFET,RDS_on,ohm,stress125C_meas25C,0.3047333518314537,0.3091219997777775,0.004388647946323765,0,0.5,DEMO_ONLY_v1,30,0.3408696313506971,0.005541495497761145,0.003722536632089879,0.0006762498499208736,-3.864206718177985,0.6643785965884305,3.864206718177985,0.6043044130606635,7.503385121345282,0.9600307813860528,0.9436292582828455,0.3292943880799191,0.23830533946059562,0.4753574946069738,0.08260454472117185,ESCALATE,REVIEW,R4,A_UNUSUAL_LEVEL,DEMO_SPEC_NOT_APPROVED;A_UNUSUAL_LEVEL;B_INTERVAL_INSIDE,SYNTHETIC,7bb70511fd9f,drishti-0.1.0/A:749f3fff65152311/B:2ba4eaf285832628
SYN_L152_D010:threshold_voltage,SYN_L152_D010,SYN_L152,DEMO_MOSFET,threshold_voltage,V,stress125C_meas25C,1.9415383132828656,1.9514171935388904,0.009878880256024791,1,2.5,DEMO_ONLY_v1,30,1.8735351624112697,0.03655560485731302,0.010264319198285077,0.007969499672587865,1.4370083747729276,-0.032621245445459204,1.4370083747729276,0.4051080675334636,2.9879237827854186,0.614264167953863,0.9436292582828455,2.012105256560357,1.619535393914299,2.388497617458403,0.31436590685444354,PASS,EARLY_SCREEN,R5,B_INTERVAL_INSIDE,DEMO_SPEC_NOT_APPROVED;B_INTERVAL_INSIDE,SYNTHETIC,7bb70511fd9f,drishti-0.1.0/A:749f3fff65152311/B:2ba4eaf285832628
SYN_L152_D011:RDS_on,SYN_L152_D011,SYN_L152,DEMO_MOSFET,RDS_on,ohm,stress125C_meas25C,0.3380543733835459,0.3420505278965318,0.0039961545129859055,0,0.5,DEMO_ONLY_v1,30,0.3408696313506971,0.005541495497761145,0.003722536632089879,0.0006762498499208736,0.14373445009296384,0.2729061341951227,0.2729061341951227,0.3587975176690655,1.7789255112479685,0.06553878618607589,0.9436292582828455,0.36779330645029973,0.27629131147224667,0.5138695464549508,0.08260454472117185,ESCALATE,REVIEW,R4,B_INTERVAL_CROSSES_LIMIT,DEMO_SPEC_NOT_APPROVED;B_INTERVAL_CROSSES_LIMIT,SYNTHETIC,7bb70511fd9f,drishti-0.1.0/A:749f3fff65152311/B:2ba4eaf285832628
SYN_L152_D011:threshold_voltage,SYN_L152_D011,SYN_L152,DEMO_MOSFET,threshold_voltage,V,stress125C_meas25C,1.8603006852958064,1.8797857256528,0.01948504035699372,1,2.5,DEMO_ONLY_v1,30,1.8735351624112697,0.03655560485731302,0.010264319198285077,0.007969499672587865,0.11532970564684598,0.7803866582304243,0.7803866582304243,0.37528578294013004,2.3336559639541523,0.2800763318181725,0.9436292582828455,1.9393483940036274,1.597229626401716,2.432858467103951,0.31436590685444354,PASS,EARLY_SCREEN,R5,B_INTERVAL_INSIDE,DEMO_SPEC_NOT_APPROVED;B_INTERVAL_INSIDE,SYNTHETIC,7bb70511fd9f,drishti-0.1.0/A:749f3fff65152311/B:2ba4eaf285832628
SYN_L152_D012:RDS_on,SYN_L152_D012,SYN_L152,DEMO_MOSFET,RDS_on,ohm,stress125C_meas25C,0.3052168563289617,0.3073218901617014,0.002105033832739689,0,0.5,DEMO_ONLY_v1,30,0.3408696313506971,0.005541495497761145,0.003722536632089879,0.0006762498499208736,-4.083309540255313,-1.6132952809037708,4.083309540255313,0.6257604375162523,9.842046270813137,0.9694103499831183,0.9436292582828455,0.3260544941897275,0.23755201554802108,0.42962197987520073,0.08260454472117185,ESCALATE,REVIEW,R4,A_UNUSUAL_LEVEL,DEMO_SPEC_NOT_APPROVED;A_UNUSUAL_LEVEL;B_INTERVAL_INSIDE,SYNTHETIC,7bb70511fd9f,drishti-0.1.0/A:749f3fff65152311/B:2ba4eaf285832628
SYN_L152_D012:threshold_voltage,SYN_L152_D012,SYN_L152,DEMO_MOSFET,threshold_voltage,V,stress125C_meas25C,1.899509531079696,1.911447830383228,0.011938299303532185,1,2.5,DEMO_ONLY_v1,30,1.8735351624112697,0.03655560485731302,0.010264319198285077,0.007969499672587865,0.6995300532983659,0.14167565831271253,0.6995300532983659,0.37218251575046973,2.24256596074121,0.2338144448911773,0.9436292582828455,1.983807498298742,1.619535393914299,2.575581246216293,0.31436590685444354,ESCALATE,REVIEW,R4,B_INTERVAL_CROSSES_LIMIT,DEMO_SPEC_NOT_APPROVED;B_INTERVAL_CROSSES_LIMIT,SYNTHETIC,7bb70511fd9f,drishti-0.1.0/A:749f3fff65152311/B:2ba4eaf285832628
SYN_L152_D013:RDS_on,SYN_L152_D013,SYN_L152,DEMO_MOSFET,RDS_on,ohm,stress125C_meas25C,0.3375139826631158,0.3380499434971189,0.0005359608340031463,0,0.5,DEMO_ONLY_v1,30,0.3408696313506971,0.005541495497761145,0.003722536632089879,0.0006762498499208736,-0.34320219201030644,-3.1782867388920595,3.1782867388920595,0.5249686950824969,6.31628616650922,0.9363575362428512,0.9436292582828455,0.3581580669012301,0.27071662407019204,0.5102885438655851,0.08260454472117185,ESCALATE,REVIEW,R4,B_INTERVAL_CROSSES_LIMIT,DEMO_SPEC_NOT_APPROVED;B_INTERVAL_CROSSES_LIMIT,SYNTHETIC,7bb70511fd9f,drishti-0.1.0/A:749f3fff65152311/B:2ba4eaf285832628
SYN_L152_D013:threshold_voltage,SYN_L152_D013,SYN_L152,DEMO_MOSFET,threshold_voltage,V,stress125C_meas25C,1.881926681967941,1.8743097985258577,-0.007616883442083333,1,2.5,DEMO_ONLY_v1,30,1.8735351624112697,0.03655560485731302,0.010264319198285077,0.007969499672587865,0.014292880757570013,-1.5133579829034138,1.5133579829034138,0.4092680790051817,3.6933523864703597,0.6916120604900412,0.9436292582828455,1.939601080582725,1.6048506191814413,2.3181800247136297,0.31436590685444354,ESCALATE,INSUFFICIENT_EVIDENCE,R3,B_OUT_OF_DOMAIN,DEMO_SPEC_NOT_APPROVED;B_OUT_OF_DOMAIN;B_INTERVAL_INSIDE,SYNTHETIC,7bb70511fd9f,drishti-0.1.0/A:749f3fff65152311/B:2ba4eaf285832628
SYN_L152_D014:RDS_on,SYN_L152_D014,SYN_L152,DEMO_MOSFET,RDS_on,ohm,stress125C_meas25C,0.3327120088293639,0.3359574798937206,0.0032454710643566864,0,0.5,DEMO_ONLY_v1,30,0.3408696313506971,0.005541495497761145,0.003722536632089879,0.0006762498499208736,-0.5978892824542982,-0.4758246040840444,0.5978892824542982,0.3690801598023768,2.4594521323988667,0.25495667420242746,0.9436292582828455,0.35758126276425556,0.26692887736479143,0.4983360476884519,0.08260454472117185,PASS,EARLY_SCREEN,R5,B_INTERVAL_INSIDE,DEMO_SPEC_NOT_APPROVED;B_INTERVAL_INSIDE,SYNTHETIC,7bb70511fd9f,drishti-0.1.0/A:749f3fff65152311/B:2ba4eaf285832628
SYN_L152_D014:threshold_voltage,SYN_L152_D014,SYN_L152,DEMO_MOSFET,threshold_voltage,V,stress125C_meas25C,1.90181798809414,1.90635876754534,0.004540779451200017,1,2.5,DEMO_ONLY_v1,30,1.8735351624112697,0.03655560485731302,0.010264319198285077,0.007969499672587865,0.6056312962691932,-0.48440615214333826,0.6056312962691932,0.3703044078133901,2.465328487093675,0.23323530609743748,0.9436292582828455,1.965154785133752,1.619535393914299,2.5677740928933197,0.31436590685444354,ESCALATE,REVIEW,R4,B_INTERVAL_CROSSES_LIMIT,DEMO_SPEC_NOT_APPROVED;B_INTERVAL_CROSSES_LIMIT,SYNTHETIC,7bb70511fd9f,drishti-0.1.0/A:749f3fff65152311/B:2ba4eaf285832628
SYN_L152_D015:RDS_on,SYN_L152_D015,SYN_L152,DEMO_MOSFET,RDS_on,ohm,stress125C_meas25C,0.3304378598375028,0.3367942346851228,0.006356374847620028,0,0.5,DEMO_ONLY_v1,30,0.3408696313506971,0.005541495497761145,0.003722536632089879,0.0006762498499208736,-0.4960425201540164,2.626986961312116,2.626986961312116,0.46279767156387275,3.823006262058223,0.8308203545000049,0.9436292582828455,0.3654282505878191,0.26885668703781346,0.5021766410789679,0.08260454472117185,ESCALATE,REVIEW,R4,B_INTERVAL_CROSSES_LIMIT,DEMO_SPEC_NOT_APPROVED;B_INTERVAL_CROSSES_LIMIT,SYNTHETIC,7bb70511fd9f,drishti-0.1.0/A:749f3fff65152311/B:2ba4eaf285832628
SYN_L152_D015:threshold_voltage,SYN_L152_D015,SYN_L152,DEMO_MOSFET,threshold_voltage,V,stress125C_meas25C,1.9315147912281407,1.9275941083613508,-0.003920682866789926,1,2.5,DEMO_ONLY_v1,30,1.8735351624112697,0.03655560485731302,0.010264319198285077,0.007969499672587865,0.9974464833148579,-1.2005336858170284,1.2005336858170284,0.40713672189980576,3.938381937920847,0.6647119533915163,0.9436292582828455,1.9878026140765879,1.619535393914299,2.394737301843782,0.31436590685444354,PASS,EARLY_SCREEN,R5,B_INTERVAL_INSIDE,DEMO_SPEC_NOT_APPROVED;B_INTERVAL_INSIDE,SYNTHETIC,7bb70511fd9f,drishti-0.1.0/A:749f3fff65152311/B:2ba4eaf285832628
SYN_L152_D016:RDS_on,SYN_L152_D016,SYN_L152,DEMO_MOSFET,RDS_on,ohm,stress125C_meas25C,0.3129769597737744,0.3259719443627298,0.012994984588955427,0,0.5,DEMO_ONLY_v1,30,0.3408696313506971,0.005541495497761145,0.003722536632089879,0.0006762498499208736,-1.8132924974888716,9.248328063015814,9.248328063015814,0.6554245023302203,6.967674854263414,0.9679690581289707,0.9436292582828455,0.3502916417541434,0.24957365627070177,0.5360979097530154,0.08260454472117185,ESCALATE,REVIEW,R4,A_UNUSUAL_CHANGE;B_INTERVAL_CROSSES_LIMIT,DEMO_SPEC_NOT_APPROVED;A_UNUSUAL_CHANGE;B_INTERVAL_CROSSES_LIMIT,SYNTHETIC,7bb70511fd9f,drishti-0.1.0/A:749f3fff65152311/B:2ba4eaf285832628
SYN_L152_D016:threshold_voltage,SYN_L152_D016,SYN_L152,DEMO_MOSFET,threshold_voltage,V,stress125C_meas25C,1.9260240924577363,1.9299383349347616,0.00391424247702532,1,2.5,DEMO_ONLY_v1,30,1.8735351624112697,0.03655560485731302,0.010264319198285077,0.007969499672587865,1.0407000190737872,-0.5374324921788143,1.0407000190737872,0.3923332454077719,2.9765623574462707,0.5101607215239029,0.9436292582828455,1.9904917965814313,1.619535393914299,2.394737301843782,0.31436590685444354,PASS,EARLY_SCREEN,R5,B_INTERVAL_INSIDE,DEMO_SPEC_NOT_APPROVED;B_INTERVAL_INSIDE,SYNTHETIC,7bb70511fd9f,drishti-0.1.0/A:749f3fff65152311/B:2ba4eaf285832628
SYN_L152_D017:RDS_on,SYN_L152_D017,SYN_L152,DEMO_MOSFET,RDS_on,ohm,stress125C_meas25C,0.3467802079152244,0.347898184200389,0.0011179762851645791,0,0.5,DEMO_ONLY_v1,30,0.3408696313506971,0.005541495497761145,0.003722536632089879,0.0006762498499208736,0.8554899939060477,-2.5977852515691104,2.5977852515691104,0.5067302566001006,6.078475924097612,0.9210656803091672,0.9436292582828455,0.3719777687968533,0.2821342963072667,0.5493453468712988,0.08260454472117185,ESCALATE,REVIEW,R4,B_INTERVAL_CROSSES_LIMIT,DEMO_SPEC_NOT_APPROVED;B_INTERVAL_CROSSES_LIMIT,SYNTHETIC,7bb70511fd9f,drishti-0.1.0/A:749f3fff65152311/B:2ba4eaf285832628
SYN_L152_D017:threshold_voltage,SYN_L152_D017,SYN_L152,DEMO_MOSFET,threshold_voltage,V,stress125C_meas25C,1.87388843036618,1.874149454043568,0.0002610236773878949,1,2.5,DEMO_ONLY_v1,30,1.8735351624112697,0.03655560485731302,0.010264319198285077,0.007969499672587865,0.011334350265197263,-0.8466190689945567,0.8466190689945567,0.3729850935292718,2.3953075727952946,0.29183278008141034,0.9436292582828455,1.9322009267444002,1.5962153743907785,2.3181800247136297,0.31436590685444354,PASS,EARLY_SCREEN,R5,B_INTERVAL_INSIDE,DEMO_SPEC_NOT_APPROVED;B_INTERVAL_INSIDE,SYNTHETIC,7bb70511fd9f,drishti-0.1.0/A:749f3fff65152311/B:2ba4eaf285832628
SYN_L152_D018:RDS_on,SYN_L152_D018,SYN_L152,DEMO_MOSFET,RDS_on,ohm,stress125C_meas25C,0.3321778653717323,0.3355041918340151,0.0033263264622828137,0,0.5,DEMO_ONLY_v1,30,0.3408696313506971,0.005541495497761145,0.003722536632089879,0.0006762498499208736,-0.6530618631729811,-0.3951795307263837,0.6530618631729811,0.3680754245213639,2.4488710920017054,0.2630529117371072,0.9436292582828455,0.35675915192039215,0.26683714235493267,0.48561086632114037,0.08260454472117185,PASS,EARLY_SCREEN,R5,B_INTERVAL_INSIDE,DEMO_SPEC_NOT_APPROVED;B_INTERVAL_INSIDE,SYNTHETIC,7bb70511fd9f,drishti-0.1.0/A:749f3fff65152311/B:2ba4eaf285832628
SYN_L152_D018:threshold_voltage,SYN_L152_D018,SYN_L152,DEMO_MOSFET,threshold_voltage,V,stress125C_meas25C,1.9556828612754216,1.966332619415967,0.010649758140545362,1,2.5,DEMO_ONLY_v1,30,1.8735351624112697,0.03655560485731302,0.010264319198285077,0.007969499672587865,1.7122142417532302,0.032621245445459204,1.7122142417532302,0.4210894103334782,3.3037767322038962,0.7088136141338782,0.9436292582828455,2.0232877599686123,1.654435464407852,2.3983753905630003,0.31436590685444354,PASS,EARLY_SCREEN,R5,B_INTERVAL_INSIDE,DEMO_SPEC_NOT_APPROVED;B_INTERVAL_INSIDE,SYNTHETIC,7bb70511fd9f,drishti-0.1.0/A:749f3fff65152311/B:2ba4eaf285832628
SYN_L152_D019:RDS_on,SYN_L152_D019,SYN_L152,DEMO_MOSFET,RDS_on,ohm,stress125C_meas25C,0.33879254937498,0.3411917853306542,0.002399235955674206,0,0.5,DEMO_ONLY_v1,30,0.3408696313506971,0.005541495497761145,0.003722536632089879,0.0006762498499208736,0.039211415528076436,-1.3198584492934604,1.3198584492934604,0.3907290965032774,3.1816279181305176,0.5769224073719328,0.9436292582828455,0.3676416357205915,0.2704822487485288,0.5135528609271485,0.08260454472117185,ESCALATE,REVIEW,R4,B_INTERVAL_CROSSES_LIMIT,DEMO_SPEC_NOT_APPROVED;B_INTERVAL_CROSSES_LIMIT,SYNTHETIC,7bb70511fd9f,drishti-0.1.0/A:749f3fff65152311/B:2ba4eaf285832628
SYN_L152_D019:threshold_voltage,SYN_L152_D019,SYN_L152,DEMO_MOSFET,threshold_voltage,V,stress125C_meas25C,1.8251781343095883,1.843936016291348,0.01875788198175976,1,2.5,DEMO_ONLY_v1,30,1.8735351624112697,0.03655560485731302,0.010264319198285077,0.007969499672587865,-0.5461365124229578,0.7188443249697394,0.7188443249697394,0.38442238544011076,2.605435386918998,0.36163535319899714,0.9436292582828455,1.903927188114832,1.5488275988155515,2.2984172110629477,0.31436590685444354,PASS,EARLY_SCREEN,R5,B_INTERVAL_INSIDE,DEMO_SPEC_NOT_APPROVED;B_INTERVAL_INSIDE,SYNTHETIC,7bb70511fd9f,drishti-0.1.0/A:749f3fff65152311/B:2ba4eaf285832628
SYN_L152_D020:RDS_on,SYN_L152_D020,SYN_L152,DEMO_MOSFET,RDS_on,ohm,stress125C_meas25C,0.3306662736018681,0.3351520798718568,0.004485806269988679,0,0.5,DEMO_ONLY_v1,30,0.3408696313506971,0.005541495497761145,0.003722536632089879,0.0006762498499208736,-0.6959196557802094,0.7612841878072509,0.7612841878072509,0.3852663290419327,2.9377254542796347,0.4413268419267969,0.9436292582828455,0.3630757117103178,0.266946013487368,0.4894514597116563,0.08260454472117185,PASS,EARLY_SCREEN,R5,B_INTERVAL_INSIDE,DEMO_SPEC_NOT_APPROVED;B_INTERVAL_INSIDE,SYNTHETIC,7bb70511fd9f,drishti-0.1.0/A:749f3fff65152311/B:2ba4eaf285832628
SYN_L152_D020:threshold_voltage,SYN_L152_D020,SYN_L152,DEMO_MOSFET,threshold_voltage,V,stress125C_meas25C,1.860944726736747,1.878654482496733,0.017709755759986123,1,2.5,DEMO_ONLY_v1,30,1.8735351624112697,0.03655560485731302,0.010264319198285077,0.007969499672587865,0.09445703623085287,0.6301371939834509,0.6301371939834509,0.3710833448777668,2.11430759244724,0.19835695165115294,0.9436292582828455,1.9393483940036274,1.597229626401716,2.432858467103951,0.31436590685444354,PASS,EARLY_SCREEN,R5,B_INTERVAL_INSIDE,DEMO_SPEC_NOT_APPROVED;B_INTERVAL_INSIDE,SYNTHETIC,7bb70511fd9f,drishti-0.1.0/A:749f3fff65152311/B:2ba4eaf285832628
SYN_L152_D021:RDS_on,SYN_L152_D021,SYN_L152,DEMO_MOSFET,RDS_on,ohm,stress125C_meas25C,0.3136186784618315,0.3150092179290167,0.0013905394671852034,0,0.5,DEMO_ONLY_v1,30,0.3408696313506971,0.005541495497761145,0.003722536632089879,0.0006762498499208736,-3.1476358496032413,-2.325931072720924,3.1476358496032413,0.6546178914402065,9.639522006701663,0.9670826361873787,0.9436292582828455,0.33437180171671677,0.24512630099670213,0.4299662612333253,0.08260454472117185,PASS,EARLY_SCREEN,R5,B_INTERVAL_INSIDE,DEMO_SPEC_NOT_APPROVED;B_INTERVAL_INSIDE,SYNTHETIC,7bb70511fd9f,drishti-0.1.0/A:749f3fff65152311/B:2ba4eaf285832628
SYN_L152_D021:threshold_voltage,SYN_L152_D021,SYN_L152,DEMO_MOSFET,threshold_voltage,V,stress125C_meas25C,1.816468970502776,1.8320951046226173,0.015626134119841373,1,2.5,DEMO_ONLY_v1,30,1.8735351624112697,0.03655560485731302,0.010264319198285077,0.007969499672587865,-0.7646142406813589,0.45379192762286596,0.7646142406813589,0.383553948600358,2.6353827387561464,0.370477026102098,0.9436292582828455,1.8980379771581217,1.5440137089638988,2.4505428679851224,0.31436590685444354,PASS,EARLY_SCREEN,R5,B_INTERVAL_INSIDE,DEMO_SPEC_NOT_APPROVED;B_INTERVAL_INSIDE,SYNTHETIC,7bb70511fd9f,drishti-0.1.0/A:749f3fff65152311/B:2ba4eaf285832628
SYN_L152_D022:RDS_on,SYN_L152_D022,SYN_L152,DEMO_MOSFET,RDS_on,ohm,stress125C_meas25C,0.3360645605409493,0.3394205096000964,0.003355949059147101,0,0.5,DEMO_ONLY_v1,30,0.3408696313506971,0.005541495497761145,0.003722536632089879,0.0006762498499208736,-0.17638185044661794,-0.365633989446042,0.365633989446042,0.36744199612980716,1.9294064621862645,0.15429593500804392,0.9436292582828455,0.36057823589453153,0.27071662407019204,0.5147825695150035,0.08260454472117185,ESCALATE,REVIEW,R4,B_INTERVAL_CROSSES_LIMIT,DEMO_SPEC_NOT_APPROVED;B_INTERVAL_CROSSES_LIMIT,SYNTHETIC,7bb70511fd9f,drishti-0.1.0/A:749f3fff65152311/B:2ba4eaf285832628
SYN_L152_D022:threshold_voltage,SYN_L152_D022,SYN_L152,DEMO_MOSFET,threshold_voltage,V,stress125C_meas25C,1.9510532412782,1.9528133787396649,0.0017601374614648613,1,2.5,DEMO_ONLY_v1,30,1.8735351624112697,0.03655560485731302,0.010264319198285077,0.007969499672587865,1.4627695137314025,-0.7197430496326578,1.4627695137314025,0.4178078000069999,3.815861801980194,0.7126655343033826,0.9436292582828455,2.0216762102675006,1.6231214175081043,2.377022397953372,0.31436590685444354,PASS,EARLY_SCREEN,R5,B_INTERVAL_INSIDE,DEMO_SPEC_NOT_APPROVED;B_INTERVAL_INSIDE,SYNTHETIC,7bb70511fd9f,drishti-0.1.0/A:749f3fff65152311/B:2ba4eaf285832628
SYN_L152_D023:RDS_on,SYN_L152_D023,SYN_L152,DEMO_MOSFET,RDS_on,ohm,stress125C_meas25C,0.351642815225635,0.3552412942900416,0.003598479064406579,0,0.5,DEMO_ONLY_v1,30,0.3408696313506971,0.005541495497761145,0.003722536632089879,0.0006762498499208736,1.7492667556648673,-0.12373486375681834,1.7492667556648673,0.41947673297698496,3.321785882774361,0.7003519192033892,0.9436292582828455,0.37858766983368786,0.2823588812775924,0.5122076960481123,0.08260454472117185,ESCALATE,REVIEW,R4,B_INTERVAL_CROSSES_LIMIT,DEMO_SPEC_NOT_APPROVED;B_INTERVAL_CROSSES_LIMIT,SYNTHETIC,7bb70511fd9f,drishti-0.1.0/A:749f3fff65152311/B:2ba4eaf285832628
SYN_L152_D023:threshold_voltage,SYN_L152_D023,SYN_L152,DEMO_MOSFET,threshold_voltage,V,stress125C_meas25C,1.871787358357828,1.8729208707789715,0.0011335124211435677,1,2.5,DEMO_ONLY_v1,30,1.8735351624112697,0.03655560485731302,0.010264319198285077,0.007969499672587865,-0.011334350265197263,-0.7727768430597571,0.7727768430597571,0.3709134286901828,2.3005291664680056,0.2471664027364994,0.9436292582828455,1.9322009267444002,1.5962153743907785,2.3181800247136297,0.31436590685444354,PASS,EARLY_SCREEN,R5,B_INTERVAL_INSIDE,DEMO_SPEC_NOT_APPROVED;B_INTERVAL_INSIDE,SYNTHETIC,7bb70511fd9f,drishti-0.1.0/A:749f3fff65152311/B:2ba4eaf285832628
SYN_L152_D024:RDS_on,SYN_L152_D024,SYN_L152,DEMO_MOSFET,RDS_on,ohm,stress125C_meas25C,0.3497908531387795,0.3529949167853133,0.0032040636465338057,0,0.5,DEMO_ONLY_v1,30,0.3408696313506971,0.005541495497761145,0.003722536632089879,0.0006762498499208736,1.4758458226608675,-0.5171243111354951,1.4758458226608675,0.4080380404587409,3.5172485194822674,0.6677937220132871,0.9436292582828455,0.37467105474523066,0.2823588812775924,0.5122076960481123,0.08260454472117185,ESCALATE,REVIEW,R4,B_INTERVAL_CROSSES_LIMIT,DEMO_SPEC_NOT_APPROVED;B_INTERVAL_CROSSES_LIMIT,SYNTHETIC,7bb70511fd9f,drishti-0.1.0/A:749f3fff65152311/B:2ba4eaf285832628
SYN_L152_D024:threshold_voltage,SYN_L152_D024,SYN_L152,DEMO_MOSFET,threshold_voltage,V,stress125C_meas25C,1.862527487014454,1.8609709053353936,-0.0015565816790603648,1,2.5,DEMO_ONLY_v1,30,1.8735351624112697,0.03655560485731302,0.010264319198285077,0.007969499672587865,-0.23182423955082124,-1.0004503090555052,1.0004503090555052,0.38447256876372,2.8161894611669878,0.45118742527912986,0.9436292582828455,1.9242770464218788,1.5898256280221275,2.371072507350209,0.31436590685444354,PASS,EARLY_SCREEN,R5,B_INTERVAL_INSIDE,DEMO_SPEC_NOT_APPROVED;B_INTERVAL_INSIDE,SYNTHETIC,7bb70511fd9f,drishti-0.1.0/A:749f3fff65152311/B:2ba4eaf285832628
SYN_L152_D025:RDS_on,SYN_L152_D025,SYN_L152,DEMO_MOSFET,RDS_on,ohm,stress125C_meas25C,0.3369446373533114,0.3402196249305798,0.003274987577268351,0,0.5,DEMO_ONLY_v1,30,0.3408696313506971,0.005541495497761145,0.003722536632089879,0.0006762498499208736,-0.07911642699100231,-0.44638487080614575,0.44638487080614575,0.3602565762644724,1.9183063816495722,0.12013550174471366,0.9436292582828455,0.3628955042327365,0.2714288967966214,0.5089993326920672,0.08260454472117185,ESCALATE,REVIEW,R4,B_INTERVAL_CROSSES_LIMIT,DEMO_SPEC_NOT_APPROVED;B_INTERVAL_CROSSES_LIMIT,SYNTHETIC,7bb70511fd9f,drishti-0.1.0/A:749f3fff65152311/B:2ba4eaf285832628
SYN_L152_D025:threshold_voltage,SYN_L152_D025,SYN_L152,DEMO_MOSFET,threshold_voltage,V,stress125C_meas25C,1.93988949648846,1.953339128529084,0.013449632040623882,1,2.5,DEMO_ONLY_v1,30,1.8735351624112697,0.03655560485731302,0.010264319198285077,0.007969499672587865,1.472470170474578,0.26958581673446524,1.472470170474578,0.4119756550520836,3.298410414074185,0.6627775996039301,0.9436292582828455,2.0157586867641974,1.619535393914299,2.388497617458403,0.31436590685444354,PASS,EARLY_SCREEN,R5,B_INTERVAL_INSIDE,DEMO_SPEC_NOT_APPROVED;B_INTERVAL_INSIDE,SYNTHETIC,7bb70511fd9f,drishti-0.1.0/A:749f3fff65152311/B:2ba4eaf285832628
SYN_L152_D026:RDS_on,SYN_L152_D026,SYN_L152,DEMO_MOSFET,RDS_on,ohm,stress125C_meas25C,0.3401365111701643,0.3434230834426597,0.0032865722724954027,0,0.5,DEMO_ONLY_v1,30,0.3408696313506971,0.005541495497761145,0.003722536632089879,0.0006762498499208736,0.310796939470725,-0.43483031019084484,0.43483031019084484,0.35878968112070336,2.092020323886696,0.12827626654286353,0.9436292582828455,0.36628293657187316,0.27534466342415403,0.5131044362335191,0.08260454472117185,ESCALATE,REVIEW,R4,B_INTERVAL_CROSSES_LIMIT,DEMO_SPEC_NOT_APPROVED;B_INTERVAL_CROSSES_LIMIT,SYNTHETIC,7bb70511fd9f,drishti-0.1.0/A:749f3fff65152311/B:2ba4eaf285832628
SYN_L152_D026:threshold_voltage,SYN_L152_D026,SYN_L152,DEMO_MOSFET,threshold_voltage,V,stress125C_meas25C,1.8848506380051395,1.8877120303547088,0.0028613923495692806,1,2.5,DEMO_ONLY_v1,30,1.8735351624112697,0.03655560485731302,0.010264319198285077,0.007969499672587865,0.26157866799068147,-0.6265394262722387,0.6265394262722387,0.3710060599455083,2.2852770788342593,0.21041649769126156,0.9436292582828455,1.9543348562635947,1.6143470645861464,2.3105703513672786,0.31436590685444354,PASS,EARLY_SCREEN,R5,B_INTERVAL_INSIDE,DEMO_SPEC_NOT_APPROVED;B_INTERVAL_INSIDE,SYNTHETIC,7bb70511fd9f,drishti-0.1.0/A:749f3fff65152311/B:2ba4eaf285832628
SYN_L152_D027:RDS_on,SYN_L152_D027,SYN_L152,DEMO_MOSFET,RDS_on,ohm,stress125C_meas25C,0.3514805064809396,0.3519988546313585,0.0005183481504189014,0,0.5,DEMO_ONLY_v1,30,0.3408696313506971,0.005541495497761145,0.003722536632089879,0.0006762498499208736,1.3546087452368567,-3.195853607599754,3.195853607599754,0.5508436999672119,7.629073336508778,0.9523224465819377,0.9436292582828455,0.3768145781051466,0.2823588812775924,0.5122076960481123,0.08260454472117185,ESCALATE,REVIEW,R4,B_INTERVAL_CROSSES_LIMIT,DEMO_SPEC_NOT_APPROVED;B_INTERVAL_CROSSES_LIMIT,SYNTHETIC,7bb70511fd9f,drishti-0.1.0/A:749f3fff65152311/B:2ba4eaf285832628
SYN_L152_D027:threshold_voltage,SYN_L152_D027,SYN_L152,DEMO_MOSFET,threshold_voltage,V,stress125C_meas25C,1.809318579706476,1.8344437704682868,0.025125190761810856,1,2.5,DEMO_ONLY_v1,30,1.8735351624112697,0.03655560485731302,0.010264319198285077,0.007969499672587865,-0.7212787955099338,1.2577352354808229,1.2577352354808229,0.4194692506387344,3.538392382119514,0.6629301898972367,0.9436292582828455,1.89754752116071,1.5390365348219797,2.5087091061305364,0.31436590685444354,ESCALATE,REVIEW,R4,B_INTERVAL_CROSSES_LIMIT,DEMO_SPEC_NOT_APPROVED;B_INTERVAL_CROSSES_LIMIT,SYNTHETIC,7bb70511fd9f,drishti-0.1.0/A:749f3fff65152311/B:2ba4eaf285832628
SYN_L152_D028:RDS_on,SYN_L152_D028,SYN_L152,DEMO_MOSFET,RDS_on,ohm,stress125C_meas25C,0.3385111402133216,0.4022392582197527,0.06372811800643108,0,0.5,DEMO_ONLY_v1,30,0.3408696313506971,0.005541495497761145,0.003722536632089879,0.0006762498499208736,7.469688688266216,59.849492253121696,59.849492253121696,0.8182332450152457,11.431281475929719,0.9993553488412011,0.9436292582828455,0.37134459077764453,0.27684949208536364,0.5462451216460695,0.08260454472117185,ESCALATE,REVIEW,R4,A_UNUSUAL_CHANGE;B_INTERVAL_CROSSES_LIMIT,DEMO_SPEC_NOT_APPROVED;A_UNUSUAL_CHANGE;B_INTERVAL_CROSSES_LIMIT,SYNTHETIC,7bb70511fd9f,drishti-0.1.0/A:749f3fff65152311/B:2ba4eaf285832628
SYN_L152_D028:threshold_voltage,SYN_L152_D028,SYN_L152,DEMO_MOSFET,threshold_voltage,V,stress125C_meas25C,1.8195521856080976,1.8187532583508488,-0.0007989272572488382,1,2.5,DEMO_ONLY_v1,30,1.8735351624112697,0.03655560485731302,0.010264319198285077,0.007969499672587865,-1.0107858485590178,-0.936326972913562,1.0107858485590178,0.39914565880251196,3.6427189771380526,0.5839078082458409,0.9436292582828455,1.8959293542754683,1.5462244369378315,2.2775826824353693,0.31436590685444354,PASS,EARLY_SCREEN,R5,B_INTERVAL_INSIDE,DEMO_SPEC_NOT_APPROVED;B_INTERVAL_INSIDE,SYNTHETIC,7bb70511fd9f,drishti-0.1.0/A:749f3fff65152311/B:2ba4eaf285832628
SYN_L152_D029:RDS_on,SYN_L152_D029,SYN_L152,DEMO_MOSFET,RDS_on,ohm,stress125C_meas25C,0.3388781844201585,0.3426252266381488,0.0037470422179903262,0,0.5,DEMO_ONLY_v1,30,0.3408696313506971,0.005541495497761145,0.003722536632089879,0.0006762498499208736,0.21368469923782424,0.024441840907388917,0.21368469923782424,0.35616435165542154,1.6111864019569326,0.030677795722909868,0.9436292582828455,0.3676416357205915,0.27534466342415403,0.5135528609271485,0.08260454472117185,ESCALATE,REVIEW,R4,B_INTERVAL_CROSSES_LIMIT,DEMO_SPEC_NOT_APPROVED;B_INTERVAL_CROSSES_LIMIT,SYNTHETIC,7bb70511fd9f,drishti-0.1.0/A:749f3fff65152311/B:2ba4eaf285832628
SYN_L152_D029:threshold_voltage,SYN_L152_D029,SYN_L152,DEMO_MOSFET,threshold_voltage,V,stress125C_meas25C,1.8746102290282367,1.9198658869647869,0.045255657936550175,1,2.5,DEMO_ONLY_v1,30,1.8735351624112697,0.03655560485731302,0.010264319198285077,0.007969499672587865,0.8548523738884648,2.9614575080359318,2.9614575080359318,0.5335869166852262,5.236557589817417,0.9219356888842202,0.9436292582828455,1.9670224189843306,1.6076936609268468,2.378965235048219,0.31436590685444354,PASS,EARLY_SCREEN,R5,B_INTERVAL_INSIDE,DEMO_SPEC_NOT_APPROVED;B_INTERVAL_INSIDE,SYNTHETIC,7bb70511fd9f,drishti-0.1.0/A:749f3fff65152311/B:2ba4eaf285832628
SYN_L159_D000:leakage_current,SYN_L159_D000,SYN_L159,DEMO_MEMORY,leakage_current,uA,stress125C_meas25C,10.119508278058357,10.399097477627764,0.27958919956940775,0,50.0,DEMO_ONLY_v1,30,11.147407856184394,0.5805349670556152,0.267824488460624,0.07226245855137137,-0.8694195254366591,0.10981066918924658,0.8694195254366591,0.35652842752596703,2.4892662281879145,0.3785457813774065,0.9436292582828455,12.267804651522942,1.7473887846855423,25.43973616110426,9.771116073985056,PASS,EARLY_SCREEN,R5,B_INTERVAL_INSIDE,DEMO_SPEC_NOT_APPROVED;B_INTERVAL_INSIDE,SYNTHETIC,7bb70511fd9f,drishti-0.1.0/A:749f3fff65152311/B:2ba4eaf285832628
SYN_L159_D000:supply_current,SYN_L159_D000,SYN_L159,DEMO_MEMORY,supply_current,mA,stress125C_meas25C,4.254558102238247,4.250263095945071,-0.004295006293175696,0,6.0,DEMO_ONLY_v1,30,4.251617348758093,0.10625868570876618,0.024852742163533836,0.014193511322153629,-0.008596294997306454,-1.3851320189467893,1.3851320189467893,0.3924971015080853,3.2795550566677023,0.6050037743329993,0.9436292582828455,4.36418667154584,3.704066181748392,5.3940078346917275,0.6035471673945598,PASS,EARLY_SCREEN,R5,B_INTERVAL_INSIDE,DEMO_SPEC_NOT_APPROVED;B_INTERVAL_INSIDE,SYNTHETIC,7bb70511fd9f,drishti-0.1.0/A:749f3fff65152311/B:2ba4eaf285832628
SYN_L159_D001:leakage_current,SYN_L159_D001,SYN_L159,DEMO_MEMORY,leakage_current,uA,stress125C_meas25C,10.108317676963788,10.492954050617865,0.384636373654077,0,50.0,DEMO_ONLY_v1,30,11.147407856184394,0.5805349670556152,0.267824488460624,0.07226245855137137,-0.7603728791699603,1.0903107746329195,1.0903107746329195,0.3660101959919673,3.1696862003484516,0.5162333881888729,0.9436292582828455,12.372706204222695,1.9402409293774472,25.43973616110426,9.771116073985056,PASS,EARLY_SCREEN,R5,B_INTERVAL_INSIDE,DEMO_SPEC_NOT_APPROVED;B_INTERVAL_INSIDE,SYNTHETIC,7bb70511fd9f,drishti-0.1.0/A:749f3fff65152311/B:2ba4eaf285832628
SYN_L159_D001:supply_current,SYN_L159_D001,SYN_L159,DEMO_MEMORY,supply_current,mA,stress125C_meas25C,4.230997777490189,4.272687249386899,0.04168947189671002,0,6.0,DEMO_ONLY_v1,30,4.251617348758093,0.10625868570876618,0.024852742163533836,0.014193511322153629,0.13374392109620564,0.8000993106693106,0.8000993106693106,0.3657696724956023,2.3465056758730958,0.2890929296748377,0.9436292582828455,4.363824248997183,3.684350245173888,5.44790385072651,0.6035471673945598,PASS,EARLY_SCREEN,R5,B_INTERVAL_INSIDE,DEMO_SPEC_NOT_APPROVED;B_INTERVAL_INSIDE,SYNTHETIC,7bb70511fd9f,drishti-0.1.0/A:749f3fff65152311/B:2ba4eaf285832628
SYN_L159_D002:leakage_current,SYN_L159_D002,SYN_L159,DEMO_MEMORY,leakage_current,uA,stress125C_meas25C,11.898478270076469,12.15760379786948,0.259125527793012,0,50.0,DEMO_ONLY_v1,30,11.147407856184394,0.5805349670556152,0.267824488460624,0.07226245855137137,1.1736895563468674,-0.0811952527630033,1.1736895563468674,0.37190692967321776,2.760173546515077,0.5124155863957275,0.9436292582828455,13.954234781106925,3.011453940975853,31.131144945126692,9.771116073985056,PASS,EARLY_SCREEN,R5,B_INTERVAL_INSIDE,DEMO_SPEC_NOT_APPROVED;B_INTERVAL_INSIDE,SYNTHETIC,7bb70511fd9f,drishti-0.1.0/A:749f3fff65152311/B:2ba4eaf285832628
SYN_L159_D002:supply_current,SYN_L159_D002,SYN_L159,DEMO_MEMORY,supply_current,mA,stress125C_meas25C,4.549124702622415,4.591312546139499,0.042187843517083934,0,6.0,DEMO_ONLY_v1,30,4.251617348758093,0.10625868570876618,0.024852742163533836,0.014193511322153629,2.156259228542617,0.823782460321146,2.156259228542617,0.4777956200437803,4.382704371060379,0.8454580136110712,0.9436292582828455,4.7044501051892365,3.9399038286186268,5.376033864845214,0.6035471673945598,PASS,EARLY_SCREEN,R5,B_INTERVAL_INSIDE,DEMO_SPEC_NOT_APPROVED;B_INTERVAL_INSIDE,SYNTHETIC,7bb70511fd9f,drishti-0.1.0/A:749f3fff65152311/B:2ba4eaf285832628
SYN_L159_D003:leakage_current,SYN_L159_D003,SYN_L159,DEMO_MEMORY,leakage_current,uA,stress125C_meas25C,10.102955197322594,10.487097742064377,0.384142544741783,0,50.0,DEMO_ONLY_v1,30,11.147407856184394,0.5805349670556152,0.267824488460624,0.07226245855137137,-0.7671769930100025,1.085701423598068,1.085701423598068,0.36664189818898585,3.183422170111914,0.5222507584585,0.9436292582828455,12.372706204222695,1.9402409293774472,28.333465949086303,9.771116073985056,PASS,EARLY_SCREEN,R5,B_INTERVAL_INSIDE,DEMO_SPEC_NOT_APPROVED;B_INTERVAL_INSIDE,SYNTHETIC,7bb70511fd9f,drishti-0.1.0/A:749f3fff65152311/B:2ba4eaf285832628
SYN_L159_D003:supply_current,SYN_L159_D003,SYN_L159,DEMO_MEMORY,supply_current,mA,stress125C_meas25C,4.191622246531447,4.213414376037041,0.021792129505593394,0,6.0,DEMO_ONLY_v1,30,4.251617348758093,0.10625868570876618,0.024852742163533836,0.014193511322153629,-0.2424983135544314,-0.14544356990055216,0.2424983135544314,0.3561155807045659,1.8001977077003914,0.07702383015465734,0.9436292582828455,4.334958813127171,3.669677906559135,5.14484276095903,0.6035471673945598,PASS,EARLY_SCREEN,R5,B_INTERVAL_INSIDE,DEMO_SPEC_NOT_APPROVED;B_INTERVAL_INSIDE,SYNTHETIC,7bb70511fd9f,drishti-0.1.0/A:749f3fff65152311/B:2ba4eaf285832628
SYN_L159_D004:leakage_current,SYN_L159_D004,SYN_L159,DEMO_MEMORY,leakage_current,uA,stress125C_meas25C,10.178560803315303,10.394265132194947,0.21570432887964408,0,50.0,DEMO_ONLY_v1,30,11.147407856184394,0.5805349670556152,0.267824488460624,0.07226245855137137,-0.8750339544133753,-0.4864845000371129,0.8750339544133753,0.363522539770811,2.9294393001513193,0.4576961797631736,0.9436292582828455,12.267804651522942,1.6551537008459736,24.035606575620193,9.771116073985056,PASS,EARLY_SCREEN,R5,B_INTERVAL_INSIDE,DEMO_SPEC_NOT_APPROVED;B_INTERVAL_INSIDE,SYNTHETIC,7bb70511fd9f,drishti-0.1.0/A:749f3fff65152311/B:2ba4eaf285832628
SYN_L159_D004:supply_current,SYN_L159_D004,SYN_L159,DEMO_MEMORY,supply_current,mA,stress125C_meas25C,4.407196876200364,4.404577310375275,-0.002619565825089154,0,6.0,DEMO_ONLY_v1,30,4.251617348758093,0.10625868570876618,0.024852742163533836,0.014193511322153629,0.9709331523585016,-1.3055133052875645,1.3055133052875645,0.42218896334101547,4.307398274447605,0.724826645414138,0.9436292582828455,4.505434914843768,3.8283472468611817,5.41087005223657,0.6035471673945598,PASS,EARLY_SCREEN,R5,B_INTERVAL_INSIDE,DEMO_SPEC_NOT_APPROVED;B_INTERVAL_INSIDE,SYNTHETIC,7bb70511fd9f,drishti-0.1.0/A:749f3fff65152311/B:2ba4eaf285832628
SYN_L159_D005:leakage_current,SYN_L159_D005,SYN_L159,DEMO_MEMORY,leakage_current,uA,stress125C_meas25C,9.879728998800806,10.074445949135804,0.19471695033499792,0,50.0,DEMO_ONLY_v1,30,11.147407856184394,0.5805349670556152,0.267824488460624,0.07226245855137137,-1.246613783223378,-0.6823786500256279,1.246613783223378,0.37649493204694623,3.8369921497245096,0.6381966950846829,0.9436292582828455,11.634025681555478,1.2150281952730264,25.32740656129573,9.771116073985056,PASS,EARLY_SCREEN,R5,B_INTERVAL_INSIDE,DEMO_SPEC_NOT_APPROVED;B_INTERVAL_INSIDE,SYNTHETIC,7bb70511fd9f,drishti-0.1.0/A:749f3fff65152311/B:2ba4eaf285832628
SYN_L159_D005:supply_current,SYN_L159_D005,SYN_L159,DEMO_MEMORY,supply_current,mA,stress125C_meas25C,4.166802527763735,4.186417478254226,0.019614950490491445,0,6.0,DEMO_ONLY_v1,30,4.251617348758093,0.10625868570876618,0.024852742163533836,0.014193511322153629,-0.413864616154394,-0.2489054331479195,0.413864616154394,0.35948421657686164,2.0218659698362784,0.1342132127372354,0.9436292582828455,4.309692053570312,3.654558072634216,5.034602098274762,0.6035471673945598,PASS,EARLY_SCREEN,R5,B_INTERVAL_INSIDE,DEMO_SPEC_NOT_APPROVED;B_INTERVAL_INSIDE,SYNTHETIC,7bb70511fd9f,drishti-0.1.0/A:749f3fff65152311/B:2ba4eaf285832628
SYN_L159_D006:leakage_current,SYN_L159_D006,SYN_L159,DEMO_MEMORY,leakage_current,uA,stress125C_meas25C,11.364185989366913,11.614419719287568,0.2502337299206552,0,50.0,DEMO_ONLY_v1,30,11.147407856184394,0.5805349670556152,0.267824488460624,0.07226245855137137,0.5425946826711354,-0.16419042923869376,0.5425946826711354,0.3475709684866197,2.0718689904309198,0.1698250885080986,0.9436292582828455,13.25210843804093,2.6463991782980845,26.560871197335945,9.771116073985056,PASS,EARLY_SCREEN,R5,B_INTERVAL_INSIDE,DEMO_SPEC_NOT_APPROVED;B_INTERVAL_INSIDE,SYNTHETIC,7bb70511fd9f,drishti-0.1.0/A:749f3fff65152311/B:2ba4eaf285832628
SYN_L159_D006:supply_current,SYN_L159_D006,SYN_L159,DEMO_MEMORY,supply_current,mA,stress125C_meas25C,5.038878306638991,5.075519620411988,0.036641313772997286,0,6.0,DEMO_ONLY_v1,30,4.251617348758093,0.10625868570876618,0.024852742163533836,0.014193511322153629,5.229826298298383,0.5602054655496449,5.229826298298383,0.5910128049775111,5.103939753211834,0.92766076235256,0.9436292582828455,5.041557058678627,4.1167785357857465,5.972114513723174,0.6035471673945598,ESCALATE,REVIEW,R4,A_UNUSUAL_LEVEL,DEMO_SPEC_NOT_APPROVED;A_UNUSUAL_LEVEL;B_INTERVAL_INSIDE,SYNTHETIC,7bb70511fd9f,drishti-0.1.0/A:749f3fff65152311/B:2ba4eaf285832628
SYN_L159_D007:leakage_current,SYN_L159_D007,SYN_L159,DEMO_MEMORY,leakage_current,uA,stress125C_meas25C,11.20206392450396,11.403476306655143,0.20141238215118307,0,50.0,DEMO_ONLY_v1,30,11.147407856184394,0.5805349670556152,0.267824488460624,0.07226245855137137,0.2975114565656552,-0.61988414068767,0.61988414068767,0.34717661618416895,2.3538383813632944,0.21153251259631534,0.9436292582828455,13.158499146047292,2.626701563410485,26.365721223420515,9.771116073985056,PASS,EARLY_SCREEN,R5,B_INTERVAL_INSIDE,DEMO_SPEC_NOT_APPROVED;B_INTERVAL_INSIDE,SYNTHETIC,7bb70511fd9f,drishti-0.1.0/A:749f3fff65152311/B:2ba4eaf285832628
SYN_L159_D007:supply_current,SYN_L159_D007,SYN_L159,DEMO_MEMORY,supply_current,mA,stress125C_meas25C,4.175770281688028,4.215738087649565,0.039967805961536484,0,6.0,DEMO_ONLY_v1,30,4.251617348758093,0.10625868570876618,0.024852742163533836,0.014193511322153629,-0.22774825336046595,0.7182839136316748,0.7182839136316748,0.36383243771045626,2.359354283504545,0.26332196616807607,0.9436292582828455,4.334958813127171,3.6672297185445344,5.033487625145771,0.6035471673945598,PASS,EARLY_SCREEN,R5,B_INTERVAL_INSIDE,DEMO_SPEC_NOT_APPROVED;B_INTERVAL_INSIDE,SYNTHETIC,7bb70511fd9f,drishti-0.1.0/A:749f3fff65152311/B:2ba4eaf285832628
SYN_L159_D008:leakage_current,SYN_L159_D008,SYN_L159,DEMO_MEMORY,leakage_current,uA,stress125C_meas25C,10.288996350029777,10.558804505218244,0.2698081551884677,0,50.0,DEMO_ONLY_v1,30,11.147407856184394,0.5805349670556152,0.267824488460624,0.07226245855137137,-0.6838649586211639,0.018515352295418654,0.6838649586211639,0.345794849757286,2.139271751284655,0.1998195017898586,0.9436292582828455,12.044302708084636,2.0346459271896595,23.413809967962216,9.771116073985056,PASS,EARLY_SCREEN,R5,B_INTERVAL_INSIDE,DEMO_SPEC_NOT_APPROVED;B_INTERVAL_INSIDE,SYNTHETIC,7bb70511fd9f,drishti-0.1.0/A:749f3fff65152311/B:2ba4eaf285832628
SYN_L159_D008:supply_current,SYN_L159_D008,SYN_L159,DEMO_MEMORY,supply_current,mA,stress125C_meas25C,4.274471657600981,4.27783753535713,0.0033658777561491604,0,6.0,DEMO_ONLY_v1,30,4.251617348758093,0.10625868570876618,0.024852742163533836,0.014193511322153629,0.16643602783940248,-1.021078657984153,1.021078657984153,0.369735591558842,2.8349923480456836,0.41746809785923356,0.9436292582828455,4.382181890055395,3.704066181748392,5.616397173091871,0.6035471673945598,PASS,EARLY_SCREEN,R5,B_INTERVAL_INSIDE,DEMO_SPEC_NOT_APPROVED;B_INTERVAL_INSIDE,SYNTHETIC,7bb70511fd9f,drishti-0.1.0/A:749f3fff65152311/B:2ba4eaf285832628
SYN_L159_D009:leakage_current,SYN_L159_D009,SYN_L159,DEMO_MEMORY,leakage_current,uA,stress125C_meas25C,10.130389198060568,11.239086187731882,1.108696989671314,0,50.0,DEMO_ONLY_v1,30,11.147407856184394,0.5805349670556152,0.267824488460624,0.07226245855137137,0.10651587067465725,7.848622138442578,7.848622138442578,0.5894605695520585,4.032915421062554,0.88801134817969,0.9436292582828455,14.419208801369106,2.474243222291051,29.942868454985252,9.771116073985056,ESCALATE,REVIEW,R4,A_UNUSUAL_CHANGE,DEMO_SPEC_NOT_APPROVED;A_UNUSUAL_CHANGE;B_INTERVAL_INSIDE,SYNTHETIC,7bb70511fd9f,drishti-0.1.0/A:749f3fff65152311/B:2ba4eaf285832628
SYN_L159_D009:supply_current,SYN_L159_D009,SYN_L159,DEMO_MEMORY,supply_current,mA,stress125C_meas25C,4.503160718160647,4.546590363001386,0.043429644840739634,0,6.0,DEMO_ONLY_v1,30,4.251617348758093,0.10625868570876618,0.024852742163533836,0.014193511322153629,1.872379383153295,0.8827941804586605,1.872379383153295,0.4512680516212189,4.345138602430453,0.8153088439672236,0.9436292582828455,4.62807024150707,3.847054077933842,5.376033864845214,0.6035471673945598,PASS,EARLY_SCREEN,R5,B_INTERVAL_INSIDE,DEMO_SPEC_NOT_APPROVED;B_INTERVAL_INSIDE,SYNTHETIC,7bb70511fd9f,drishti-0.1.0/A:749f3fff65152311/B:2ba4eaf285832628
SYN_L159_D010:leakage_current,SYN_L159_D010,SYN_L159,DEMO_MEMORY,leakage_current,uA,stress125C_meas25C,10.386404937386848,10.574941273039313,0.18853633565246497,0,50.0,DEMO_ONLY_v1,30,11.147407856184394,0.5805349670556152,0.267824488460624,0.07226245855137137,-0.6651165603320265,-0.7400679063120061,0.7400679063120061,0.35156289376872774,3.0160518399130805,0.37364688477855257,0.9436292582828455,11.947050800906311,1.9978399859190947,23.413809967962216,9.771116073985056,PASS,EARLY_SCREEN,R5,B_INTERVAL_INSIDE,DEMO_SPEC_NOT_APPROVED;B_INTERVAL_INSIDE,SYNTHETIC,7bb70511fd9f,drishti-0.1.0/A:749f3fff65152311/B:2ba4eaf285832628
SYN_L159_D010:supply_current,SYN_L159_D010,SYN_L159,DEMO_MEMORY,supply_current,mA,stress125C_meas25C,4.225551077972555,4.2360084236057975,0.010457345633242632,0,6.0,DEMO_ONLY_v1,30,4.251617348758093,0.10625868570876618,0.024852742163533836,0.014193511322153629,-0.09907967250263641,-0.6840845593667793,0.6840845593667793,0.3562282973538453,2.252015009363025,0.19921275907372585,0.9436292582828455,4.346439196651177,3.684350245173888,5.385847459003463,0.6035471673945598,PASS,EARLY_SCREEN,R5,B_INTERVAL_INSIDE,DEMO_SPEC_NOT_APPROVED;B_INTERVAL_INSIDE,SYNTHETIC,7bb70511fd9f,drishti-0.1.0/A:749f3fff65152311/B:2ba4eaf285832628
SYN_L159_D011:leakage_current,SYN_L159_D011,SYN_L159,DEMO_MEMORY,leakage_current,uA,stress125C_meas25C,10.727127889150005,11.036200958566832,0.30907306941682755,0,50.0,DEMO_ONLY_v1,30,11.147407856184394,0.5805349670556152,0.267824488460624,0.07226245855137137,-0.12920500760451079,0.38501024258264127,0.38501024258264127,0.3412323177070711,1.8732294706966304,0.07836855725410895,0.9436292582828455,12.76425644742218,2.4920469852867946,29.208581144860087,9.771116073985056,PASS,EARLY_SCREEN,R5,B_INTERVAL_INSIDE,DEMO_SPEC_NOT_APPROVED;B_INTERVAL_INSIDE,SYNTHETIC,7bb70511fd9f,drishti-0.1.0/A:749f3fff65152311/B:2ba4eaf285832628
SYN_L159_D011:supply_current,SYN_L159_D011,SYN_L159,DEMO_MEMORY,supply_current,mA,stress125C_meas25C,4.374990284307831,4.401429434378443,0.026439150070611817,0,6.0,DEMO_ONLY_v1,30,4.251617348758093,0.10625868570876618,0.024852742163533836,0.014193511322153629,0.9509516020722455,0.07538779163226435,0.9509516020722455,0.3770800944481944,2.5184031469936996,0.40149605214996725,0.9436292582828455,4.4972669061955575,3.8096603758576575,5.41087005223657,0.6035471673945598,PASS,EARLY_SCREEN,R5,B_INTERVAL_INSIDE,DEMO_SPEC_NOT_APPROVED;B_INTERVAL_INSIDE,SYNTHETIC,7bb70511fd9f,drishti-0.1.0/A:749f3fff65152311/B:2ba4eaf285832628
SYN_L159_D012:leakage_current,SYN_L159_D012,SYN_L159,DEMO_MEMORY,leakage_current,uA,stress125C_meas25C,11.000411511896084,11.17777094389346,0.1773594319973757,0,50.0,DEMO_ONLY_v1,30,11.147407856184394,0.5805349670556152,0.267824488460624,0.07226245855137137,0.03527715512609347,-0.844392037901836,0.844392037901836,0.352606280215213,2.5453159591720986,0.361226573423121,0.9436292582828455,12.715350836409824,2.3110931198954496,26.365721223420515,9.771116073985056,PASS,EARLY_SCREEN,R5,B_INTERVAL_INSIDE,DEMO_SPEC_NOT_APPROVED;B_INTERVAL_INSIDE,SYNTHETIC,7bb70511fd9f,drishti-0.1.0/A:749f3fff65152311/B:2ba4eaf285832628
SYN_L159_D012:supply_current,SYN_L159_D012,SYN_L159,DEMO_MEMORY,supply_current,mA,stress125C_meas25C,4.3670170945437,4.366211630089517,-0.0008054644541823919,0,6.0,DEMO_ONLY_v1,30,4.251617348758093,0.10625868570876618,0.024852742163533836,0.014193511322153629,0.727402031479582,-1.219305277995501,1.219305277995501,0.3988622458475343,3.8829693725173264,0.6454635887838364,0.9436292582828455,4.479118798100167,3.8037599447871204,5.41087005223657,0.6035471673945598,PASS,EARLY_SCREEN,R5,B_INTERVAL_INSIDE,DEMO_SPEC_NOT_APPROVED;B_INTERVAL_INSIDE,SYNTHETIC,7bb70511fd9f,drishti-0.1.0/A:749f3fff65152311/B:2ba4eaf285832628
SYN_L159_D013:leakage_current,SYN_L159_D013,SYN_L159,DEMO_MEMORY,leakage_current,uA,stress125C_meas25C,10.851203946742547,11.117044768475328,0.26584082173278034,0,50.0,DEMO_ONLY_v1,30,11.147407856184394,0.5805349670556152,0.267824488460624,0.07226245855137137,-0.03527715512609347,-0.018515352295418654,0.03527715512609347,0.3398119888834172,1.4738241426073573,0.009117989394390449,0.9436292582828455,13.061289320483652,2.3610069582680477,27.04571902127583,9.771116073985056,PASS,EARLY_SCREEN,R5,B_INTERVAL_INSIDE,DEMO_SPEC_NOT_APPROVED;B_INTERVAL_INSIDE,SYNTHETIC,7bb70511fd9f,drishti-0.1.0/A:749f3fff65152311/B:2ba4eaf285832628
SYN_L159_D013:supply_current,SYN_L159_D013,SYN_L159,DEMO_MEMORY,supply_current,mA,stress125C_meas25C,4.117516147373656,4.127721642597351,0.01020549522369496,0,6.0,DEMO_ONLY_v1,30,4.251617348758093,0.10625868570876618,0.024852742163533836,0.014193511322153629,-0.7864440293689245,-0.6960527587893677,0.7864440293689245,0.37152192912911386,3.03854194294307,0.40815985974783003,0.9436292582828455,4.240027873799867,3.5801268998583784,5.115507799145233,0.6035471673945598,PASS,EARLY_SCREEN,R5,B_INTERVAL_INSIDE,DEMO_SPEC_NOT_APPROVED;B_INTERVAL_INSIDE,SYNTHETIC,7bb70511fd9f,drishti-0.1.0/A:749f3fff65152311/B:2ba4eaf285832628
SYN_L159_D014:leakage_current,SYN_L159_D014,SYN_L159,DEMO_MEMORY,leakage_current,uA,stress125C_meas25C,11.639260279781546,11.894834530254906,0.25557425047336046,0,50.0,DEMO_ONLY_v1,30,11.147407856184394,0.5805349670556152,0.267824488460624,0.07226245855137137,0.868392799151734,-0.11434252984797763,0.868392799151734,0.35843459996525134,2.409588396467786,0.3742577354948364,0.9436292582828455,13.39766964920631,3.0075906629651126,30.36301518248078,9.771116073985056,PASS,EARLY_SCREEN,R5,B_INTERVAL_INSIDE,DEMO_SPEC_NOT_APPROVED;B_INTERVAL_INSIDE,SYNTHETIC,7bb70511fd9f,drishti-0.1.0/A:749f3fff65152311/B:2ba4eaf285832628
SYN_L159_D014:supply_current,SYN_L159_D014,SYN_L159,DEMO_MEMORY,supply_current,mA,stress125C_meas25C,4.052829699181625,4.065557331127622,0.012727631945997686,0,6.0,DEMO_ONLY_v1,30,4.251617348758093,0.10625868570876618,0.024852742163533836,0.014193511322153629,-1.1810400416937559,-0.5761981382717117,1.1810400416937559,0.38967028215921545,3.482432116690403,0.5807059980779078,0.9436292582828455,4.164220003556594,3.504941351616973,4.91135596994115,0.6035471673945598,PASS,EARLY_SCREEN,R5,B_INTERVAL_INSIDE,DEMO_SPEC_NOT_APPROVED;B_INTERVAL_INSIDE,SYNTHETIC,7bb70511fd9f,drishti-0.1.0/A:749f3fff65152311/B:2ba4eaf285832628
SYN_L159_D015:leakage_current,SYN_L159_D015,SYN_L159,DEMO_MEMORY,leakage_current,uA,stress125C_meas25C,11.854188784135747,12.018740663715343,0.16455187957959616,0,50.0,DEMO_ONLY_v1,30,11.147407856184394,0.5805349670556152,0.267824488460624,0.07226245855137137,1.0123523309701374,-0.9639364864368005,1.0123523309701374,0.3859512388227057,3.881565863515007,0.6281836294647879,0.9436292582828455,13.903934023096147,3.011453940975853,30.58789855172909,9.771116073985056,PASS,EARLY_SCREEN,R5,B_INTERVAL_INSIDE,DEMO_SPEC_NOT_APPROVED;B_INTERVAL_INSIDE,SYNTHETIC,7bb70511fd9f,drishti-0.1.0/A:749f3fff65152311/B:2ba4eaf285832628
SYN_L159_D015:supply_current,SYN_L159_D015,SYN_L159,DEMO_MEMORY,supply_current,mA,stress125C_meas25C,3.969457680103888,3.993962171949234,0.024504491845346088,0,6.0,DEMO_ONLY_v1,30,4.251617348758093,0.10625868570876618,0.024852742163533836,0.014193511322153629,-1.635499580384388,-0.016549225647623567,1.635499580384388,0.4187755116696406,3.78709390672707,0.7393861554443316,0.9436292582828455,4.102061708037072,3.43043645936488,5.0100416105742465,0.6035471673945598,PASS,EARLY_SCREEN,R5,B_INTERVAL_INSIDE,DEMO_SPEC_NOT_APPROVED;B_INTERVAL_INSIDE,SYNTHETIC,7bb70511fd9f,drishti-0.1.0/A:749f3fff65152311/B:2ba4eaf285832628
SYN_L159_D016:leakage_current,SYN_L159_D016,SYN_L159,DEMO_MEMORY,leakage_current,uA,stress125C_meas25C,10.209917181358284,10.470595221946256,0.2606780405879725,0,50.0,DEMO_ONLY_v1,30,11.147407856184394,0.5805349670556152,0.267824488460624,0.07226245855137137,-0.7863503382164115,-0.06670424934072683,0.7863503382164115,0.3533220096299649,2.360338567845305,0.3198515341146606,0.9436292582828455,12.147964196390646,1.6601182328597766,24.035606575620193,9.771116073985056,PASS,EARLY_SCREEN,R5,B_INTERVAL_INSIDE,DEMO_SPEC_NOT_APPROVED;B_INTERVAL_INSIDE,SYNTHETIC,7bb70511fd9f,drishti-0.1.0/A:749f3fff65152311/B:2ba4eaf285832628
SYN_L159_D016:supply_current,SYN_L159_D016,SYN_L159,DEMO_MEMORY,supply_current,mA,stress125C_meas25C,4.316345390178112,4.33061856308858,0.01427317291046748,0,6.0,DEMO_ONLY_v1,30,4.251617348758093,0.10625868570876618,0.024852742163533836,0.014193511322153629,0.5014704322561293,-0.5027523872333248,0.5027523872333248,0.36911186920905537,2.3558297527482193,0.24199779525088347,0.9436292582828455,4.444570593358548,3.704066181748392,5.622576295608992,0.6035471673945598,PASS,EARLY_SCREEN,R5,B_INTERVAL_INSIDE,DEMO_SPEC_NOT_APPROVED;B_INTERVAL_INSIDE,SYNTHETIC,7bb70511fd9f,drishti-0.1.0/A:749f3fff65152311/B:2ba4eaf285832628
SYN_L159_D017:leakage_current,SYN_L159_D017,SYN_L159,DEMO_MEMORY,leakage_current,uA,stress125C_meas25C,10.170677755569304,10.420352102838711,0.24967434726940674,0,50.0,DEMO_ONLY_v1,30,11.147407856184394,0.5805349670556152,0.267824488460624,0.07226245855137137,-0.8447249779684296,-0.1694116524968309,0.8447249779684296,0.3577142919191041,2.5277896230020627,0.3803605390386004,0.9436292582828455,12.267804651522942,1.6551537008459736,24.035606575620193,9.771116073985056,PASS,EARLY_SCREEN,R5,B_INTERVAL_INSIDE,DEMO_SPEC_NOT_APPROVED;B_INTERVAL_INSIDE,SYNTHETIC,7bb70511fd9f,drishti-0.1.0/A:749f3fff65152311/B:2ba4eaf285832628
SYN_L159_D017:supply_current,SYN_L159_D017,SYN_L159,DEMO_MEMORY,supply_current,mA,stress125C_meas25C,4.227770609089394,4.252971601571115,0.025200992481721585,0,6.0,DEMO_ONLY_v1,30,4.251617348758093,0.10625868570876618,0.024852742163533836,0.014193511322153629,0.008596294997306454,0.016549225647623567,0.016549225647623567,0.3474889490917559,1.4253769385304609,0.001076754501245542,0.9436292582828455,4.346014963839181,3.684350245173888,5.408007719596787,0.6035471673945598,PASS,EARLY_SCREEN,R5,B_INTERVAL_INSIDE,DEMO_SPEC_NOT_APPROVED;B_INTERVAL_INSIDE,SYNTHETIC,7bb70511fd9f,drishti-0.1.0/A:749f3fff65152311/B:2ba4eaf285832628
SYN_L159_D018:leakage_current,SYN_L159_D018,SYN_L159,DEMO_MEMORY,leakage_current,uA,stress125C_meas25C,11.18924410170094,11.52848596913868,0.33924186743774065,0,50.0,DEMO_ONLY_v1,30,11.147407856184394,0.5805349670556152,0.267824488460624,0.07226245855137137,0.4427531163714046,0.6666028689275626,0.6666028689275626,0.35357188240269294,2.3815819646945116,0.2813502877880885,0.9436292582828455,13.5434023254097,2.689178875957957,26.365721223420515,9.771116073985056,PASS,EARLY_SCREEN,R5,B_INTERVAL_INSIDE,DEMO_SPEC_NOT_APPROVED;B_INTERVAL_INSIDE,SYNTHETIC,7bb70511fd9f,drishti-0.1.0/A:749f3fff65152311/B:2ba4eaf285832628
SYN_L159_D018:supply_current,SYN_L159_D018,SYN_L159,DEMO_MEMORY,supply_current,mA,stress125C_meas25C,3.7320782438038966,3.778763962307642,0.04668571850374548,0,6.0,DEMO_ONLY_v1,30,4.251617348758093,0.10625868570876618,0.024852742163533836,0.014193511322153629,-3.0014980669173945,1.0375262652842578,3.0014980669173945,0.5889785224512104,7.674004211340141,0.9499071866019474,0.9436292582828455,3.883601639542727,3.2336253964665107,4.545790304229228,0.6035471673945598,PASS,EARLY_SCREEN,R5,B_INTERVAL_INSIDE,DEMO_SPEC_NOT_APPROVED;B_INTERVAL_INSIDE,SYNTHETIC,7bb70511fd9f,drishti-0.1.0/A:749f3fff65152311/B:2ba4eaf285832628
SYN_L159_D019:leakage_current,SYN_L159_D019,SYN_L159,DEMO_MEMORY,leakage_current,uA,stress125C_meas25C,10.38515184368688,10.627161815592617,0.2420099719057358,0,50.0,DEMO_ONLY_v1,30,11.147407856184394,0.5805349670556152,0.267824488460624,0.07226245855137137,-0.6044444640658881,-0.2409501866622728,0.6044444640658881,0.3494415882371748,2.2304904206370786,0.20985739248900245,0.9436292582828455,12.25716488486303,2.006350826420743,23.89451285185323,9.771116073985056,PASS,EARLY_SCREEN,R5,B_INTERVAL_INSIDE,DEMO_SPEC_NOT_APPROVED;B_INTERVAL_INSIDE,SYNTHETIC,7bb70511fd9f,drishti-0.1.0/A:749f3fff65152311/B:2ba4eaf285832628
SYN_L159_D019:supply_current,SYN_L159_D019,SYN_L159,DEMO_MEMORY,supply_current,mA,stress125C_meas25C,4.217733792329158,4.244718971466403,0.026985179137245296,0,6.0,DEMO_ONLY_v1,30,4.251617348758093,0.10625868570876618,0.024852742163533836,0.014193511322153629,-0.04378834264316713,0.10133567383637213,0.10133567383637213,0.3480942182881951,1.5475426794460265,0.008935581017317845,0.9436292582828455,4.338094949516231,3.684350245173888,5.390099931465212,0.6035471673945598,PASS,EARLY_SCREEN,R5,B_INTERVAL_INSIDE,DEMO_SPEC_NOT_APPROVED;B_INTERVAL_INSIDE,SYNTHETIC,7bb70511fd9f,drishti-0.1.0/A:749f3fff65152311/B:2ba4eaf285832628
SYN_L159_D020:leakage_current,SYN_L159_D020,SYN_L159,DEMO_MEMORY,leakage_current,uA,stress125C_meas25C,11.157513046016373,11.430454767807444,0.2729417217910708,0,50.0,DEMO_ONLY_v1,30,11.147407856184394,0.5805349670556152,0.267824488460624,0.07226245855137137,0.32885620543481586,0.047763758176291575,0.32885620543481586,0.3435427417129852,1.7390571070673309,0.07298037080117135,0.9436292582828455,13.191233297928216,2.625176478676586,26.365721223420515,9.771116073985056,PASS,EARLY_SCREEN,R5,B_INTERVAL_INSIDE,DEMO_SPEC_NOT_APPROVED;B_INTERVAL_INSIDE,SYNTHETIC,7bb70511fd9f,drishti-0.1.0/A:749f3fff65152311/B:2ba4eaf285832628
SYN_L159_D020:supply_current,SYN_L159_D020,SYN_L159,DEMO_MEMORY,supply_current,mA,stress125C_meas25C,4.2682048027732735,4.29490118039016,0.02669637761688648,0,6.0,DEMO_ONLY_v1,30,4.251617348758093,0.10625868570876618,0.024852742163533836,0.014193511322153629,0.2747497230540412,0.08761151831322304,0.2747497230540412,0.35691181960438456,1.7408987986486266,0.07938638029275215,0.9436292582828455,4.409511494020747,3.704066181748392,5.517345267589052,0.6035471673945598,PASS,EARLY_SCREEN,R5,B_INTERVAL_INSIDE,DEMO_SPEC_NOT_APPROVED;B_INTERVAL_INSIDE,SYNTHETIC,7bb70511fd9f,drishti-0.1.0/A:749f3fff65152311/B:2ba4eaf285832628
SYN_L159_D021:leakage_current,SYN_L159_D021,SYN_L159,DEMO_MEMORY,leakage_current,uA,stress125C_meas25C,10.433722153496864,10.810242739619516,0.37652058612265193,0,50.0,DEMO_ONLY_v1,30,11.147407856184394,0.5805349670556152,0.267824488460624,0.07226245855137137,-0.39173308835171783,1.0145588032004766,1.0145588032004766,0.3613756643436399,2.644045707682269,0.44334163043728503,0.9436292582828455,12.96087701515118,1.9390877434076614,28.10550930906658,9.771116073985056,PASS,EARLY_SCREEN,R5,B_INTERVAL_INSIDE,DEMO_SPEC_NOT_APPROVED;B_INTERVAL_INSIDE,SYNTHETIC,7bb70511fd9f,drishti-0.1.0/A:749f3fff65152311/B:2ba4eaf285832628
SYN_L159_D021:supply_current,SYN_L159_D021,SYN_L159,DEMO_MEMORY,supply_current,mA,stress125C_meas25C,4.044368354676836,4.070385945177776,0.026017590500940102,0,6.0,DEMO_ONLY_v1,30,4.251617348758093,0.10625868570876618,0.024852742163533836,0.014193511322153629,-1.150389789093852,0.05535483235539404,1.150389789093852,0.38837900726982844,2.858032997236226,0.5122182151050015,0.9436292582828455,4.183390887032183,3.497849485008017,4.996813233577871,0.6035471673945598,PASS,EARLY_SCREEN,R5,B_INTERVAL_INSIDE,DEMO_SPEC_NOT_APPROVED;B_INTERVAL_INSIDE,SYNTHETIC,7bb70511fd9f,drishti-0.1.0/A:749f3fff65152311/B:2ba4eaf285832628
SYN_L159_D022:leakage_current,SYN_L159_D022,SYN_L159,DEMO_MEMORY,leakage_current,uA,stress125C_meas25C,10.20621473627533,10.613473901775643,0.4072591655003137,0,50.0,DEMO_ONLY_v1,30,11.147407856184394,0.5805349670556152,0.267824488460624,0.07226245855137137,-0.6203476773260396,1.3014697133092394,1.3014697133092394,0.37046011596042794,3.129693396942279,0.560966698497515,0.9436292582828455,12.63747582331304,2.040070333924726,24.920603162160546,9.771116073985056,PASS,EARLY_SCREEN,R5,B_INTERVAL_INSIDE,DEMO_SPEC_NOT_APPROVED;B_INTERVAL_INSIDE,SYNTHETIC,7bb70511fd9f,drishti-0.1.0/A:749f3fff65152311/B:2ba4eaf285832628
SYN_L159_D022:supply_current,SYN_L159_D022,SYN_L159,DEMO_MEMORY,supply_current,mA,stress125C_meas25C,4.319946607089055,4.310494086611099,-0.009452520477956305,0,6.0,DEMO_ONLY_v1,30,4.251617348758093,0.10625868570876618,0.024852742163533836,0.014193511322153629,0.37372771331673105,-1.6302225804397963,1.6302225804397963,0.4233974033256473,4.09792025137155,0.7615229455401709,0.9436292582828455,4.429476402933273,3.704066181748392,5.622576295608992,0.6035471673945598,PASS,EARLY_SCREEN,R5,B_INTERVAL_INSIDE,DEMO_SPEC_NOT_APPROVED;B_INTERVAL_INSIDE,SYNTHETIC,7bb70511fd9f,drishti-0.1.0/A:749f3fff65152311/B:2ba4eaf285832628
SYN_L159_D023:leakage_current,SYN_L159_D023,SYN_L159,DEMO_MEMORY,leakage_current,uA,stress125C_meas25C,11.148511198330349,12.140764817831196,0.9922536195008469,0,50.0,DEMO_ONLY_v1,30,11.147407856184394,0.5805349670556152,0.267824488460624,0.07226245855137137,1.1541252973799376,6.7617510471904225,6.7617510471904225,0.5727517220227347,5.128037304790895,0.9323208341090697,0.9436292582828455,13.930062189543191,2.622807943940664,30.672304764313065,9.771116073985056,ESCALATE,REVIEW,R4,A_UNUSUAL_CHANGE,DEMO_SPEC_NOT_APPROVED;A_UNUSUAL_CHANGE;B_INTERVAL_INSIDE,SYNTHETIC,7bb70511fd9f,drishti-0.1.0/A:749f3fff65152311/B:2ba4eaf285832628
SYN_L159_D023:supply_current,SYN_L159_D023,SYN_L159,DEMO_MEMORY,supply_current,mA,stress125C_meas25C,4.214706876076715,4.27694615475485,0.06223927867813561,0,6.0,DEMO_ONLY_v1,30,4.251617348758093,0.10625868570876618,0.024852742163533836,0.014193511322153629,0.16077787410444885,1.776647993268164,1.776647993268164,0.43417145600995827,3.7941371556009416,0.7686241954706065,0.9436292582828455,4.345433424932098,3.684350245173888,5.429996062594935,0.6035471673945598,PASS,EARLY_SCREEN,R5,B_INTERVAL_INSIDE,DEMO_SPEC_NOT_APPROVED;B_INTERVAL_INSIDE,SYNTHETIC,7bb70511fd9f,drishti-0.1.0/A:749f3fff65152311/B:2ba4eaf285832628
SYN_L159_D024:leakage_current,SYN_L159_D024,SYN_L159,DEMO_MEMORY,leakage_current,uA,stress125C_meas25C,9.977931110927855,10.887480364278032,0.9095492533501766,0,50.0,DEMO_ONLY_v1,30,11.147407856184394,0.5805349670556152,0.267824488460624,0.07226245855137137,-0.3019950586507448,5.989796537819008,5.989796537819008,0.5587898532222175,4.044344116886176,0.8868738814293001,0.9436292582828455,13.963044271553086,2.017156852965547,31.55387345817466,9.771116073985056,ESCALATE,REVIEW,R4,A_UNUSUAL_CHANGE,DEMO_SPEC_NOT_APPROVED;A_UNUSUAL_CHANGE;B_INTERVAL_INSIDE,SYNTHETIC,7bb70511fd9f,drishti-0.1.0/A:749f3fff65152311/B:2ba4eaf285832628
SYN_L159_D024:supply_current,SYN_L159_D024,SYN_L159,DEMO_MEMORY,supply_current,mA,stress125C_meas25C,3.933799112477783,3.954013954811907,0.02021484233412396,0,6.0,DEMO_ONLY_v1,30,4.251617348758093,0.10625868570876618,0.024852742163533836,0.014193511322153629,-1.889076058739689,-0.22039793447252365,1.889076058739689,0.45493884730580775,4.6212616830693705,0.8276065312822464,0.9436292582828455,4.061292628808048,3.3826227736523693,5.042327000241343,0.6035471673945598,PASS,EARLY_SCREEN,R5,B_INTERVAL_INSIDE,DEMO_SPEC_NOT_APPROVED;B_INTERVAL_INSIDE,SYNTHETIC,7bb70511fd9f,drishti-0.1.0/A:749f3fff65152311/B:2ba4eaf285832628
SYN_L159_D025:leakage_current,SYN_L159_D025,SYN_L159,DEMO_MEMORY,leakage_current,uA,stress125C_meas25C,11.810011655614735,11.982195302072052,0.17218364645731654,0,50.0,DEMO_ONLY_v1,30,11.147407856184394,0.5805349670556152,0.267824488460624,0.07226245855137137,0.9698923412555658,-0.8927023167075414,0.9698923412555658,0.3772696499852592,3.6499231688064477,0.5919005517518996,0.9436292582828455,13.801742906616242,3.006803399812071,30.36301518248078,9.771116073985056,PASS,EARLY_SCREEN,R5,B_INTERVAL_INSIDE,DEMO_SPEC_NOT_APPROVED;B_INTERVAL_INSIDE,SYNTHETIC,7bb70511fd9f,drishti-0.1.0/A:749f3fff65152311/B:2ba4eaf285832628
SYN_L159_D025:supply_current,SYN_L159_D025,SYN_L159,DEMO_MEMORY,supply_current,mA,stress125C_meas25C,4.116780560416426,4.12679443795191,0.010013877535484106,0,6.0,DEMO_ONLY_v1,30,4.251617348758093,0.10625868570876618,0.024852742163533836,0.014193511322153629,-0.7923295808541722,-0.7051586352083169,0.7923295808541722,0.3713197927297278,3.0849634072819336,0.411605704002747,0.9436292582828455,4.240027873799867,3.5801268998583784,5.115507799145233,0.6035471673945598,PASS,EARLY_SCREEN,R5,B_INTERVAL_INSIDE,DEMO_SPEC_NOT_APPROVED;B_INTERVAL_INSIDE,SYNTHETIC,7bb70511fd9f,drishti-0.1.0/A:749f3fff65152311/B:2ba4eaf285832628
SYN_L159_D026:leakage_current,SYN_L159_D026,SYN_L159,DEMO_MEMORY,leakage_current,uA,stress125C_meas25C,11.306074931237784,11.67414325586963,0.3680683246318459,0,50.0,DEMO_ONLY_v1,30,11.147407856184394,0.5805349670556152,0.267824488460624,0.07226245855137137,0.611984083540772,0.9356662165584693,0.9356662165584693,0.36005840351450913,2.8031419707918843,0.44369788321266274,0.9436292582828455,13.63026625956383,2.6644228100954095,26.560871197335945,9.771116073985056,PASS,EARLY_SCREEN,R5,B_INTERVAL_INSIDE,DEMO_SPEC_NOT_APPROVED;B_INTERVAL_INSIDE,SYNTHETIC,7bb70511fd9f,drishti-0.1.0/A:749f3fff65152311/B:2ba4eaf285832628
SYN_L159_D026:supply_current,SYN_L159_D026,SYN_L159,DEMO_MEMORY,supply_current,mA,stress125C_meas25C,5.1918439260666895,5.230703118064569,0.03885919199787935,0,6.0,DEMO_ONLY_v1,30,4.251617348758093,0.10625868570876618,0.024852742163533836,0.014193511322153629,6.214873633410381,0.6656013985484374,6.214873633410381,0.618500340485793,5.8285284596065985,0.9489853793352752,0.9436292582828455,5.041557058678627,4.1167785357857465,5.972114513723174,0.6035471673945598,ESCALATE,INSUFFICIENT_EVIDENCE,R3,B_OUT_OF_DOMAIN,DEMO_SPEC_NOT_APPROVED;A_UNUSUAL_LEVEL;B_OUT_OF_DOMAIN;B_INTERVAL_INSIDE,SYNTHETIC,7bb70511fd9f,drishti-0.1.0/A:749f3fff65152311/B:2ba4eaf285832628
SYN_L159_D027:leakage_current,SYN_L159_D027,SYN_L159,DEMO_MEMORY,leakage_current,uA,stress125C_meas25C,9.743417919388994,21.8374773328719,12.094059413482904,0,50.0,DEMO_ONLY_v1,30,11.147407856184394,0.5805349670556152,0.267824488460624,0.07226245855137137,12.420187395013144,110.38492650587426,110.38492650587426,0.6879946387923532,7.309361097752232,0.9816107761336901,0.9436292582828455,11.26091939489034,1.2539142099360632,25.663052246108016,9.771116073985056,ESCALATE,REVIEW,R4,A_UNUSUAL_CHANGE,DEMO_SPEC_NOT_APPROVED;A_UNUSUAL_CHANGE;B_INTERVAL_INSIDE,SYNTHETIC,7bb70511fd9f,drishti-0.1.0/A:749f3fff65152311/B:2ba4eaf285832628
SYN_L159_D027:supply_current,SYN_L159_D027,SYN_L159,DEMO_MEMORY,supply_current,mA,stress125C_meas25C,4.036844015517946,4.076077330491442,0.03923331497349558,0,6.0,DEMO_ONLY_v1,30,4.251617348758093,0.10625868570876618,0.024852742163533836,0.014193511322153629,-1.1142629842394247,0.6833801204047529,1.1142629842394247,0.4031574450988066,3.3979864506110506,0.5960969701690161,0.9436292582828455,4.18355729246533,3.497849485008017,5.008775788712503,0.6035471673945598,PASS,EARLY_SCREEN,R5,B_INTERVAL_INSIDE,DEMO_SPEC_NOT_APPROVED;B_INTERVAL_INSIDE,SYNTHETIC,7bb70511fd9f,drishti-0.1.0/A:749f3fff65152311/B:2ba4eaf285832628
SYN_L159_D028:leakage_current,SYN_L159_D028,SYN_L159,DEMO_MEMORY,leakage_current,uA,stress125C_meas25C,11.045939934044574,11.294955360713349,0.24901542666877496,0,50.0,DEMO_ONLY_v1,30,11.147407856184394,0.5805349670556152,0.267824488460624,0.07226245855137137,0.17142710437126385,-0.1755619532929068,0.1755619532929068,0.3432079612325483,1.7536299718965602,0.05806217540983427,0.9436292582828455,13.025749757405302,2.5858509407063455,26.365721223420515,9.771116073985056,PASS,EARLY_SCREEN,R5,B_INTERVAL_INSIDE,DEMO_SPEC_NOT_APPROVED;B_INTERVAL_INSIDE,SYNTHETIC,7bb70511fd9f,drishti-0.1.0/A:749f3fff65152311/B:2ba4eaf285832628
SYN_L159_D028:supply_current,SYN_L159_D028,SYN_L159,DEMO_MEMORY,supply_current,mA,stress125C_meas25C,4.207522987998638,4.2330488067416665,0.02552581874302806,0,6.0,DEMO_ONLY_v1,30,4.251617348758093,0.10625868570876618,0.024852742163533836,0.014193511322153629,-0.11786622357968216,0.03198531518979225,0.11786622357968216,0.3493619274123133,1.5829155704262696,0.017368407396679834,0.9436292582828455,4.329846072012428,3.669677906559135,5.390099931465212,0.6035471673945598,PASS,EARLY_SCREEN,R5,B_INTERVAL_INSIDE,DEMO_SPEC_NOT_APPROVED;B_INTERVAL_INSIDE,SYNTHETIC,7bb70511fd9f,drishti-0.1.0/A:749f3fff65152311/B:2ba4eaf285832628
SYN_L159_D029:leakage_current,SYN_L159_D029,SYN_L159,DEMO_MEMORY,leakage_current,uA,stress125C_meas25C,29.440890223281627,29.9010007151241,0.460110491842471,0,50.0,DEMO_ONLY_v1,30,11.147407856184394,0.5805349670556152,0.267824488460624,0.07226245855137137,21.78873936654587,1.7947788527779038,21.78873936654587,0.6923340568122164,6.53617120951875,0.9701603499772502,0.9436292582828455,28.576963128166554,4.202797228706176,43.379814989738,9.771116073985056,ESCALATE,REVIEW,R4,A_UNUSUAL_LEVEL,DEMO_SPEC_NOT_APPROVED;A_UNUSUAL_LEVEL;B_INTERVAL_INSIDE,SYNTHETIC,7bb70511fd9f,drishti-0.1.0/A:749f3fff65152311/B:2ba4eaf285832628
SYN_L159_D029:supply_current,SYN_L159_D029,SYN_L159,DEMO_MEMORY,supply_current,mA,stress125C_meas25C,4.325478101926777,4.349540438844201,0.02406233691742443,0,6.0,DEMO_ONLY_v1,30,4.251617348758093,0.10625868570876618,0.024852742163533836,0.014193511322153629,0.6215794874736084,-0.03756089826134194,0.6215794874736084,0.36632753545650254,2.0717377998764515,0.21046035196875804,0.9436292582828455,4.445390637338988,3.704066181748392,5.622576295608992,0.6035471673945598,PASS,EARLY_SCREEN,R5,B_INTERVAL_INSIDE,DEMO_SPEC_NOT_APPROVED;B_INTERVAL_INSIDE,SYNTHETIC,7bb70511fd9f,drishti-0.1.0/A:749f3fff65152311/B:2ba4eaf285832628
SYN_L180_D000:leakage_current,SYN_L180_D000,SYN_L180,DEMO_MEMORY,leakage_current,uA,stress125C_meas25C,28.2146655071218,30.477016939053307,2.2623514319315063,0,50.0,DEMO_ONLY_v1,24,31.37006451785176,0.5972563013597281,2.272763835400168,0.05290978381422207,-1.0085324144779595,-0.13273669664222973,1.0085324144779595,0.36798749890526466,2.70493192698886,0.47037376692332183,0.9436292582828455,28.576963128166554,4.202797228706176,43.379814989738,9.771116073985056,ESCALATE,REVIEW,R4,A_LOT_SHIFT,DEMO_SPEC_NOT_APPROVED;A_LOT_SHIFT;B_INTERVAL_INSIDE,SYNTHETIC,7bb70511fd9f,drishti-0.1.0/A:749f3fff65152311/B:2ba4eaf285832628
SYN_L180_D000:supply_current,SYN_L180_D000,SYN_L180,DEMO_MEMORY,supply_current,mA,stress125C_meas25C,4.573825644333367,4.680404100539803,0.10657845620643602,0,6.0,DEMO_ONLY_v1,24,5.076560304285669,0.0880953776311002,0.11851393723675985,0.013010459818398878,-3.0331182625135065,-0.6187615024549012,3.0331182625135065,0.5695910486922804,8.222570163088978,0.9513997092349129,0.9436292582828455,4.7044501051892365,3.9399038286186268,5.376033864845214,0.6035471673945598,ESCALATE,REVIEW,R4,A_LOT_SHIFT,DEMO_SPEC_NOT_APPROVED;A_LOT_SHIFT;B_INTERVAL_INSIDE,SYNTHETIC,7bb70511fd9f,drishti-0.1.0/A:749f3fff65152311/B:2ba4eaf285832628
SYN_L180_D001:leakage_current,SYN_L180_D001,SYN_L180,DEMO_MEMORY,leakage_current,uA,stress125C_meas25C,28.905564939447665,31.090585122235577,2.1850201827879125,0,50.0,DEMO_ONLY_v1,24,31.37006451785176,0.5972563013597281,2.272763835400168,0.05290978381422207,-0.3156203950934639,-1.11855083546538,1.11855083546538,0.3736882642834958,3.3672400611668065,0.5738522852291502,0.9436292582828455,28.576963128166554,4.202797228706176,43.379814989738,9.771116073985056,ESCALATE,INSUFFICIENT_EVIDENCE,R3,B_OUT_OF_DOMAIN,DEMO_SPEC_NOT_APPROVED;A_LOT_SHIFT;B_OUT_OF_DOMAIN;B_INTERVAL_INSIDE,SYNTHETIC,7bb70511fd9f,drishti-0.1.0/A:749f3fff65152311/B:2ba4eaf285832628
SYN_L180_D001:supply_current,SYN_L180_D001,SYN_L180,DEMO_MEMORY,supply_current,mA,stress125C_meas25C,4.970422814764356,5.0672772338208665,0.09685441905651082,0,6.0,DEMO_ONLY_v1,24,5.076560304285669,0.0880953776311002,0.11851393723675985,0.013010459818398878,-0.0710746172665155,-1.1228769060593546,1.1228769060593546,0.36914502019784684,2.987438387148056,0.4416609289061844,0.9436292582828455,5.041557058678627,4.1167785357857465,5.972114513723174,0.6035471673945598,ESCALATE,REVIEW,R4,A_LOT_SHIFT,DEMO_SPEC_NOT_APPROVED;A_LOT_SHIFT;B_INTERVAL_INSIDE,SYNTHETIC,7bb70511fd9f,drishti-0.1.0/A:749f3fff65152311/B:2ba4eaf285832628
SYN_L180_D002:leakage_current,SYN_L180_D002,SYN_L180,DEMO_MEMORY,leakage_current,uA,stress125C_meas25C,28.99334091471064,31.2328417941448,2.2395008794341607,0,50.0,DEMO_ONLY_v1,24,31.37006451785176,0.5972563013597281,2.272763835400168,0.05290978381422207,-0.15496773984609222,-0.42403417316398506,0.42403417316398506,0.34664922145116256,1.9857189787995733,0.13555362335017462,0.9436292582828455,28.576963128166554,4.202797228706176,43.379814989738,9.771116073985056,ESCALATE,INSUFFICIENT_EVIDENCE,R3,B_OUT_OF_DOMAIN,DEMO_SPEC_NOT_APPROVED;A_LOT_SHIFT;B_OUT_OF_DOMAIN;B_INTERVAL_INSIDE,SYNTHETIC,7bb70511fd9f,drishti-0.1.0/A:749f3fff65152311/B:2ba4eaf285832628
SYN_L180_D002:supply_current,SYN_L180_D002,SYN_L180,DEMO_MEMORY,supply_current,mA,stress125C_meas25C,4.9828284047550735,5.1208626802567405,0.13803427550166703,0,6.0,DEMO_ONLY_v1,24,5.076560304285669,0.0880953776311002,0.11851393723675985,0.013010459818398878,0.3391953586994608,1.0119771295798508,1.0119771295798508,0.3790000349564276,2.8748035089817243,0.4612803237227581,0.9436292582828455,5.041557058678627,4.1167785357857465,5.972114513723174,0.6035471673945598,ESCALATE,REVIEW,R4,A_LOT_SHIFT,DEMO_SPEC_NOT_APPROVED;A_LOT_SHIFT;B_INTERVAL_INSIDE,SYNTHETIC,7bb70511fd9f,drishti-0.1.0/A:749f3fff65152311/B:2ba4eaf285832628
SYN_L180_D003:leakage_current,SYN_L180_D003,SYN_L180,DEMO_MEMORY,leakage_current,uA,stress125C_meas25C,29.9361857502608,32.292668808904,2.356483058643196,0,50.0,DEMO_ONLY_v1,24,31.37006451785176,0.5972563013597281,2.272763835400168,0.05290978381422207,1.0419112658191696,1.0672476505716146,1.0672476505716146,0.38152914855258474,3.460396228291223,0.5937891955162854,0.9436292582828455,28.576963128166554,4.202797228706176,43.379814989738,9.771116073985056,ESCALATE,INSUFFICIENT_EVIDENCE,R3,B_OUT_OF_DOMAIN,DEMO_SPEC_NOT_APPROVED;A_LOT_SHIFT;B_OUT_OF_DOMAIN;B_INTERVAL_INSIDE,SYNTHETIC,7bb70511fd9f,drishti-0.1.0/A:749f3fff65152311/B:2ba4eaf285832628
SYN_L180_D003:supply_current,SYN_L180_D003,SYN_L180,DEMO_MEMORY,supply_current,mA,stress125C_meas25C,5.092142729518261,5.22585738787999,0.13371465836172902,0,6.0,DEMO_ONLY_v1,24,5.076560304285669,0.0880953776311002,0.11851393723675985,0.013010459818398878,1.1430736323403214,0.7880387072617798,1.1430736323403214,0.40223260290330787,3.4980796621256176,0.6088520814242924,0.9436292582828455,5.041557058678627,4.1167785357857465,5.972114513723174,0.6035471673945598,ESCALATE,INSUFFICIENT_EVIDENCE,R3,B_OUT_OF_DOMAIN,DEMO_SPEC_NOT_APPROVED;A_LOT_SHIFT;B_OUT_OF_DOMAIN;B_INTERVAL_INSIDE,SYNTHETIC,7bb70511fd9f,drishti-0.1.0/A:749f3fff65152311/B:2ba4eaf285832628
SYN_L180_D004:leakage_current,SYN_L180_D004,SYN_L180,DEMO_MEMORY,leakage_current,uA,stress125C_meas25C,28.343753784548195,30.5346828277212,2.1909290431730035,0,50.0,DEMO_ONLY_v1,24,31.37006451785176,0.5972563013597281,2.272763835400168,0.05290978381422207,-0.9434094363612795,-1.0432250366910918,1.0432250366910918,0.3813141130752367,4.035541243140221,0.6315815504598853,0.9436292582828455,28.576963128166554,4.202797228706176,43.379814989738,9.771116073985056,ESCALATE,REVIEW,R4,A_LOT_SHIFT,DEMO_SPEC_NOT_APPROVED;A_LOT_SHIFT;B_INTERVAL_INSIDE,SYNTHETIC,7bb70511fd9f,drishti-0.1.0/A:749f3fff65152311/B:2ba4eaf285832628
SYN_L180_D004:supply_current,SYN_L180_D004,SYN_L180,DEMO_MEMORY,supply_current,mA,stress125C_meas25C,5.070604412944221,5.188920373570714,0.11831596062649297,0,6.0,DEMO_ONLY_v1,24,5.076560304285669,0.0880953776311002,0.11851393723675985,0.013010459818398878,0.8602702037814787,-0.010263541495180127,0.8602702037814787,0.37037137545283794,2.348893459341245,0.3352072403440182,0.9436292582828455,5.041557058678627,4.1167785357857465,5.972114513723174,0.6035471673945598,ESCALATE,REVIEW,R4,A_LOT_SHIFT,DEMO_SPEC_NOT_APPROVED;A_LOT_SHIFT;B_INTERVAL_INSIDE,SYNTHETIC,7bb70511fd9f,drishti-0.1.0/A:749f3fff65152311/B:2ba4eaf285832628
SYN_L180_D005:leakage_current,SYN_L180_D005,SYN_L180,DEMO_MEMORY,leakage_current,uA,stress125C_meas25C,28.990444368027127,31.261942362991974,2.2714979949648466,0,50.0,DEMO_ONLY_v1,24,31.37006451785176,0.5972563013597281,2.272763835400168,0.05290978381422207,-0.12210401829431408,-0.016136858158294364,0.12210401829431408,0.33944433818844244,1.5482613284169484,0.014636771581033298,0.9436292582828455,28.576963128166554,4.202797228706176,43.379814989738,9.771116073985056,ESCALATE,INSUFFICIENT_EVIDENCE,R3,B_OUT_OF_DOMAIN,DEMO_SPEC_NOT_APPROVED;A_LOT_SHIFT;B_OUT_OF_DOMAIN;B_INTERVAL_INSIDE,SYNTHETIC,7bb70511fd9f,drishti-0.1.0/A:749f3fff65152311/B:2ba4eaf285832628
SYN_L180_D005:supply_current,SYN_L180_D005,SYN_L180,DEMO_MEMORY,supply_current,mA,stress125C_meas25C,5.0333458317805375,5.149544283435084,0.11619845165454645,0,6.0,DEMO_ONLY_v1,24,5.076560304285669,0.0880953776311002,0.11851393723675985,0.013010459818398878,0.5587923095380902,-0.12003984876042738,0.5587923095380902,0.36235980610964696,2.0941737614858527,0.18285952808184777,0.9436292582828455,5.041557058678627,4.1167785357857465,5.972114513723174,0.6035471673945598,ESCALATE,REVIEW,R4,A_LOT_SHIFT,DEMO_SPEC_NOT_APPROVED;A_LOT_SHIFT;B_INTERVAL_INSIDE,SYNTHETIC,7bb70511fd9f,drishti-0.1.0/A:749f3fff65152311/B:2ba4eaf285832628
SYN_L180_D006:leakage_current,SYN_L180_D006,SYN_L180,DEMO_MEMORY,leakage_current,uA,stress125C_meas25C,29.860912569016367,32.15640473711728,2.2954921681009104,0,50.0,DEMO_ONLY_v1,24,31.37006451785176,0.5972563013597281,2.272763835400168,0.05290978381422207,0.8880261463829147,0.28973942586474455,0.8880261463829147,0.35910561711898753,2.5648316269341844,0.4015456770893507,0.9436292582828455,28.576963128166554,4.202797228706176,43.379814989738,9.771116073985056,ESCALATE,INSUFFICIENT_EVIDENCE,R3,B_OUT_OF_DOMAIN,DEMO_SPEC_NOT_APPROVED;A_LOT_SHIFT;B_OUT_OF_DOMAIN;B_INTERVAL_INSIDE,SYNTHETIC,7bb70511fd9f,drishti-0.1.0/A:749f3fff65152311/B:2ba4eaf285832628
SYN_L180_D006:supply_current,SYN_L180_D006,SYN_L180,DEMO_MEMORY,supply_current,mA,stress125C_meas25C,5.017569822414566,5.157986369708026,0.14041654729346043,0,6.0,DEMO_ONLY_v1,24,5.076560304285669,0.0880953776311002,0.11851393723675985,0.013010459818398878,0.6234280411158334,1.1354793218585664,1.1354793218585664,0.39249682930178975,3.410886245610153,0.5796187305428407,0.9436292582828455,5.041557058678627,4.1167785357857465,5.972114513723174,0.6035471673945598,ESCALATE,REVIEW,R4,A_LOT_SHIFT,DEMO_SPEC_NOT_APPROVED;A_LOT_SHIFT;B_INTERVAL_INSIDE,SYNTHETIC,7bb70511fd9f,drishti-0.1.0/A:749f3fff65152311/B:2ba4eaf285832628
SYN_L180_D007:leakage_current,SYN_L180_D007,SYN_L180,DEMO_MEMORY,leakage_current,uA,stress125C_meas25C,28.730530997428183,31.0462945609536,2.315763563525419,0,50.0,DEMO_ONLY_v1,24,31.37006451785176,0.5972563013597281,2.272763835400168,0.05290978381422207,-0.36563840955176863,0.5481579622839352,0.5481579622839352,0.34787781498074405,2.191256402150798,0.18561290660703045,0.9436292582828455,28.576963128166554,4.202797228706176,43.379814989738,9.771116073985056,ESCALATE,INSUFFICIENT_EVIDENCE,R3,B_OUT_OF_DOMAIN,DEMO_SPEC_NOT_APPROVED;A_LOT_SHIFT;B_OUT_OF_DOMAIN;B_INTERVAL_INSIDE,SYNTHETIC,7bb70511fd9f,drishti-0.1.0/A:749f3fff65152311/B:2ba4eaf285832628
SYN_L180_D007:supply_current,SYN_L180_D007,SYN_L180,DEMO_MEMORY,supply_current,mA,stress125C_meas25C,5.094596860174666,5.729687858941001,0.6350909987663353,0,6.0,DEMO_ONLY_v1,24,5.076560304285669,0.0880953776311002,0.11851393723675985,0.013010459818398878,5.000585867504665,26.780487348075145,26.780487348075145,0.7166547284261164,8.127259983284654,0.9867802399430264,0.9436292582828455,5.041557058678627,4.1167785357857465,5.972114513723174,0.6035471673945598,ESCALATE,INSUFFICIENT_EVIDENCE,R3,B_OUT_OF_DOMAIN,DEMO_SPEC_NOT_APPROVED;A_UNUSUAL_CHANGE;A_LOT_SHIFT;B_OUT_OF_DOMAIN;B_INTERVAL_INSIDE,SYNTHETIC,7bb70511fd9f,drishti-0.1.0/A:749f3fff65152311/B:2ba4eaf285832628
SYN_L180_D008:leakage_current,SYN_L180_D008,SYN_L180,DEMO_MEMORY,leakage_current,uA,stress125C_meas25C,28.849915612118,31.20747553252232,2.35755992040432,0,50.0,DEMO_ONLY_v1,24,31.37006451785176,0.5972563013597281,2.272763835400168,0.05290978381422207,-0.1836142506118676,1.0809754198942452,1.0809754198942452,0.35716631090354084,2.5044044455012675,0.41278890001263174,0.9436292582828455,28.576963128166554,4.202797228706176,43.379814989738,9.771116073985056,ESCALATE,INSUFFICIENT_EVIDENCE,R3,B_OUT_OF_DOMAIN,DEMO_SPEC_NOT_APPROVED;A_LOT_SHIFT;B_OUT_OF_DOMAIN;B_INTERVAL_INSIDE,SYNTHETIC,7bb70511fd9f,drishti-0.1.0/A:749f3fff65152311/B:2ba4eaf285832628
SYN_L180_D008:supply_current,SYN_L180_D008,SYN_L180,DEMO_MEMORY,supply_current,mA,stress125C_meas25C,5.0834543281648426,5.207800139372653,0.12434581120781019,0,6.0,DEMO_ONLY_v1,24,5.076560304285669,0.0880953776311002,0.11851393723675985,0.013010459818398878,1.004820666211123,0.3023371317240353,1.004820666211123,0.3883506202514749,2.866927729921673,0.48577731147192155,0.9436292582828455,5.041557058678627,4.1167785357857465,5.972114513723174,0.6035471673945598,ESCALATE,INSUFFICIENT_EVIDENCE,R3,B_OUT_OF_DOMAIN,DEMO_SPEC_NOT_APPROVED;A_LOT_SHIFT;B_OUT_OF_DOMAIN;B_INTERVAL_INSIDE,SYNTHETIC,7bb70511fd9f,drishti-0.1.0/A:749f3fff65152311/B:2ba4eaf285832628
SYN_L180_D009:leakage_current,SYN_L180_D009,SYN_L180,DEMO_MEMORY,leakage_current,uA,stress125C_meas25C,28.79834316108254,31.005563737589046,2.207220576506508,0,50.0,DEMO_ONLY_v1,24,31.37006451785176,0.5972563013597281,2.272763835400168,0.05290978381422207,-0.41163635703716334,-0.8355415441684878,0.8355415441684878,0.3559778584034928,2.8752428762998643,0.4122268113944902,0.9436292582828455,28.576963128166554,4.202797228706176,43.379814989738,9.771116073985056,ESCALATE,INSUFFICIENT_EVIDENCE,R3,B_OUT_OF_DOMAIN,DEMO_SPEC_NOT_APPROVED;A_LOT_SHIFT;B_OUT_OF_DOMAIN;B_INTERVAL_INSIDE,SYNTHETIC,7bb70511fd9f,drishti-0.1.0/A:749f3fff65152311/B:2ba4eaf285832628
SYN_L180_D009:supply_current,SYN_L180_D009,SYN_L180,DEMO_MEMORY,supply_current,mA,stress125C_meas25C,5.129037575176437,5.237890061548904,0.10885248637246647,0,6.0,DEMO_ONLY_v1,24,5.076560304285669,0.0880953776311002,0.11851393723675985,0.013010459818398878,1.235200227625097,-0.5008707933510225,1.235200227625097,0.39944695000387326,3.2445110394273358,0.5883032470427322,0.9436292582828455,5.041557058678627,4.1167785357857465,5.972114513723174,0.6035471673945598,ESCALATE,INSUFFICIENT_EVIDENCE,R3,B_OUT_OF_DOMAIN,DEMO_SPEC_NOT_APPROVED;A_LOT_SHIFT;B_OUT_OF_DOMAIN;B_INTERVAL_INSIDE,SYNTHETIC,7bb70511fd9f,drishti-0.1.0/A:749f3fff65152311/B:2ba4eaf285832628
SYN_L180_D010:leakage_current,SYN_L180_D010,SYN_L180,DEMO_MEMORY,leakage_current,uA,stress125C_meas25C,30.92480731184126,33.16007784996692,2.2352705381256577,0,50.0,DEMO_ONLY_v1,24,31.37006451785176,0.5972563013597281,2.272763835400168,0.05290978381422207,2.02148968391444,-0.4779623111438347,2.02148968391444,0.436023212667441,3.7429632000762334,0.7895783262132854,0.9436292582828455,28.576963128166554,4.202797228706176,43.379814989738,9.771116073985056,ESCALATE,INSUFFICIENT_EVIDENCE,R3,B_OUT_OF_DOMAIN,DEMO_SPEC_NOT_APPROVED;A_LOT_SHIFT;B_OUT_OF_DOMAIN;B_INTERVAL_INSIDE,SYNTHETIC,7bb70511fd9f,drishti-0.1.0/A:749f3fff65152311/B:2ba4eaf285832628
SYN_L180_D010:supply_current,SYN_L180_D010,SYN_L180,DEMO_MEMORY,supply_current,mA,stress125C_meas25C,4.859935279960681,4.993973335104362,0.13403805514368017,0,6.0,DEMO_ONLY_v1,24,5.076560304285669,0.0880953776311002,0.11851393723675985,0.013010459818398878,-0.6323163492099638,0.8048043054124345,0.8048043054124345,0.38540999727727715,2.8272482487932424,0.43456448413155657,0.9436292582828455,5.041557058678627,4.1167785357857465,5.972114513723174,0.6035471673945598,ESCALATE,REVIEW,R4,A_LOT_SHIFT,DEMO_SPEC_NOT_APPROVED;A_LOT_SHIFT;B_INTERVAL_INSIDE,SYNTHETIC,7bb70511fd9f,drishti-0.1.0/A:749f3fff65152311/B:2ba4eaf285832628
SYN_L180_D011:leakage_current,SYN_L180_D011,SYN_L180,DEMO_MEMORY,leakage_current,uA,stress125C_meas25C,30.358714855674062,32.555881556207524,2.1971667005334616,0,50.0,DEMO_ONLY_v1,24,31.37006451785176,0.5972563013597281,2.272763835400168,0.05290978381422207,1.339161483905605,-0.9637077537404996,1.339161483905605,0.4023149600319109,4.210005928438955,0.7205677985177573,0.9436292582828455,28.576963128166554,4.202797228706176,43.379814989738,9.771116073985056,ESCALATE,INSUFFICIENT_EVIDENCE,R3,B_OUT_OF_DOMAIN,DEMO_SPEC_NOT_APPROVED;A_LOT_SHIFT;B_OUT_OF_DOMAIN;B_INTERVAL_INSIDE,SYNTHETIC,7bb70511fd9f,drishti-0.1.0/A:749f3fff65152311/B:2ba4eaf285832628
SYN_L180_D011:supply_current,SYN_L180_D011,SYN_L180,DEMO_MEMORY,supply_current,mA,stress125C_meas25C,4.8069922131471845,4.889051403411773,0.08205919026458819,0,6.0,DEMO_ONLY_v1,24,5.076560304285669,0.0880953776311002,0.11851393723675985,0.013010459818398878,-1.4356374234373848,-1.8898940018257648,1.8898940018257648,0.4862953889605984,6.221090162878855,0.884369271427346,0.9436292582828455,5.041557058678627,4.1167785357857465,5.972114513723174,0.6035471673945598,ESCALATE,REVIEW,R4,A_LOT_SHIFT,DEMO_SPEC_NOT_APPROVED;A_LOT_SHIFT;B_INTERVAL_INSIDE,SYNTHETIC,7bb70511fd9f,drishti-0.1.0/A:749f3fff65152311/B:2ba4eaf285832628
SYN_L180_D012:leakage_current,SYN_L180_D012,SYN_L180,DEMO_MEMORY,leakage_current,uA,stress125C_meas25C,29.922117677885936,32.23387009949498,2.311752421609043,0,50.0,DEMO_ONLY_v1,24,31.37006451785176,0.5972563013597281,2.272763835400168,0.05290978381422207,0.975508975755016,0.4970241650443884,0.975508975755016,0.3619875187747894,2.8496449493455693,0.4618220120491164,0.9436292582828455,28.576963128166554,4.202797228706176,43.379814989738,9.771116073985056,ESCALATE,INSUFFICIENT_EVIDENCE,R3,B_OUT_OF_DOMAIN,DEMO_SPEC_NOT_APPROVED;A_LOT_SHIFT;B_OUT_OF_DOMAIN;B_INTERVAL_INSIDE,SYNTHETIC,7bb70511fd9f,drishti-0.1.0/A:749f3fff65152311/B:2ba4eaf285832628
SYN_L180_D012:supply_current,SYN_L180_D012,SYN_L180,DEMO_MEMORY,supply_current,mA,stress125C_meas25C,4.792609550075744,4.9113214639227705,0.11871191384702673,0,6.0,DEMO_ONLY_v1,24,5.076560304285669,0.0880953776311002,0.11851393723675985,0.013010459818398878,-1.2651296121132434,0.010263541495180127,1.2651296121132434,0.390161085392915,3.047289995787334,0.5560896810122604,0.9436292582828455,5.041557058678627,4.1167785357857465,5.972114513723174,0.6035471673945598,ESCALATE,REVIEW,R4,A_LOT_SHIFT,DEMO_SPEC_NOT_APPROVED;A_LOT_SHIFT;B_INTERVAL_INSIDE,SYNTHETIC,7bb70511fd9f,drishti-0.1.0/A:749f3fff65152311/B:2ba4eaf285832628
SYN_L180_D013:leakage_current,SYN_L180_D013,SYN_L180,DEMO_MEMORY,leakage_current,uA,stress125C_meas25C,29.773716183953443,31.875241469546207,2.101525285592764,0,50.0,DEMO_ONLY_v1,24,31.37006451785176,0.5972563013597281,2.272763835400168,0.05290978381422207,0.5705041287010771,-2.182938790995791,2.182938790995791,0.44877599093873977,6.335500514056599,0.8905730218013258,0.9436292582828455,28.576963128166554,4.202797228706176,43.379814989738,9.771116073985056,ESCALATE,INSUFFICIENT_EVIDENCE,R3,B_OUT_OF_DOMAIN,DEMO_SPEC_NOT_APPROVED;A_LOT_SHIFT;B_OUT_OF_DOMAIN;B_INTERVAL_INSIDE,SYNTHETIC,7bb70511fd9f,drishti-0.1.0/A:749f3fff65152311/B:2ba4eaf285832628
SYN_L180_D013:supply_current,SYN_L180_D013,SYN_L180,DEMO_MEMORY,supply_current,mA,stress125C_meas25C,4.947903947257557,5.074587583861891,0.12668363660433357,0,6.0,DEMO_ONLY_v1,24,5.076560304285669,0.0880953776311002,0.11851393723675985,0.013010459818398878,-0.015103876419501996,0.42353512543328325,0.42353512543328325,0.3564074212347932,1.8421934212139006,0.10342945426031021,0.9436292582828455,5.041557058678627,4.1167785357857465,5.972114513723174,0.6035471673945598,ESCALATE,REVIEW,R4,A_LOT_SHIFT,DEMO_SPEC_NOT_APPROVED;A_LOT_SHIFT;B_INTERVAL_INSIDE,SYNTHETIC,7bb70511fd9f,drishti-0.1.0/A:749f3fff65152311/B:2ba4eaf285832628
SYN_L180_D014:leakage_current,SYN_L180_D014,SYN_L180,DEMO_MEMORY,leakage_current,uA,stress125C_meas25C,28.21716540145108,30.436124522790827,2.218959121339747,0,50.0,DEMO_ONLY_v1,24,31.37006451785176,0.5972563013597281,2.272763835400168,0.05290978381422207,-1.054712851317086,-0.6858992767284655,1.054712851317086,0.3706132299884403,3.4732996331271306,0.5638837135592193,0.9436292582828455,28.576963128166554,4.202797228706176,43.379814989738,9.771116073985056,ESCALATE,REVIEW,R4,A_LOT_SHIFT,DEMO_SPEC_NOT_APPROVED;A_LOT_SHIFT;B_INTERVAL_INSIDE,SYNTHETIC,7bb70511fd9f,drishti-0.1.0/A:749f3fff65152311/B:2ba4eaf285832628
SYN_L180_D014:supply_current,SYN_L180_D014,SYN_L180,DEMO_MEMORY,supply_current,mA,stress125C_meas25C,4.945109723849398,5.017161139616289,0.07205141576689122,0,6.0,DEMO_ONLY_v1,24,5.076560304285669,0.0880953776311002,0.11851393723675985,0.013010459818398878,-0.45478195073860345,-2.4087189715686734,2.4087189715686734,0.5019711829709189,5.526904021186491,0.9082311420894014,0.9436292582828455,5.041557058678627,4.1167785357857465,5.972114513723174,0.6035471673945598,ESCALATE,REVIEW,R4,A_LOT_SHIFT,DEMO_SPEC_NOT_APPROVED;A_LOT_SHIFT;B_INTERVAL_INSIDE,SYNTHETIC,7bb70511fd9f,drishti-0.1.0/A:749f3fff65152311/B:2ba4eaf285832628
SYN_L180_D015:leakage_current,SYN_L180_D015,SYN_L180,DEMO_MEMORY,leakage_current,uA,stress125C_meas25C,28.601812057485667,30.89401987114685,2.2922078136611823,0,50.0,DEMO_ONLY_v1,24,31.37006451785176,0.5972563013597281,2.272763835400168,0.05290978381422207,-0.5376045670338951,0.24787067190761616,0.5376045670338951,0.3467106944862413,2.1335776176350802,0.16892123815299964,0.9436292582828455,28.576963128166554,4.202797228706176,43.379814989738,9.771116073985056,ESCALATE,REVIEW,R4,A_LOT_SHIFT,DEMO_SPEC_NOT_APPROVED;A_LOT_SHIFT;B_INTERVAL_INSIDE,SYNTHETIC,7bb70511fd9f,drishti-0.1.0/A:749f3fff65152311/B:2ba4eaf285832628
SYN_L180_D015:supply_current,SYN_L180_D015,SYN_L180,DEMO_MEMORY,supply_current,mA,stress125C_meas25C,4.805559428203176,4.912890812734757,0.10733138453158109,0,6.0,DEMO_ONLY_v1,24,5.076560304285669,0.0880953776311002,0.11851393723675985,0.013010459818398878,-1.253114097786114,-0.5797280474543053,1.253114097786114,0.3922580952009146,3.5860131230902157,0.609587305810221,0.9436292582828455,5.041557058678627,4.1167785357857465,5.972114513723174,0.6035471673945598,ESCALATE,REVIEW,R4,A_LOT_SHIFT,DEMO_SPEC_NOT_APPROVED;A_LOT_SHIFT;B_INTERVAL_INSIDE,SYNTHETIC,7bb70511fd9f,drishti-0.1.0/A:749f3fff65152311/B:2ba4eaf285832628
SYN_L180_D016:leakage_current,SYN_L180_D016,SYN_L180,DEMO_MEMORY,leakage_current,uA,stress125C_meas25C,29.31518358785226,31.63296281657661,2.3177792287243513,0,50.0,DEMO_ONLY_v1,24,31.37006451785176,0.5972563013597281,2.272763835400168,0.05290978381422207,0.29689510645318284,0.5738535416809741,0.5738535416809741,0.3506318581075316,2.145272015631394,0.20790127914984144,0.9436292582828455,28.576963128166554,4.202797228706176,43.379814989738,9.771116073985056,ESCALATE,INSUFFICIENT_EVIDENCE,R3,B_OUT_OF_DOMAIN,DEMO_SPEC_NOT_APPROVED;A_LOT_SHIFT;B_OUT_OF_DOMAIN;B_INTERVAL_INSIDE,SYNTHETIC,7bb70511fd9f,drishti-0.1.0/A:749f3fff65152311/B:2ba4eaf285832628
SYN_L180_D016:supply_current,SYN_L180_D016,SYN_L180,DEMO_MEMORY,supply_current,mA,stress125C_meas25C,4.948522783888621,5.068554986470014,0.12003220258139269,0,6.0,DEMO_ONLY_v1,24,5.076560304285669,0.0880953776311002,0.11851393723675985,0.013010459818398878,-0.061291670897233745,0.07871020391917431,0.07871020391917431,0.3496570469929063,1.5338898004759356,0.013151270620195004,0.9436292582828455,5.041557058678627,4.1167785357857465,5.972114513723174,0.6035471673945598,ESCALATE,REVIEW,R4,A_LOT_SHIFT,DEMO_SPEC_NOT_APPROVED;A_LOT_SHIFT;B_INTERVAL_INSIDE,SYNTHETIC,7bb70511fd9f,drishti-0.1.0/A:749f3fff65152311/B:2ba4eaf285832628
SYN_L180_D017:leakage_current,SYN_L180_D017,SYN_L180,DEMO_MEMORY,leakage_current,uA,stress125C_meas25C,28.90860987928553,31.29788618846335,2.38927630917782,0,50.0,DEMO_ONLY_v1,24,31.37006451785176,0.5972563013597281,2.272763835400168,0.05290978381422207,-0.08151210141459268,1.4852940469898763,1.4852940469898763,0.37061179915817,2.724866141889677,0.5415935212073982,0.9436292582828455,28.576963128166554,4.202797228706176,43.379814989738,9.771116073985056,ESCALATE,INSUFFICIENT_EVIDENCE,R3,B_OUT_OF_DOMAIN,DEMO_SPEC_NOT_APPROVED;A_LOT_SHIFT;B_OUT_OF_DOMAIN;B_INTERVAL_INSIDE,SYNTHETIC,7bb70511fd9f,drishti-0.1.0/A:749f3fff65152311/B:2ba4eaf285832628
SYN_L180_D017:supply_current,SYN_L180_D017,SYN_L180,DEMO_MEMORY,supply_current,mA,stress125C_meas25C,5.002519112375564,5.10694761100585,0.10442849863028592,0,6.0,DEMO_ONLY_v1,24,5.076560304285669,0.0880953776311002,0.11851393723675985,0.013010459818398878,0.2326564473560693,-0.7302200164982892,0.7302200164982892,0.3614525016277007,2.465246921504748,0.2645115215399851,0.9436292582828455,5.041557058678627,4.1167785357857465,5.972114513723174,0.6035471673945598,ESCALATE,REVIEW,R4,A_LOT_SHIFT,DEMO_SPEC_NOT_APPROVED;A_LOT_SHIFT;B_INTERVAL_INSIDE,SYNTHETIC,7bb70511fd9f,drishti-0.1.0/A:749f3fff65152311/B:2ba4eaf285832628
SYN_L180_D018:leakage_current,SYN_L180_D018,SYN_L180,DEMO_MEMORY,leakage_current,uA,stress125C_meas25C,29.16821317140468,31.44224284724017,2.2740296758354894,0,50.0,DEMO_ONLY_v1,24,31.37006451785176,0.5972563013597281,2.272763835400168,0.05290978381422207,0.0815121014145967,0.016136858158294364,0.0815121014145967,0.33931810205878116,1.504672457787585,0.012749481862063225,0.9436292582828455,28.576963128166554,4.202797228706176,43.379814989738,9.771116073985056,ESCALATE,INSUFFICIENT_EVIDENCE,R3,B_OUT_OF_DOMAIN,DEMO_SPEC_NOT_APPROVED;A_LOT_SHIFT;B_OUT_OF_DOMAIN;B_INTERVAL_INSIDE,SYNTHETIC,7bb70511fd9f,drishti-0.1.0/A:749f3fff65152311/B:2ba4eaf285832628
SYN_L180_D018:supply_current,SYN_L180_D018,SYN_L180,DEMO_MEMORY,supply_current,mA,stress125C_meas25C,5.140423031522921,5.251034326968124,0.11061129544520298,0,6.0,DEMO_ONLY_v1,24,5.076560304285669,0.0880953776311002,0.11851393723675985,0.013010459818398878,1.3358375800466626,-0.4096902752292297,1.3358375800466626,0.39938284400938295,3.265660268348886,0.6080639496458521,0.9436292582828455,5.041557058678627,4.1167785357857465,5.972114513723174,0.6035471673945598,ESCALATE,INSUFFICIENT_EVIDENCE,R3,B_OUT_OF_DOMAIN,DEMO_SPEC_NOT_APPROVED;A_LOT_SHIFT;B_OUT_OF_DOMAIN;B_INTERVAL_INSIDE,SYNTHETIC,7bb70511fd9f,drishti-0.1.0/A:749f3fff65152311/B:2ba4eaf285832628
SYN_L180_D019:leakage_current,SYN_L180_D019,SYN_L180,DEMO_MEMORY,leakage_current,uA,stress125C_meas25C,29.44882596129367,31.753724223609947,2.304898262316275,0,50.0,DEMO_ONLY_v1,24,31.37006451785176,0.5972563013597281,2.272763835400168,0.05290978381422207,0.4332728273075961,0.409647752334307,0.4332728273075961,0.3461622114831261,2.1554274486577576,0.1549073335563141,0.9436292582828455,28.576963128166554,4.202797228706176,43.379814989738,9.771116073985056,ESCALATE,INSUFFICIENT_EVIDENCE,R3,B_OUT_OF_DOMAIN,DEMO_SPEC_NOT_APPROVED;A_LOT_SHIFT;B_OUT_OF_DOMAIN;B_INTERVAL_INSIDE,SYNTHETIC,7bb70511fd9f,drishti-0.1.0/A:749f3fff65152311/B:2ba4eaf285832628
SYN_L180_D019:supply_current,SYN_L180_D019,SYN_L180,DEMO_MEMORY,supply_current,mA,stress125C_meas25C,4.983389840986708,5.10925797384022,0.12586813285351273,0,6.0,DEMO_ONLY_v1,24,5.076560304285669,0.0880953776311002,0.11851393723675985,0.013010459818398878,0.2503454388187801,0.38125762318318557,0.38125762318318557,0.36239159539417254,2.0487840591870423,0.15039085585943082,0.9436292582828455,5.041557058678627,4.1167785357857465,5.972114513723174,0.6035471673945598,ESCALATE,REVIEW,R4,A_LOT_SHIFT,DEMO_SPEC_NOT_APPROVED;A_LOT_SHIFT;B_INTERVAL_INSIDE,SYNTHETIC,7bb70511fd9f,drishti-0.1.0/A:749f3fff65152311/B:2ba4eaf285832628
SYN_L180_D020:leakage_current,SYN_L180_D020,SYN_L180,DEMO_MEMORY,leakage_current,uA,stress125C_meas25C,48.568304752478205,50.78905373431035,2.220748981832145,0,50.0,DEMO_ONLY_v1,24,31.37006451785176,0.5972563013597281,2.272763835400168,0.05290978381422207,21.930164244492538,-0.6630822422247249,21.930164244492538,0.6892832015558171,5.956010892351696,0.9634871041036549,0.9436292582828455,28.576963128166554,4.202797228706176,43.379814989738,9.771116073985056,FAIL,OBSERVED,R1,SPEC_OBSERVED_FAIL,SPEC_OBSERVED_FAIL;DEMO_SPEC_NOT_APPROVED;A_UNUSUAL_LEVEL;A_LOT_SHIFT;B_OUT_OF_DOMAIN;B_INTERVAL_INSIDE,SYNTHETIC,7bb70511fd9f,drishti-0.1.0/A:749f3fff65152311/B:2ba4eaf285832628
SYN_L180_D020:supply_current,SYN_L180_D020,SYN_L180,DEMO_MEMORY,supply_current,mA,stress125C_meas25C,4.885379305202543,5.023950061073832,0.13857075587128964,0,6.0,DEMO_ONLY_v1,24,5.076560304285669,0.0880953776311002,0.11851393723675985,0.013010459818398878,-0.4028034597773608,1.039789448052971,1.039789448052971,0.38485457677495527,2.974898527363691,0.4864859552199974,0.9436292582828455,5.041557058678627,4.1167785357857465,5.972114513723174,0.6035471673945598,ESCALATE,REVIEW,R4,A_LOT_SHIFT,DEMO_SPEC_NOT_APPROVED;A_LOT_SHIFT;B_INTERVAL_INSIDE,SYNTHETIC,7bb70511fd9f,drishti-0.1.0/A:749f3fff65152311/B:2ba4eaf285832628
SYN_L180_D021:leakage_current,SYN_L180_D021,SYN_L180,DEMO_MEMORY,leakage_current,uA,stress125C_meas25C,28.341630754599468,30.68072886682675,2.3390981122272834,0,50.0,DEMO_ONLY_v1,24,31.37006451785176,0.5972563013597281,2.272763835400168,0.05290978381422207,-0.7784773902521133,0.8456253934726,0.8456253934726,0.36345465690169526,2.9903925990454874,0.4556589521998757,0.9436292582828455,28.576963128166554,4.202797228706176,43.379814989738,9.771116073985056,ESCALATE,REVIEW,R4,A_LOT_SHIFT,DEMO_SPEC_NOT_APPROVED;A_LOT_SHIFT;B_INTERVAL_INSIDE,SYNTHETIC,7bb70511fd9f,drishti-0.1.0/A:749f3fff65152311/B:2ba4eaf285832628
SYN_L180_D021:supply_current,SYN_L180_D021,SYN_L180,DEMO_MEMORY,supply_current,mA,stress125C_meas25C,4.966236687464126,5.078533024709449,0.11229633724532295,0,6.0,DEMO_ONLY_v1,24,5.076560304285669,0.0880953776311002,0.11851393723675985,0.013010459818398878,0.015103876419508796,-0.322334014237941,0.322334014237941,0.3496107882626508,1.7088323061870831,0.052314806864764946,0.9436292582828455,5.041557058678627,4.1167785357857465,5.972114513723174,0.6035471673945598,ESCALATE,REVIEW,R4,A_LOT_SHIFT,DEMO_SPEC_NOT_APPROVED;A_LOT_SHIFT;B_INTERVAL_INSIDE,SYNTHETIC,7bb70511fd9f,drishti-0.1.0/A:749f3fff65152311/B:2ba4eaf285832628
SYN_L180_D022:leakage_current,SYN_L180_D022,SYN_L180,DEMO_MEMORY,leakage_current,uA,stress125C_meas25C,29.95412662079719,32.16346998190235,2.2093433611051623,0,50.0,DEMO_ONLY_v1,24,31.37006451785176,0.5972563013597281,2.272763835400168,0.05290978381422207,0.8960050363672045,-0.8084804130707117,0.8960050363672045,0.3728520866663953,3.373067128386168,0.5383339895164428,0.9436292582828455,28.576963128166554,4.202797228706176,43.379814989738,9.771116073985056,ESCALATE,INSUFFICIENT_EVIDENCE,R3,B_OUT_OF_DOMAIN,DEMO_SPEC_NOT_APPROVED;A_LOT_SHIFT;B_OUT_OF_DOMAIN;B_INTERVAL_INSIDE,SYNTHETIC,7bb70511fd9f,drishti-0.1.0/A:749f3fff65152311/B:2ba4eaf285832628
SYN_L180_D022:supply_current,SYN_L180_D022,SYN_L180,DEMO_MEMORY,supply_current,mA,stress125C_meas25C,4.880019505392002,4.977680883377173,0.09766137798517072,0,6.0,DEMO_ONLY_v1,24,5.076560304285669,0.0880953776311002,0.11851393723675985,0.013010459818398878,-0.7570573791562157,-1.0810423861226708,1.0810423861226708,0.38330006140710776,3.6326698160983826,0.5575428911683534,0.9436292582828455,5.041557058678627,4.1167785357857465,5.972114513723174,0.6035471673945598,ESCALATE,REVIEW,R4,A_LOT_SHIFT,DEMO_SPEC_NOT_APPROVED;A_LOT_SHIFT;B_INTERVAL_INSIDE,SYNTHETIC,7bb70511fd9f,drishti-0.1.0/A:749f3fff65152311/B:2ba4eaf285832628
SYN_L180_D023:leakage_current,SYN_L180_D023,SYN_L180,DEMO_MEMORY,leakage_current,uA,stress125C_meas25C,31.36525575073729,34.004323534810744,2.639067784073454,0,50.0,DEMO_ONLY_v1,24,31.37006451785176,0.5972563013597281,2.272763835400168,0.05290978381422207,2.9749093663167177,4.669620828681382,4.669620828681382,0.589594995189411,5.614765376977825,0.9367713584882095,0.9436292582828455,28.576963128166554,4.202797228706176,43.379814989738,9.771116073985056,ESCALATE,INSUFFICIENT_EVIDENCE,R3,B_OUT_OF_DOMAIN,DEMO_SPEC_NOT_APPROVED;A_UNUSUAL_CHANGE;A_LOT_SHIFT;B_OUT_OF_DOMAIN;B_INTERVAL_INSIDE,SYNTHETIC,7bb70511fd9f,drishti-0.1.0/A:749f3fff65152311/B:2ba4eaf285832628
SYN_L180_D023:supply_current,SYN_L180_D023,SYN_L180,DEMO_MEMORY,supply_current,mA,stress125C_meas25C,4.845439014107073,4.982956518204777,0.1375175040977039,0,6.0,DEMO_ONLY_v1,24,5.076560304285669,0.0880953776311002,0.11851393723675985,0.013010459818398878,-0.7166651697432265,0.9851865670939693,0.9851865670939693,0.3976285966536968,3.2523563027225233,0.5451195716858447,0.9436292582828455,5.041557058678627,4.1167785357857465,5.972114513723174,0.6035471673945598,ESCALATE,REVIEW,R4,A_LOT_SHIFT,DEMO_SPEC_NOT_APPROVED;A_LOT_SHIFT;B_INTERVAL_INSIDE,SYNTHETIC,7bb70511fd9f,drishti-0.1.0/A:749f3fff65152311/B:2ba4eaf285832628
SYN_L192_D000:leakage_current,SYN_L192_D000,SYN_L192,DEMO_MEMORY,leakage_current,uA,stress125C_meas25C,10.65821509766417,,,0,50.0,DEMO_ONLY_v1,2,10.525392903709108,0.5253929037091076,0.30154542248824345,0.30154542248824345,,,,,,,,,,,,ESCALATE,INSUFFICIENT_EVIDENCE,R3,DQ_MISSING_INPUT,DQ_MISSING_INPUT;DEMO_SPEC_NOT_APPROVED;A_NOT_SCORED_MISSING;B_NOT_RUN_MISSING_INPUT,SYNTHETIC,7bb70511fd9f,drishti-0.1.0/A:749f3fff65152311/B:2ba4eaf285832628
SYN_L192_D000:supply_current,SYN_L192_D000,SYN_L192,DEMO_MEMORY,supply_current,mA,stress125C_meas25C,4.146598904945125,,,0,6.0,DEMO_ONLY_v1,2,4.011978385288472,0.011978385288472726,0.0030706818911987455,0.0030706818911987455,,,,,,,,,,,,ESCALATE,INSUFFICIENT_EVIDENCE,R3,DQ_MISSING_INPUT,DQ_MISSING_INPUT;DEMO_SPEC_NOT_APPROVED;A_NOT_SCORED_MISSING;B_NOT_RUN_MISSING_INPUT,SYNTHETIC,7bb70511fd9f,drishti-0.1.0/A:749f3fff65152311/B:2ba4eaf285832628
SYN_L192_D001:leakage_current,SYN_L192_D001,SYN_L192,DEMO_MEMORY,leakage_current,uA,stress125C_meas25C,10.0,10.0,0.0,0,50.0,DEMO_ONLY_v1,2,10.525392903709108,0.5253929037091076,0.30154542248824345,0.30154542248824345,-0.6744907594765952,-0.6744907594765952,,,,,,11.336412415632275,1.3607114654707662,25.232709464346996,9.771116073985056,ESCALATE,INSUFFICIENT_EVIDENCE,R3,DQ_IDENTICAL_READINGS;A_INSUFFICIENT_PEERS;B_OUT_OF_DOMAIN,DQ_IDENTICAL_READINGS;DEMO_SPEC_NOT_APPROVED;A_INSUFFICIENT_PEERS;B_OUT_OF_DOMAIN;B_INTERVAL_INSIDE,SYNTHETIC,7bb70511fd9f,drishti-0.1.0/A:749f3fff65152311/B:2ba4eaf285832628
SYN_L192_D001:supply_current,SYN_L192_D001,SYN_L192,DEMO_MEMORY,supply_current,mA,stress125C_meas25C,4.0,4.0,0.0,0,6.0,DEMO_ONLY_v1,2,4.011978385288472,0.011978385288472726,0.0030706818911987455,0.0030706818911987455,-0.6744907594765702,-0.6744907594765952,,,,,,4.09181923373485,3.460336283048431,4.888056219536995,0.6035471673945598,ESCALATE,INSUFFICIENT_EVIDENCE,R3,DQ_IDENTICAL_READINGS;A_INSUFFICIENT_PEERS,DQ_IDENTICAL_READINGS;DEMO_SPEC_NOT_APPROVED;A_INSUFFICIENT_PEERS;B_INTERVAL_INSIDE,SYNTHETIC,7bb70511fd9f,drishti-0.1.0/A:749f3fff65152311/B:2ba4eaf285832628
SYN_L192_D002:leakage_current,SYN_L192_D002,SYN_L192,DEMO_MEMORY,leakage_current,uA,stress125C_meas25C,10.447694962441728,11.050785807418215,0.6030908449764869,0,50.0,DEMO_ONLY_v1,2,10.525392903709108,0.5253929037091076,0.30154542248824345,0.30154542248824345,0.6744907594765952,0.6744907594765952,,,,,,14.012884705930096,2.559463908866155,29.283119301163786,9.771116073985056,ESCALATE,INSUFFICIENT_EVIDENCE,R3,A_INSUFFICIENT_PEERS,DEMO_SPEC_NOT_APPROVED;A_INSUFFICIENT_PEERS;B_INTERVAL_INSIDE,SYNTHETIC,7bb70511fd9f,drishti-0.1.0/A:749f3fff65152311/B:2ba4eaf285832628
SYN_L192_D002:supply_current,SYN_L192_D002,SYN_L192,DEMO_MEMORY,supply_current,mA,stress125C_meas25C,4.017815406794548,4.0239567705769455,0.006141363782397491,0,6.0,DEMO_ONLY_v1,2,4.011978385288472,0.011978385288472726,0.0030706818911987455,0.0030706818911987455,0.6744907594766203,0.6744907594765952,,,,,,4.1329245814522215,3.487525197110402,5.056776590167187,0.6035471673945598,ESCALATE,INSUFFICIENT_EVIDENCE,R3,A_INSUFFICIENT_PEERS,DEMO_SPEC_NOT_APPROVED;A_INSUFFICIENT_PEERS;B_INTERVAL_INSIDE,SYNTHETIC,7bb70511fd9f,drishti-0.1.0/A:749f3fff65152311/B:2ba4eaf285832628
ILLUSTRATIVE_Q155_D000:RDS_on,ILLUSTRATIVE_Q155_D000,ILLUSTRATIVE_Q155,DEMO_MOSFET,RDS_on,ohm,stress125C_meas25C,0.3176258192285037,0.3245398948643431,0.006914075635839401,0,0.5,DEMO_ONLY_v1,30,0.31423383442637826,0.01377849942809306,0.004849746433807589,0.0019111099075601046,0.5045065007472049,0.7285666647324207,0.7285666647324207,0.3684387129907185,2.5853602426256987,0.30475999032262524,0.9436292582828455,0.3499523210860723,0.2521153671609914,0.5211723842188998,0.08260454472117185,ESCALATE,REVIEW,R4,B_INTERVAL_CROSSES_LIMIT,DEMO_SPEC_NOT_APPROVED;B_INTERVAL_CROSSES_LIMIT,SYNTHETIC,7bb70511fd9f,drishti-0.1.0/A:749f3fff65152311/B:2ba4eaf285832628
ILLUSTRATIVE_Q155_D000:threshold_voltage,ILLUSTRATIVE_Q155_D000,ILLUSTRATIVE_Q155,DEMO_MOSFET,threshold_voltage,V,stress125C_meas25C,1.6,1.7000000000000002,0.10000000000000009,1,2.5,DEMO_ONLY_v1,30,1.7000000000000002,0.0,0.0,0.0,,,,,,,,1.724602121475098,1.3448863186661713,2.3666079879924484,0.31436590685444354,ESCALATE,INSUFFICIENT_EVIDENCE,R3,A_ZERO_MAD,DEMO_SPEC_NOT_APPROVED;A_ZERO_MAD;B_INTERVAL_INSIDE,SYNTHETIC,7bb70511fd9f,drishti-0.1.0/A:749f3fff65152311/B:2ba4eaf285832628
ILLUSTRATIVE_Q155_D001:RDS_on,ILLUSTRATIVE_Q155_D001,ILLUSTRATIVE_Q155,DEMO_MOSFET,RDS_on,ohm,stress125C_meas25C,0.3406789336573981,0.3412679334355388,0.0005889997781406975,0,0.5,DEMO_ONLY_v1,30,0.31423383442637826,0.01377849942809306,0.004849746433807589,0.0019111099075601046,1.3233843110140313,-1.5037514254672673,1.5037514254672673,0.4433777448203235,4.870533735484177,0.7972398142868241,0.9436292582828455,0.3652490903751916,0.2753084857160813,0.5131044362335191,0.08260454472117185,ESCALATE,REVIEW,R4,B_INTERVAL_CROSSES_LIMIT,DEMO_SPEC_NOT_APPROVED;B_INTERVAL_CROSSES_LIMIT,SYNTHETIC,7bb70511fd9f,drishti-0.1.0/A:749f3fff65152311/B:2ba4eaf285832628
ILLUSTRATIVE_Q155_D001:threshold_voltage,ILLUSTRATIVE_Q155_D001,ILLUSTRATIVE_Q155,DEMO_MOSFET,threshold_voltage,V,stress125C_meas25C,1.8,1.8,0.0,1,2.5,DEMO_ONLY_v1,30,1.7000000000000002,0.0,0.0,0.0,,,,,,,,1.8612387522823037,1.5140772396425026,2.259733837847607,0.31436590685444354,ESCALATE,INSUFFICIENT_EVIDENCE,R3,DQ_IDENTICAL_READINGS;A_ZERO_MAD,DQ_IDENTICAL_READINGS;DEMO_SPEC_NOT_APPROVED;A_ZERO_MAD;B_INTERVAL_INSIDE,SYNTHETIC,7bb70511fd9f,drishti-0.1.0/A:749f3fff65152311/B:2ba4eaf285832628
ILLUSTRATIVE_Q155_D002:RDS_on,ILLUSTRATIVE_Q155_D002,ILLUSTRATIVE_Q155,DEMO_MOSFET,RDS_on,ohm,stress125C_meas25C,0.3075232189876125,0.3142815351372394,0.006758316149626908,0,0.5,DEMO_ONLY_v1,30,0.31423383442637826,0.01377849942809306,0.004849746433807589,0.0019111099075601046,0.0023350647771337857,0.6735942459638554,0.6735942459638554,0.36303354215775047,2.044713075048141,0.19554314474874576,0.9436292582828455,0.3360276960126648,0.24547927554730248,0.4235957767785622,0.08260454472117185,PASS,EARLY_SCREEN,R5,B_INTERVAL_INSIDE,DEMO_SPEC_NOT_APPROVED;B_INTERVAL_INSIDE,SYNTHETIC,7bb70511fd9f,drishti-0.1.0/A:749f3fff65152311/B:2ba4eaf285832628
ILLUSTRATIVE_Q155_D002:threshold_voltage,ILLUSTRATIVE_Q155_D002,ILLUSTRATIVE_Q155,DEMO_MOSFET,threshold_voltage,V,stress125C_meas25C,1.7000000000000002,1.7000000000000002,0.0,1,2.5,DEMO_ONLY_v1,30,1.7000000000000002,0.0,0.0,0.0,,,,,,,,1.7727204128499112,1.4253646476176411,2.288168897737661,0.31436590685444354,ESCALATE,INSUFFICIENT_EVIDENCE,R3,DQ_IDENTICAL_READINGS;A_ZERO_MAD,DQ_IDENTICAL_READINGS;DEMO_SPEC_NOT_APPROVED;A_ZERO_MAD;B_INTERVAL_INSIDE,SYNTHETIC,7bb70511fd9f,drishti-0.1.0/A:749f3fff65152311/B:2ba4eaf285832628
ILLUSTRATIVE_Q155_D003:RDS_on,ILLUSTRATIVE_Q155_D003,ILLUSTRATIVE_Q155,DEMO_MOSFET,RDS_on,ohm,stress125C_meas25C,0.3122151026171091,0.3184632325417416,0.006248129924632473,0,0.5,DEMO_ONLY_v1,30,0.31423383442637826,0.01377849942809306,0.004849746433807589,0.0019111099075601046,0.2070392325265786,0.4935334901644554,0.4935334901644554,0.3606486248099098,1.9967101440823711,0.13105864502850675,0.9436292582828455,0.3429019515629592,0.24719553417475582,0.5370585943103642,0.08260454472117185,ESCALATE,REVIEW,R4,B_INTERVAL_CROSSES_LIMIT,DEMO_SPEC_NOT_APPROVED;B_INTERVAL_CROSSES_LIMIT,SYNTHETIC,7bb70511fd9f,drishti-0.1.0/A:749f3fff65152311/B:2ba4eaf285832628
ILLUSTRATIVE_Q155_D003:threshold_voltage,ILLUSTRATIVE_Q155_D003,ILLUSTRATIVE_Q155,DEMO_MOSFET,threshold_voltage,V,stress125C_meas25C,1.7000000000000002,1.7000000000000002,0.0,1,2.5,DEMO_ONLY_v1,30,1.7000000000000002,0.0,0.0,0.0,,,,,,,,1.7727204128499112,1.4253646476176411,2.288168897737661,0.31436590685444354,ESCALATE,INSUFFICIENT_EVIDENCE,R3,DQ_IDENTICAL_READINGS;A_ZERO_MAD,DQ_IDENTICAL_READINGS;DEMO_SPEC_NOT_APPROVED;A_ZERO_MAD;B_INTERVAL_INSIDE,SYNTHETIC,7bb70511fd9f,drishti-0.1.0/A:749f3fff65152311/B:2ba4eaf285832628
ILLUSTRATIVE_Q155_D004:RDS_on,ILLUSTRATIVE_Q155_D004,ILLUSTRATIVE_Q155,DEMO_MOSFET,RDS_on,ohm,stress125C_meas25C,0.2906532490191204,0.299519421255474,0.008866172236353609,0,0.5,DEMO_ONLY_v1,30,0.31423383442637826,0.01377849942809306,0.004849746433807589,0.0019111099075601046,-0.7203059931664284,1.4175229165125651,1.4175229165125651,0.4050207173812595,3.5347287742866778,0.6561024477269962,0.9436292582828455,0.32218457174581827,0.2314612014361635,0.4360765045488751,0.08260454472117185,PASS,EARLY_SCREEN,R5,B_INTERVAL_INSIDE,DEMO_SPEC_NOT_APPROVED;B_INTERVAL_INSIDE,SYNTHETIC,7bb70511fd9f,drishti-0.1.0/A:749f3fff65152311/B:2ba4eaf285832628
ILLUSTRATIVE_Q155_D004:threshold_voltage,ILLUSTRATIVE_Q155_D004,ILLUSTRATIVE_Q155,DEMO_MOSFET,threshold_voltage,V,stress125C_meas25C,1.6,1.7000000000000002,0.10000000000000009,1,2.5,DEMO_ONLY_v1,30,1.7000000000000002,0.0,0.0,0.0,,,,,,,,1.724602121475098,1.3448863186661713,2.3666079879924484,0.31436590685444354,ESCALATE,INSUFFICIENT_EVIDENCE,R3,A_ZERO_MAD,DEMO_SPEC_NOT_APPROVED;A_ZERO_MAD;B_INTERVAL_INSIDE,SYNTHETIC,7bb70511fd9f,drishti-0.1.0/A:749f3fff65152311/B:2ba4eaf285832628
ILLUSTRATIVE_Q155_D005:RDS_on,ILLUSTRATIVE_Q155_D005,ILLUSTRATIVE_Q155,DEMO_MOSFET,RDS_on,ohm,stress125C_meas25C,0.4093067643484676,0.4171504738054684,0.007843709457000803,0,0.5,DEMO_ONLY_v1,30,0.31423383442637826,0.01377849942809306,0.004849746433807589,0.0019111099075601046,5.038017573673373,1.056663661974618,5.038017573673373,0.6156398911944755,5.489532521067669,0.9443242649852546,0.9436292582828455,0.4236320211152606,0.3035752349418729,0.5517541545888724,0.08260454472117185,ESCALATE,REVIEW,R4,A_UNUSUAL_LEVEL;B_INTERVAL_CROSSES_LIMIT,DEMO_SPEC_NOT_APPROVED;A_UNUSUAL_LEVEL;B_INTERVAL_CROSSES_LIMIT,SYNTHETIC,7bb70511fd9f,drishti-0.1.0/A:749f3fff65152311/B:2ba4eaf285832628
ILLUSTRATIVE_Q155_D005:threshold_voltage,ILLUSTRATIVE_Q155_D005,ILLUSTRATIVE_Q155,DEMO_MOSFET,threshold_voltage,V,stress125C_meas25C,1.6,1.6,0.0,1,2.5,DEMO_ONLY_v1,30,1.7000000000000002,0.0,0.0,0.0,,,,,,,,1.6827940746245107,1.3140065922743587,2.272713805945563,0.31436590685444354,ESCALATE,INSUFFICIENT_EVIDENCE,R3,DQ_IDENTICAL_READINGS;A_ZERO_MAD,DQ_IDENTICAL_READINGS;DEMO_SPEC_NOT_APPROVED;A_ZERO_MAD;B_INTERVAL_INSIDE,SYNTHETIC,7bb70511fd9f,drishti-0.1.0/A:749f3fff65152311/B:2ba4eaf285832628
ILLUSTRATIVE_Q155_D006:RDS_on,ILLUSTRATIVE_Q155_D006,ILLUSTRATIVE_Q155,DEMO_MOSFET,RDS_on,ohm,stress125C_meas25C,0.3146560784061235,0.3745445971117323,0.05988851870560885,0,0.5,DEMO_ONLY_v1,30,0.31423383442637826,0.01377849942809306,0.004849746433807589,0.0019111099075601046,2.9523572099089694,19.424912802456955,19.424912802456955,0.6848316143138399,6.884800286290306,0.971212308389847,0.9436292582828455,0.3474489072546573,0.24899648030105315,0.5778782804203173,0.08260454472117185,ESCALATE,REVIEW,R4,A_UNUSUAL_CHANGE;B_INTERVAL_CROSSES_LIMIT,DEMO_SPEC_NOT_APPROVED;A_UNUSUAL_CHANGE;B_INTERVAL_CROSSES_LIMIT,SYNTHETIC,7bb70511fd9f,drishti-0.1.0/A:749f3fff65152311/B:2ba4eaf285832628
ILLUSTRATIVE_Q155_D006:threshold_voltage,ILLUSTRATIVE_Q155_D006,ILLUSTRATIVE_Q155,DEMO_MOSFET,threshold_voltage,V,stress125C_meas25C,1.7000000000000002,1.7000000000000002,0.0,1,2.5,DEMO_ONLY_v1,30,1.7000000000000002,0.0,0.0,0.0,,,,,,,,1.7727204128499112,1.4253646476176411,2.288168897737661,0.31436590685444354,ESCALATE,INSUFFICIENT_EVIDENCE,R3,DQ_IDENTICAL_READINGS;A_ZERO_MAD,DQ_IDENTICAL_READINGS;DEMO_SPEC_NOT_APPROVED;A_ZERO_MAD;B_INTERVAL_INSIDE,SYNTHETIC,7bb70511fd9f,drishti-0.1.0/A:749f3fff65152311/B:2ba4eaf285832628
ILLUSTRATIVE_Q155_D007:RDS_on,ILLUSTRATIVE_Q155_D007,ILLUSTRATIVE_Q155,DEMO_MOSFET,RDS_on,ohm,stress125C_meas25C,0.2816852583796455,0.2846213547141522,0.0029360963345066993,0,0.5,DEMO_ONLY_v1,30,0.31423383442637826,0.01377849942809306,0.004849746433807589,0.0019111099075601046,-1.449602261503228,-0.6753872729893349,1.449602261503228,0.42140364056186197,3.996669756109063,0.7215634777816041,0.9436292582828455,0.30587598606512634,0.2107908895389604,0.44678821980244293,0.08260454472117185,PASS,EARLY_SCREEN,R5,B_INTERVAL_INSIDE,DEMO_SPEC_NOT_APPROVED;B_INTERVAL_INSIDE,SYNTHETIC,7bb70511fd9f,drishti-0.1.0/A:749f3fff65152311/B:2ba4eaf285832628
ILLUSTRATIVE_Q155_D007:threshold_voltage,ILLUSTRATIVE_Q155_D007,ILLUSTRATIVE_Q155,DEMO_MOSFET,threshold_voltage,V,stress125C_meas25C,1.7000000000000002,1.7000000000000002,0.0,1,2.5,DEMO_ONLY_v1,30,1.7000000000000002,0.0,0.0,0.0,,,,,,,,1.7727204128499112,1.4253646476176411,2.288168897737661,0.31436590685444354,ESCALATE,INSUFFICIENT_EVIDENCE,R3,DQ_IDENTICAL_READINGS;A_ZERO_MAD,DQ_IDENTICAL_READINGS;DEMO_SPEC_NOT_APPROVED;A_ZERO_MAD;B_INTERVAL_INSIDE,SYNTHETIC,7bb70511fd9f,drishti-0.1.0/A:749f3fff65152311/B:2ba4eaf285832628
ILLUSTRATIVE_Q155_D008:RDS_on,ILLUSTRATIVE_Q155_D008,ILLUSTRATIVE_Q155,DEMO_MOSFET,RDS_on,ohm,stress125C_meas25C,0.2891758362595245,0.2946560486940383,0.005480212434513798,0,0.5,DEMO_ONLY_v1,30,0.31423383442637826,0.01377849942809306,0.004849746433807589,0.0019111099075601046,-0.9583798029959794,0.2225112694765979,0.9583798029959794,0.3872246306432588,2.7519694350370454,0.4581780373956843,0.9436292582828455,0.31678801773117626,0.22671307654543027,0.43210790841745345,0.08260454472117185,PASS,EARLY_SCREEN,R5,B_INTERVAL_INSIDE,DEMO_SPEC_NOT_APPROVED;B_INTERVAL_INSIDE,SYNTHETIC,7bb70511fd9f,drishti-0.1.0/A:749f3fff65152311/B:2ba4eaf285832628
ILLUSTRATIVE_Q155_D008:threshold_voltage,ILLUSTRATIVE_Q155_D008,ILLUSTRATIVE_Q155,DEMO_MOSFET,threshold_voltage,V,stress125C_meas25C,1.7000000000000002,1.7000000000000002,0.0,1,2.5,DEMO_ONLY_v1,30,1.7000000000000002,0.0,0.0,0.0,,,,,,,,1.7727204128499112,1.4253646476176411,2.288168897737661,0.31436590685444354,ESCALATE,INSUFFICIENT_EVIDENCE,R3,DQ_IDENTICAL_READINGS;A_ZERO_MAD,DQ_IDENTICAL_READINGS;DEMO_SPEC_NOT_APPROVED;A_ZERO_MAD;B_INTERVAL_INSIDE,SYNTHETIC,7bb70511fd9f,drishti-0.1.0/A:749f3fff65152311/B:2ba4eaf285832628
ILLUSTRATIVE_Q155_D009:RDS_on,ILLUSTRATIVE_Q155_D009,ILLUSTRATIVE_Q155,DEMO_MOSFET,RDS_on,ohm,stress125C_meas25C,0.2960746469578399,0.2962145676025924,0.00013992064475248922,0,0.5,DEMO_ONLY_v1,30,0.31423383442637826,0.01377849942809306,0.004849746433807589,0.0019111099075601046,-0.8820865456804551,-1.66224556782186,1.66224556782186,0.4327043153778285,4.827337651329246,0.8093697344327434,0.9436292582828455,0.3193456197647152,0.22804723510534747,0.41054625109926474,0.08260454472117185,PASS,EARLY_SCREEN,R5,B_INTERVAL_INSIDE,DEMO_SPEC_NOT_APPROVED;B_INTERVAL_INSIDE,SYNTHETIC,7bb70511fd9f,drishti-0.1.0/A:749f3fff65152311/B:2ba4eaf285832628
ILLUSTRATIVE_Q155_D009:threshold_voltage,ILLUSTRATIVE_Q155_D009,ILLUSTRATIVE_Q155,DEMO_MOSFET,threshold_voltage,V,stress125C_meas25C,1.7000000000000002,1.7000000000000002,0.0,1,2.5,DEMO_ONLY_v1,30,1.7000000000000002,0.0,0.0,0.0,,,,,,,,1.7727204128499112,1.4253646476176411,2.288168897737661,0.31436590685444354,ESCALATE,INSUFFICIENT_EVIDENCE,R3,DQ_IDENTICAL_READINGS;A_ZERO_MAD,DQ_IDENTICAL_READINGS;DEMO_SPEC_NOT_APPROVED;A_ZERO_MAD;B_INTERVAL_INSIDE,SYNTHETIC,7bb70511fd9f,drishti-0.1.0/A:749f3fff65152311/B:2ba4eaf285832628
ILLUSTRATIVE_Q155_D010:RDS_on,ILLUSTRATIVE_Q155_D010,ILLUSTRATIVE_Q155,DEMO_MOSFET,RDS_on,ohm,stress125C_meas25C,0.3208888005377762,0.3255747906475669,0.004685990109790705,0,0.5,DEMO_ONLY_v1,30,0.31423383442637826,0.01377849942809306,0.004849746433807589,0.0019111099075601046,0.5551671439071221,-0.05779475419927915,0.5551671439071221,0.35636844509099574,1.9581922980469664,0.10779591420023306,0.9436292582828455,0.3476509714051593,0.2566394041801884,0.5154655306459197,0.08260454472117185,ESCALATE,REVIEW,R4,B_INTERVAL_CROSSES_LIMIT,DEMO_SPEC_NOT_APPROVED;B_INTERVAL_CROSSES_LIMIT,SYNTHETIC,7bb70511fd9f,drishti-0.1.0/A:749f3fff65152311/B:2ba4eaf285832628
ILLUSTRATIVE_Q155_D010:threshold_voltage,ILLUSTRATIVE_Q155_D010,ILLUSTRATIVE_Q155,DEMO_MOSFET,threshold_voltage,V,stress125C_meas25C,1.8,1.8,0.0,1,2.5,DEMO_ONLY_v1,30,1.7000000000000002,0.0,0.0,0.0,,,,,,,,1.8612387522823037,1.5140772396425026,2.259733837847607,0.31436590685444354,ESCALATE,INSUFFICIENT_EVIDENCE,R3,DQ_IDENTICAL_READINGS;A_ZERO_MAD,DQ_IDENTICAL_READINGS;DEMO_SPEC_NOT_APPROVED;A_ZERO_MAD;B_INTERVAL_INSIDE,SYNTHETIC,7bb70511fd9f,drishti-0.1.0/A:749f3fff65152311/B:2ba4eaf285832628
ILLUSTRATIVE_Q155_D011:RDS_on,ILLUSTRATIVE_Q155_D011,ILLUSTRATIVE_Q155,DEMO_MOSFET,RDS_on,ohm,stress125C_meas25C,0.2922159402554802,0.2975128319583345,0.0052968917028543006,0,0.5,DEMO_ONLY_v1,30,0.31423383442637826,0.01377849942809306,0.004849746433807589,0.0019111099075601046,-0.8185333760573192,0.1578116208401257,0.8185333760573192,0.3802076491523398,2.5262170448063643,0.38323256331864464,0.9436292582828455,0.3203094300639754,0.22882704702034984,0.41000825144734243,0.08260454472117185,PASS,EARLY_SCREEN,R5,B_INTERVAL_INSIDE,DEMO_SPEC_NOT_APPROVED;B_INTERVAL_INSIDE,SYNTHETIC,7bb70511fd9f,drishti-0.1.0/A:749f3fff65152311/B:2ba4eaf285832628
ILLUSTRATIVE_Q155_D011:threshold_voltage,ILLUSTRATIVE_Q155_D011,ILLUSTRATIVE_Q155,DEMO_MOSFET,threshold_voltage,V,stress125C_meas25C,2.0,2.0,0.0,1,2.5,DEMO_ONLY_v1,30,1.7000000000000002,0.0,0.0,0.0,,,,,,,,2.0814049261781644,1.7207713752708176,2.589996064327044,0.31436590685444354,ESCALATE,INSUFFICIENT_EVIDENCE,R3,DQ_IDENTICAL_READINGS;A_ZERO_MAD,DQ_IDENTICAL_READINGS;DEMO_SPEC_NOT_APPROVED;A_ZERO_MAD;B_INTERVAL_CROSSES_LIMIT,SYNTHETIC,7bb70511fd9f,drishti-0.1.0/A:749f3fff65152311/B:2ba4eaf285832628
ILLUSTRATIVE_Q155_D012:RDS_on,ILLUSTRATIVE_Q155_D012,ILLUSTRATIVE_Q155,DEMO_MOSFET,RDS_on,ohm,stress125C_meas25C,0.3014333750990169,0.304543425809834,0.0031100507108171027,0,0.5,DEMO_ONLY_v1,30,0.31423383442637826,0.01377849942809306,0.004849746433807589,0.0019111099075601046,-0.47436886008682455,-0.6139933055739933,0.6139933055739933,0.3691186065724276,2.4905475296780857,0.26148494689188023,0.9436292582828455,0.3268395227405913,0.23403293677807452,0.46413800655565257,0.08260454472117185,PASS,EARLY_SCREEN,R5,B_INTERVAL_INSIDE,DEMO_SPEC_NOT_APPROVED;B_INTERVAL_INSIDE,SYNTHETIC,7bb70511fd9f,drishti-0.1.0/A:749f3fff65152311/B:2ba4eaf285832628
ILLUSTRATIVE_Q155_D012:threshold_voltage,ILLUSTRATIVE_Q155_D012,ILLUSTRATIVE_Q155,DEMO_MOSFET,threshold_voltage,V,stress125C_meas25C,1.7000000000000002,1.7000000000000002,0.0,1,2.5,DEMO_ONLY_v1,30,1.7000000000000002,0.0,0.0,0.0,,,,,,,,1.7727204128499112,1.4253646476176411,2.288168897737661,0.31436590685444354,ESCALATE,INSUFFICIENT_EVIDENCE,R3,DQ_IDENTICAL_READINGS;A_ZERO_MAD,DQ_IDENTICAL_READINGS;DEMO_SPEC_NOT_APPROVED;A_ZERO_MAD;B_INTERVAL_INSIDE,SYNTHETIC,7bb70511fd9f,drishti-0.1.0/A:749f3fff65152311/B:2ba4eaf285832628
ILLUSTRATIVE_Q155_D013:RDS_on,ILLUSTRATIVE_Q155_D013,ILLUSTRATIVE_Q155,DEMO_MOSFET,RDS_on,ohm,stress125C_meas25C,0.2876347822472234,0.2984731345431098,0.010838352295886422,0,0.5,DEMO_ONLY_v1,30,0.31423383442637826,0.01377849942809306,0.004849746433807589,0.0019111099075601046,-0.7715242497651045,2.1135672522761526,2.1135672522761526,0.44313399029712947,4.033719940405666,0.8072224982423889,0.9436292582828455,0.3144017632798458,0.22766574657101074,0.43559185668696176,0.08260454472117185,PASS,EARLY_SCREEN,R5,B_INTERVAL_INSIDE,DEMO_SPEC_NOT_APPROVED;B_INTERVAL_INSIDE,SYNTHETIC,7bb70511fd9f,drishti-0.1.0/A:749f3fff65152311/B:2ba4eaf285832628
ILLUSTRATIVE_Q155_D013:threshold_voltage,ILLUSTRATIVE_Q155_D013,ILLUSTRATIVE_Q155,DEMO_MOSFET,threshold_voltage,V,stress125C_meas25C,1.7000000000000002,1.7000000000000002,0.0,1,2.5,DEMO_ONLY_v1,30,1.7000000000000002,0.0,0.0,0.0,,,,,,,,1.7727204128499112,1.4253646476176411,2.288168897737661,0.31436590685444354,ESCALATE,INSUFFICIENT_EVIDENCE,R3,DQ_IDENTICAL_READINGS;A_ZERO_MAD,DQ_IDENTICAL_READINGS;DEMO_SPEC_NOT_APPROVED;A_ZERO_MAD;B_INTERVAL_INSIDE,SYNTHETIC,7bb70511fd9f,drishti-0.1.0/A:749f3fff65152311/B:2ba4eaf285832628
ILLUSTRATIVE_Q155_D014:RDS_on,ILLUSTRATIVE_Q155_D014,ILLUSTRATIVE_Q155,DEMO_MOSFET,RDS_on,ohm,stress125C_meas25C,0.2792650353488954,0.2872480027457081,0.007982967396812701,0,0.5,DEMO_ONLY_v1,30,0.31423383442637826,0.01377849942809306,0.004849746433807589,0.0019111099075601046,-1.3210215089381383,1.105812166315109,1.3210215089381383,0.4346258149713846,4.072577974237005,0.728990461579083,0.9436292582828455,0.30587598606512634,0.2107908895389604,0.44678821980244293,0.08260454472117185,PASS,EARLY_SCREEN,R5,B_INTERVAL_INSIDE,DEMO_SPEC_NOT_APPROVED;B_INTERVAL_INSIDE,SYNTHETIC,7bb70511fd9f,drishti-0.1.0/A:749f3fff65152311/B:2ba4eaf285832628
ILLUSTRATIVE_Q155_D014:threshold_voltage,ILLUSTRATIVE_Q155_D014,ILLUSTRATIVE_Q155,DEMO_MOSFET,threshold_voltage,V,stress125C_meas25C,1.7000000000000002,1.7000000000000002,0.0,1,2.5,DEMO_ONLY_v1,30,1.7000000000000002,0.0,0.0,0.0,,,,,,,,1.7727204128499112,1.4253646476176411,2.288168897737661,0.31436590685444354,ESCALATE,INSUFFICIENT_EVIDENCE,R3,DQ_IDENTICAL_READINGS;A_ZERO_MAD,DQ_IDENTICAL_READINGS;DEMO_SPEC_NOT_APPROVED;A_ZERO_MAD;B_INTERVAL_INSIDE,SYNTHETIC,7bb70511fd9f,drishti-0.1.0/A:749f3fff65152311/B:2ba4eaf285832628
ILLUSTRATIVE_Q155_D015:RDS_on,ILLUSTRATIVE_Q155_D015,ILLUSTRATIVE_Q155,DEMO_MOSFET,RDS_on,ohm,stress125C_meas25C,0.2948203659497748,0.2998453906881606,0.005025024738385786,0,0.5,DEMO_ONLY_v1,30,0.31423383442637826,0.01377849942809306,0.004849746433807589,0.0019111099075601046,-0.7043490037013309,0.061861223316901186,0.7043490037013309,0.3667845132696938,2.230991439807037,0.2485065867047702,0.9436292582828455,0.32382145023354714,0.23130006626420707,0.41560985145205837,0.08260454472117185,PASS,EARLY_SCREEN,R5,B_INTERVAL_INSIDE,DEMO_SPEC_NOT_APPROVED;B_INTERVAL_INSIDE,SYNTHETIC,7bb70511fd9f,drishti-0.1.0/A:749f3fff65152311/B:2ba4eaf285832628
ILLUSTRATIVE_Q155_D015:threshold_voltage,ILLUSTRATIVE_Q155_D015,ILLUSTRATIVE_Q155,DEMO_MOSFET,threshold_voltage,V,stress125C_meas25C,1.6,1.7000000000000002,0.10000000000000009,1,2.5,DEMO_ONLY_v1,30,1.7000000000000002,0.0,0.0,0.0,,,,,,,,1.724602121475098,1.3448863186661713,2.3666079879924484,0.31436590685444354,ESCALATE,INSUFFICIENT_EVIDENCE,R3,A_ZERO_MAD,DEMO_SPEC_NOT_APPROVED;A_ZERO_MAD;B_INTERVAL_INSIDE,SYNTHETIC,7bb70511fd9f,drishti-0.1.0/A:749f3fff65152311/B:2ba4eaf285832628
ILLUSTRATIVE_Q155_D016:RDS_on,ILLUSTRATIVE_Q155_D016,ILLUSTRATIVE_Q155,DEMO_MOSFET,RDS_on,ohm,stress125C_meas25C,0.3120145569638418,0.3141861337155171,0.0021715767516753415,0,0.5,DEMO_ONLY_v1,30,0.31423383442637826,0.01377849942809306,0.004849746433807589,0.0019111099075601046,-0.0023350647771337857,-0.9452102653869789,0.9452102653869789,0.3713955014908147,2.4995709384858817,0.3570487620110656,0.9436292582828455,0.3333006773667364,0.24290322139553833,0.4205638191540168,0.08260454472117185,PASS,EARLY_SCREEN,R5,B_INTERVAL_INSIDE,DEMO_SPEC_NOT_APPROVED;B_INTERVAL_INSIDE,SYNTHETIC,7bb70511fd9f,drishti-0.1.0/A:749f3fff65152311/B:2ba4eaf285832628
ILLUSTRATIVE_Q155_D016:threshold_voltage,ILLUSTRATIVE_Q155_D016,ILLUSTRATIVE_Q155,DEMO_MOSFET,threshold_voltage,V,stress125C_meas25C,1.7000000000000002,1.8,0.09999999999999987,1,2.5,DEMO_ONLY_v1,30,1.7000000000000002,0.0,0.0,0.0,,,,,,,,1.8558157718446893,1.4299039341049524,2.488095281207663,0.31436590685444354,ESCALATE,INSUFFICIENT_EVIDENCE,R3,A_ZERO_MAD,DEMO_SPEC_NOT_APPROVED;A_ZERO_MAD;B_INTERVAL_INSIDE,SYNTHETIC,7bb70511fd9f,drishti-0.1.0/A:749f3fff65152311/B:2ba4eaf285832628
ILLUSTRATIVE_Q155_D017:RDS_on,ILLUSTRATIVE_Q155_D017,ILLUSTRATIVE_Q155,DEMO_MOSFET,RDS_on,ohm,stress125C_meas25C,0.3216077321314107,0.3261196095295352,0.004511877398124531,0,0.5,DEMO_ONLY_v1,30,0.31423383442637826,0.01377849942809306,0.004849746433807589,0.0019111099075601046,0.5818373414416057,-0.11924460313872537,0.5818373414416057,0.35759372266301886,2.0386862160485686,0.1293322907360226,0.9436292582828455,0.35227171047670736,0.2564821405739225,0.5154655306459197,0.08260454472117185,ESCALATE,REVIEW,R4,B_INTERVAL_CROSSES_LIMIT,DEMO_SPEC_NOT_APPROVED;B_INTERVAL_CROSSES_LIMIT,SYNTHETIC,7bb70511fd9f,drishti-0.1.0/A:749f3fff65152311/B:2ba4eaf285832628
ILLUSTRATIVE_Q155_D017:threshold_voltage,ILLUSTRATIVE_Q155_D017,ILLUSTRATIVE_Q155,DEMO_MOSFET,threshold_voltage,V,stress125C_meas25C,1.7000000000000002,1.7000000000000002,0.0,1,2.5,DEMO_ONLY_v1,30,1.7000000000000002,0.0,0.0,0.0,,,,,,,,1.7727204128499112,1.4253646476176411,2.288168897737661,0.31436590685444354,ESCALATE,INSUFFICIENT_EVIDENCE,R3,DQ_IDENTICAL_READINGS;A_ZERO_MAD,DQ_IDENTICAL_READINGS;DEMO_SPEC_NOT_APPROVED;A_ZERO_MAD;B_INTERVAL_INSIDE,SYNTHETIC,7bb70511fd9f,drishti-0.1.0/A:749f3fff65152311/B:2ba4eaf285832628
ILLUSTRATIVE_Q155_D018:RDS_on,ILLUSTRATIVE_Q155_D018,ILLUSTRATIVE_Q155,DEMO_MOSFET,RDS_on,ohm,stress125C_meas25C,0.3163493587407605,0.3222706068473277,0.005921248106567245,0,0.5,DEMO_ONLY_v1,30,0.31423383442637826,0.01377849942809306,0.004849746433807589,0.0019111099075601046,0.39341938229459195,0.37816662149106306,0.39341938229459195,0.3612527523392219,2.079406820060416,0.1341096639465506,0.9436292582828455,0.34914531441860375,0.2504399566619752,0.5211723842188998,0.08260454472117185,ESCALATE,REVIEW,R4,B_INTERVAL_CROSSES_LIMIT,DEMO_SPEC_NOT_APPROVED;B_INTERVAL_CROSSES_LIMIT,SYNTHETIC,7bb70511fd9f,drishti-0.1.0/A:749f3fff65152311/B:2ba4eaf285832628
ILLUSTRATIVE_Q155_D018:threshold_voltage,ILLUSTRATIVE_Q155_D018,ILLUSTRATIVE_Q155,DEMO_MOSFET,threshold_voltage,V,stress125C_meas25C,1.8,1.8,0.0,1,2.5,DEMO_ONLY_v1,30,1.7000000000000002,0.0,0.0,0.0,,,,,,,,1.8612387522823037,1.5140772396425026,2.259733837847607,0.31436590685444354,ESCALATE,INSUFFICIENT_EVIDENCE,R3,DQ_IDENTICAL_READINGS;A_ZERO_MAD,DQ_IDENTICAL_READINGS;DEMO_SPEC_NOT_APPROVED;A_ZERO_MAD;B_INTERVAL_INSIDE,SYNTHETIC,7bb70511fd9f,drishti-0.1.0/A:749f3fff65152311/B:2ba4eaf285832628
ILLUSTRATIVE_Q155_D019:RDS_on,ILLUSTRATIVE_Q155_D019,ILLUSTRATIVE_Q155,DEMO_MOSFET,RDS_on,ohm,stress125C_meas25C,0.3197782165006049,0.3249274060278491,0.005149189527244191,0,0.5,DEMO_ONLY_v1,30,0.31423383442637826,0.01377849942809306,0.004849746433807589,0.0019111099075601046,0.5234761062795681,0.10568288025356427,0.5234761062795681,0.35694947879767136,1.9673149054293297,0.10719505651289929,0.9436292582828455,0.3487320772020679,0.2521153671609914,0.5047173067747998,0.08260454472117185,ESCALATE,REVIEW,R4,B_INTERVAL_CROSSES_LIMIT,DEMO_SPEC_NOT_APPROVED;B_INTERVAL_CROSSES_LIMIT,SYNTHETIC,7bb70511fd9f,drishti-0.1.0/A:749f3fff65152311/B:2ba4eaf285832628
ILLUSTRATIVE_Q155_D019:threshold_voltage,ILLUSTRATIVE_Q155_D019,ILLUSTRATIVE_Q155,DEMO_MOSFET,threshold_voltage,V,stress125C_meas25C,1.7000000000000002,1.7000000000000002,0.0,1,2.5,DEMO_ONLY_v1,30,1.7000000000000002,0.0,0.0,0.0,,,,,,,,1.7727204128499112,1.4253646476176411,2.288168897737661,0.31436590685444354,ESCALATE,INSUFFICIENT_EVIDENCE,R3,DQ_IDENTICAL_READINGS;A_ZERO_MAD,DQ_IDENTICAL_READINGS;DEMO_SPEC_NOT_APPROVED;A_ZERO_MAD;B_INTERVAL_INSIDE,SYNTHETIC,7bb70511fd9f,drishti-0.1.0/A:749f3fff65152311/B:2ba4eaf285832628
ILLUSTRATIVE_Q155_D020:RDS_on,ILLUSTRATIVE_Q155_D020,ILLUSTRATIVE_Q155,DEMO_MOSFET,RDS_on,ohm,stress125C_meas25C,0.3210017010178496,0.3255559784271856,0.004554277409336005,0,0.5,DEMO_ONLY_v1,30,0.31423383442637826,0.01377849942809306,0.004849746433807589,0.0019111099075601046,0.5542462403734212,-0.10428030639644398,0.5542462403734212,0.35720793471301554,1.9990863828242544,0.11323734324882394,0.9436292582828455,0.3476509714051593,0.2564821405739225,0.5154655306459197,0.08260454472117185,ESCALATE,REVIEW,R4,B_INTERVAL_CROSSES_LIMIT,DEMO_SPEC_NOT_APPROVED;B_INTERVAL_CROSSES_LIMIT,SYNTHETIC,7bb70511fd9f,drishti-0.1.0/A:749f3fff65152311/B:2ba4eaf285832628
ILLUSTRATIVE_Q155_D020:threshold_voltage,ILLUSTRATIVE_Q155_D020,ILLUSTRATIVE_Q155,DEMO_MOSFET,threshold_voltage,V,stress125C_meas25C,1.6,1.6,0.0,1,2.5,DEMO_ONLY_v1,30,1.7000000000000002,0.0,0.0,0.0,,,,,,,,1.6827940746245107,1.3140065922743587,2.272713805945563,0.31436590685444354,ESCALATE,INSUFFICIENT_EVIDENCE,R3,DQ_IDENTICAL_READINGS;A_ZERO_MAD,DQ_IDENTICAL_READINGS;DEMO_SPEC_NOT_APPROVED;A_ZERO_MAD;B_INTERVAL_INSIDE,SYNTHETIC,7bb70511fd9f,drishti-0.1.0/A:749f3fff65152311/B:2ba4eaf285832628
ILLUSTRATIVE_Q155_D021:RDS_on,ILLUSTRATIVE_Q155_D021,ILLUSTRATIVE_Q155,DEMO_MOSFET,RDS_on,ohm,stress125C_meas25C,0.2994130886989067,0.3010652793084098,0.0016521906095031125,0,0.5,DEMO_ONLY_v1,30,0.31423383442637826,0.01377849942809306,0.004849746433807589,0.0019111099075601046,-0.6446325152518595,-1.1285179611451037,1.1285179611451037,0.3871761759712658,3.5190048316790667,0.5636888204697433,0.9436292582828455,0.32309966438823234,0.23340592079013128,0.42846083684226993,0.08260454472117185,PASS,EARLY_SCREEN,R5,B_INTERVAL_INSIDE,DEMO_SPEC_NOT_APPROVED;B_INTERVAL_INSIDE,SYNTHETIC,7bb70511fd9f,drishti-0.1.0/A:749f3fff65152311/B:2ba4eaf285832628
ILLUSTRATIVE_Q155_D021:threshold_voltage,ILLUSTRATIVE_Q155_D021,ILLUSTRATIVE_Q155,DEMO_MOSFET,threshold_voltage,V,stress125C_meas25C,1.6,1.6,0.0,1,2.5,DEMO_ONLY_v1,30,1.7000000000000002,0.0,0.0,0.0,,,,,,,,1.6827940746245107,1.3140065922743587,2.272713805945563,0.31436590685444354,ESCALATE,INSUFFICIENT_EVIDENCE,R3,DQ_IDENTICAL_READINGS;A_ZERO_MAD,DQ_IDENTICAL_READINGS;DEMO_SPEC_NOT_APPROVED;A_ZERO_MAD;B_INTERVAL_INSIDE,SYNTHETIC,7bb70511fd9f,drishti-0.1.0/A:749f3fff65152311/B:2ba4eaf285832628
ILLUSTRATIVE_Q155_D022:RDS_on,ILLUSTRATIVE_Q155_D022,ILLUSTRATIVE_Q155,DEMO_MOSFET,RDS_on,ohm,stress125C_meas25C,0.3071665324942891,0.3121800352521136,0.005013502757824473,0,0.5,DEMO_ONLY_v1,30,0.31423383442637826,0.01377849942809306,0.004849746433807589,0.0019111099075601046,-0.10053842017351736,0.05779475419927915,0.10053842017351736,0.35695124615107576,1.5591298037034431,0.023667688555921784,0.9436292582828455,0.33429208646679,0.24140756655940393,0.4235957767785622,0.08260454472117185,PASS,EARLY_SCREEN,R5,B_INTERVAL_INSIDE,DEMO_SPEC_NOT_APPROVED;B_INTERVAL_INSIDE,SYNTHETIC,7bb70511fd9f,drishti-0.1.0/A:749f3fff65152311/B:2ba4eaf285832628
ILLUSTRATIVE_Q155_D022:threshold_voltage,ILLUSTRATIVE_Q155_D022,ILLUSTRATIVE_Q155,DEMO_MOSFET,threshold_voltage,V,stress125C_meas25C,1.7000000000000002,1.7000000000000002,0.0,1,2.5,DEMO_ONLY_v1,30,1.7000000000000002,0.0,0.0,0.0,,,,,,,,1.7727204128499112,1.4253646476176411,2.288168897737661,0.31436590685444354,ESCALATE,INSUFFICIENT_EVIDENCE,R3,DQ_IDENTICAL_READINGS;A_ZERO_MAD,DQ_IDENTICAL_READINGS;DEMO_SPEC_NOT_APPROVED;A_ZERO_MAD;B_INTERVAL_INSIDE,SYNTHETIC,7bb70511fd9f,drishti-0.1.0/A:749f3fff65152311/B:2ba4eaf285832628
ILLUSTRATIVE_Q155_D023:RDS_on,ILLUSTRATIVE_Q155_D023,ILLUSTRATIVE_Q155,DEMO_MOSFET,RDS_on,ohm,stress125C_meas25C,0.3354531160832139,0.3388064475973554,0.003353331514141522,0,0.5,DEMO_ONLY_v1,30,0.31423383442637826,0.01377849942809306,0.004849746433807589,0.0019111099075601046,1.202888645930785,-0.5281318628849871,1.202888645930785,0.3894255412320609,3.1991870299629914,0.5603213476494395,0.9436292582828455,0.3596011870354112,0.2703131722430085,0.5186994159131779,0.08260454472117185,ESCALATE,REVIEW,R4,B_INTERVAL_CROSSES_LIMIT,DEMO_SPEC_NOT_APPROVED;B_INTERVAL_CROSSES_LIMIT,SYNTHETIC,7bb70511fd9f,drishti-0.1.0/A:749f3fff65152311/B:2ba4eaf285832628
ILLUSTRATIVE_Q155_D023:threshold_voltage,ILLUSTRATIVE_Q155_D023,ILLUSTRATIVE_Q155,DEMO_MOSFET,threshold_voltage,V,stress125C_meas25C,1.8,1.8,0.0,1,2.5,DEMO_ONLY_v1,30,1.7000000000000002,0.0,0.0,0.0,,,,,,,,1.8612387522823037,1.5140772396425026,2.259733837847607,0.31436590685444354,ESCALATE,INSUFFICIENT_EVIDENCE,R3,DQ_IDENTICAL_READINGS;A_ZERO_MAD,DQ_IDENTICAL_READINGS;DEMO_SPEC_NOT_APPROVED;A_ZERO_MAD;B_INTERVAL_INSIDE,SYNTHETIC,7bb70511fd9f,drishti-0.1.0/A:749f3fff65152311/B:2ba4eaf285832628
ILLUSTRATIVE_Q155_D024:RDS_on,ILLUSTRATIVE_Q155_D024,ILLUSTRATIVE_Q155,DEMO_MOSFET,RDS_on,ohm,stress125C_meas25C,0.2911859590349615,0.2932995866549807,0.0021136276200192095,0,0.5,DEMO_ONLY_v1,30,0.31423383442637826,0.01377849942809306,0.004849746433807589,0.0019111099075601046,-1.0247818895003842,-0.965662335499291,1.0247818895003842,0.40141424810152804,3.810576389091456,0.6118898017945433,0.9436292582828455,0.313904207856311,0.22487577900700167,0.41847689568899504,0.08260454472117185,PASS,EARLY_SCREEN,R5,B_INTERVAL_INSIDE,DEMO_SPEC_NOT_APPROVED;B_INTERVAL_INSIDE,SYNTHETIC,7bb70511fd9f,drishti-0.1.0/A:749f3fff65152311/B:2ba4eaf285832628
ILLUSTRATIVE_Q155_D024:threshold_voltage,ILLUSTRATIVE_Q155_D024,ILLUSTRATIVE_Q155,DEMO_MOSFET,threshold_voltage,V,stress125C_meas25C,1.7000000000000002,1.7000000000000002,0.0,1,2.5,DEMO_ONLY_v1,30,1.7000000000000002,0.0,0.0,0.0,,,,,,,,1.7727204128499112,1.4253646476176411,2.288168897737661,0.31436590685444354,ESCALATE,INSUFFICIENT_EVIDENCE,R3,DQ_IDENTICAL_READINGS;A_ZERO_MAD,DQ_IDENTICAL_READINGS;DEMO_SPEC_NOT_APPROVED;A_ZERO_MAD;B_INTERVAL_INSIDE,SYNTHETIC,7bb70511fd9f,drishti-0.1.0/A:749f3fff65152311/B:2ba4eaf285832628
ILLUSTRATIVE_Q155_D025:RDS_on,ILLUSTRATIVE_Q155_D025,ILLUSTRATIVE_Q155,DEMO_MOSFET,RDS_on,ohm,stress125C_meas25C,0.2905677418804028,0.3268656853400526,0.03629794345964982,0,0.5,DEMO_ONLY_v1,30,0.31423383442637826,0.01377849942809306,0.004849746433807589,0.0019111099075601046,0.6183595507496069,11.099057261029255,11.099057261029255,0.6335985314451352,4.847042722408578,0.9388193952051314,0.9436292582828455,0.3558698872947731,0.23654072689299505,0.552925370638691,0.08260454472117185,ESCALATE,REVIEW,R4,A_UNUSUAL_CHANGE;B_INTERVAL_CROSSES_LIMIT,DEMO_SPEC_NOT_APPROVED;A_UNUSUAL_CHANGE;B_INTERVAL_CROSSES_LIMIT,SYNTHETIC,7bb70511fd9f,drishti-0.1.0/A:749f3fff65152311/B:2ba4eaf285832628
ILLUSTRATIVE_Q155_D025:threshold_voltage,ILLUSTRATIVE_Q155_D025,ILLUSTRATIVE_Q155,DEMO_MOSFET,threshold_voltage,V,stress125C_meas25C,1.7000000000000002,1.7000000000000002,0.0,1,2.5,DEMO_ONLY_v1,30,1.7000000000000002,0.0,0.0,0.0,,,,,,,,1.7727204128499112,1.4253646476176411,2.288168897737661,0.31436590685444354,ESCALATE,INSUFFICIENT_EVIDENCE,R3,DQ_IDENTICAL_READINGS;A_ZERO_MAD,DQ_IDENTICAL_READINGS;DEMO_SPEC_NOT_APPROVED;A_ZERO_MAD;B_INTERVAL_INSIDE,SYNTHETIC,7bb70511fd9f,drishti-0.1.0/A:749f3fff65152311/B:2ba4eaf285832628
ILLUSTRATIVE_Q155_D026:RDS_on,ILLUSTRATIVE_Q155_D026,ILLUSTRATIVE_Q155,DEMO_MOSFET,RDS_on,ohm,stress125C_meas25C,0.2619911718146898,0.2659242690051977,0.003933097190507939,0,0.5,DEMO_ONLY_v1,30,0.31423383442637826,0.01377849942809306,0.004849746433807589,0.0019111099075601046,-2.3648696754655223,-0.32351433156252546,2.3648696754655223,0.5327004977178141,5.162185192223456,0.9069234447237822,0.9436292582828455,0.30587598606512634,0.2107908895389604,0.44678821980244293,0.08260454472117185,ESCALATE,INSUFFICIENT_EVIDENCE,R3,B_OUT_OF_DOMAIN,DEMO_SPEC_NOT_APPROVED;B_OUT_OF_DOMAIN;B_INTERVAL_INSIDE,SYNTHETIC,7bb70511fd9f,drishti-0.1.0/A:749f3fff65152311/B:2ba4eaf285832628
ILLUSTRATIVE_Q155_D026:threshold_voltage,ILLUSTRATIVE_Q155_D026,ILLUSTRATIVE_Q155,DEMO_MOSFET,threshold_voltage,V,stress125C_meas25C,1.7000000000000002,1.7000000000000002,0.0,1,2.5,DEMO_ONLY_v1,30,1.7000000000000002,0.0,0.0,0.0,,,,,,,,1.7727204128499112,1.4253646476176411,2.288168897737661,0.31436590685444354,ESCALATE,INSUFFICIENT_EVIDENCE,R3,DQ_IDENTICAL_READINGS;A_ZERO_MAD,DQ_IDENTICAL_READINGS;DEMO_SPEC_NOT_APPROVED;A_ZERO_MAD;B_INTERVAL_INSIDE,SYNTHETIC,7bb70511fd9f,drishti-0.1.0/A:749f3fff65152311/B:2ba4eaf285832628
ILLUSTRATIVE_Q155_D027:RDS_on,ILLUSTRATIVE_Q155_D027,ILLUSTRATIVE_Q155,DEMO_MOSFET,RDS_on,ohm,stress125C_meas25C,0.3203779063929999,0.3221028759636277,0.0017249695706277879,0,0.5,DEMO_ONLY_v1,30,0.31423383442637826,0.01377849942809306,0.004849746433807589,0.0019111099075601046,0.38520855122950154,-1.1028319780581493,1.1028319780581493,0.3807613918400429,3.1661458459923324,0.5140040785523946,0.9436292582828455,0.34463204667510206,0.25683578389421424,0.5138296216166536,0.08260454472117185,ESCALATE,REVIEW,R4,B_INTERVAL_CROSSES_LIMIT,DEMO_SPEC_NOT_APPROVED;B_INTERVAL_CROSSES_LIMIT,SYNTHETIC,7bb70511fd9f,drishti-0.1.0/A:749f3fff65152311/B:2ba4eaf285832628
ILLUSTRATIVE_Q155_D027:threshold_voltage,ILLUSTRATIVE_Q155_D027,ILLUSTRATIVE_Q155,DEMO_MOSFET,threshold_voltage,V,stress125C_meas25C,1.7000000000000002,1.7000000000000002,0.0,1,2.5,DEMO_ONLY_v1,30,1.7000000000000002,0.0,0.0,0.0,,,,,,,,1.7727204128499112,1.4253646476176411,2.288168897737661,0.31436590685444354,ESCALATE,INSUFFICIENT_EVIDENCE,R3,DQ_IDENTICAL_READINGS;A_ZERO_MAD,DQ_IDENTICAL_READINGS;DEMO_SPEC_NOT_APPROVED;A_ZERO_MAD;B_INTERVAL_INSIDE,SYNTHETIC,7bb70511fd9f,drishti-0.1.0/A:749f3fff65152311/B:2ba4eaf285832628
ILLUSTRATIVE_Q155_D028:RDS_on,ILLUSTRATIVE_Q155_D028,ILLUSTRATIVE_Q155,DEMO_MOSFET,RDS_on,ohm,stress125C_meas25C,0.2861682757535276,0.2880889709558165,0.0019206952022888801,0,0.5,DEMO_ONLY_v1,30,0.31423383442637826,0.01377849942809306,0.004849746433807589,0.0019111099075601046,-1.2798540879361713,-1.0337542502802273,1.2798540879361713,0.4216231508472768,4.253499059734521,0.7174848523944156,0.9436292582828455,0.30587598606512634,0.2107908895389604,0.44678821980244293,0.08260454472117185,PASS,EARLY_SCREEN,R5,B_INTERVAL_INSIDE,DEMO_SPEC_NOT_APPROVED;B_INTERVAL_INSIDE,SYNTHETIC,7bb70511fd9f,drishti-0.1.0/A:749f3fff65152311/B:2ba4eaf285832628
ILLUSTRATIVE_Q155_D028:threshold_voltage,ILLUSTRATIVE_Q155_D028,ILLUSTRATIVE_Q155,DEMO_MOSFET,threshold_voltage,V,stress125C_meas25C,1.7000000000000002,1.7000000000000002,0.0,1,2.5,DEMO_ONLY_v1,30,1.7000000000000002,0.0,0.0,0.0,,,,,,,,1.7727204128499112,1.4253646476176411,2.288168897737661,0.31436590685444354,ESCALATE,INSUFFICIENT_EVIDENCE,R3,DQ_IDENTICAL_READINGS;A_ZERO_MAD,DQ_IDENTICAL_READINGS;DEMO_SPEC_NOT_APPROVED;A_ZERO_MAD;B_INTERVAL_INSIDE,SYNTHETIC,7bb70511fd9f,drishti-0.1.0/A:749f3fff65152311/B:2ba4eaf285832628
ILLUSTRATIVE_Q155_D029:RDS_on,ILLUSTRATIVE_Q155_D029,ILLUSTRATIVE_Q155,DEMO_MOSFET,RDS_on,ohm,stress125C_meas25C,0.3129657150500606,0.3159977269958759,0.003032011945815316,0,0.5,DEMO_ONLY_v1,30,0.31423383442637826,0.01377849942809306,0.004849746433807589,0.0019111099075601046,0.08634679306295533,-0.6415356387838458,0.6415356387838458,0.36081537486794407,2.14723535553808,0.17448658153157312,0.9436292582828455,0.3383373066581943,0.2469636759795617,0.4295486932844433,0.08260454472117185,PASS,EARLY_SCREEN,R5,B_INTERVAL_INSIDE,DEMO_SPEC_NOT_APPROVED;B_INTERVAL_INSIDE,SYNTHETIC,7bb70511fd9f,drishti-0.1.0/A:749f3fff65152311/B:2ba4eaf285832628
ILLUSTRATIVE_Q155_D029:threshold_voltage,ILLUSTRATIVE_Q155_D029,ILLUSTRATIVE_Q155,DEMO_MOSFET,threshold_voltage,V,stress125C_meas25C,1.7000000000000002,1.7000000000000002,0.0,1,2.5,DEMO_ONLY_v1,30,1.7000000000000002,0.0,0.0,0.0,,,,,,,,1.7727204128499112,1.4253646476176411,2.288168897737661,0.31436590685444354,ESCALATE,INSUFFICIENT_EVIDENCE,R3,DQ_IDENTICAL_READINGS;A_ZERO_MAD,DQ_IDENTICAL_READINGS;DEMO_SPEC_NOT_APPROVED;A_ZERO_MAD;B_INTERVAL_INSIDE,SYNTHETIC,7bb70511fd9f,drishti-0.1.0/A:749f3fff65152311/B:2ba4eaf285832628
